id_applicants,informacoes_pessoais_nome,infos_basicas_objetivo_profissional
31000,Carolina Aparecida,
31001,Eduardo Rios,Analista Administrativo
31002,Pedro Henrique Carvalho,Administrativo | Financeiro
31003,Thiago Barbosa,Área administrativa
31004,Diogo das Neves,
31005,Maya Fonseca,Administrativa/logística e ou comercial
31006,Thomas Rodrigues,Analista Administrativo Financeiro
31007,Pedro Miguel Nascimento,"Desejo fazer parte do time da empresa oferecendo o melhor; sou uma pessoa muito dedicada, flexivel, com facilidade de aprendizado e comprometida com as atribuições que são dadas a mim e gostaria de desempenhar atividades na área financeira."
31008,Ágatha Pereira,
31009,Paulo Novaes,
31010,Davi Lucca Sampaio,
31011,Srta. Aylla Campos,Trabalhar na área administrativa ou TI
31012,Apollo Alves,
31013,Eduarda Montenegro,
31014,Bárbara Fonseca,
31015,Gael da Mota,Atuar com redes de computadores
31016,Davi Lucas Porto,
31017,Dra. Ana Júlia Barbosa,Analista de Infraestrutura
31018,Théo Cunha,
31022,Maria Luiza da Cruz,
31023,Melissa Pimenta,
31026,Srta. Gabriela Moreira,
31029,Miguel Costela,
31037,Alícia Leão,Trabalhar com Dispositivos Móveis
31047,Ana Beatriz Fonseca,
31048,Daniela Souza,
31049,Isabelly da Mata,
31050,Manuela Fogaça,
31051,Sr. Miguel Peixoto,Analista de Infraestrutura
31052,Ryan Camargo,
31053,Isabel Sales,
31054,Sr. Igor Sampaio,
31055,Gabriela Fogaça,
31056,Ian Lopes,
31058,Lucca Câmara,
31059,Eloá Carvalho,
31061,Kevin Garcia,
31062,Ravi Sousa,
31063,Carlos Eduardo Rocha,
31064,Brenda Aparecida,
31065,Felipe Barbosa,
31066,Sr. Vitor Gabriel da Cunha,"Analista ou Assistente Administrativo, ou de Departamento Pessoal ou Recursos Humanos"
31067,Dr. Eduardo Costela,
31068,Sr. Henry Albuquerque,Analista Administrativo
31069,Murilo Vieira,
31070,José Novais,
31071,Carolina Silva,
31072,Lívia Aparecida,Desenvolvimento na área de projetos
31074,Dr. João Miguel Rios,
31075,Dr. Theo Mendonça,
31076,João Vitor Moura,
31077,Sr. Benjamin Cassiano,
31078,Sr. Kaique Porto,
31081,Lorenzo da Rosa,
31083,Isis Azevedo,
31084,Sr. Henry Gabriel Leão,
31085,Dra. Lavínia Pinto,
31086,João Miguel Martins,
31089,Igor Câmara,
31090,Luiz Henrique Rodrigues,
31091,Ravi Gomes,
31092,Dra. Joana Melo,
31093,Bernardo Nunes,
31094,Mariane Silva,Analista de RH
31095,Jade Teixeira,
31096,Bruno Ribeiro,
31097,Dra. Ana Beatriz Sales,Área Administrativa
31100,Marcelo Lopes,
31101,Dra. Lorena Lima,Analista Administrativo / Analais
31102,Helena Casa Grande,
31103,Dr. Antônio Garcia,
31104,Alana Freitas,
31105,Luna Azevedo,
31106,Pedro Miguel Brito,
31108,Giovanna Pacheco,
31109,Stephany Caldeira,
31110,Isaque Castro,
31111,João Pedro Gomes,
31112,Dr. Yan Vieira,
31113,André Porto,
31114,Pedro Lucas Aragão,
31115,Ravi Vieira,
31116,Isis da Conceição,
31117,Sra. Milena Souza,
31118,Dr. Leonardo Almeida,
31119,Juliana Pinto,
31120,Dr. Bento Novaes,Área Administrativa
31121,Dr. Gabriel Peixoto,
31122,Pedro Ribeiro,
31123,Vitória Duarte,
31124,Ana Laura Dias,Analista Governança
31125,Breno Viana,
31126,Caleb da Mota,
31127,Sarah Moura,"Aprender e contribuir analisando sistemas e negócios, sobretudo vinculados ao contexto SAP"
31128,Sra. Stephany Oliveira,Voltar a atuar na minha profissão
31129,Sr. Dante Vargas,https://www.linkedin.com/in/renner-ribeiro-46065a20a/
31130,Cecilia Sampaio,
31131,Maria Laura da Rocha,
31132,Heloisa Lima,
31133,Cecília Rocha,
31134,Rafael Pires,
31135,Antony Moraes,
31136,Arthur Miguel Albuquerque,Analista de Sistemas
31137,Ana Costa,
31138,Júlia Duarte,
31139,Guilherme Nunes,Consultor SAP SD PL
31140,Sofia Pereira,
31141,Ana Cecília Lopes,
31142,Milena Câmara,
31143,Sra. Maria Vitória Almeida,Área de TI
31144,Larissa Rodrigues,
31146,Isaac das Neves,
31148,Ana Beatriz Cavalcante,
31149,Milena Viana,
31150,Sr. Bruno Mendes,
31151,Dr. Yago Montenegro,
31152,Allana Vargas,
31153,Nicolas Machado,
31154,Sr. João Pedro Borges,
31155,Laís Melo,
31156,Cecília Cunha,
31158,Calebe Castro,Crescer ainda mais na minha área
31159,Diego Souza,
31160,Ravi Lucca Pinto,
31161,Hadassa Marques,
31162,Ana Júlia Souza,
31163,Ísis Sales,
31164,Luiz Otávio Lopes,Analista de infraestrutura
31165,Emanuel Lopes,Assistente administrativo
31166,Sr. Diogo Campos,
31167,Júlia Machado,
31168,Henrique Pinto,
31169,Dr. Thiago Santos,
31170,Luigi Casa Grande,
31171,Gael Henrique Pinto,
31172,João Guilherme Vasconcelos,
31173,Leandro Pimenta,
31174,Dr. Calebe Campos,
31175,Maria Helena Nunes,
31176,Isadora Dias,
31177,Diego Novais,
31178,Ravy Silva,
31179,Laura Vieira,
31180,Maitê Rios,
31181,Srta. Ana Clara Aragão,
31182,Sra. Carolina da Mota,
31183,Srta. Laura da Costa,
31184,Pedro Henrique Santos,
31185,Alícia da Mata,
31186,Manuela Rezende,
31187,Maria Luísa Lopes,
31188,Bernardo Freitas,
31189,Ana Liz Sales,Área comercial
31190,Laura Moreira,
31191,Brayan Pacheco,
31192,Sr. Kaique da Cruz,
31193,Brenda Porto,
31194,Nina Sá,
31195,Benjamin Freitas,
31196,Júlia Fernandes,
31197,Davi Lucca Pacheco,Depto Pessoal / Recursos Humanos
31198,Gael Henrique Vargas,
31199,José Pedro Azevedo,
31200,Srta. Ana Cassiano,
31201,Eloá Santos,
31203,Dra. Caroline Novais,
31204,Dra. Eduarda Cavalcante,
31205,Maitê Lima,
31206,Mateus Vargas,
31207,Clarice Oliveira,
31208,Heloisa Santos,
31209,Catarina Viana,
31210,Vinícius Rodrigues,
31211,Rodrigo Aragão,Analista / Assistente
31212,Allana da Rosa,
31213,Dr. Pedro Miguel Mendes,"Busco novos desafios, desenvolver novas habilidades e poder crescer dentro da empresa."
31214,Dr. Henry Gabriel da Rosa,
31215,Ana Liz Rezende,
31216,Alexia Marques,
31217,Dr. Caio Novais,
31220,Helena Pinto,
31221,Davi Lucca Farias,
31222,Fernanda Leão,
31223,Dr. Ian Moreira,Especialista em Licitações e Contratos | Pregão Eletrônico | Compras Governamentais | B2G
31224,Lucas Gabriel Azevedo,
31225,Isabela Teixeira,
31226,Bernardo Pacheco,
31227,Srta. Maria Flor Rezende,
31228,Maria Sophia Guerra,Product Owner ou Scrum Master
31229,Olívia Oliveira,
31230,Benicio Novais,
31231,Eloá Ferreira,Analista de Infraestrutura/Backup
31232,Rebeca Viana,
31233,Gabriel Machado,Atuar na Área Administrativa e Diretoria
31234,Sr. Luan Sousa,
31235,Maria Clara Andrade,
31236,Eduarda Souza,Consultor SAP FI
31237,Sr. Arthur Abreu,Área comercial
31238,Dra. Vitória Aparecida,Analista de T.I
31240,Srta. Manuella Cunha,"Atuar na area de compras, logistica e ou planejamento"
31243,Yuri Araújo,
31244,Caleb Mendes,Desenvolvedor IOS ou Android
31246,Srta. Ana Lívia Alves,
31247,Lunna Montenegro,
31248,Sra. Maya Costa,
31261,Leandro Pires,ANALISTA DE SISTEMAS MAINFRAME
31262,Francisco Alves,
31263,Gabriel Caldeira,
31264,Maria Cecília Garcia,Vaga de ABAP
31266,Gabrielly da Cunha,Analista de Inftraestrutura
31269,Dra. Bruna Ferreira,
31270,Dr. Henry Gabriel Cavalcanti,
31271,Srta. Ana Julia Alves,Scrum Master / Gerente de Manufatura / Gerente de Projetos
31272,Srta. Maria Helena Andrade,
31273,Sr. João Felipe Pinto,
31274,Antony Aparecida,Desenvolvedor Java
31275,Ana Monteiro,
31276,Sr. Pedro Henrique da Mata,Trabalhar com tecnologia da informação
31277,Dra. Ayla Rezende,
31278,Enrico Siqueira,
31279,Alexandre Caldeira,
31280,Ryan Cavalcanti,
31282,Kevin Moura,Analista de Negócios ou Testes / Gestão
31283,Henry Correia,
31284,Maya Cavalcante,TI
31285,Nathan Silva,
31286,Theo Sá,
31287,Lavínia Abreu,
31289,Alice Abreu,
31290,Juan Fogaça,
31291,Francisco Nunes,"Gerente de Informática, Coordenador de Suporte TI, ou Analista TI Pl./Sr."
31292,Dra. Laura Borges,
31293,Anthony Gabriel Gomes,
31294,Augusto Alves,
31295,Ester Gonçalves,
31296,Lara Martins,Consultor SAP TM
31297,Bruno Aragão,
31298,Maria Fernanda Rios,
31299,Igor Abreu,
31300,Lívia Araújo,
31301,Gabrielly Araújo,Analista de tesouraria
31302,Melina Nascimento,
31303,Anthony Ribeiro,Auxiliar Financeiro
31304,Davi Souza,
31305,Maria Andrade,Administrativo e Financeiro
31306,Gustavo da Conceição,Atuação em áreas de administração e/ou gestão
31307,Camila da Luz,
31308,Dra. Milena Cirino,
31309,Lorena Silva,
31310,Dra. Ana Liz Moreira,
31311,Dr. Felipe Mendes,
31312,Paulo Teixeira,
31313,Dr. Vitor Moura,
31314,Marcelo Pires,
31315,Dr. Vinícius Ribeiro,Atuar em setores em analises e gestão de projetos
31316,Stella Novais,
31317,Luiz Miguel Borges,
31318,Maria Julia da Costa,
31319,Heloísa Porto,
31320,Mateus Costela,
31321,Srta. Bárbara Ramos,
31322,Ian da Cunha,
31323,Giovanna Rodrigues,
31324,Olivia Montenegro,
31325,Guilherme da Luz,
31326,Pietro Vasconcelos,
31327,Ayla das Neves,
31329,Sra. Hadassa Viana,
31330,João Felipe Freitas,
31331,Davi Luiz Carvalho,
31332,Gabrielly Castro,
31333,Davi Miguel Fernandes,Analista Financeiro
31334,Anthony Nascimento,
31335,Juan Cavalcante,
31337,Maitê Vieira,
31339,Ester Ferreira,
31340,Dr. Lucas Mendes,
31341,Renan Costela,
31342,Ísis Pires,
31343,Gael Mendes,
31344,Calebe da Rosa,
31345,Sra. Ana Sophia Sampaio,
31346,Bernardo Vargas,
31347,Igor Andrade,
31348,Sophie das Neves,
31349,Luiza Guerra,
31350,Ravi Freitas,
31352,Antonella da Cruz,
31353,Maria Cecília Souza,
31354,Josué Fonseca,
31355,Kaique Castro,
31356,Sophia Pimenta,ANALISTA DE COMÉRCIO EXTERIOR
31357,Sra. Manuella Farias,
31358,Guilherme Vasconcelos,
31359,Heloisa Duarte,Gerente de Serviços em TI
31360,Isabela da Costa,Compras Internacionais e Gestão da Qualidade
31361,Emanuel Moreira,
31362,Cauã Vasconcelos,
31363,Letícia Caldeira,
31365,Dom Ramos,
31366,João Vitor da Mota,Gerente de projetos/Engenheiro de projetos/ coordenador
31367,Maria Julia Montenegro,
31368,Liam Silveira,
31369,Marina Silveira,
31370,Sarah Gomes,
31371,João da Paz,
31372,Zoe Moreira,
31373,Clarice Peixoto,
31374,Srta. Kamilly Cavalcante,
31375,Maria Luiza Cirino,
31378,Guilherme Pires,
31379,Aurora Fonseca,
31380,Heitor Câmara,
31381,Arthur Gabriel Sampaio,
31382,Dr. Ravy Oliveira,
31383,Srta. Ana Julia Moura,
31385,Vitor Hugo Cunha,
31386,Oliver Porto,
31387,Dra. Mirella Costela,Analista Administrativo
31388,Laura Freitas,
31389,Lorenzo Borges,
31390,Antônio Fonseca,Recursos Humanos
31391,Giovanna Caldeira,
31392,Sra. Letícia Novaes,
31393,Ágatha Pimenta,Atuar na área de Logística
31394,Isaque Pinto,
31395,Cecília Leão,"Posição em multinacional para trabalho direcionado a direito legal, negociação, elaboração e análise de contratos internacionais para compras e vendas."
31396,Catarina Gomes,
31397,Yasmin Aparecida,
31398,Enrico Farias,
31399,Ana Lívia Fonseca,Tecnologia da Informação
31400,Maria Júlia Monteiro,
31401,Hadassa Teixeira,
31402,Maria Sophia Oliveira,
31403,Pedro Andrade,
31404,Srta. Emanuella Souza,"Ingressar na minha área de atuação e também aprender novas funções/tarefas, buscando inovações e desafios para desempenhar meu trabalho com excelência, agregando positivamente à empresa."
31405,Larissa das Neves,
31406,Heloisa da Paz,
31407,Lara da Costa,
31408,Gabrielly Pires,
31409,Isabella Ramos,
31410,Pedro Henrique Brito,
31411,Srta. Ayla Cunha,
31412,Laura Marques,
31413,Nathan Vieira,
31414,Yasmin Vargas,
31415,Enrico Almeida,Coordenador de Data Center
31417,Vinícius Campos,
31418,Maitê Pimenta,
31419,Natália Pinto,
31420,Esther Alves,
31421,Matteo Cavalcante,Gerente de Projetos
31422,Ravi Lucca Caldeira,
31423,Ana Liz Albuquerque,
31424,Dr. Rael Alves,
31425,Emanuelly Almeida,
31426,Sofia Ramos,
31427,Dra. Camila Jesus,
31428,Dante Pastor,
31429,Vicente Borges,
31430,Dr. Apollo Cavalcanti,
31431,Gabriela Ferreira,
31432,Bárbara Guerra,Gestão de Comércio Exterior
31433,Emilly da Costa,
31434,Dr. Antony Nogueira,
31435,Ian Ramos,
31436,Kaique Pires,
31439,Bento Moraes,
31441,Maria Fernanda Albuquerque,
31442,Carlos Eduardo da Rocha,
31443,Enzo Gabriel Barros,
31444,Sr. Thomas Moraes,
31445,Sabrina Casa Grande,
31446,Davi Cassiano,
31447,Dr. Dante da Luz,
31448,Srta. Maya da Costa,
31449,Srta. Maya da Costa,
31450,Maria Alice da Paz,
31451,Clara Siqueira,
31452,João Felipe Cassiano,
31453,Bryan Caldeira,
31455,Ana Julia Siqueira,
31456,Eduardo Brito,
31457,Ravi Lucca Silva,
31458,Helena Jesus,
31459,Fernanda Rodrigues,
31460,José Miguel Peixoto,
31461,Sr. Arthur Miguel Nunes,
31462,Rafael da Cunha,Jurídico
31463,Cecilia Novais,
31464,Enrico Peixoto,
31465,Dra. Helena Cassiano,
31466,Stephany da Paz,
31467,Dra. Vitória Aparecida,
31468,Davi Lucca Vargas,
31469,Sr. Apollo Sampaio,
31470,Letícia da Cruz,
31471,Carolina Ferreira,
31472,José Pedro Mendonça,ANALISTA DE QUALIDADE
31473,Otávio Teixeira,
31474,Julia Nunes,
31475,Antony Albuquerque,
31476,Pietro Mendonça,
31477,Emanuel Ribeiro,
31478,João Gabriel Pacheco,
31479,Ana Lívia Costa,
31480,Noah Alves,
31481,Maria Cecília Pacheco,Engenharia
31482,Zoe Pimenta,
31483,Ravi Novais,Analista Programador Mainframe
31484,Antonella Cavalcante,
31485,Benjamin Peixoto,
31486,Dr. João Miguel Cavalcanti,
31487,Vitor Hugo Nascimento,
31488,Sr. Samuel Ramos,
31489,Maria Sophia Fernandes,
31490,Sr. Benício Teixeira,
31491,Maysa Macedo,
31492,João Lucas Moreira,
31493,Anthony Borges,
31494,Luiz Felipe Cassiano,
31495,Cecília Novais,
31496,Davi Lucas Rezende,
31497,Caleb Barros,
31498,Yan Pimenta,
31499,Guilherme Guerra,
31500,Sr. Diego Campos,Atuar e ser decisivo em todas as minhas atribuições
31501,Clarice Mendonça,Analista programador Cobol
31502,Eloah Siqueira,Analista Programador
31503,Thales Souza,
31504,Srta. Isabel Brito,
31506,Kevin Machado,Crescimento e aprimoramento junto a empresa
31507,Maria Fernanda Freitas,
31508,Eloá da Costa,
31509,Olivia Rocha,
31510,Ian Nascimento,
31512,José Pimenta,
31513,Sr. Bruno Cassiano,
31514,Vinicius Barbosa,ABAP
31515,Catarina Abreu,
31516,Dr. Matheus Farias,
31517,Dr. Cauê Costa,
31518,Maria Fernanda Novaes,
31519,Sr. Mathias da Rosa,
31520,Srta. Ester Moura,
31522,Sr. Augusto Silveira,
31523,Gustavo Guerra,
31524,Benjamim Casa Grande,
31525,Vitória Rios,
31526,Liam Freitas,
31527,Pedro Moura,
31528,Yasmin Nascimento,"Jurídico, DPO, Compliance"
31529,Isaque Freitas,
31530,Dra. Letícia Montenegro,
31531,Brayan Vieira,
31532,Ana Luiza Barbosa,
31533,Ravi Abreu,
31534,Agatha Rodrigues,
31535,Maria Vitória Fernandes,
31536,Sr. Vitor Hugo da Luz,
31537,Helena Azevedo,Desenvolvedor Power Plataform (Sharepoint)
31538,Milena Santos,
31539,Bella Lima,
31540,Dra. Larissa Montenegro,
31541,Henry Gomes,
31542,Luigi Ribeiro,
31543,José Pedro Abreu,
31544,Isabelly Ribeiro,
31545,Heitor Freitas,
31546,Sophie Novais,
31547,Luiz Felipe Caldeira,Administração / Financeiro / Comercial
31548,Arthur Gabriel Rios,
31549,Luan Cunha,
31550,Arthur Gabriel Correia,
31551,Théo Abreu,
31552,Otto Pimenta,
31553,Pedro Henrique Ramos,
31556,Yasmin Gonçalves,
31557,Dra. Ana Liz Ferreira,
31558,Gabriel Farias,
31560,Carolina Pinto,Analista/Assistente Administrativo
31561,Dr. Matteo Dias,
31562,Ágatha Cardoso,Analista de Infraestrutura - Voip
31563,Dr. Heitor Moreira,Desenvolvedor Android
31564,Bella Barbosa,
31565,Guilherme Teixeira,
31566,Benicio Moura,
31567,Marcelo Pastor,
31568,Arthur Gabriel Fernandes,
31569,Davi Luiz Rodrigues,
31570,Melissa Borges,
31572,João Gabriel Pastor,
31573,Lucca Andrade,
31574,Gael Barbosa,
31575,Rodrigo Fogaça,
31576,Yasmin Sales,
31577,Juan Oliveira,
31578,Fernando Borges,
31579,Maria Isis Cavalcanti,
31580,Camila Andrade,
31581,Eduarda Gonçalves,
31582,Lorenzo Porto,
31583,Dra. Sophia Jesus,
31584,Isaque da Mata,
31585,Pedro Henrique Câmara,
31586,Kaique Pinto,
31587,Emilly Vargas,Consultora de Negócios
31588,Augusto Nogueira,
31589,Murilo Monteiro,
31591,Lucas da Cunha,
31592,Arthur Miguel Caldeira,
31593,Isabelly Andrade,
31596,Dr. Lorenzo Nogueira,
31597,Bella Barros,
31599,Diogo Gonçalves,
31600,Ravi Porto,
31601,Srta. Maria Laura Santos,financeiro e dministrativo
31602,Valentina Ramos,Consultor SAP
31603,Pietra Melo,Consultor SAP FI Junior
31604,Calebe Abreu,
31605,Cecilia Fonseca,
31606,José Pedro Vieira,Aprender IA.
31607,Dr. Henry Gabriel Aragão,
31608,Alícia Silveira,
31609,Ana Vitória Cunha,
31610,Srta. Maitê Alves,Project Manager
31611,Josué Silva,
31612,Ravy Mendes,
31613,Ryan da Luz,Assistente / Auxiliar
31614,Rodrigo Leão,
31615,Luiz Miguel Novaes,
31616,Pedro Lucas Marques,"Tenho por objetivo agregar a empresa, pois acredito possuir o perfil e conseguirei contribuir com as minhas habilidades e competências"
31617,Caleb Castro,
31618,Dante Peixoto,
31620,João Gabriel Cavalcante,
31622,Davi Moreira,
31623,Cecília Cassiano,
31624,Isaque Cirino,
31625,Ana Beatriz Aparecida,
31626,Daniela Pereira,
31627,Benício Nogueira,
31628,Rhavi Lima,
31629,Ágatha Cirino,
31630,Ravi Lucca Ferreira,
31631,Dr. Cauê Campos,
31632,Giovanna Gonçalves,
31633,Maria Clara Barros,
31634,Marina Freitas,
31635,Juan Pacheco,
31636,Gustavo Ribeiro,
31638,Sr. Noah Barros,
31639,Antônio Cunha,
31640,João Vitor Vargas,
31641,Srta. Manuella Marques,
31642,João Lopes,
31643,Enzo Almeida,
31644,Dom Pimenta,
31645,Benjamin Teixeira,
31646,Apollo Correia,
31647,Maria Cecília da Rocha,
31648,Dante Teixeira,
31649,Isabella Dias,Analista de Supply Chain
31650,Sofia da Mata,
31651,André da Rosa,
31652,Levi Correia,
31653,Eloá das Neves,
31656,Dr. Liam Montenegro,
31657,Antony da Paz,
31658,Marcela da Luz,Atuar na área de TI
31660,Caroline da Rosa,
31661,Juliana Lopes,
31663,Lucas da Rosa,
31664,Dr. Thales Borges,
31665,Pedro Lucas Lima,
31666,Samuel Gomes,
31667,Alícia Garcia,
31668,Maria Sophia Souza,
31669,Pedro Henrique Moraes,
31671,Dra. Mirella Borges,
31672,Fernando Vieira,
31674,Oliver Brito,
31675,Emilly Guerra,
31676,Isabelly Melo,
31677,Diego Siqueira,
31678,Alexia Nunes,
31679,Cauê da Paz,
31680,Sara da Conceição,
31681,Rebeca Câmara,
31682,Marcelo Dias,
31684,André Mendes,
31685,Sra. Lara da Luz,
31687,Sr. Leonardo Caldeira,
31688,Dr. Gael Montenegro,
31691,Dra. Milena Mendes,
31692,João Nunes,
31693,Allana Teixeira,
31694,Dr. Lucca Camargo,
31695,Otto Sales,conhecimento para crescimento profissional
31697,Ana Júlia Pacheco,
31698,Danilo Azevedo,Analista de Materiais
31701,Gabrielly Gomes,
31702,Ryan da Rosa,
31703,Sophie Vasconcelos,
31704,João Vitor Sá,
31705,Camila Martins,
31706,Gustavo Henrique Sousa,
31707,Ana Liz Caldeira,
31708,Dra. Melissa Lima,
31709,Joaquim Nogueira,
31710,Otto Camargo,
31711,Marcelo Andrade,
31712,Maitê Mendes,
31713,Ana Vitória Nogueira,
31714,Josué Monteiro,PMP / PMO
31715,Enzo Gabriel Cirino,
31716,Sra. Fernanda Cavalcante,
31717,Yuri Novais,
31718,Bruna Almeida,
31719,Thales Cunha,
31720,Murilo Freitas,
31721,Pedro Miguel Monteiro,
31722,Maria Isis Machado,
31723,Dr. Gael Alves,
31724,Yan Souza,
31725,Zoe Barros,
31728,Ísis Barros,
31731,Antonella Santos,
31732,Henry Novaes,
31733,Srta. Ester Araújo,
31734,Fernanda Ferreira,
31735,Pedro Lucas Farias,
31737,Gustavo Albuquerque,
31738,Manuella Jesus,
31740,Theodoro Pereira,
31741,Anna Liz Jesus,ENGENHEIRO CIVIL
31742,Milena Pinto,Analista ou técnico de suporte
31745,Kaique Montenegro,"Desempenhar a função que for atribuída, com competência e agilidade, para desenvolver um bom trabalho na área, visando o aperfeiçoamento e crescimento profissional."
31746,Ana Nogueira,
31747,Julia da Rocha,
31748,Yago Novaes,
31749,Srta. Isabella Melo,
31750,Giovanna Pinto,Analista Financeira
31751,Breno da Cruz,
31752,Larissa Abreu,
31753,Beatriz Silva,
31754,Natália Fogaça,
31755,Ryan Almeida,Analista contábil Financeiro
31756,Apollo Farias,Financeiro
31757,Alícia Sousa,
31758,Noah Moraes,
31759,Dra. Eloá Cavalcante,"Administrador de Redes, Liderança de equipes de TI"
31760,Otto Cassiano,
31762,Ana Julia Rodrigues,
31763,Asafe Cirino,
31765,Srta. Maria Vitória Borges,
31766,Gustavo Henrique Sá,
31768,Catarina Aragão,
31769,Raquel Nogueira,
31771,Dante Camargo,
31772,Rhavi Moreira,Crescimento.
31775,Sophie Castro,
31776,Liam Pires,
31777,Maria Helena Porto,Operacional
31778,Isabela Guerra,
31779,Srta. Maysa Dias,
31780,Luigi Jesus,
31782,Isabela Lopes,
31783,Arthur Miguel da Luz,
31784,Sra. Isabel Peixoto,
31785,Anna Liz da Rosa,SAP SD
31786,Dante Barros,Project Delivery IT | IT Business Partner | IT Specialist
31787,Sr. Antony Farias,
31788,Dr. Enrico Jesus,Auxiliar Administrativo
31790,Juan Novaes,
31791,Yan da Cunha,
31792,Cauã Rodrigues,
31793,Sra. Lívia Dias,
31795,Antony Cavalcanti,
31796,Nina Abreu,
31797,Brenda Viana,
31798,Benjamin Fernandes,"Tributário, Compliance, Controles internos, Governança Corporativa, Auditoria, Riscos, Investigação, Prevenção à Fraude e Lavagem de Dinheiro"
31799,Carolina Cirino,
31801,Aurora Ribeiro,"Atuar na Administrativa da empresa, levando meus conhecimentos, e aprendendo com dedicação o que for me oferecido ao cargo."
31802,Maria Fernanda Monteiro,Analista administrativo
31803,Caroline Melo,
31804,Fernando Monteiro,
31805,Srta. Giovanna Monteiro,Analista Financeiro
31806,Kamilly Barros,
31808,Augusto da Rocha,
31809,Eduarda Albuquerque,
31810,Otávio Santos,Recursos Humanos
31811,Juan da Luz,
31812,Raul Teixeira,
31813,Liz Vieira,
31814,Maria Sophia Garcia,
31815,Heloisa da Cunha,
31816,Sr. Arthur Costa,
31817,Evelyn Borges,
31818,Lucas Monteiro,
31819,Vitor Hugo Fernandes,
31820,Valentim Fernandes,
31821,Luiza da Cunha,
31822,Evelyn Aparecida,
31823,João Pedro Rocha,
31824,Laís Pires,
31825,Dr. Benjamim Cavalcante,
31826,Dr. Ravy Câmara,
31828,Ana Laura Sales,
31829,Murilo Carvalho,
31830,Davi Martins,
31831,Amanda Aragão,
31832,Ana Liz Porto,
31833,Henry Brito,
31835,Ana Carolina Mendes,
31836,João Gabriel Silveira,
31837,José Pedro da Luz,
31838,Alana Andrade,
31839,Sra. Heloísa Costela,
31840,Sabrina Melo,
31841,Sr. Vitor Hugo Mendonça,"Gostaria de fazer parte do quadro de funcionários dessa empresa, onde eu possa crescer profissionalmente de forma produtiva para o grande desenvolvimento dessa organização"
31842,Ian Nunes,
31843,Cauê Moreira,
31844,Mirella da Costa,
31845,Maria Julia Melo,
31846,Sr. Guilherme da Paz,
31847,Isabela Cassiano,
31848,Ravi Campos,
31849,Renan Monteiro,
31850,André das Neves,
31851,Olívia Azevedo,
31853,Davi Lucas das Neves,
31854,Vinícius Borges,
31855,Cecilia da Conceição,
31856,Ana Julia Cavalcante,
31857,Daniel Moura,Auxiliar administrativo
31858,Sr. Lucas Gabriel Mendonça,
31859,Samuel Vasconcelos,
31860,Melina Barros,
31861,José Barros,CONSULTOR SAP BASIS
31862,Luiz Henrique Moura,
31863,Lavínia Fernandes,
31864,João Pedro Guerra,
31865,Sophie Camargo,
31866,Julia Abreu,
31867,José Viana,
31868,Marcos Vinicius Brito,
31870,Sr. Théo da Cunha,
31871,Dr. Henry Gabriel Azevedo,
31872,Thiago da Rocha,
31874,Ana Lívia Camargo,
31875,Thiago Gonçalves,
31876,Lunna Peixoto,
31877,Sr. Noah Leão,
31878,Milena Mendes,
31879,Antony Borges,
31880,Natália Barbosa,
31881,Dr. Apollo Vasconcelos,
31882,Guilherme Farias,
31883,Sr. Valentim Costela,
31884,Fernando Moraes,Analista de Recrutamento e Seleção
31885,Enrico Sampaio,
31886,Letícia Brito,
31887,Benicio Pereira,
31888,Pietro Martins,SAP
31889,Nicolas Pastor,
31890,Anthony Gabriel Montenegro,
31891,Luiz Gustavo Marques,
31892,Srta. Mariane Nunes,Atuar na área de Recrutamento e Seleção
31893,Ana Carolina Machado,
31894,Srta. Anna Liz Dias,
31896,Ana Casa Grande,"Analista de RH, Recruter e DHO"
31897,Lucas Macedo,ANALISTA DE RECURSOS HUMANOS
31898,Carolina Barros,Atuar na área de gestão de pessoas
31899,Benício Vargas,Trabalhar com projetos ágeis
31901,Sarah Martins,ANALISTA DE PROCESSOS TI
31902,Beatriz Pinto,Analista de RH
31903,Isabela Porto,
31904,Maria Laura Pinto,Auxiliar Administrativo
31905,Pietra Carvalho,
31906,Cecilia Dias,Recursos Humanos
31907,Ana Luiza da Rosa,Engenheiro
31908,Bruno Nunes,
31909,Dr. Rhavi Melo,Analista Sistemas
31910,Davi Lucca Abreu,
31911,Alexia Borges,
31912,Dr. Henry Freitas,Consultoria SAP MM
31913,Mariane da Conceição,
31914,Luiz Felipe Sá,Analista de processos Sênior
31915,Dr. Erick da Costa,
31916,Ana Laura Alves,Departamento Pessoal/ Recursos Humanos
31917,Cauê Martins,Analista Administrativo
31918,Heloisa Aragão,
31919,Rebeca Cavalcanti,
31920,Josué Cavalcanti,
31921,Renan Moraes,
31922,Maria Luiza da Mota,
31923,Milena Alves,
31925,Enrico das Neves,
31926,Srta. Maria Cecília Correia,
31927,Anthony Gabriel da Costa,
31928,Dra. Rebeca Moura,Analista de RH
31929,Cecilia Carvalho,
31930,Maria Sophia Machado,
31932,Francisco Barbosa,
31933,Eduarda Santos,
31934,Vinícius Cavalcanti,
31935,Heloísa Vieira,
31936,Dra. Ana Liz Aragão,
31937,Davi Luiz Gonçalves,Estabelecer uma relação de longo prazo com a empresa na area de Security
31938,Renan Borges,"Auxiliar administrativo, financeiro e Rh."
31939,Srta. Maria Júlia Souza,
31940,Mateus Oliveira,
31941,Mirella Silva,atuação na aréa de TI
31942,Luiza Andrade,
31943,Hadassa Macedo,
31944,Isabel Pastor,
31945,Bento da Rocha,Analisar administrativo
31946,José Pedro Nunes,Consultora SAP SD
31947,Sr. Asafe Pinto,
31948,Luara Camargo,
31949,Maria Isis Leão,
31950,Nicolas Castro,
31951,João Oliveira,
31952,Luigi Costela,
31953,Sabrina Abreu,
31964,Catarina da Rocha,Recursos Humanos
31966,Sr. Yago Pires,Assistente de Recursos Humanos.
31968,Luísa Nogueira,"Assumir novos desafios nas áreas de engenharia, pesquisa e desenvolvimento e liderança."
31969,Emanuella Rocha,
31970,Thomas Rios,Recolocação profissional
31971,Diogo Mendonça,
31972,Sophie Albuquerque,
31973,João Lucas Freitas,
31974,Ana Júlia Alves,
31975,Benjamim Rocha,Engenheiro Mecânico | Produção | Manutenção | Analista Logística
31976,Esther Câmara,
31977,Srta. Emanuelly Aragão,RH/administração
31978,Eduarda Garcia,Se tornar um programador fullstack
31979,Maria Fernanda da Cunha,Engenheiro
31980,Clarice Fonseca,Analista de Recursos Humanos
31981,Yan Viana,Continuar atuando como DBA
31982,Alexia Andrade,Recursos humanos
31983,Mateus Monteiro,desenvolvimento java
31984,Lucca Cunha,
31985,Lara Alves,
31986,Hadassa Melo,
31987,Yuri Ramos,"Recém graduada em Administração pela PUC Minas, com experiência em rotinas administrativas. Busco a oportunidade de assumir o cargo de Auxiliar Administrativo nessa empresa."
31988,Raul Castro,
31989,Srta. Bianca Gonçalves,
31990,João Vitor Vieira,Engenheiro
31991,Miguel Teixeira,
31992,Emanuella Borges,
31993,Kamilly Casa Grande,Consultor
31994,Stella Macedo,"Atuar de forma profissional, desenvolvendo tanto as habilidades profissionais como humanas, conciliando com os estudos."
31995,João Lucas Dias,
31996,Maria Liz Freitas,
31997,Laís Teixeira,
31998,Davi Miguel Barros,
31999,Asafe Sales,
41603,Juan Azevedo,CONTABIL
41605,Arthur Gabriel Gonçalves,CONTABIL
41606,Maria Fernanda Cardoso,Auditor
41607,Juan Garcia,CONTABIL
41608,Fernando da Mata,CONTABIL
41609,Hadassa Azevedo,CONTABIL
41610,Ravi Lucca Pacheco,Analista SAP Júnior
41611,Enzo Gabriel Ribeiro,CONTABIL
41612,Maitê Cavalcante,DBA Oracle | Data Engineer
41613,Ana Lívia Lima,PMO TI - Gerente de Projetos
41614,Maria Júlia Camargo,Consultor SAP MM WM
41615,Luiz Gustavo Cavalcante,Marktplace
41616,Juan Duarte,Marktplace
41617,Clarice Correia,Analista de Dados Jr
41618,Vitor Gabriel Montenegro,Analista de Dados Jr
41619,Ian Moreira,Dados Jr.
41620,Davi Alves,Consultor SAP SD LES TM
41621,Dra. Eloah Santos,SAP FI CO
41624,Maitê da Mata,SAP GMO
41625,Ana Clara Camargo,Analista Marketplace
41629,Beatriz Castro,Devops
41631,Joaquim Martins,Governança
41632,Dra. Isabella Araújo,Marktplace
41633,Arthur Araújo,Marktplace
41636,Isabelly Cirino,Governança
41637,Benicio Ramos,Governança
41638,Samuel Silva,Analista de Dados Jr
41639,Ísis Rezende,Governança
41640,Thiago Lima,Governança
41641,Luiz Felipe Alves,Gerente de Projetos
41642,Rafael Carvalho,consultor sap TDF
41645,Vinicius da Costa,DevOps Engineer
41647,Sra. Sofia Lima,Analista de Sistemas
41648,Liz Santos,Desenvolvedor Pleno
41649,Matheus Vasconcelos,MARKETPLACE
41650,Natália Dias,Analista de Marketplace
41651,Dr. Paulo Cassiano,Analista de Marketplace
41653,Marcela Gomes,Java
41654,Davi Lucas da Paz,Analista de Dados Jr
41657,Alexandre Mendonça,DESENVOLVEDOR Sr
41658,Srta. Sofia da Mota,Desenvolvedor Pleno
41659,Sr. Yago Cassiano,Analista de Sistemas
41660,Liam Costela,Analista Contábil
41662,Stephany Novais,Analista Contábil Especialista
41663,Bruna Viana,Java
41664,Dr. João Pedro da Cunha,Java
41668,Thomas Sales,MARKETPLACE
41669,Joaquim Casa Grande,MARKETPLACE
41670,Helena Moraes,MARKETPLACE
41671,Mariana Aragão,Analista
41672,Júlia Mendonça,Analista
41673,Miguel Pastor,Analista
41674,Antônio Moura,MARKETPLACE
41675,Zoe Silva,Analista de Governança
41676,Anthony Gabriel Santos,MARKETPLACE
41677,Lucca da Rocha,MARKETPLACE
41678,Miguel Sales,Assistente
41679,Eloah Brito,Assistente
41680,Liam Novais,Desenvolvedor Pleno
41681,Bruna Pires,Projetos
41682,Sr. Henry Gabriel Lima,SAP HCM PY
41683,Theodoro Rodrigues,Marketplace
41684,Hellena Pimenta,Assistente de marketplace
41685,Lunna Sousa,Assistente
41686,Luara Ramos,Assistente
41688,Sr. José Pedro Borges,Governança ITSM
41690,Letícia Vargas,Consultor SAP SD
41691,Sophie Silveira,Desenvolvedor
41700,Sofia Andrade,Analista DevOps
41701,Pedro Lucas Almeida,mmodeneis@gmail.com
41702,Dr. Ravy Moura,Analista DevOps
41703,Anthony Gabriel Moura,Assistente comercial
41704,Srta. Marina Pires,Assistente de Marketplace
41705,Clarice Cavalcanti,DevOps
41709,Sarah Cavalcante,Analista de infraestrutura
41710,Manuella Cassiano,Analista
41711,Sra. Sarah Vasconcelos,Analista Contábil Especialista
41712,Melina das Neves,Analista
41715,Natália Marques,Analista de infraestrutura
41716,João Guilherme Mendonça,Infraestrutura
41717,Rael Cassiano,DevOps
41718,Bento Pimenta,Infraestrutura
41719,Heitor Porto,Assistente administrativo geral
41721,Marcelo Viana,Analista de Marketplace
41722,Beatriz Moura,Assistente de Marketplace
41723,Sarah Monteiro,Assistente de Marketplace
41724,Ana Laura Pimenta,Analista de Governança
41725,Mateus Mendes,Consultor SAP Analytics Cloud
41726,Jade Lima,Analista de infraestrutura
41728,Olívia Rios,DEV JAVA
41729,Ravy Vieira,Gerente
41730,Ian Pinto,Infraestrutura
41731,Maria Helena Pinto,governança
41732,João Pedro Barros,Consultor SAP Analytics Cloud
41733,Gustavo Henrique Novaes,Infraestrutura
41734,Fernanda Jesus,SAP CO
41735,Mirella Alves,Analista de Infraestrutura
41736,Alexia Mendonça,Devops
41737,Ana Vitória Aparecida,Consultor SAP VIM
41738,Ana Lívia Albuquerque,Consultor SAP CO Pleno
41739,Henry Sá,Analista de Infraestrutura
41740,Yuri Santos,DESENVOLVEDOR Sr
41741,Sr. Theodoro da Cruz,Arquiteto de Software
41742,Lavínia Brito,Analista
41743,Luiz Gustavo da Paz,Infraestrutura
41744,Sra. Kamilly Brito,Infraestrutura
41746,Raul Siqueira,Suporte Sistemas
41749,Dr. Pietro Albuquerque,Analista e Desenv. de Sistemas
41750,Sr. Nicolas Guerra,DevOps
41752,Srta. Maria Julia Brito,Oracle EBS
41753,Liz Sampaio,devops
41756,Sra. Ana Luiza Sampaio,Analista de Infraestrutura
41757,Olívia Câmara,DevOps
41758,Dr. João Vitor Moura,DevOps
41759,Vinícius Moreira,DevOps
41760,Gustavo Henrique Souza,DevOps
9038,Eduarda Costela,Oracle
9039,Rhavi Fogaça,Oracle / Oracle Forms / Oracle PL.SQL
9041,Vitor Hugo Mendonça,Oracle / Oracle Aplication
9042,Lívia Abreu,Desenvolvedor C# .Net
9044,Murilo Leão,Oracle
9046,Heitor Moraes,Oracle
9048,Ana Luiza Pastor,Oracle
9050,Vitor Hugo Porto,Oracle
9068,Yasmin Porto,Oracle
9072,Ana Lívia Marques,Oracle
9089,Dra. Brenda Azevedo,Oracle / Oracle PL.SQL
9138,Jade Viana,Oracle
9140,Srta. Ana Sophia Correia,Oracle / Oracle PL.SQL
9147,João Lucas Carvalho,Oracle
9149,Alice Garcia,Oracle
9159,Henry Caldeira,CONSULTOR SAP PI
9165,João Lucas Aragão,Oracle
9170,Srta. Luana Souza,Oracle
9186,Maria Liz Camargo,Oracle
9189,Felipe Pacheco,Oracle
9198,Dr. Renan Alves,Oracle Aplication
9202,Carolina Carvalho,Oracle Aplication
9204,Alexia Rodrigues,Oracle Aplication
9208,Catarina Fonseca,Oracle Aplication
9211,Dr. Bento Montenegro,Oracle Aplication
9213,Beatriz da Rocha,Oracle Aplication
9229,Thiago Cardoso,SAP ARIBA
9233,Benício Ferreira,Oracle Aplication
9241,Isabella Barros,Oracle Aplication
9249,Oliver Oliveira,Oracle Aplication
9251,Bruna Campos,Oracle Aplication
9262,Heloísa Cavalcante,Oracle Aplication
9271,Maitê Albuquerque,Oracle Aplication
9275,Sabrina Marques,Oracle Aplication
9276,Pietro Melo,Oracle Aplication
9278,Maysa Carvalho,Oracle Aplication
9288,Sr. Felipe Vasconcelos,Oracle EBS
9291,Maya Camargo,Oracle EBS
9295,José Pedro Correia,Oracle EBS
9312,Dra. Heloisa Melo,Consultor ABAP / WORKFLOW
9334,Maria Helena Fogaça,"Analista C#, ASP-NET"
9371,Giovanna Cassiano,Oracle PL.SQL
9394,Nicole Santos,sistemas JAVA back-end ou frontend.
9396,Gustavo da Rocha,Oracle PL.SQL
9402,Gael Marques,Oracle PL.SQL
9405,Sr. Samuel da Mata,Analista BI
9414,Eduardo Alves,Consultor SAP
9418,Rebeca Sales,Analista de qualidade - informática/ti
9426,Noah da Rosa,Analista de Sistemas/Suporte
9432,Luiz Fernando Pinto,Consultor Funcional OEBS
9453,Fernanda Andrade,Consultor SAP/SD
9482,Srta. Rafaela Silva,Consultor/Analista Oracle Cloud Order to Cash
9494,Kamilly Nascimento,Consultor Funcional
9495,Eduardo Santos,SD E LOCALIZAÇÃO BRASIL JUNIOR
9498,Dr. Davi Siqueira,Consultor SAP PP / PM / QM
9516,Arthur Freitas,Consultor Sap
9520,Sra. Maria Luiza Pires,Cientista de Dados
9564,Vitor Gabriel Pereira,consultora SAP SD
9595,Enrico Monteiro,Analista Desenvolvedor
9612,Kaique Vargas,Oracle PL.SQL
9614,Eduardo Pacheco,Oracle PL.SQL
9615,Vicente Sá,Salesforce
9620,Heloísa Moura,Oracle PL.SQL / Power Builder
9629,Rhavi Cavalcanti,People Soft
9631,Dr. Otávio Nunes,People Soft
9637,Dra. Lara Moreira,People Soft
9677,Arthur Gabriel Monteiro,PHP
9683,Sr. Ravi Pacheco,PHP
9707,Srta. Aurora da Luz,Power Builder
9709,Nicolas Dias,Gerente de projetos
9717,Maria Luiza da Cunha,SAP MM
9733,Henry Gabriel Marques,Power Builder
9739,Léo Nogueira,Consultor BI
9742,Miguel Rezende,PowerCenter
9743,Milena Novais,PowerCenter
9750,Luara Pacheco,PowerCenter
9751,João Pedro Cardoso,PowerCenter
9758,Miguel Nunes,Especialista MicroStrategy
9759,Isabella Pastor,PowerCenter
9765,Benício Souza,PowerCenter
9781,Sra. Ester Porto,Power Builder
9787,Dra. Bianca Fogaça,Power Builder
9798,Thiago Sales,CONSULTORA SAP SD/LES
9847,Brayan Brito,Progress
9849,Maria Melo,Progress
9855,Natália da Mota,SAP PI /PO
9871,Manuela Rocha,Progress
9900,Isabelly Lima,Suporte de TI
9910,Pedro Miguel Abreu,DBA DB2
9918,Ana Luiza da Costa,FULL STACK
9919,Dante Campos,Qualidade de Software
9930,Dr. Arthur Miguel Albuquerque,Qualidade de Software
9939,Lunna Rezende,Qualidade de Software
9949,João Guilherme da Mata,consultor sap GRC e Basis
9950,Melissa Azevedo,Desenvolvedor JAVA
9956,Asafe Gonçalves,Qualidade de Software
9969,Dom Mendonça,Desenvolvedor c#
9993,Luiza Pinto,Rms
8025,Sra. Sara Nogueira,CONSULTOR SAP PM SR
8065,Kamilly Gomes,Desenvolvedor de Sistemas
8068,Otto Castro,Consultor SAP
8069,Sr. Mathias Brito,Informix
8087,Luan Lima,Advisor de Segurança da Informação na Atlas P
8088,José Pedro Andrade,ANALISTA DE SEGURANÇA DA INFORMAÇÃO
8092,Caleb Leão,CONSULTOR SAP MM
8117,Anthony Gabriel Cirino,Analista de negócios
8123,Francisco Sales,Analista de Desenv. ou Suporte em Sistemas
8141,Leandro da Mota,CONSULTOR ORACLE EBS
8144,Maria Clara Alves,Consultor técnico
8148,Eduardo da Cunha,GP/ PMO
8152,Bella Ferreira,DBA Oracle
8156,Lavínia Macedo,Gerente de projetos
8162,José Pedro Sampaio,Analista de negócios
8168,Sra. Sara Barbosa,Gerente de projetos
8175,Sr. Asafe Viana,Analista de sistemas
8202,Maria Luísa Fernandes,Infraestrutura
8211,Júlia Casa Grande,Infraestrutura
8285,Asafe Farias,Infraestrutura
8288,Felipe Freitas,Infraestrutura
8310,Srta. Evelyn Porto,Infraestrutura
8318,Dr. Marcelo Cunha,SAP MM
8320,Augusto Vieira,Consultor SAP
8342,Sr. Davi Luiz da Costa,Infraestrutura / Mobile
8361,Srta. Jade Lopes,Infraestrutura
8408,Luiz Miguel Mendes,DBA Oracle
8413,Leonardo Câmara,CONSULTOR SAP PM SR
8417,Brayan Pimenta,CONSULTOR SAP SD SR
8418,Yasmin Siqueira,CONSULTOR SAP PM
8423,Erick Sampaio,Infraestrutura
8440,Sr. Vinicius Sampaio,CONSULTOR SAP BW - BASIS SENIOR
8444,Júlia da Costa,CONSULTORA SAP PM
8445,Esther Campos,CONSULTOR SAP PM SR
8448,Otávio Carvalho,CONSULTOR SAP BW SR
8527,Beatriz Peixoto,J.D.Edwards
8547,Noah Moura,Lider de Projeto
8554,Danilo Moraes,Project Developer at Grupo GFT
8563,Ísis Ferreira,Líder de Projetos
8602,Sr. Yuri Costela,Líder de Projetos
8622,Vicente Pimenta,analista programador cobol
8641,Valentina Siqueira,Linux
8691,Arthur Cavalcanti,Linux
8697,Pedro Henrique Vargas,Linux
8714,Anthony Gabriel Brito,CONSULTOR SAP PM
8725,Ana Luiza Porto,Arquiteto de Integração
8749,Heloísa da Mota,CONSULTOR SAP PM - ESPECIALISTA
8750,Luana Silva,CONSULTOR SAP PM
8751,Ravy Rios,CONSULTOR SAP PM
8752,Beatriz Ferreira,CONSULTOR SAP PM
8755,Bianca Alves,CONSULTOR SAP PM
8761,Melissa Cassiano,CONSULTOR SAP PM
8763,Ester Montenegro,CONSULTOR SD
8764,Emanuelly das Neves,CONSULTOR SD
8780,Noah Ferreira,Lotus Notes
8807,Gabriel Carvalho,SAP PP
8810,Leandro Jesus,CONSULTOR ABAP
8811,Dra. Evelyn Almeida,CONSULTOR ABAP
8812,Liam Moura,CONSULTOR ABAP
8815,Sra. Maria Julia Pinto,consultor sap co
8816,Asafe Aparecida,SUP FINANC - HORTO
8817,Isabel Peixoto,SAP PP
8820,Maria Flor Melo,Lotus Notes
8824,Sra. Bianca Moraes,SAP PP
8827,Sra. Melina Caldeira,consultor SAP CO
8828,Heloisa Leão,CONSULTOR SAP SD/ TAXBRA / LES / NF-e
8838,Gael Nunes,Lotus Notes
8859,Sr. Otto Correia,Lotus Notes
8917,Rafaela Mendes,MainFrame
8941,Natália Santos,Microsiga
8963,Guilherme Alves,Mobile
8972,Sabrina Rodrigues,Operador
8974,Ana Laura Araújo,Oracle
8981,Hadassa Nascimento,Oracle / Oracle PL.SQL
8991,Diogo Novaes,CONSULTOR HCM
8999,Thiago Pereira,Oracle
27550,Igor das Neves,Especialista Contábil
27551,Srta. Caroline Machado,Desenvolvimento Full-Stacker
27552,Paulo da Rocha,Consultor SD LES
27553,Bella da Rocha,
27555,Srta. Maria Eduarda da Luz,
27556,Maria Isis Oliveira,
27557,Aurora Moreira,ATUAR NA AREA DE RH. FOCADA EM TALENT ACQUISITON TECH
27559,Sr. Leonardo Nogueira,Crescimento dentro da empresa e profissional
27560,Maria Sophia Araújo,
27561,Sr. João Vitor Cirino,
27562,Srta. Julia da Paz,
27563,Henry Silveira,
27564,Gustavo Porto,
27565,Luiz Felipe Ramos,
27566,Dra. Ana Laura Moreira,Analista de Infraestrutura
27567,Ana Clara Fernandes,Desenvolvedor Salesforce
27568,Vinicius Cunha,
27569,Valentim Pereira,
27570,Amanda Sampaio,
27571,Augusto Brito,
27572,Arthur Miguel Souza,
27573,Sra. Ana Lívia Nascimento,
27574,Sr. Benício Mendonça,
27575,Liam Vasconcelos,
27576,Evelyn da Mata,
27577,Felipe Leão,
27578,Maitê Viana,
27579,Theo Mendes,
27580,Augusto Gomes,SAP FI SR
27581,Alice Santos,
27582,Alice Lopes,Desenvolvedor de Sistemas
27583,Luiz Henrique Vieira,Área fiscal
27584,Dr. Davi Miguel Fonseca,Consultor Sr. SAP MM-WM-EWM
27585,Heloisa Dias,Analista unix
27586,Dra. Maitê Pacheco,Crescimento Técnico na Área de Análise de Dados
27587,Lavínia da Mata,PMO
27588,Maria Eduarda Aparecida,
27589,Lavínia da Rocha,
27591,Emilly Barbosa,
27592,Sr. Lucas Lima,
27593,João Gabriel Sampaio,Analista de Operações
27594,Lucas Sales,"Ciência de dados, Análise de sistemas"
27595,João Lucas Macedo,
27596,Hadassa da Luz,
27597,Luiz Miguel Fogaça,
27598,Stella das Neves,
27600,Leandro Porto,
27601,Juan Nascimento,
27602,Sr. Calebe Monteiro,
27603,Dra. Luísa Souza,
27604,Thomas Cardoso,
27605,Alícia Pereira,
27606,Bernardo Viana,
27607,Davi Almeida,
27608,Maria Liz Fernandes,
27609,Esther Porto,
27611,Maria Ramos,Sistemas / Analistas de Jobs
27613,Bento Cunha,RH
27614,Gael Rezende,
27615,Manuela Guerra,
27616,Maria Fernanda Vargas,
27617,Dr. Pietro Oliveira,TI
27618,Emanuelly Montenegro,Trabalhar na área de sistemas
27620,Sr. Daniel Ramos,
27622,Brenda Andrade,
27623,Lavínia da Mota,
27624,Júlia Silveira,
27625,Maria Sophia Aparecida,
27627,Sra. Alice Guerra,
27628,Dom Caldeira,
27629,Isis Andrade,
27631,Lucca Pacheco,
27634,Gabriel da Luz,
27635,Léo Ramos,
27638,Lavínia Rezende,
27639,Gabriela Vieira,
27640,Rhavi Garcia,
27641,Zoe Nascimento,Analista de RH/DP
27642,Carlos Eduardo Almeida,Projetos
27644,Leonardo Siqueira,Àreas Administrativas e RH Generalista
27645,Allana Lima,
27646,Sra. Eloá Andrade,
27648,Dra. Ana Carolina Pimenta,
27649,Dr. João Lucas Cunha,
27651,Ravi Lucca Monteiro,
27652,Otto Moreira,
27653,Benicio Aragão,"Colaborar em um ambiente de trabalho onde possa colocar em pratica meus conhecimentos em favor da instituição na qual viso integrar, focando sempre o benefício e o crescimento da organização e o crescimento profissional."
27654,Vicente Albuquerque,
27655,Ester Gomes,RH
27656,Marcos Vinicius Silva,
27657,Carlos Eduardo Rios,
27658,Juliana Rezende,Consultar SAP SD
27660,Lucas Gomes,Consultor SAP FI/CO/MM/SD
27661,Dr. Lucas Gabriel Sá,
27663,Francisco Viana,
27664,Evelyn da Conceição,
27665,Juan Machado,
27666,Milena Caldeira,
27667,Breno Lima,
27668,Clara Alves,Recursos Humanos
27669,Miguel Fogaça,
27670,Agatha Farias,Adquirir conhecimento e liberdade financeira
27671,Luísa Barbosa,
27672,Emanuella Marques,Almejo contribuir para o crescimento da empresa com os meus conhecimentos.
27673,Dr. Davi Lucca Rios,
27674,Dra. Emanuelly Aragão,
27675,Dr. Leandro da Costa,
27676,Dr. Davi Lucas Ferreira,Me tornar um Analista Desenvolvedor Sênior
27679,Sr. Juan Azevedo,"Business Intelligence, Engenharia de Dados, Ciência de Dados"
27680,Carolina Moura,
27681,Dra. Ana Carolina Borges,
27682,Benício Casa Grande,
27683,Caroline Albuquerque,
27684,Maria Helena da Cunha,
27685,Luiz Henrique Martins,
27686,Henry Gabriel da Mota,
27687,Srta. Sophie Pereira,
27688,Isabel Souza,
27694,Otto Câmara,Departamento Pessoal
27696,Maria Cavalcante,Engenheiro de Controle da Qualidade
27697,Pedro Lucas Alves,Consultor SAP MM Sr
27698,Nicole Novaes,
27704,Emanuelly Pacheco,
27706,Yasmin Barros,
27707,Isabela Sousa,
27708,Arthur Gonçalves,
27709,Matheus Guerra,Programador de Sistemas
27710,Dr. Francisco Machado,
27711,Kevin Fogaça,Consultor SAP ABAP
27712,Benjamin Rios,
27713,Enzo Gabriel Sampaio,
27714,Cecília da Cunha,
27715,Julia Fernandes,
27716,Benício Moraes,
27717,Enzo Casa Grande,
27718,Sra. Bianca Rezende,
27719,Srta. Manuella Nascimento,
27720,Gael Nogueira,
27721,Gustavo Henrique Costela,
27722,Esther Leão,
27723,Dra. Sarah Farias,
27724,Felipe Monteiro,Atuar na área de Departamento Pessoal.
27726,Dra. Ana Lívia Albuquerque,
27727,Luiz Henrique Fonseca,
27728,Sophia Castro,
27729,Joana Andrade,
27730,Ana Laura Cassiano,Atuar como QA
27733,Maria Flor Mendes,
27734,Sr. Kevin Novaes,
27737,Ryan Rezende,
27740,Luna Aparecida,
27741,Zoe Brito,
27744,José Miguel da Cunha,analista de sistemas sênior
27747,Aurora Alves,
27748,Maria Liz Marques,TI - Desenvolvimento/Programação
27749,Vinicius Gonçalves,Desenvolver meus conhecimentos
27750,Luna Câmara,
27751,Alexandre Azevedo,Analista de Recursos humanos
27753,Sra. Maria Flor da Costa,
27754,Srta. Zoe Moreira,Gerente de PMO | Product Manager | Gerente Transformação Digital
27755,Joana Oliveira,Desenvolvedor Java
27756,Antônio Sales,
27757,Theo Montenegro,
27760,Emanuel Montenegro,
27762,Bento Siqueira,
27763,Lucas Gabriel Freitas,
27764,Eduardo Fernandes,Desenvolvimento e Planejamento de Produto/Vendas | Gerência de Projetos | Vendas e Marketing
27765,Emilly Sá,Lead QA
27766,Raul Cirino,
27767,Sr. Juan Machado,Analista de sistemas/programador
27768,Benjamim Cavalcanti,Analista de infraestrutura
27770,Diego Cavalcante,"Gerente de PMO, Gerente Ágil de Portfólio, Programas e Projetos, Group Product Manager, Delivery Manager, Consultor, Gerente de Processos, Agile Coach"
27772,Sr. Bruno Martins,Analista de Sistemas
27773,Heloisa Teixeira,"Atuar como Desenvolvedor PLSQL, Analista de Sistemas, Negócios, Requisitos."
27775,Nicolas Cunha,
27776,Dr. Josué Cassiano,QA/Testes
27779,Dr. Arthur da Rosa,
27783,Elisa Cirino,
27784,Sabrina Borges,
27785,Marina Nunes,
27786,Cecilia da Rosa,
27787,Emanuelly Melo,
27788,Sr. Renan Gonçalves,Analista SAP SD
27789,Valentina Borges,
27790,Lunna Porto,
27791,Sofia Campos,
27792,Srta. Clarice Câmara,
27793,Mathias Guerra,Analista Departamento Pessoal
27795,André Garcia,Me tornar referência da área de Qualidade de Software
27796,Lavínia Monteiro,
27797,Theo Rezende,ANALISTA/COORDENADOR DE DEPARTAMENTO PESSOAL
27798,Maysa Jesus,
27799,Catarina da Rosa,
27800,Renan Leão,
27801,Caleb Abreu,
27803,Jade da Costa,Cloud Computing
27804,Dr. Theodoro Nogueira,
27806,Lucas Gabriel Lima,
27807,Sr. Fernando Moura,"emprego pj, com tecnologias atuais do mercado."
27808,Sr. Luiz Felipe Pires,
27809,Marcela Nunes,
27810,Matteo Campos,
27811,Gabriela Moraes,
27812,Lucas Gabriel Carvalho,Gestão
27813,Sr. Eduardo Peixoto,
27814,Joana Vasconcelos,
27815,João Vitor Ferreira,
27816,Raquel Pacheco,
27817,Gael Pacheco,Desenvolvedor
27818,Isabela Novaes,TI - SAP
27819,Srta. Elisa Siqueira,
27820,Dra. Elisa Souza,
27821,Luísa da Mata,
27822,João Vitor das Neves,
27823,Guilherme Pereira,
27824,Sra. Lorena Machado,gerente de projetos
27825,Bruna Sá,Trabalhar com novas tecnologias
27827,Dra. Aurora Araújo,
27828,Ana Cecília da Mota,
27829,Sr. Anthony Gabriel Leão,
27831,Kamilly Borges,Comunicação | Marketing
27833,Luana Gonçalves,
27834,Davi Miguel Sales,Programação/ Analista Programador
27835,Dra. Rafaela Almeida,
27836,Julia Sampaio,
27837,Henrique Vasconcelos,
27838,Ana Lívia Vargas,
27839,Sr. Juan Cavalcanti,
27840,Liam Moraes,
27841,Hellena da Rosa,
27842,Kamilly Porto,Consultor SAP MM Sr
27843,Lara Nogueira,
27844,Ester Brito,Trabalhar com novas tecnologias
27846,Gabriela Viana,
27848,Mariane Cavalcanti,Desenvolvedor Backend ou Mobile (IOS)
27849,Lorenzo Nogueira,Analista Programador Sênior
27850,Isabelly Ferreira,
27851,Erick Rezende,
27852,Stephany Câmara,
27853,Davi Miguel Dias,
27855,Isabela Sampaio,
27856,Maria Fernanda Brito,"Analista de marketing, Analista de CRM, Analista Comercial"
27859,Dr. Raul da Paz,
27860,Josué Siqueira,
27861,Kamilly Sampaio,
27862,José Miguel Vargas,
27863,Isabel Moura,
27865,Sr. Anthony Gabriel Albuquerque,Crescer profissionalmente contribuindo em projetos desafiadores e Inovadores
27866,Isabella da Conceição,
27867,Gustavo Henrique Nogueira,
27870,Josué Gomes,
27871,Hellena Teixeira,
27872,Otto da Costa,Consultor especialista SAP Security GRC AC
27873,Bruna Mendonça,
27874,Maria Sophia Freitas,
27875,Laura Machado,Programador
27876,Thales Mendonça,
27877,Antonella Sousa,
27878,Benicio Nascimento,
27879,Dr. Liam Carvalho,Senior QA Engineer
27880,André Costa,
27884,Nina Guerra,
27885,Lucas Gabriel Macedo,
27886,Joaquim Teixeira,
27887,Dra. Cecilia da Rocha,Analista Desenvolvedor.NET / Administrador de dados
27888,Ágatha da Paz,
27889,Sr. Matteo da Luz,
27891,Thiago Rodrigues,
27892,Ana Laura Duarte,Desenvolvedor Oracle Jr
27893,Ana Beatriz Barros,Analista RH
27894,Otávio Araújo,
27895,Srta. Emanuella Oliveira,
27896,Maria Cecília Pimenta,
27897,Daniela Albuquerque,Atuar como Analista de departamento Pessoal e RH
27898,Lara Freitas,Gerente de Projetos
27899,Kevin Lima,
27900,Raul Moraes,
27902,Luiz Felipe Lima,"Gerente de TI, Coordenador de TI"
27904,Beatriz Farias,Executivo de Supply Chain / Logística / Operações
27905,Sra. Lunna da Costa,Desenvolver minhas habilidades até hoje adquiridas e aprender cada vez mais.
27909,Ágatha Lopes,
27911,Danilo Rios,
27912,Maitê Lopes,
27913,Dr. João Lucas Fernandes,
27914,Nicolas Moreira,
27915,Dr. Thiago Fernandes,
27916,Dr. Kaique Silva,
27917,Mariana Vargas,
27918,André Macedo,
27920,Srta. Maria Sophia da Luz,
27921,Beatriz Barbosa,
27922,Bruna Albuquerque,
27923,Gustavo Henrique Cardoso,
27925,Letícia Santos,
27926,Marcelo Moura,
27927,Luana Rocha,
27928,Vinícius Pereira,
27929,Bella Pinto,
27930,Ísis Garcia,
27931,Dra. Larissa Aparecida,
27932,Dra. Laura Teixeira,
27933,Cecília Araújo,
27934,Isabela Borges,
27935,Marcelo Cardoso,
27936,Maria Fernanda da Mota,
27937,Ana Carolina Pinto,
27938,Dra. Laura da Rosa,Área da tecnología
27939,Cauã Sampaio,
27941,Eduarda Rezende,TI
27943,Sra. Ana Fogaça,"Posicionar na area, liderança"
27944,Dra. Gabrielly Gonçalves,crescimento profissional
27945,Beatriz Azevedo,
27947,Sra. Maya Moreira,
27948,Emanuel Sá,Master Data Management
27949,Maria Clara Gomes,
27950,Sr. Thomas da Conceição,Analista de Processos e Qualidade
27951,Sr. Paulo Martins,Desenvolvedor
27952,Alexia Machado,
27953,Sra. Sara Moura,
27955,Dr. Pedro Cirino,
27956,Srta. Maria Alice Campos,SAP MM/TAX
27957,Sara Borges,"Aplicar os conhecimentos adquiridos (carreira) na modernização e digitalização dos serviços de empresas/órgãos públicos. Assim, participar da equipe capaz de conduzir empresas/órgãos públicos a posição de destaque em qualidade/gestão/modenização."
27958,Maria Fernanda da Mata,Analista Pleno
27959,Ana Moura,Desenvolvedor
27960,Carolina Andrade,
27964,Thiago Azevedo,
27965,Srta. Joana Monteiro,QA Automation / QA Engineer / Analista de testes automatizados.
27966,Caio Oliveira,
27967,Sra. Esther Azevedo,
27968,Maria Julia da Conceição,
27969,Dra. Maria Julia Pimenta,Desejo de somar ao time
27971,Maria Vitória Silva,"PMO, Gerente de Projetos"
27972,Levi Sales,
27973,Maria Vitória Moreira,
27974,Lucas Casa Grande,
27975,Mirella Melo,
27976,João Guilherme Sales,
27977,Daniel Gonçalves,Vaga Dpto Pessoal
27979,Isabella Souza,
27980,Cauã Fogaça,"Expandir conhecimentos, Área Administrativa"
27981,Sra. Bárbara Porto,Atuar com projetos e operações LATAM
27982,Henrique Farias,
27983,José Campos,
27984,Marcela Pastor,Analista de qualidade de software
27985,Maria Sophia Carvalho,
27986,Dr. Juan da Mota,
27987,Gabriela Cavalcanti,
27988,Dra. Maria Fernanda Farias,
27989,Maria Flor Moreira,Analista de Requisitos
27990,Enzo Barros,
27991,Sarah da Paz,
27992,Valentina Souza,SISTEMA
27993,Mathias da Conceição,
27994,Dra. Olívia Azevedo,
27996,Heloisa Pinto,
27997,Dr. Rhavi Azevedo,
27998,Davi Lucas Santos,
27999,Mariana Aparecida,
17831,Emanuella Peixoto,
17832,Laís Sá,
17834,Emanuelly Aparecida,
17835,Luiz Miguel Caldeira,
17836,Maitê da Luz,
17837,Mirella Cassiano,
17838,Bernardo Cirino,
17839,Mirella Caldeira,
17840,Eloá Alves,
17841,Gabrielly Fonseca,Gerente de Projetos Senior/Gerente de TI/Diretor de TI/CIO/CTO
17842,Marcela Rios,Analista Programador Mainframe
17844,Heitor Pimenta,
17845,Sr. João Lucas Souza,Analista
17846,Maria Sophia da Conceição,
17848,Srta. Maya Caldeira,ESPECIALISTA BI/BO (SAP BW)
17849,Srta. Heloísa Sales,Atuar na área de segurança da informação
17850,Dra. Lorena Fernandes,
17851,Dr. Diogo Sampaio,
17852,Vinícius Cassiano,Consultor Funcional Oracle
17853,Srta. Luara Cardoso,
17854,Ana Sophia Almeida,Dba Oracle
17855,Yan Ribeiro,
17856,Valentim Gomes,
17857,Erick Costa,
17859,Amanda Farias,
17860,Dr. Thales da Mata,Desenvolvedor Java / PHP / Android
17861,Sra. Ana Beatriz Barbosa,
17862,Joana Cirino,
17863,Amanda Porto,TI
17864,Luara Correia,
17865,Murilo Garcia,Desenvolvimento web e mobile
17866,Srta. Maria Laura Lima,
17867,Luiz Miguel Rezende,
17868,Srta. Maysa Brito,
17869,Nicole Moreira,Analista de BI - Data Engineer
17870,Dra. Bella Gonçalves,"Prestar consultoria de administração, desenvolvimento e/ou implantação de aplicações desenvolvidas na plataforma Force.com/Salesforce"
17871,Rhavi Fernandes,Desenvolvedor Front-end
17872,Gael Henrique Abreu,
17873,Sra. Luísa Lima,
17874,Maya Rocha,Analista Pleno ou Senior
17875,Benicio da Paz,
17876,Léo Jesus,
17877,Sr. Yan Aragão,
17878,João Vieira,Consultor: SAP/ABAP – Sap Cloud Platform (SCP)
17879,Paulo da Rosa,Analista Negocios
17881,Clarice Siqueira,Full time job
17882,Alexandre da Rosa,Analista de Negócios/Requisitos/PO
17883,Arthur Fonseca,
17884,Helena Garcia,
17885,Cauã Dias,
17886,Marcos Vinicius Nogueira,
17887,Sr. Pedro Henrique Viana,"Desenvolvimento Fullstack NodeJs, Ruby on Rails, PHP, React"
17888,Sofia Moura,
17889,Yuri Rios,
17890,Dr. Otto da Luz,
17891,Caleb Cardoso,
17892,Brenda Oliveira,
17893,Ana Júlia Camargo,
17894,Davi Marques,
17895,Sr. Josué Câmara,
17896,Matheus Teixeira,
17897,Sabrina Souza,
17898,Sabrina Araújo,
17899,Gustavo da Paz,
17900,Erick Cunha,
17901,Larissa Casa Grande,
17902,Dr. Felipe Sampaio,
17903,José Pedro Pimenta,
17904,Diogo Vargas,
17905,Luana Camargo,
17906,Davi Lucas Cardoso,Analista de RH
17907,Cauê Dias,
17908,Sra. Ana Sophia Cassiano,
17909,Diogo Garcia,
17911,Sofia Casa Grande,Analista desenvolvedor de sistemas
17912,Arthur Gabriel Aragão,
17913,Dra. Maria Júlia Novaes,"Seeking a position as System/Data Analyst, through which to implement and enhance customer business by applying latest methodologies and technologies so that client stands ahead in 4k Industry."
17914,Ana Laura Porto,Desenvolvedor Salesforce
17916,Lorena Sousa,Desenvolvedor
17919,Yasmin Oliveira,
17920,Aylla Duarte,
17921,Theodoro Monteiro,DBA SQL server / ORACLE
17922,Olívia da Conceição,
17923,Rafael Campos,
17925,João Fonseca,
17926,Nina Novaes,
17928,Theodoro Borges,
17929,Maria Vitória Albuquerque,
17930,Murilo Fernandes,Consultor SAP FI / Lider técnico / Cargas
17931,Dr. Samuel Rios,SAP IBP
17933,João Pimenta,
17934,José Pedro Ferreira,
17935,Dra. Rebeca Abreu,
17936,Caio Aparecida,Marketing e Comunicação
17939,Lorenzo Mendes,
17940,Matteo Câmara,
17941,Sofia Freitas,
17942,Caroline Aparecida,
17943,Dr. João Rocha,
17944,Anna Liz da Mota,
17945,João Felipe Alves,Analista de Testes
17946,Raquel Aragão,
17947,Ísis Rios,Analista Sistemas Cobol
17949,Liz Martins,
17950,Sra. Laura Silveira,
17951,Gustavo Pacheco,
17952,Maria Sá,
17953,Srta. Nina Nunes,
17955,Nathan Araújo,
17956,Sara Cassiano,Analista Programador Mainframe
17958,Lucas Gabriel Melo,
17959,Luiz Felipe da Paz,
17960,Srta. Sophie Borges,
17961,Zoe Peixoto,
17962,Eloah da Cunha,Somar e agregar conhecimentos e soluções
17963,Ana Cecília Alves,Analista de Comunicação / Marketing
17964,Sra. Amanda Costa,Scrum Master ou Product Owner
17965,Maria Laura da Mota,
17966,Yan Cardoso,CONSULTOR SAP CRM/ BP
17967,Sr. Caleb Guerra,
17968,Breno Novaes,
17969,Zoe Siqueira,Desenvolvedor de Sistemas
17970,Ana Lívia Pinto,SAP FI TRM
17971,Luiz Felipe Pires,
17974,Bruna Lima,Analista de Suporte-Gestão-Supervisão
17976,Sofia Rocha,"Analista de sistemas, especialista, Consultor"
17977,Léo Andrade,
17979,Luísa da Cunha,Consultor SAP SD
17983,Olivia Vieira,
17985,Antony Viana,
17986,Lucas da Rocha,
17990,Dra. Fernanda Gonçalves,Desenvolvedor Java Jr
17992,Valentina Cunha,
17993,Léo Vargas,
17994,Maria Eduarda Viana,
17995,Isabela Pacheco,
17996,Gabriela das Neves,
17997,Sra. Maria Helena Leão,
24000,Sr. Henry Gabriel Castro,
24001,Gabriel Fogaça,
24002,Enzo Gabriel Freitas,Consultor Funcional JD Edwards
24003,Nicolas Monteiro,
24004,Luiz Miguel Aragão,
24005,Lorenzo Pastor,
24006,Nathan Cavalcanti,Desenvolvedor
24007,Isabela Andrade,Desenvolvedor Frontend
24008,Milena Leão,
24009,Mathias Abreu,Consultor/Analista de Processos - Gerente de Projetos
24010,Ayla Aparecida,
24011,Fernando Jesus,
24012,Maria Sophia Viana,
24013,Marcelo Moraes,
24014,Dra. Joana Sousa,
24015,Srta. Maria Fernanda Cassiano,
24016,Sra. Cecília Barros,Analista de RH
24017,Cauã Melo,
24018,Vinicius Fogaça,
24019,Matheus Câmara,
24020,Anthony Correia,
24021,Sra. Carolina Gomes,
24022,Sra. Ana Júlia da Mata,
24023,Samuel Borges,
24024,Asafe Camargo,
24025,Isabela Siqueira,
24026,Nathan Borges,Analista de Recursos Humanos
24027,Dra. Liz Mendes,
24028,Yan da Rosa,
24029,Camila da Cunha,Analista de negócios e processos
24030,Sr. Dom Casa Grande,
24031,Jade Costa,
24032,Diogo Costa,
24033,Vinícius Vieira,
24034,José Peixoto,Product Owner
24035,Sr. João Pedro Lopes,
24036,Rebeca Macedo,
24037,Sr. Gabriel Monteiro,
24038,Gael da Cunha,
24039,Beatriz Brito,
24040,Cauê Monteiro,Product Owner | Scum Master | OKRCP | Analista de Sistemas | Analista de Processos
24042,Sra. Maya Cunha,
24043,Isadora Moreira,
24044,Sr. Rhavi da Luz,
24045,Sra. Maria Helena da Paz,
24047,Mariane da Mata,Consultora SAP/ SRM ou Ariba
24048,Gustavo Souza,Junior/Assistente
24049,Manuella Rocha,
24050,Paulo Porto,
24051,Diego Peixoto,Gerente de Projetos/Scrum Master
24052,Luísa Rocha,
24053,Felipe Costa,
24054,Sra. Allana Garcia,
24055,Anna Liz Vargas,
24056,Nathan Viana,
24057,Rhavi Pires,Recursos Humanos
24058,Mariana Melo,
24059,Heitor da Conceição,
24060,Vicente da Luz,
24061,Maysa Fogaça,
24062,Arthur Gabriel Cunha,
24063,Mariane Jesus,
24064,Cecília Marques,
24065,Stella Pires,Analista de contratos
24066,Dr. Juan Sales,Analista de Infraestrutura
24067,João Miguel da Rocha,
24068,Luan Moreira,
24071,Stella da Costa,
24072,Nathan Azevedo,Desenvolvedor Java Pleno
24074,Benicio Cavalcanti,
24075,Aurora Pinto,
24077,Pietra da Conceição,
24078,Sr. Yuri Rios,
24079,Lívia da Cunha,
24080,Dr. Benicio Caldeira,
24081,Ana Laura Caldeira,
24082,Sr. Marcelo Siqueira,
24084,Davi Camargo,
24085,Dr. Luiz Fernando Monteiro,
24087,Rhavi Leão,
24088,Alexandre Nunes,
24089,Emanuel Sales,Analise de Sistemas
24090,Igor Sousa,
24091,Vitor Hugo Vargas,
24092,Srta. Lunna Pires,
24093,Marcela Silva,
24094,Luna Sales,
24095,Rael Montenegro,
24096,Emilly Gomes,GESTÃO DE PROCESSOS DE NEGÓCIO e TI
24097,Julia Barros,Analista Administrativo/ Contratos
24099,Matheus Pastor,
24100,Theo Aragão,Ser engenheiro de software sênior.
24101,Cauã Cavalcanti,
24102,Rodrigo Teixeira,
24103,Dr. Rael Pacheco,Desenvolvimento de software e/ou hardware
24104,Sra. Maria Luísa Lopes,Analista Administrativo
24105,Maria Luísa Silveira,
24106,João Vitor Oliveira,
24107,Ana Carolina Cavalcante,
24108,Esther Vieira,
24109,Sra. Raquel Barros,
24111,João Felipe Caldeira,
24113,Ana Júlia Monteiro,
24115,Davi Lucas Gonçalves,
24116,Igor Novaes,
24117,Sofia Sales,
24118,Noah Camargo,
24120,Benicio Costela,
24121,Lucca Pinto,
24123,Luiz Miguel Almeida,
24124,Srta. Lunna Peixoto,
24125,Daniela Novais,
24126,Lucca das Neves,
24127,Sr. Asafe Jesus,
24128,Anthony Pires,
24129,Julia Montenegro,
24130,Pedro Lucas Melo,
24131,Srta. Ana Clara Brito,
24132,Dante Silva,
24133,Luana Novais,Analista
24134,Maitê Vargas,
24135,Dr. Marcelo Nascimento,
24136,Davi Araújo,"Atuar como Team Lead na áreas de IT voltado para Projetos, Suporte de Aplicação ou infra-estrutura de TI"
24138,Srta. Yasmin da Cunha,
24140,Helena Pereira,
24141,Benicio Novaes,Recursos Humanos
24142,Rael Caldeira,Analista programador
24143,Maria Luiza Duarte,
24144,Dr. Thales Cunha,Ingressar na área de desenvolvimento
24145,Sr. Breno Silva,
24148,Maria Julia Macedo,
24149,Aurora Mendes,
24150,Ágatha Nunes,
24151,Melissa Siqueira,
24152,Heloisa Casa Grande,
24153,Maria Eduarda Souza,
24154,Mateus Sampaio,
24155,Maria Eduarda Melo,
24156,Ravi Lucca Santos,
24157,Pedro Martins,
24158,Vicente Oliveira,
36570,Sr. Lorenzo Farias,Consultor SAP BW
36571,Stephany das Neves,Desenvolvedor
36573,Luna das Neves,Programador C#
36574,Srta. Clarice Freitas,Suporte
36576,Pedro Lucas Pires,data stage
36577,Maria Laura Guerra,Suporte
36578,Rebeca Lima,Suporte
36580,Ryan da Paz,Analista de Infra
36581,Srta. Evelyn Pacheco,Suporte
36582,Théo Pimenta,Suporte
36583,Esther Macedo,Suporte
36584,Thales Farias,Analista
36585,Ravy Viana,Desenvolvedor Java
36586,Gabrielly Dias,Suporte
36587,Ágatha Monteiro,Analista de Servidores
36594,Davi Luiz Vieira,Consultor SAP ARIBA
36597,Ana Liz Pacheco,Big Data
36598,Isadora Oliveira,Analista de Infra
36602,Luiz Otávio da Rocha,Desenvolvedor Java
36603,Ísis Farias,
36604,Dra. Julia Leão,Analista de Monitoramento
36606,Luara Costela,Consultor key user
36607,Sr. Cauê Ferreira,Analista de Ti Senior
36609,Dra. Amanda da Costa,Desenvolvedor Java
36610,Lucas Gabriel Souza,Desenvolvedor SALES FORCE
36611,Emanuelly Nunes,Agile Coach
36616,Luiz Fernando Araújo,C#
36617,Dr. Luiz Fernando Guerra,Front Angular
36618,Ísis Castro,Desenvolvedor Java
36620,Noah Siqueira,JAVA
36621,Sr. Liam Brito,JAVA
36622,Emilly Vieira,Desenvolvedor Mobile
36624,Calebe Martins,Analista de suporte - expansão
36626,Sr. Guilherme Lopes,Tech Recruiter
36627,Sr. Yago Moraes,Tech Recruiter
36628,Lucca Pastor,Tech Recruiter
36629,Otávio Viana,Tech Recruiter
36630,Emilly Abreu,Tech Recruiter
36634,Maria Fernanda Cunha,.NET
36635,Maria Liz Pacheco,Tech Recruiter
36637,Fernando Fonseca,suporte
36638,Marcos Vinicius Mendonça,INFRAESTRUTURA CLOUD / DEVOPS / SYSTEM ADMIN / PROJETOS
36639,Kevin da Mota,Analista de Infra
36640,Nicole Macedo,network
36641,Ian Barbosa,Consultor SAP ARIBA
36642,Catarina Vieira,.NET
36644,Vitória Fogaça,Analista
36648,Dr. Cauê Barbosa,TECH RECRUITER
36649,Dra. Ana Liz Cavalcanti,Tech Recruiter
36650,João Pedro Cassiano,Tech Recruiter
36651,Srta. Maria Júlia Alves,Tech Recruiter
36652,Valentim Andrade,Desenvolvedor
36653,Sra. Beatriz Martins,Front End React
36654,Daniela da Mata,Tech Recruiter
36655,Sra. Heloisa Gonçalves,TESTE
36656,Léo Câmara,QA
36657,Yan Cavalcanti,Analista de Requisitos
36658,Isabela Caldeira,Oracle
36659,Luana da Conceição,TECH RECRUITER Jr
36660,Dra. Melina Camargo,Analista de Segurança da Informação
36661,Sr. Diogo Marques,DEV FULLSTACK JAVA/ANGULAR
36662,Ana Liz Correia,Middleware
36663,Marcelo da Luz,Middleware
36664,Nicolas da Mata,Middleware
36665,Luan Ramos,ANGULAR
36667,Laura Silveira,Middleware
36668,Dra. Isabela Cavalcante,Analista de Projeto
36669,Anthony Gabriel Ramos,Analista de Projetos e Processos Sr
36671,Rebeca Casa Grande,Consultor SAP SD
36673,Ravi Vasconcelos,ANALISTA DE NEGOCIOS
36674,Thales Martins,Desenvolvedor
36675,Aylla Pires,Desenvolvedor
36676,Elisa Pimenta,back end C#
36677,Brayan Freitas,C#; dontnet
36678,Davi Luiz Guerra,Scrum Master / Product Owner
36679,Sr. Matheus Brito,Front-end Touch
36680,Heloisa Azevedo,Front-end Touch
36681,Bruna Duarte,Java
36682,Benicio da Luz,Consultor SAP QM PM
36683,Luiza Novaes,consultor SAP SD
36684,Asafe Cavalcanti,Java
36685,Enzo Gabriel Guerra,Analista de Suporte
36686,Mathias Souza,Java
36687,Letícia da Costa,Front-end Touch
36688,Ana Lívia Cirino,Administrativo
36689,Lavínia Duarte,IOS
36690,Dr. Caio Mendonça,SERVICE DESK NIVEL 2
36691,Dr. Arthur da Luz,IOS
36692,Sra. Clara Araújo,IOS
36693,Maria Júlia Sampaio,Front-end Developer
36694,Anthony Gabriel da Mota,IOS
36695,Sara Machado,ANGULAR
36696,Ana Cecília Gomes,JAVA
11129,Vitor Fonseca,Consultor MM WM
11130,Sr. Juan Sales,SAP EWM
11131,Alícia Castro,CONSULTOR MM WM
11132,Bruna Abreu,Desenvolvedor
11133,Alícia Vasconcelos,consultor JDEdwards
11137,Isabel Lima,CONSULTOR FIAA
11144,Daniel Oliveira,CWF - CONTAS DOW
11161,Zoe Nunes,BI
11176,Sr. Yuri Casa Grande,CONSULTOR SAP BW SENIOR
11182,Heloísa da Paz,Analista desenvolvedor de Sistemas
11191,Sr. Cauê Moraes,CONSULTOR SAP BW HANA BODS
11193,Lorena Souza,"Desenvolvimento Java, J2EE, PL/SQL"
11210,Maria Eduarda Souza,Administrador de Cluster Hadoop
11215,Kaique Novaes,SAP PM/QM
11228,Sra. Mirella Rocha,CONSULTOR ABAP SR
11229,Henry Gonçalves,WEB
11232,Nina da Luz,Desenvolvedor .NET- full stack
11234,Sr. João Guilherme Pimenta,Designer
11241,Dr. Pietro Sales,Desenvolvedor
11243,Dr. Bento Cunha,JAVA
11249,Davi Miguel da Rosa,Consultor SAP Hybris – Marketing
11257,Marcelo Pereira,"Desenvolvimento Java, J2EE, PL/SQL"
11266,Clara Costela,CONSULTOR SAP SD
11273,João Pedro Campos,SAS
11277,Thales Cavalcante,SAS
11282,Sr. Kevin Sales,Data
11296,Melissa Macedo,Scrum
11299,Cauê Teixeira,Scrum
11302,Davi Lucca Almeida,Segurança de sistemas
11319,Ian Teixeira,consultora MM
11324,Ana Clara Mendes,Consultor CO/ FI Sênior
11355,Maria Cecília Silveira,consultora MM
11361,Dr. Ravi Ferreira,SAP FI
11368,Luiz Henrique Montenegro,Segurança de sistemas
11376,Maria Vitória Pacheco,Segurança de sistemas
11408,Sr. Gustavo Rodrigues,sharepoint
11411,Francisco Montenegro,Sharepoint
11432,Benjamim Fernandes,Siebel
26036,Heloisa Mendonça,
26037,Lara Novais,Desenvolvedor
26039,Sr. Danilo Araújo,Consultor SAP TDF
26040,Gabriel da Mota,
26041,Bryan Cassiano,
26043,Caleb da Luz,
26046,Lorenzo Sales,
26048,Pedro Lucas Albuquerque,
26049,Sr. Yago Sampaio,Crescimento
26050,Gustavo Henrique Santos,Cientista de Dados
26052,Mateus Siqueira,Especialista Zabbix
26053,Anna Liz Machado,Gestão de Projetos
26054,Helena Vieira,DESENVOLVEDOR COBOL/ASSEMBLER
26055,Rael Silveira,Planejamento Financeiro
26056,Kamilly Rezende,
26058,Otávio da Rosa,
26059,Ana Liz Melo,Solucionar problemas para projetos/marcas de forma visualmente cria�va e estratégica.
26060,Pedro Lucas Peixoto,Analista de Governança e Segurança de TI
26061,Sr. Léo Pimenta,
26062,Alana da Cunha,Participar de grandes desafios e projetos; Trabalhar e estar sempre atualizado com novas tecnologias
26063,Mariah da Paz,
26064,Matheus Sousa,
26065,Mathias Brito,
26066,Laura Albuquerque,Desenvolvedor full stack (React | Node)
26070,Mateus da Rocha,
26071,Sra. Bruna Sousa,
26072,Eduarda Casa Grande,
26073,Marcela Novais,
26074,Dr. Luiz Gustavo Fernandes,
26075,Caleb Caldeira,
26077,João Vitor Cavalcanti,
26079,Vinícius Carvalho,
26080,Cauê Cardoso,
26082,Sr. Luiz Felipe Rios,Contador / SupervisorFinanceiro
26083,Elisa Melo,
26084,Sr. Bruno Pacheco,
26085,Sr. Luiz Felipe da Rocha,
26086,Srta. Maria Júlia Sales,
26087,Dra. Aurora Nascimento,
26088,Samuel Pacheco,
26089,Luara da Mata,
26090,Vicente Fonseca,
26091,Murilo das Neves,
26093,Arthur Miguel Lima,Full Stack Software Engineer
26095,Sra. Ana Vitória Dias,
26096,Hadassa Almeida,
26097,Sarah Fogaça,
26098,Sra. Olívia Abreu,
26099,Sarah Silveira,
26100,Caroline Moraes,
26101,Ísis Pinto,
26102,Gael Henrique Melo,
26103,Allana Rios,
26104,Sr. Pietro da Rocha,Atuar na área de Change Management / Comunicação ou Marketing
26105,Valentim da Paz,
26106,Maria Vargas,
26107,João Felipe Souza,
26108,Vitor Fogaça,
26109,Maria Julia Moreira,Analista de BI
26110,Dra. Luiza Mendonça,
26111,Rhavi Pinto,
26112,Henrique Vasconcelos,Engenheiro de Dados
26113,Isaac Sá,
26115,Maria Luísa Campos,Segurança da Informação / TI
26116,Ana Liz Alves,
26119,Valentina Martins,
26121,Bruna Garcia,
26123,Dr. Ian Campos,
26124,Clarice Cassiano,
26125,Thales Pereira,
26126,Nathan Ferreira,
26127,Arthur da Costa,
26129,Sr. Luan Peixoto,
26132,Maria Flor Cardoso,Android Sênior
26133,Giovanna Fogaça,
26134,Luiz Gustavo Costela,
26135,Jade Camargo,Product Owner
26136,Srta. Stephany Viana,
26137,Giovanna Fogaça,Product Owner/Product Manager
26138,Heitor Montenegro,
26139,Matteo Lima,
26140,Luísa Garcia,
26141,Ana Julia Pereira,
26142,Rodrigo Silveira,
26144,Davi Miguel Pimenta,
26145,Cecilia Garcia,
26146,Juliana Costa,FACILITIES | ADMINISTRAÇÃO | NEGOCIAÇÃO
26147,Dr. João Gabriel Nascimento,
26148,Clarice Pinto,
26149,Davi Luiz Mendes,Consultora Oracle Hyperion EPM PBCS
26150,Ravi Santos,Consultor Sênior BI & Oracle Hyperion EPM
26151,Caio Moreira,
26152,Isabela Costa,
26153,Emanuella Costa,
26154,Dra. Ana Luiza Lima,
26156,Bento Vargas,Consultor Oracle Hyperion EPM
26157,Stella Lopes,
26159,Clara Castro,
26160,Lorenzo Pacheco,
26161,Sofia Carvalho,Conseguir estabilidade laboral numa empresa onde possa por en practica minhas habilidades e conhecimento
26162,Sra. Ana Macedo,
26163,Joana Borges,
26164,Srta. Clarice Vasconcelos,
26165,Isaque Pires,Project Owner
26166,Dra. Maya Vasconcelos,
26167,Melissa Vargas,Analista Financeiro
26169,Gabrielly Marques,
26170,Bruno Cavalcante,
26171,Camila Moreira,
26172,Luísa da Rosa,
26173,Henry Gabriel Jesus,
26174,Alícia da Paz,
26175,Isaque Oliveira,
26176,Sr. Henry Gabriel Machado,"Desenvolvimento laboral, adquirir novos conhecimentos e oportunidade de crecimiento profesional"
26177,Emanuel Mendes,Desenvolvedor Java PJ
26178,Dr. Vinicius Guerra,
26179,Srta. Ana Lívia da Cruz,
26180,Emilly Santos,Consultor FI/CO
26181,Vitor Vieira,Somar e auxiliar a empresa e obter independencia financeira
26182,Felipe Novais,Recrutamento e Seleção
26183,Nicolas Silveira,Dba Oracle
26184,Pedro Miguel Viana,
26185,Carolina Rezende,https://www.linkedin.com/in/jacsonjwd/
26186,Sr. Luigi da Rocha,
26187,Sr. Murilo Caldeira,"Desenvolvimento de Sistemas de Informação, Consultoria de Projetos de TI"
26188,Rebeca Pires,"Gerenciamento de Projetos, Processos, QA e Scrum Master"
26192,Ayla Fernandes,
26193,Vitor Hugo Rodrigues,
26194,Maria Luísa Marques,
26195,Maria Eduarda Pinto,
26196,Alexia Pereira,Analista Cloud
26197,Luiz Otávio Santos,
26199,Sophie Moreira,funcional HCM
26200,Lorena Cirino,"Consultor SAP HANA Studio, SAP BAS, SAP WEB IDE, SAP SDI, SAP BODS, SAP Cloud Connector, SAP Data Migration Cockpit for S / 4Hana"
26201,Vinicius Silva,
26203,Aylla da Cruz,Analista de Suporte
26204,Sra. Marina Porto,
26205,Isabella da Cruz,
26206,Sr. Lucas Azevedo,Pleno
26208,Sr. João Miguel da Conceição,
26209,Larissa Rezende,Consultor SAP MM
26210,Henry Marques,
26211,Valentina Duarte,
26212,Eduardo Nogueira,
26213,Carolina Rodrigues,
26214,Sr. Lucas Marques,
26215,Dra. Emilly Moreira,
26216,Maria Sophia Moreira,Analista Sistemas Oracle PLSQL/Cobol
26217,Nicole da Mota,
26218,Eloah Martins,
26219,Luiz Otávio Abreu,
26220,Thiago das Neves,
26221,Vitor Gabriel Silva,Consultoria SAP nos módulos PS e PM
26222,Clara Jesus,
26225,Maria Luiza Mendonça,Desenvolvedor Java Júnior
26226,Mirella Cardoso,
26227,Dr. Benicio Macedo,
26228,Gabriel Cirino,
26229,Dr. Eduardo Ramos,
26230,Leonardo Costa,"Desenvolvedor Pleno: Java, NodeJS ou PHP"
26231,Srta. Lívia Vargas,
26232,Laura Fogaça,
26233,Ágatha Moreira,
26235,Antony Lima,
26238,Ana Liz da Conceição,Analista de Sistemas Web
26239,Pedro Miguel Câmara,
26240,Enrico Barbosa,
26242,Anna Liz Mendonça,
26243,Srta. Marcela Pires,
26244,Natália Guerra,
26252,Sr. Henrique Brito,
26254,Dante Novais,
26255,Luísa Costela,
26256,Antony Melo,
26257,Lívia Andrade,
26258,Luan Sá,
26259,Laís Souza,
26260,Bernardo da Conceição,
26261,Davi Luiz Machado,
26262,João das Neves,
26263,Davi Lucca Câmara,
26264,Srta. Clarice Porto,
26265,Raul Nogueira,
26266,Diogo Vasconcelos,
26267,Benjamim Santos,
26268,Elisa Gonçalves,
26269,Maria Vitória Araújo,
26270,Dr. Cauê Lima,
26271,Bruno Fogaça,
26272,Lívia Rios,
26273,Guilherme Aparecida,
26274,Maria Luiza Porto,
26275,Isabelly Araújo,
26276,Maria Fernanda Oliveira,
26277,Emilly Novaes,Gerente de Projetos SAP
26278,Cecilia Mendes,
26279,Sra. Antonella Pimenta,
26280,Maria Clara Farias,
26281,Dr. João Felipe da Mata,
26282,Maria Isis da Rocha,
26283,Gabriela Costela,
26285,Carlos Eduardo Duarte,
26286,Fernanda Viana,
26287,Levi da Paz,
26289,Cecilia Sales,
26290,Raquel Alves,
26291,Sr. Rhavi Pimenta,
26292,Mateus Andrade,
26293,Maria Helena Carvalho,Analista Contábil
26294,Pietra Rodrigues,
26295,Srta. Daniela Macedo,
26296,José Pedro Guerra,
26297,Alice Pastor,
26298,Dr. Nathan Mendes,Analista de dados
26299,Ana Cecília Fonseca,
26300,Marcos Vinicius Lima,
26303,Maria Liz Mendonça,TI - Desenvolvimento/Design
26304,Alana Rezende,consultora SAP
26305,Sofia Almeida,"Supply Chain, Planejamento de Materiais, produção e demanda"
26306,Maria Liz Sales,Analista ETL
26307,Arthur Gabriel Ribeiro,Análise/Desenvolvimento de Sistemas
26308,Dr. Lucas Barbosa,
26309,Maria Flor das Neves,Contribuir no crescimento da empresa
26310,Marina Vieira,Analista Suporte Junior
26311,Henry Farias,Analista de Projetos
26312,Dra. Liz Pires,
26313,Dr. Breno Correia,
26314,Hadassa Campos,
26315,Kevin Farias,
26316,Caio Vieira,
26317,Davi Lucas Aparecida,
26318,Dr. Breno Barbosa,
26319,Mateus Cunha,
26320,Sr. Davi Gonçalves,Desenvolvedor Salesforce
26321,André Oliveira,
26323,Juliana Rodrigues,
26324,Théo Novais,
26327,Arthur Gabriel da Cruz,
26328,Luiz Miguel da Luz,
26329,Pedro Lucas Borges,
26330,Sarah Cavalcanti,
26331,Benjamim Azevedo,
26332,Ísis Nunes,
26333,Luara Azevedo,
26334,Alice Nogueira,
26335,Maysa Sampaio,
26337,Luiz Otávio Casa Grande,
26338,Arthur Almeida,
26339,Rael Cardoso,
26340,Nicole da Mata,
26344,Olívia Melo,Desenvolvimento com Java
26345,Fernando Sales,
26346,Yuri Pereira,
26348,Maria Laura Abreu,Tecnologia da Informação
26349,Liz da Rocha,
26351,Sr. Kaique Pimenta,.NET
26353,Thales Pimenta,
26354,Dra. Maria Luiza Macedo,
26355,Isis Moraes,Atuar como desenvolvedor node.js
26356,Yuri da Cruz,
26357,Melissa Souza,Analista Pleno
26358,Sr. Anthony Gabriel Sousa,
26359,Guilherme das Neves,
26360,Dra. Ágatha Vasconcelos,
26361,Ana Luiza Vieira,
26362,Sra. Maria Clara Machado,
26365,Rafael Sampaio,Desenvolvimento web front-end e mobile
26366,Julia Albuquerque,Desenvolvimento
26367,Ana Clara Melo,
26369,Benício da Mata,
26371,Erick Novaes,
26372,Arthur Gabriel Pimenta,
26374,Augusto Sá,
26375,Bianca Farias,
26376,Luiz Felipe Machado,
26377,Sra. Mirella Pereira,SAP ISU CCS FICA
26378,Gael Henrique Sá,
26379,Luiz Miguel Leão,
26380,Liz Sales,
26381,João Vitor Carvalho,
26382,Ana Sophia Campos,
26384,Vitor Rezende,Desenvolvedor de Sistemas
26385,Lavínia Barros,
26386,Srta. Fernanda da Rosa,
26387,Dr. Pietro Ferreira,
26389,Maria Fernanda Costa,
26390,Ana Lívia Mendes,
26391,Davi Lucca Melo,
26392,Enrico Brito,
26393,Camila Sales,
26394,Igor Brito,Consultor SAP MM Sr.
26395,Sabrina Santos,
26396,Theodoro Oliveira,
26397,Dra. Maria Helena Gonçalves,
26400,Aurora Barros,
26401,João Gabriel Nogueira,
26402,Caleb Cunha,
26403,Danilo Ribeiro,
26404,Dra. Mariana Andrade,
26405,Srta. Isabella Vasconcelos,
26406,Sra. Maria Vitória Nogueira,
26407,Srta. Emilly da Conceição,
26408,Thomas Azevedo,Consultor SAP HCM Sênior
26409,Srta. Alana Sales,
26410,Lunna Fernandes,"Engenheiro, executivo e gestor em TI e Telecom"
26412,Pietro Farias,Consultor de Redes
26413,Amanda da Cunha,
26414,Theodoro Pinto,
26415,Noah Duarte,Consultor especialista em redes de computadores
26417,Sr. Caleb Monteiro,
26418,Luigi Leão,Oracle Ebs
26420,Caio Alves,Trabalhar
26421,Valentina Viana,
26422,Mathias Silva,Analista de Segurança/ Infraestrutura de TI
26423,Dr. Heitor Cavalcante,
26425,Thales Rodrigues,
26426,Gabriela da Cunha,
26427,Théo Almeida,
26428,Pietro Pereira,
26429,Dra. Alícia Camargo,
26430,Sophie Pires,
26431,Rebeca Silveira,Crescimento no ramo de desenvolvimento de sistemas
26432,Anthony Rios,
26433,Eduarda Nascimento,
26434,Benício Pereira,Gerente de Projetos
26435,Sr. José Miguel Ferreira,
26436,Isadora Farias,Analista de Redes
26437,Thales Moraes,
26439,Pietro das Neves,
26440,Srta. Stephany Costa,
26441,Ana Aparecida,
26442,Maria Helena Costa,Analista de Suporte e Infraestrutura
26443,Maria Clara Castro,
26444,Dr. Carlos Eduardo Cavalcante,
26445,Agatha Azevedo,
26446,Carlos Eduardo Correia,Melhorar e aprender sempre.
26447,Dr. Benício Fernandes,
26448,Josué Vieira,Adquirir conhecimentos e crescer dentro da empresa
26449,Henry Duarte,
26450,Lorena Pimenta,
26451,Paulo da Luz,
26452,Calebe Cavalcante,
26454,Breno Cassiano,Gestão de Projetos / Governança de TI
26455,Hellena Albuquerque,
26456,Valentina Moura,Consultor HCM
26457,Heitor da Rosa,
26458,Carlos Eduardo Garcia,
26459,Sr. Francisco Gonçalves,
26460,Srta. Isabella Souza,
26461,Maria Eduarda Nascimento,Consultor financeiro
26462,Olivia Lopes,Area Financeira
26463,Luiz Miguel Nascimento,
26464,Dra. Kamilly Mendes,
26465,Gael Henrique Barros,Tecnologia da Informação
26466,Davi Lucca da Paz,Area de redes e Segurança de TI
26467,Maria Cecília Nogueira,
26469,Aylla Araújo,
26470,Sra. Maria Cecília Aragão,
26472,Camila Montenegro,
26473,Olívia Porto,
26474,Letícia Lopes,Analista de contabilidade
26475,Aurora Moura,
26476,Ana Luiza Aragão,
26477,Mariah da Rocha,Consultor SAP MM
26478,Caroline Freitas,
26479,Ana Júlia da Rosa,
26481,Caleb Alves,
26482,Sr. Josué Novais,
26483,Pedro Miguel Vieira,
26484,Gabriela da Mata,
26485,Maria Luiza Vieira,
26486,Dr. Vitor Hugo Monteiro,
26487,Sr. Rhavi Borges,
26490,Sr. Benicio Mendonça,
26491,Luna Machado,
26492,Maria Julia Novaes,Administração de Storage / SAN
26493,Jade Cassiano,
26494,Sr. José Miguel Pimenta,SAP ABAP
26495,Benicio das Neves,
26496,Luiz Henrique Cunha,
26497,Nathan Moraes,Analista de QA
26498,Arthur Guerra,
26499,Sr. Yuri Carvalho,
26500,Sr. Pedro da Luz,
26501,Brayan da Costa,Analista de sistemas
26502,Sra. Luiza Gomes,
26503,Antony Peixoto,
26504,Maria Cecília Silva,
26505,Srta. Ana Liz Azevedo,
26506,Aylla Mendes,
26508,Otto Correia,
26509,Benjamim Vieira,
26510,Isabella da Paz,
26512,Théo Pinto,Desenvolvedor
26513,Otávio da Mota,
26515,Amanda Siqueira,
26516,Maria Luísa Rios,
26517,Sra. Julia das Neves,
26518,Júlia Brito,
26519,Diogo Mendes,
26520,Enrico Borges,Area administrativa
26521,Davi Miguel Garcia,
26522,Brayan Mendonça,
26523,Marina Pereira,Analista
26524,Cauã Carvalho,
26525,Dra. Marcela Brito,
26527,Emanuel Oliveira,
26528,Sophia Abreu,"Busco diariamente me tornar uma profissional excelente, colocando em prática minha busca por conhecimento."
26529,Rebeca Rocha,
26530,Sr. Francisco Camargo,
26531,Luiz Gustavo Vieira,
26532,Henrique Vargas,
26533,Luiz Miguel Albuquerque,
26534,Sra. Ayla Castro,
26535,Clara Cavalcante,Desenvolvedor
26536,Theo Nascimento,Projetos/Bi
26537,Hadassa Caldeira,
26538,Júlia Melo,
26539,Marcelo Castro,
26540,Sr. Henrique Gomes,
26541,Maria Helena Pastor,
26543,José Miguel Sousa,
26547,Raul Pires,
26548,João Lucas da Cruz,
26549,Danilo das Neves,
26550,Srta. Lara Azevedo,
26551,Dr. Lucas Alves,Atuar como desenvolvedor FullStack e microserviços
26552,Amanda Rocha,Consulto SAP FI CO
26553,Henry Peixoto,"Meu principal objetivo é fazer parte de uma equipe tão talentosa, a fim de ser um profissional melhor a cada dia."
26555,Sra. Ana Liz Martins,Scrum Master
26556,Sra. Ester Marques,Front-end Sr
26558,Olívia Cavalcante,Supervisão / consultoria
26559,Maria Isis Dias,Meu objetivo integrar a equipe de uma empresa em que eu tenha a oportunidade de desenvolver minhas habilidades.
26560,Ana Carolina Viana,Desenvolvedor Web
26561,Olivia Sampaio,
26562,Maria Flor Macedo,Ampliar meu currículo e me tornar capaz de exercer minha profissão com muito esforço e atenção.
26563,Rhavi Gomes,
26564,Lucas da Costa,
26566,Fernando Castro,
26568,Noah Lopes,Consultor SAP PP QM
26569,Pietra Ferreira,Admini
26570,Isabella Rios,
26573,Dr. Dom Vargas,
26574,Lívia Martins,
26575,Raul Aparecida,
26576,Nicolas Gomes,
26577,Isabela Azevedo,Analista Desenvolvedor Front-End
26579,Sr. Felipe Cavalcanti,
26580,Dr. Josué Fonseca,Consultor SAP PM
26581,Mariah Costela,
26584,Joaquim Sousa,
26585,Allana Jesus,
26586,Brayan Gonçalves,Analista de BI / Gestão de Projetos
26587,Maria Flor Lopes,
26588,Luísa Pacheco,Crescimento profissional e financeiro
26589,Sara da Conceição,Delivery Manager
26590,Maria Luísa Caldeira,
26591,Dr. Anthony Gabriel Nogueira,Júnior
26594,Sr. Diogo Pires,
26596,Maria Clara Moura,
26597,Raquel Pastor,
26598,Guilherme da Costa,
26599,Ian Jesus,
26600,Enrico Cirino,
26601,João Vitor Cassiano,
26602,Sr. Otávio Cavalcante,
26603,Vitória Garcia,
26604,Arthur Gabriel Siqueira,
26608,Kaique Jesus,
26610,Helena Guerra,
26611,Dr. Vinicius Andrade,
26612,Augusto da Rosa,
26613,Joana da Mota,
26614,Caleb Carvalho,
26615,Srta. Hellena Dias,
26616,Yasmin Rocha,Analista e Especialista em T.I
26617,Maria Luísa Aragão,
26618,Fernanda Pires,
26619,Giovanna Nunes,
26620,Sra. Emanuelly Freitas,
26621,Marina Almeida,
26622,Nina das Neves,
26623,Srta. Hellena Sá,
26624,Josué Souza,
26626,José Miguel Nunes,
26627,Mariana Nascimento,
26628,Maria Clara Cirino,
26629,Maria Helena Rezende,
26630,Josué da Rosa,
26631,Rebeca Dias,Cientista de Dados
26632,Luara Souza,
26633,Miguel Pinto,
26634,Ana Clara Nunes,
26636,Enzo Gabriel da Mata,
26638,Arthur Fogaça,CLT em contabilidade
26639,Catarina Nunes,
26640,Lorenzo Machado,
26641,Julia Costela,
26642,Dr. Henry Gabriel Duarte,
26643,Fernando Santos,
26644,Sra. Sophie Viana,
26645,Luana Lopes,Consultoria
26646,Sr. Davi Luiz Abreu,
26647,Maria Casa Grande,
26648,Ísis Guerra,
26649,Antonella Leão,
26650,Vinícius Lima,"Suporte, Infraestrutura TI, Segurança da Informação."
26651,Vitor Gabriel da Luz,
26654,Allana Costa,
26655,Dr. Theo Montenegro,
26656,Yago Novais,
26658,Francisco Sá,
26659,Sr. Ryan Brito,
26660,Davi Fernandes,
26662,Juan Fernandes,
26663,Dr. Dom Carvalho,Analista de Sistemas / Consultor SAP SD
26664,Luna Melo,tecnologia
26665,Anthony Porto,Tecnologia da informação
26666,Nicolas Marques,Analista de RH
26667,Raul da Rosa,
26668,Sophie Garcia,Analista de Suporte
26670,Oliver Fernandes,
26671,Danilo da Conceição,Analista de Sistemas
26673,Pedro Henrique Lopes,
26674,Bianca Cavalcante,Atuação administrativo
26676,Josué Correia,
26677,Enrico Lima,
26678,Marina Jesus,
26679,Natália Martins,
26680,Giovanna Cunha,
26681,Melina Pastor,
26682,Ester Fonseca,
26684,Davi Ribeiro,"Estratégia, Planejamento e Design de Marcas; Criação e Curadoria de Conteúdo para Marcas"
26685,Asafe Marques,"Analista de Suporte, Analista de Infraestrutura"
26686,Dra. Laís Farias,
26687,Sr. Eduardo Viana,
26688,José Pedro Borges,Analista Programador Sênior
26691,Laís Araújo,
26692,Arthur Cardoso,Programador Mainframe/Cobol
26693,Otto Azevedo,
26694,João Guilherme da Rosa,Analista de Sistemas
26696,Noah da Conceição,Consultor SAP/ SucessFactors
26699,Benjamin Ramos,
26701,Maria Júlia Garcia,
26703,Léo Silva,
26705,Alice Sousa,
26706,Srta. Giovanna Costela,
26707,Isabella Pimenta,Consultor SAP
26708,Luiz Fernando Viana,
26710,Antônio Silveira,
26711,Renan Rodrigues,
26712,Marina Gonçalves,
26713,Nicolas Costela,
26714,Hadassa Vasconcelos,
26715,Sr. Matheus Peixoto,
26716,Emanuel Ferreira,
26717,Emanuella Oliveira,
26718,Luna Porto,
26719,Léo Peixoto,
26720,Theo Cunha,
26721,Sr. Ravy da Rosa,
26722,Esther Casa Grande,
26723,Ana Vasconcelos,
26724,Davi Miguel Melo,
26726,Ana Clara Pacheco,
26727,João Gabriel Freitas,Desenvolvedor Mainframe
26728,Sofia Aparecida,Ingressar na área de TI ou correlacionadas
26729,Sra. Sophie Pastor,Consultor CRM
26730,Lunna Albuquerque,"Atuar no gerenciamento e desenvolvimento de projetos, coordenando equipes internas e fornecedores, exercendo liderança técnica e formando times de alta performance."
26731,Isaac Machado,
26732,Sara Marques,
26733,Matteo Guerra,
26734,Luna Garcia,
26735,Dr. Benicio Sá,
26736,Nathan Siqueira,
26737,Pedro Lucas Vasconcelos,
26738,Ana Carolina Gomes,
26739,Vitor Hugo Casa Grande,Analista Mainframe Sr / Desenvolvedor Mainframe / Analista de Requisitos Sr
26741,Dr. Eduardo Castro,
26742,Yuri Brito,
26743,Dra. Ana Cecília da Mota,
26744,Sra. Larissa da Cruz,
26745,João Correia,
26746,Dr. Luiz Otávio Campos,
26747,Yasmin Costa,
26748,Aurora Pacheco,
26749,Francisco Moreira,
26750,João Vitor Montenegro,
26751,Gabrielly Aragão,
26752,Olívia da Mota,
26754,Mariana Azevedo,
26755,Sra. Maria Eduarda Camargo,"Gerência e;ou Coordenação Crédito, Cobrança, Finanças"
26756,Gael das Neves,
26757,José Miguel Cunha,
26758,Raul Monteiro,Consultor SAP PP QM
26759,Maria Laura Brito,
26760,Sra. Bella Siqueira,Projetos
26761,Sr. Raul Moura,
26764,Emanuel Fernandes,
26766,Srta. Maysa Fogaça,Desenvolvedor Java
26767,Ravi Correia,
26769,Dr. Rael Campos,
26770,Samuel Costa,
26771,Natália da Conceição,
26773,Lucca Fogaça,
26774,Antônio Rodrigues,Consultor SAP PM
26775,Sra. Emanuella Cirino,
26776,Dra. Isabel Mendonça,
26777,Srta. Maria Cecília Almeida,
26779,Danilo Santos,
26780,Vinícius Albuquerque,
26782,Francisco Cavalcanti,
26783,Laís Guerra,
26784,Gael Henrique Albuquerque,
26785,Dr. José Duarte,
26786,Srta. Stella Sampaio,
26787,Lara Nunes,Consultor SAP PM Senior
26788,Sra. Alice Campos,
26789,Gustavo Pimenta,
26790,Benjamim Pacheco,Desenvolvedor Mainframe
26791,Sr. Pietro Peixoto,DBA ORACLE / DBA MONGODB / DBA POSTGRES / GO (Golang) Developer / Python Developer / Engenheiro de Dados /
26792,Letícia Freitas,
26793,Anthony da Conceição,DBA Oracle - SQL Server - ETL
26794,Sr. Carlos Eduardo Camargo,
26795,Sra. Antonella Aparecida,
26796,Lívia Marques,
26797,Dr. Joaquim Machado,Auxiliar//Assistente
26798,Davi Lucca Siqueira,Desenvolvedor de Aplicativos e Softwares
26799,Dra. Hadassa Marques,
26800,Maya Correia,
26801,Guilherme Jesus,
26802,Juan Novais,
26803,Sr. Augusto Leão,
26806,Rodrigo Souza,
26807,Srta. Sara Santos,
26808,Thiago Martins,Recrutamento e Seleção / Diversidade
26809,Giovanna Mendes,
26810,Natália Gomes,Focado na solução de problemas
26811,Mariah Melo,
26812,Josué Martins,Analista de Sistemas e Gestor de Projetos
26813,Sofia Garcia,Atuar como desenvolvedor .NET
26814,Guilherme Leão,Analista Programador NodeJS e React
26816,João Miguel Araújo,
26818,Maria Luísa Monteiro,
26819,José Miguel da Conceição,
26821,Vinicius Correia,
26822,Fernando Viana,
26825,Calebe Vasconcelos,
26827,Ester Cunha,Product Owner / Analista de Negocios
26829,Joaquim Souza,
26830,Vinícius Cunha,
26831,Danilo Gonçalves,
26832,Alexandre Alves,
26835,Kevin Sales,
26836,Maria Vitória Nascimento,"PO, SM, Coordenador, Gerente"
26837,Paulo Ribeiro,
26838,Raul Almeida,Scrum Master
26842,Ágatha da Rocha,
26843,Cecilia Moura,
26845,João Pedro Ramos,
26846,Igor Marques,
26847,Sra. Maria Pastor,
26848,Pietra Borges,Consultor ABAP SR
26849,Henry Gabriel da Rocha,
26850,Ravi Lucca Dias,Consultor SAP PP QM
26851,Noah Moreira,
26852,Srta. Mariah Rios,
26854,Luiz Otávio Novaes,
26856,Sabrina Ferreira,"Service Delivery, Coordenador de serviço, Supervisor de serviço"
26857,Rodrigo Sá,
26858,Heloísa Borges,
26859,Helena Martins,
26860,Lívia Casa Grande,Desenvolvedor Mobile Android/iOS
26861,Ayla Duarte,consultor
26862,Maria Liz Aparecida,Consultor SAP
26864,Murilo Sousa,Consultor SAP SD
26866,Leandro Fonseca,"Consultor Oracle, Analista Fraude"
26867,Dr. Davi Luiz Caldeira,Analista de infraestrutura
26868,Brenda Garcia,Trabalhar em uma Empresa que me dê condições de fazer o meu melhor trabalho.
26870,Nina Gonçalves,
26871,Sra. Olivia Alves,
26872,Mariane Duarte,
26874,Bruna Melo,
26875,Ana Vitória Jesus,
26876,Brenda Marques,
26879,Isaque Dias,
26880,Lavínia Pimenta,ti informatica
26881,Aylla Moura,
26882,Dr. João Vitor Rezende,
26883,Dra. Antonella da Luz,
26885,Rodrigo Porto,
26886,Enzo Gabriel Fogaça,
26887,Lucas Gabriel Nunes,
26888,Valentim Sá,
26889,Sr. Henry Gabriel da Mata,
26890,Otávio Moura,
26891,Sara Garcia,SAP ABAP Sr. / Hana
26892,Sr. Bento Rocha,
26893,Allana Barbosa,
26895,Cauã Borges,
26896,Bruna Macedo,
26897,Diogo Costela,
26899,Lucas Fonseca,
26900,Valentina Brito,
26902,Daniel Brito,
26903,Nicole Oliveira,
26904,Luiz Fernando Peixoto,
26905,Ana Luiza Machado,"Atuar como Gestor de Dados/Informações, Gestor de Projetos de TI, Engenharia de Software, Engenharia de Requisitos e Inovação."
26906,Diego Rios,
26907,José Miguel Pinto,
26908,Dante da Rocha,
26909,Caroline Machado,
26910,Vicente Cavalcanti,"Analista Desenvolvedor de Sistemas, Agilista"
26911,Julia Pires,
26912,Lucas Gabriel Barros,
26913,Thales Vargas,
26914,Enrico Santos,Atuação com riscos e governança de TI e SI
26915,Apollo Garcia,
26917,Alice Pacheco,
26918,Dra. Manuela Lima,
26919,Yan Costa,Analista de Marketing Digital/Conteúdo
26920,Sr. Benício Barbosa,
26921,Isabela Novais,
26922,Sra. Liz Barros,
26924,Matteo Fonseca,
26925,Brayan Sales,
26926,Sabrina Sales,
26927,Sr. José Miguel Montenegro,Atuar com a gestão e análise de dados.
26928,Clarice Montenegro,
26929,Erick Siqueira,Coordenação de conteúdo
26930,Mariana Leão,"Me tonar um líder de equipe, ser referência para o time."
26932,Enrico Novaes,
26933,Dra. Olívia da Luz,
26934,Luana Farias,
26936,Anthony Aparecida,
26937,Maria Fernanda da Cruz,
26938,Davi Miguel Caldeira,
26939,Luiz Fernando Moura,
26940,Gabrielly da Conceição,
26941,Dra. Laís da Mota,
26942,Diego Rodrigues,
26943,Dom Costa,
26945,José Martins,AREA DE TI
26946,Alexia Lopes,Informatica
26947,Gabrielly Pacheco,
26950,Vitor Gabriel Moura,
26952,Bianca Barbosa,
26954,João Vitor Cavalcante,
26955,Luana Cunha,
26959,Maysa Mendes,Especialista Dynamics CRM
26960,Allana Novaes,Crescimento de carreira na área de Comunicação e Marketing
26961,Sr. Thales Porto,
26962,Mariana Machado,
26964,Rhavi Lopes,
26965,Rebeca da Cunha,administrador de T.I
26966,Heloisa Cassiano,
26967,Kaique da Cunha,
26968,Bento Viana,
26969,Dra. Nicole Leão,
26970,Murilo Moura,TI
26972,Ana Clara da Mota,Administrativo
26973,Maria Flor Pimenta,
26974,Manuella Ramos,
26975,Sra. Maria Vitória Brito,
26976,Anthony Andrade,SAP
26977,Esther Rodrigues,
26978,Rebeca Lopes,Gestor de Projetos
26979,José Pedro Pinto,SAP QM PM MM Fiori
26980,Henrique Freitas,Analista SAP Security
26981,Leandro Ribeiro,work safely
26982,Sra. Isabella Aragão,Desenvolvedor Back-end Python
26983,Théo Sales,Consultor SAP CRM
26984,Maria Julia da Mata,
26985,Breno Nascimento,
26988,Apollo Cassiano,
26989,Nathan Novaes,
26990,Kaique Garcia,Gestão de Crédito e Risco
26991,Sr. Caio Rezende,
26992,Sra. Ana Clara Santos,
26993,Maria Isis Montenegro,
26994,Clarice Duarte,
26996,João Vitor Farias,
26997,Dr. Samuel Nogueira,
26998,Isabel Sampaio,
26999,Sr. Yuri Vieira,
18119,Marcos Vinicius Rios,
18121,Ayla Vieira,Consultor JdEdwards SR
18122,Camila Pacheco,
18123,Pietra Costela,
18125,Mirella Nogueira,
18126,Lara Oliveira,Analista Sistemas Java
18128,Sr. Gustavo Rios,
18129,Julia Caldeira,
18132,Henrique Fonseca,
18133,Maria Laura Melo,
18134,Luiz Miguel Gonçalves,
18135,Ana Luiza Cavalcanti,
18136,Cauã Moraes,
18137,Carolina da Cunha,
18138,Benício da Cunha,
18139,Emanuelly Vasconcelos,
18140,Alana Fonseca,
18141,Natália Lopes,
18142,Alice Cavalcante,
18143,Ana Cecília Oliveira,
18144,Léo Marques,
18145,Bernardo Moura,Área administrativa e recursos humanos
18146,Caleb Sales,
18147,Pedro Lucas Costa,
18148,Pedro Lucas Souza,
18149,Davi Silva,
18150,Rael Ribeiro,
18153,Leandro Siqueira,
18155,Ana Beatriz Leão,Analista de Recursos humanos
18156,Sr. Valentim Alves,
18157,Sr. Vitor Fernandes,
18159,Benjamin Sousa,
18160,Vinícius Machado,
18161,Ravi Araújo,Estoquista
18162,Noah Machado,
18163,Francisco Pires,
18164,Sra. Maria Rocha,
18165,Srta. Marina Silva,
18166,Raul Novaes,Estoquista junior
18167,Ana Sophia Pacheco,
18168,Cauê Porto,
18169,Renan Vasconcelos,
18170,João Felipe da Conceição,
18171,Vinícius Fogaça,
18173,Dra. Heloisa Teixeira,
18174,Dra. Ayla Silva,
18175,Eloah Moreira,
18177,Stella Cardoso,
18178,João da Rosa,
18179,Dom Cardoso,CONSULTOR SAP MM
18181,Sara Pastor,
18182,Mirella Abreu,
18183,Alice da Paz,
18184,Luigi da Cunha,
18186,Anthony Gabriel Caldeira,Gerente Produção / Projetos / Projetista / PCP / Operacional / Compras /Suprimentos / Qualidade / Coordenador Obra Civil
18192,Lucas Gabriel Camargo,
18193,Sr. Noah Vargas,Gerente de Projetos
18196,Júlia Câmara,
18198,Maria Isis Pacheco,
18202,Maria Laura Fogaça,
18206,Antony Sampaio,Analista de Negócios / Requisitos / Funcional
18209,Sr. Pedro Miguel Melo,
18214,Dra. Pietra Siqueira,
18215,Sr. Henry Santos,
18217,Mariah Cirino,
18218,Rael Albuquerque,
18219,Srta. Maria Sophia Barros,
18222,Maria Cecília Cavalcanti,
18223,Elisa da Cunha,
18227,Vitória Cavalcanti,
18228,Marcos Vinicius Pimenta,
18231,Erick Camargo,Desenvolvimento Web ASP.NET; Desenvolvimento Web PHP
18232,João Miguel Aparecida,Analista Programador Cobol - Mainframe
18235,Ágatha Mendes,
18236,Sr. Liam Garcia,"Atuar na área de tecnologia da informação, aprimorarando conhecimentos pessoais e organizacional afim de crescimento profissional com compremetimento e dedicação para suprir as demandas do mercado , assim exercendo um serviço de qualidade e altura."
18238,Yasmin Azevedo,
18239,Marcela Martins,
18241,Manuella Siqueira,Administrativa
18242,Pedro Lucas Pastor,
18245,Giovanna Camargo,
18251,Davi Lucca Fernandes,
18252,Eloá Montenegro,Analista de Requisitos / Gestor de Produtos / Analista Funcional SAP
18256,Otávio Correia,Consultor SAP Netweaver PI/PO / GRC
18257,Davi Lucca Cirino,Analista de Departamento Pessoal
18260,Dr. Luiz Otávio Farias,
18262,Maria Fernanda Machado,
18264,João Gabriel Viana,
18265,Ana Luiza Barros,
18267,Davi Luiz Caldeira,CONSULTOR BW HANA
18268,Raquel Casa Grande,
18271,Benjamim Costela,
18274,Bruna das Neves,
18275,Dom Fernandes,Atuar com Desenvolvimento Web
18277,Arthur Oliveira,
18278,Ana Liz Silva,Analista Desenvolvedor .NET
18279,Dra. Maysa Jesus,
18280,Maria Fernanda Casa Grande,
18282,Benício Siqueira,
18283,Ana da Rocha,SAP FI JUNIOR
18284,Benício Santos,Analista Desenvolvedor
18285,Valentim Guerra,
18286,Mirella Pimenta,
18287,Sara Sá,
18288,Esther Siqueira,
18289,Isaac Fogaça,
18290,Maria Julia Lopes,Auxiliar de Almoxarifado
18291,Laura Macedo,"Comercial, Administrativo, Jurídico"
18292,Sr. Joaquim Cavalcante,
18294,Josué das Neves,Arquiteto de Souções / Software
18295,Ana Liz Nunes,
18296,Maria Eduarda da Mata,Auxiliar
18297,Joaquim Ramos,Auxiliar Administrativo
18298,Danilo Cirino,
18299,Bento Andrade,
18300,Vinicius Novaes,
18301,Melissa da Luz,
18303,André Rocha,Gerente de Projetos
18304,Raul Albuquerque,
18305,Dr. Theodoro Rezende,
18306,Giovanna Barbosa,"Área Administrativa, Financeira, RH, Secretaria"
18307,Murilo Silveira,Ser comunciacativo
18308,Arthur Miguel Cavalcante,Crescer e continuar aprendendo na área administrativa/contratos
18309,Helena Siqueira,Objetivo: -Analista desenvolvedor sql – Data WhereHouse-BI.
18311,Gustavo Henrique Aragão,
18312,João Vitor Silveira,
18313,Noah Câmara,
18314,Thales Dias,Analista DevOps
18315,Sra. Maya Oliveira,
18316,Bernardo Câmara,
18317,Sr. Emanuel da Costa,Consultor SAP PP Sr
18318,Davi Miguel Câmara,"Analista Desenvolvedor, Team Leader, Gerente de Sistemas, Gestor de TI"
18319,Mateus Moura,Gerenciamento de projetos
18320,Sra. Aylla Dias,Atuar como Administrador de Sistemas ou Administrador de Redes
18321,Anna Liz Alves,
18322,Daniel Câmara,
18326,Dr. Rael Nunes,
18327,Augusto Souza,
18328,Isaac Montenegro,Gerente de projetos
18329,Benicio Sousa,
18330,Maria Helena Silva,
18331,Maria Luísa Melo,Área de Desenvolvimento ou Coordenação
18332,Larissa Fonseca,Programador
18333,Kamilly Alves,
18334,Marcos Vinicius Costa,
18335,Sra. Valentina Vargas,
18336,Daniela Pires,
18338,Raquel da Rosa,
18339,Maya Farias,
18341,Dra. Melina Brito,
18342,Luiz Fernando Rocha,
18343,Yago Abreu,
18344,Amanda Cavalcante,
18345,Ágatha da Cruz,Cambio
18347,Henrique Vieira,
18348,Melissa Rodrigues,"Analista de Redes, TI, Suporte"
18349,Arthur Gabriel Ramos,
18350,Breno Ramos,Contribuir com meus esforços e conhecimentos para que a empresa atinja e supere suas metas.
18351,Dr. Vitor Hugo Melo,
18352,Ana Sophia Melo,Desenvolvimento de Software
18353,Cauê Gonçalves,Analista de Infraestrutura de TI
18354,Eduardo Pereira,Senior executive
18355,Sra. Lorena Casa Grande,Gerente de projetos
18356,Theodoro Cirino,Analista RH / Financeiro
18357,Hellena Monteiro,
18358,Alexia Cunha,
18359,Maitê Pereira,
18360,Mariah Pimenta,
18361,Vicente da Cunha,
18362,Rhavi Martins,
18366,João Guilherme Rodrigues,
18367,Arthur Miguel Moraes,
18368,Theodoro Nunes,
18369,Mariane Cunha,
18370,Agatha Lima,
18374,Rodrigo Dias,
18375,Ana Lívia Almeida,
18376,Dr. Davi Miguel Cunha,
18377,Maria Júlia Araújo,
18378,Stephany Pimenta,rh
18380,Cauê Barros,
18381,Dr. Antônio Souza,"Desenvolvimento em diversas linguagens de programação, ser um consultor de tecnologia e/ou SAP"
18382,Sr. Anthony Gabriel Farias,
18385,Juan Pastor,consultora de recrutamento e seleção - TI
18387,Arthur Gabriel Freitas,R&S / T&D / Coach
18388,Nicolas Sampaio,Cargo na área de desenvolvimento de sistemas
18389,Maria Laura Casa Grande,
18392,Benjamin Santos,
18393,Apollo da Rosa,
18394,Jade da Conceição,
18396,Dr. Rodrigo Rezende,Gestão de Projetos TI - Scrum Master / Team Lead
18397,Letícia Machado,
18398,Sr. Davi Lucas Campos,
18399,Noah Brito,
18400,André Leão,
18401,Luan Camargo,Analista de Teste Sênior
18402,Sr. Bernardo Almeida,
18405,Laura da Cruz,
18408,Théo Sampaio,
18409,Beatriz Montenegro,
18410,Dante Vasconcelos,
18411,Sarah Sampaio,
18412,Sr. Thomas Fogaça,atuar na área administrativa e financeira
18413,Oliver da Rosa,Desenvolvedor
18414,Heloísa Sampaio,Análise e Desenvolvimento de Sistemas
18415,Matheus Aragão,
18416,Dom Moreira,Consultor SAP FI
18417,Antônio Casa Grande,
18418,Sr. Benjamim da Mota,Analista de Recursos Humanos
18419,Cauê Oliveira,Coordenador/Analista de Sistema SR
18420,Nina Barros,
18422,Rafaela da Rosa,
18423,Theo Porto,"Atuar como analista de sistema ou consultor nos módulos SD ou MM, em projetos de melhoria contínua voltados para atualização, melhorias, ou implantação do sistema SAP, promovendo melhores qualidades nas entregas das soluções apresentadas."
18424,Srta. Lavínia Moreira,Desenvolvedor Java
18425,Sra. Nina Campos,Desenvolvedor Java
18427,Igor Camargo,
18429,Arthur Gabriel Dias,Analista de Negócios Sr
18430,Stephany Barbosa,
18434,Ayla Moura,ANALISTA DE RECRUTAMENTO E SELEÇÃO
18435,Dr. Ravy Pimenta,ABAP
18436,Luiz Otávio Azevedo,
18437,Esther Cassiano,
18441,Matteo da Mota,
18442,Antonella das Neves,
18443,Danilo Dias,Analista de Recursos Humanos
18444,Maria Luísa Santos,
18445,Ana Carolina Peixoto,
18446,Paulo Almeida,
18447,Erick Jesus,Informatica/ Telecomunicações / Elétrica
18448,Felipe Câmara,
18450,Vitor Hugo Santos,
18452,Srta. Stephany Vargas,Analista de Sistemas (Devops)
18453,Ana Vitória da Mata,Atuar na área de Processos / Gerencial / Governança de TI
18454,Sophia Lima,
18455,Apollo Cardoso,
18456,Luiz Fernando da Luz,
18457,Sra. Ana Rios,
18458,Augusto Rezende,
18459,Srta. Yasmin Câmara,
18460,Dr. Lucca Novais,"Meu objetivo integrar a equipe de colaboradores em que eu tenha a oportunidade de desenvolver minhas habilidades e competências, para assim, contribuir com o crescimento da organização."
18461,Anthony Peixoto,
18462,Sr. Otto Garcia,
18463,Breno Duarte,
18464,Maria Julia Porto,
18465,João Felipe Cardoso,
18466,Hadassa da Conceição,Analista de Devops/Cloud
18467,Joana Siqueira,
18472,Ágatha Jesus,
18473,Stella da Paz,
18474,Apollo Costa,
18477,Sr. Benicio Cavalcante,
18479,Zoe Cirino,Programador e Desenvolvedor
18480,Pedro Henrique da Luz,DBA Sênior
18481,Rebeca Cirino,Analista de Recrutamento e Seleção Sênior
18482,Josué Sá,
18485,Oliver Aparecida,
18487,Sra. Maria Luiza Teixeira,
18489,Srta. Luana da Paz,
18490,Luigi Machado,Analista de Suporte
18491,Clara Sampaio,
18492,Allana Fogaça,
18493,Sra. Hellena Aragão,
18494,Heitor Ramos,
18495,Dr. Noah Rodrigues,
18496,Danilo da Mota,
18497,Benício Albuquerque,Analista AWS - Jr.
18498,Ian Correia,
33000,Thiago Pinto,GERENTE DE TI / PROJETOS / BI / DELIVERY MANAGER
33001,Isaac Caldeira,
33002,Raul Araújo,
33003,João Guilherme Carvalho,
33004,Otávio Cunha,
33005,Maya Caldeira,
33006,Ana Carolina Pimenta,
33007,Miguel Souza,
33008,Dr. Luiz Felipe da Rocha,
33009,Sra. Olívia da Mata,
33010,Anthony Ramos,Consultor Técnico ServiceNow
33011,Matteo Sales,
33012,Letícia Almeida,Consultor SAP SD
33013,André Costela,Consultor Funcional Mastersaf
33015,Evelyn Moura,
33016,Levi Brito,
33017,Maria Rios,
33018,Sra. Eloá Sá,
33019,Nathan da Mota,
33020,Clara Santos,
33021,Marcela Pinto,
33022,Sr. Cauê da Paz,Analista de Infraestrutura
33023,Maria Eduarda Camargo,
33024,Laura Nunes,
33025,Luara Sales,
33026,Sr. Erick Moura,
33028,Henry Machado,
33029,Benício Barbosa,
33031,Isabelly Abreu,
33033,Maya Leão,Analista de TI
33034,Ana Vitória Gomes,
33036,Gustavo Henrique Rodrigues,analista de suporte
33037,Luiza Novais,
33038,Juliana Camargo,
33040,Enzo Cirino,
33044,Maria Júlia Sales,
33046,Kevin Moraes,
33047,Dr. Luiz Gustavo Cavalcanti,
33048,Igor Araújo,
33049,Matteo da Paz,
33050,Arthur Cavalcante,
33051,Rebeca Azevedo,
33052,Nina Pimenta,
33053,Vitor da Cruz,
33055,Julia Brito,Analista de Infraestrutura /Projetos
33056,Dr. João Guilherme Almeida,
33057,Srta. Emanuelly Pires,
33059,Isabelly Nogueira,
33060,Igor Caldeira,
33062,Amanda Abreu,
33064,Thiago Moraes,
33065,Diego da Conceição,
33066,Joaquim da Mota,
33067,Yan Ramos,
33068,Luiza Cavalcanti,
33069,Sra. Milena Aragão,
33070,Arthur Miguel Guerra,
33071,Luigi Guerra,Analista em TI
33072,Maria Eduarda Azevedo,
33073,Ayla da Mata,
33074,Sra. Stephany Vargas,
33075,Diego Teixeira,
33076,Sr. Renan Rodrigues,
33077,Henrique Porto,
33078,Eloá Cirino,
33079,Olívia Lima,
33080,Sr. Gael Fogaça,
33081,Bruno Rezende,
33082,Rafael Fernandes,
33083,Luiz Felipe Cavalcanti,
33084,Luísa Ferreira,Crescimento pessoal
33085,Rodrigo Pacheco,Controladoria
33086,Valentim Vasconcelos,
33087,Dra. Stephany Costa,
33088,Dr. Luiz Henrique Alves,Consultora ABAP/PI
33090,Rafael da Mota,
33091,Sra. Maria Júlia Siqueira,
33092,Juliana Pereira,
33093,Kevin Cirino,
33094,Bento Araújo,
33095,Anna Liz Gonçalves,
33097,Theodoro Albuquerque,
33098,Luiza Rios,
33099,Ana Dias,
33100,Gael Cassiano,
33101,Fernanda Montenegro,
33102,Isabella Araújo,Analista de Teste/QA
33103,Bárbara Monteiro,
33105,Arthur Jesus,
33106,Emanuelly Garcia,
33107,Eloá Farias,
33108,Manuela Silva,
33109,Ana Laura Câmara,
33110,Mariane Vasconcelos,
33111,Renan Sampaio,
33112,Léo Abreu,
33113,Srta. Agatha da Conceição,Analista Programador
33114,Davi Lucca Guerra,analista SAP GRC-AC
33115,Sra. Luara Mendes,
33116,Marina Cirino,
33119,Sra. Ana Julia Andrade,
33120,Dr. Gael Henrique Mendonça,
33121,Maysa Cassiano,Consultor de Infraestrura e Cloud
33122,Sr. Isaac Novaes,
33123,Augusto Costela,
33124,Srta. Helena Aragão,
33125,Vitor Hugo Leão,
33126,Dante Pacheco,
33127,João Vitor Silva,
33128,Maria Isis Campos,
33129,Rodrigo Barros,
33130,Rodrigo Albuquerque,
33131,Francisco Guerra,
33132,Dr. Ravy Vasconcelos,
33133,Jade Albuquerque,Coordenação/Supervisão/ Gestão Novos Negócios
33135,Erick Moreira,
33137,Dr. Gael Henrique Garcia,
33138,Davi Lucas Abreu,ATUALIZAÇÃO CURRICULO
33139,Luiz Otávio Moraes,
33140,Luara Pires,
33141,Luiz Gustavo Pimenta,Atuar como gerente de projetos na área de Telecomunicações
33142,Danilo Duarte,Analista de Suporte
33144,Beatriz da Costa,Desenvolvedor Back end
33145,João Lucas Gonçalves,Gerar valor e crescer dentro de uma empresa
33146,Heitor Novais,
33147,João Lucas Melo,Analista de Redes
33148,Bruna Camargo,
33149,Ravy Ribeiro,
33150,Allana Duarte,Analista Administrativo Financeiro
33151,Marcelo Souza,
33152,Hellena da Cruz,
33153,Samuel Leão,Ingressar como desenvolvedor backend java jr
33154,Antonella Lima,
33155,Theodoro da Mata,
33156,Marcos Vinicius Rocha,
33157,Beatriz Garcia,
33158,Lavínia da Conceição,
33159,Sr. Lucas Gabriel Garcia,
33160,Mirella Pinto,"Comercial, Financeira e Controladoria"
33161,Isabela Martins,
33162,Sarah Cardoso,
33163,Diogo Nogueira,Especialista em Redes
33164,Alexia Azevedo,"Em Busca de uma oportunidade para desenvolver e melhorar meus conhecimentos, e também algo que possa me instruir de forma crescente e contínua, visando sempre o crescimento entre eu e a empresa."
33165,Sr. Davi Lucca da Rocha,
33166,Yago Fernandes,
33167,Alice Duarte,atuar na área de comunicação e atendimento ao cliente.
33168,Larissa Aragão,
33169,Rhavi da Paz,
33170,Guilherme Martins,Gerência de Projetos
33171,Paulo Duarte,
33172,Emanuella Gomes,
33173,Luigi Vieira,Apronfundar os conhecimento em SAP.
33174,Isis Mendonça,Gerente
33175,João Pedro Camargo,
33178,Sr. Ravi Pinto,Administração de redes e pentest
33179,Sr. Vitor Gabriel Porto,"Financeiro, Contas a Pagar e/ou Administrativo"
33180,Sarah Viana,
33181,Carolina Nunes,Gestão de projetos
33182,Melina Machado,
33183,Srta. Nina da Rocha,
33184,Emilly Melo,Iniciar na área de TI
33185,Kevin Casa Grande,
33186,Mariane Machado,
33187,Alice Fogaça,
33188,Rhavi Albuquerque,
33193,Davi Miguel Jesus,Crescimento
33196,Caio Fonseca,
33197,Leonardo Cavalcanti,
33198,Dom Câmara,
33199,Marcelo Montenegro,
33201,Isabel da Paz,
33202,Emanuelly Mendes,
33203,Diogo da Rocha,
33204,Ana Carolina Brito,
33205,Maria Cecília das Neves,
33206,Dra. Gabrielly Carvalho,
33208,Isis Fernandes,Gestão
33210,Dr. Breno da Luz,
33212,Dra. Hadassa Brito,
33214,Sarah Costela,"Atendimento com cliente, setor de cobrança"
33215,Cauã Aparecida,
33217,Diego Borges,
33218,Maria Julia Rezende,
33219,Carlos Eduardo da Cunha,
33220,Ian Fogaça,
33221,Dra. Maria Luísa Viana,
33222,Levi da Mota,Drupal developer
33224,Hadassa Brito,
33225,Marcos Vinicius Nunes,Iniciar na area adquirir conhecimento e crescer dentro de uma empresa
33226,Alana da Conceição,
33227,Melina Caldeira,
33228,Clara Montenegro,
33233,Carlos Eduardo Fernandes,
33234,Heitor Rocha,
33235,Maria Alice Cunha,
33236,Sr. Felipe Macedo,
33239,Cecília Rios,
33241,Dante Almeida,
33243,Allana da Conceição,"TI, e também Administrativo"
33244,Vicente Aparecida,Gerencia / Governança IT
33247,Srta. Clara Nascimento,
33248,Pietra da Paz,
33249,Raquel Costa,
33252,Maria Cecília Peixoto,
33256,Dra. Maysa Moraes,
33258,Maria Laura Peixoto,
33259,Valentina Novais,
33260,Dante Silveira,CONSULTOR ABAP
33261,Maria Eduarda Pires,
33262,Daniela Garcia,
33263,Rael da Mota,CONSULTOR ABAP
33264,Dr. Guilherme das Neves,
33265,João Miguel Viana,
33266,Sr. Vicente Teixeira,
33267,Agatha Fogaça,
33268,Sra. Maria Helena Machado,
33271,Ian Câmara,
33272,Sr. Thomas Pimenta,
33273,Maria Flor Aragão,
33274,Davi Lucas Gomes,Desenvolvimento pessoal e colaboração em equipe
33275,Felipe Rezende,
33276,Yan Farias,
33277,Maria Liz Monteiro,
33280,Alícia das Neves,Disponibilizar minhas habilidades para ajudar no crescimento das empresas
33283,Dr. Raul Fogaça,
33284,Theodoro Araújo,
33285,Sr. Asafe Nunes,
33286,Emilly Sampaio,Atuar na área de tecnologia
33287,Luísa Farias,
33288,Sarah Vieira,
33289,Maria Fernanda Pereira,
33291,Sr. Pietro Alves,
33292,Kamilly Souza,
33295,Gabriela Correia,
33296,Srta. Stephany Guerra,
33299,Bella das Neves,
33300,Dr. Gustavo Barbosa,
33301,Dr. Lorenzo Rios,Consultor SAP MM
33302,Carolina Lima,
33303,Francisco Campos,
33304,Sr. Thiago Vargas,
33306,Ísis Freitas,
33307,Rhavi Câmara,
33309,Letícia Teixeira,
33324,Renan Teixeira,
33325,Diego Oliveira,Colaborar com a empresa atuando na área de informática.
33332,Sr. Luigi Melo,
33333,Isabella Cirino,
33334,Anthony Gabriel Carvalho,
33335,Sra. Yasmin Rodrigues,
33337,Alexia Ribeiro,
33338,Lara Marques,
33339,Vinicius Azevedo,
33340,Liz Marques,
33342,Calebe Sampaio,
33344,Allana Andrade,
33345,Sr. Lorenzo da Mata,
33346,Paulo Souza,
33347,João Gomes,
33348,Vinícius Nunes,
33349,Pedro Henrique Gonçalves,Analista de Requisitos/Homologação
33352,Ísis Silva,
33353,Sra. Sabrina Melo,
33354,José Miguel Camargo,
33355,Julia Rios,
33356,Calebe Viana,
33357,Marcela Carvalho,
33358,Eloah Dias,
33359,Dr. Vitor Hugo Peixoto,Analista Contas a Pagar
33360,Fernanda Araújo,
33361,Sr. Dom Caldeira,
33362,Dra. Milena Peixoto,
33363,Bruna Lopes,
33364,Luana Castro,
33365,Luiz Felipe Duarte,
33366,Murilo Lima,
33367,Ayla Leão,
33368,Kamilly da Luz,
33370,Liz Gomes,
33371,Theo Farias,
33372,Julia Pimenta,
33373,Leonardo Rocha,
33374,Ana Liz Vargas,
33375,Alícia Rocha,
33376,Helena Moura,
33378,Sr. Arthur das Neves,
33380,Dr. Lucca Rodrigues,
33382,Luiz Gustavo Leão,
33383,Isaque Barros,
33384,Daniela Mendes,
33385,Levi Mendonça,
33386,Nicole da Rosa,
33387,Maria Julia Cavalcanti,
33388,Asafe Martins,
33390,Lucas Gabriel Castro,
33392,Dr. Benicio Leão,
33393,Levi Nunes,
33394,Dra. Clarice Fernandes,
33395,Manuela Aragão,
33396,José Pedro Duarte,
33397,Dr. Cauê Ferreira,
33398,Mariah Cassiano,
33399,Sr. Henry Siqueira,
33400,Heloisa Abreu,
33401,Pedro Vasconcelos,
33402,Leonardo Pereira,
33403,Luara Sousa,
33404,Alexandre Cassiano,"Gerente de Projetos, Programas , PMO , Contrôle e Operações"
33405,Olívia Albuquerque,
33406,Lívia Teixeira,
33407,Heitor Gomes,
33408,Gustavo Carvalho,
33409,Pedro Henrique Montenegro,
33410,Dr. Eduardo da Cunha,
33411,Gustavo das Neves,Crescer profissionalmente e ajudar a empresa a crescer
33412,Dr. Vitor Gabriel Novais,
33416,Ravi da Costa,
33418,Mariana Farias,
33428,Sr. Henry da Rocha,
33429,Igor Alves,
33431,Antônio Araújo,
33436,Matteo Duarte,
33437,Ana Camargo,
33438,Ana Clara Alves,
33439,Raquel Albuquerque,
33440,Bruna Brito,
33442,Guilherme Moreira,
33443,Srta. Emilly Peixoto,
33444,Enzo Sá,
33447,Dra. Lara da Cruz,
33448,Allana Gomes,
33449,Sr. Dante Costa,
33450,Sr. Danilo Casa Grande,
33451,Joana Fernandes,
33452,Sra. Mariah Nogueira,
33453,Alice Silva,
33454,Lunna Viana,
33456,Sr. Heitor Araújo,
33457,Gabriela Moura,Vaga em Service Desk
33459,Clara Nunes,
33460,Elisa Cassiano,
33461,Dra. Ágatha da Cunha,Evoluir profissionalmente como Desenvolvedor de Software Full Stack
33462,Ana Andrade,
33463,Sabrina Almeida,
33464,Benicio Guerra,
33465,Maria Julia Leão,
33466,Sra. Maria Helena Silva,
33467,Dr. Davi Luiz da Cruz,
33468,Caroline Cavalcanti,
33469,Benício Silva,
33470,Henrique Lopes,
33471,Ian Cassiano,
33472,Brayan da Paz,
33473,Sabrina Leão,
33474,Sr. Benjamin Azevedo,
33475,Arthur Nogueira,Analista/Desenvolvedor
33476,Sr. João Felipe Costela,Contabeis
33478,Pedro Miguel Almeida,Analista Administrativo
33479,Dra. Bella Costa,Desenvolvedor
33480,Leonardo Duarte,
33481,Catarina Novais,
33482,Erick Mendonça,
33483,Emanuelly Rezende,
33484,Marina Pinto,Vendas
33485,Henry Gabriel Gomes,
33486,Maria Vitória Lima,
33487,Cauê Albuquerque,
33488,Sra. Emilly Sá,
33489,Dra. Mariah Souza,
33490,Ana Cecília Castro,
33491,Sofia da Conceição,
33492,Paulo Fogaça,
33494,Theodoro Costela,DevOps
33495,Srta. Larissa Alves,
33496,Vitor Macedo,Analista
33497,Srta. Aurora Santos,Gerente de Projetos
33498,Gabrielly Vasconcelos,
33499,Lucas Mendes,
33500,Dr. Joaquim da Costa,
33501,Gabriel Correia,
33504,Lorena Freitas,
33505,Ana Cecília Moura,
33506,Enzo Pires,
33507,Sr. Felipe Moreira,
33508,Theodoro Moura,
33509,Oliver Lopes,
33510,Dr. Renan Rezende,
33511,Alice Lima,
33512,Guilherme Carvalho,
33513,Vitor Gabriel Pinto,
33514,Ana Luiza da Conceição,
33515,Sra. Lavínia Mendonça,Analista de suporte / Service Desk
33516,Lorenzo Viana,
33517,Gustavo Henrique da Costa,
33518,Anthony Rocha,
33519,Apollo Pimenta,
33520,Ana Vitória Moraes,"administrativa, qualidade corporativa, relacionamento técnico, comercial,"
33521,Carlos Eduardo Sampaio,
33522,Vinícius Camargo,
33523,José Pedro Rocha,
33524,Dr. Pedro Lucas da Luz,
33525,Srta. Maria Flor Campos,SAP Data Migration
33526,Juan Souza,
33527,Luara Pastor,
33528,Anthony Gabriel da Paz,
33529,Eduarda da Rocha,
33530,Carolina Silveira,
33532,Sr. Luiz Otávio Jesus,
33533,Julia Gonçalves,
33535,Yasmin Martins,
33536,Lucca Camargo,
33537,Vitor Hugo Costa,
33538,Isabel Ribeiro,
33539,Ana Clara Silva,
33540,José Leão,
33541,Kamilly Pacheco,
33542,Ana Sophia Macedo,
33543,Ísis da Paz,
33544,Ana Vitória Garcia,
33545,Luiz Miguel Martins,
33546,Cecília Jesus,
33547,Benício Freitas,
33548,Srta. Maya Costa,
33549,Josué Borges,
33550,Ana Cecília Cardoso,
33551,Henry Gabriel Guerra,
33552,Thiago Gomes,
33553,Laís Azevedo,
33554,Srta. Brenda Nogueira,RH
33555,Ana Cecília Costa,
33556,Maitê Rezende,
33557,Nathan Lima,
33558,Lucas Gabriel da Costa,
33559,Carolina das Neves,
33560,Ana Beatriz Câmara,Gerente de TI / Telecom
33561,Helena Fernandes,
33562,Júlia da Rocha,
33564,Davi Lucas Nascimento,
33565,João Gabriel Almeida,
33566,Olivia Cirino,Marketing
33568,Sr. Lorenzo Nogueira,
33569,Valentim Farias,
33570,Emilly Cirino,
33571,Olivia Mendes,
33572,Vitor Gabriel da Rosa,
33573,Sophia Azevedo,
33574,Kaique da Costa,
33575,Caroline da Cruz,
33576,Lucca Garcia,
33577,Dr. Calebe Freitas,
33578,Nathan Albuquerque,
33579,Mariana Marques,
33580,Sra. Ana Luiza Nogueira,
33581,Joaquim Ribeiro,
33582,Emilly Ferreira,
33583,Dr. Brayan Nunes,CONSULTOR ABAP
33584,Thomas Montenegro,
33585,Catarina Novaes,
33586,Ana Clara Carvalho,
33587,Maria Julia Rodrigues,
33588,Marcela da Costa,
33589,Luiz Felipe Vargas,
33590,Pedro Miguel Macedo,CONSULTOR ABAP
33591,Ana Vitória Souza,
33592,Pedro Miguel Machado,
33594,João Vitor Brito,CONSULTOR ABAP
33595,Maria Isis Oliveira,
33596,Sr. Anthony Barbosa,
33597,Leonardo Souza,
33598,Sara Lopes,
33599,Lucca Pacheco,Estou em busca de uma nova oportunidade no mercado de trabalho visando meu crescimento profissional.
33600,Lunna Moura,
33601,Ana Liz Gomes,
33602,Maria Laura Ribeiro,
33603,Sr. João Miguel Pacheco,
33604,Stella Azevedo,
33605,Nicolas Porto,
33606,Dr. Juan Pastor,
33609,Esther Lopes,
33610,Yan Novaes,
33611,Cecília Cavalcanti,
33612,Srta. Maya Santos,
33613,Lara Araújo,
33614,Camila Carvalho,
33615,Renan Azevedo,Crescimento e oportunidades.
33616,Esther Fernandes,
33617,Alana Costela,
33618,Dante Vieira,
33627,Sra. Maria Luísa Casa Grande,
33628,Sr. Yuri Lopes,DBA
33630,Isabelly das Neves,
33632,Sr. Leandro Cirino,
33634,Juliana Monteiro,
33635,José Pedro Pereira,
33637,Dom Rezende,
33639,Thiago Alves,
33640,Maya Brito,
33641,Sra. Maria Liz Lopes,
33642,Aylla da Rosa,
33643,Manuella Viana,Ser um desenvolvedor qualificado e com carreira internacional
33644,Ana Sophia Costa,Work as a Fullstack Developer
33646,Lucas Gabriel da Mata,
33647,Gabriel da Paz,
33648,José Miguel Sampaio,
33649,Pedro Lucas Cirino,Consultor Funcional Financeiro JDE
33650,Marcos Vinicius Leão,
33651,Ana Sophia Garcia,Trabalhar como Analista de TI
33652,Srta. Isis Cavalcanti,
33653,Dr. Luiz Fernando Gonçalves,
33654,Srta. Alice Freitas,"Atuar na área de TI, Análise de Sistemas, Desenvolvimento ou até mesmo Suporte"
33656,Sra. Maria Vitória Pastor,
33657,Theodoro Farias,Gestor de TI
33658,Sr. Henry Gabriel Macedo,
33659,Maria Helena Aragão,
33660,Diogo da Costa,Trainee TI
33662,Ísis Aragão,
33663,Vicente Cunha,"Profissional responsável, inovadora, apaixonado e comprometido com uma abordagem de fazer em focando sempre o benefício e o crescimento da organização e o crescimento profissional."
33664,Bianca Cassiano,
33665,Gabriel Sousa,
33666,André Campos,
33667,Stella Freitas,
33668,Ana Carolina Moreira,
33669,Yan Rios,
33670,Sra. Liz Santos,
33671,Davi Luiz Novaes,
33672,Vitor Hugo Viana,
33673,Bella Cassiano,
33676,Sophie Monteiro,
33677,Yan Pastor,
33678,Vitor Gabriel da Costa,Analista de Suporte e Infra
33679,Arthur Borges,
33681,Leonardo Brito,
33682,Júlia Pereira,
33683,Daniel Nascimento,Trabalhar na área de educação
33684,Cauã Aragão,
33689,Diogo Correia,Me manter atualizado e sempre fazer uma entrega com qualidade
33690,João Lucas Pires,
33691,Mariana Siqueira,
33692,Leonardo Gomes,
33694,Sra. Kamilly Moreira,
33695,Davi Luiz Lima,
33696,Ryan Rodrigues,
33697,Sabrina Vargas,CONSULTOR SAP MM JR
33698,Julia Siqueira,Desenvolvimento em Sistemas SAP
33699,Sr. José Cunha,
33700,Lunna Azevedo,
33701,Milena Vasconcelos,
33702,Sra. Esther Ribeiro,
33703,Luiz Fernando Fogaça,
33704,Maria Alice Nascimento,
33705,Enzo Gabriel Sousa,
33706,Melina Albuquerque,
33707,Maria Câmara,
33708,Vicente Almeida,
33709,Lunna Nascimento,
33710,Sara Abreu,
33711,Enrico Machado,Recursos Humanos'
33712,Juliana Montenegro,
33713,Sr. Erick Marques,
33714,Caleb Vasconcelos,
33715,Clara Vieira,HEAD TI | CIO | PMO | GERENTE TI
33716,Arthur Miguel Moreira,
33717,Maria Isis Gonçalves,Analista de Departamento Pessoal
33718,Srta. Carolina Nogueira,Gestão de TI - Consultoria - Integração Sistemas
33719,Mathias Sá,Analista de Planejamento
33720,Juan Sales,
33721,Manuela Melo,atuação área informática
33722,Isabella Pires,
33725,Sra. Anna Liz Mendes,Consultora SAP SD
33726,Carolina Garcia,
33728,Nicole Farias,
33729,Dra. Alice Porto,
33730,Juan Albuquerque,
33731,Arthur Dias,
33732,Vicente Pastor,
33733,Hellena Costela,
33734,Fernanda Costela,
33735,Francisco Ramos,
33736,Aurora Machado,Atuar como Analista de Recursos Humanos
33737,Dra. Alice Campos,
33738,Breno Pastor,"Área de RH, DP."
33739,Samuel Teixeira,
33740,Clara Melo,
33741,Dr. Théo Monteiro,
33742,Maria Fernanda Nunes,
33743,Breno Abreu,
33744,Bento Cirino,
33745,Sr. Joaquim Porto,
33746,Cauê Castro,
33747,Dr. Paulo Rocha,
33748,Sr. Isaque Câmara,
33749,Gabriela Rocha,
33750,Sabrina Pires,
33751,Ian Costa,
33752,Luana da Rocha,
33753,Dr. Francisco Martins,
33754,Maria Pastor,Analista senior
33756,Julia das Neves,
33757,Hadassa Lopes,Recursos humanos
33758,Olivia da Conceição,
33759,Dra. Sabrina Guerra,
33760,Bernardo Sá,
33761,Noah Mendes,Atuar como assistente de departamento pessoal
33762,Dra. Maria Julia Novaes,
33763,Henry Gabriel da Paz,
33764,Alexia Novais,
33765,Fernando Sampaio,
33766,Davi Lucca Pires,
33767,Vinicius Caldeira,
33768,Levi Garcia,
33769,Sra. Amanda Freitas,
33770,Marcelo Ribeiro,
33771,Francisco Brito,
33772,Thomas Sousa,
33773,Lunna Carvalho,Analista de RH
33775,Clara Viana,
33776,Kaique Camargo,
33777,João Felipe Carvalho,
33779,Dr. Anthony Rodrigues,
33780,Leandro Duarte,Engenheria eletronica e programacao firmware
33781,Vitória Castro,Analista de Processos
33782,Ágatha Silva,
33784,Enrico Albuquerque,
33785,Srta. Ana Clara Rios,
33786,Gustavo Henrique Martins,
33787,Sra. Ana Carolina Aragão,
33788,Sarah Caldeira,
33789,Ágatha Guerra,
33790,Letícia da Rosa,
33791,Yago Peixoto,
33793,Lívia Vasconcelos,
33794,Dr. Eduardo Cavalcanti,
33795,Dra. Jade Ferreira,Atuar na área de contas a pagar
33796,Hellena Leão,
33798,Luiz Henrique Garcia,"Analista Sênior , gerente de Testes, Diretor ou Head de Q.A."
33799,Dr. Lorenzo Fonseca,Analista de contas a pagar
33800,Maria Luísa Correia,Consultor SAP SD
33802,Raquel Sales,
33804,Raquel Nascimento,
33806,Ian Souza,
33807,Júlia Porto,
33808,Bryan Marques,Front End Dev
33809,Kamilly Viana,
33810,Ravi Nunes,
33811,Allana Azevedo,
33812,Sr. José Pedro Alves,
33813,Dra. Heloísa Pinto,
33817,Olívia Jesus,
33820,Luana Rezende,
33822,Stella Cavalcante,
33823,Sr. Felipe Oliveira,
33824,Luana Oliveira,
33825,Sra. Esther Montenegro,
33826,Srta. Júlia Andrade,
33827,Josué da Mota,
33828,Benjamim Peixoto,HRBP
33829,Davi Lucca Macedo,Recursos Humanos e Departamento de Pessoal
33830,Dr. Eduardo Jesus,
33831,Stephany Aragão,
33835,Dra. Maria Vitória Brito,
33836,Sr. Asafe Mendonça,
33837,Srta. Isabel Vasconcelos,
33838,Anna Liz das Neves,
33839,Gustavo Henrique da Cunha,"Analista de suporte Pl, analista de infraestrutura, segurança da informação"
33840,Davi Lucas da Rosa,
33841,Marina da Rocha,
33843,Henrique Fernandes,
33844,Davi Lucca Ramos,
33845,Srta. Luana Novais,
33846,Raul Mendonça,
33847,Clara Pinto,
33848,Sophia Câmara,
33850,Julia Ribeiro,
33851,Emilly Alves,
33853,Luiz Otávio Jesus,
33854,Sarah da Cunha,
33855,Aylla Fonseca,
33856,Sra. Bella Castro,
33857,Vinícius Ferreira,
33858,Ester da Cruz,
33859,Sra. Ana Clara Alves,
33860,Vitor Ferreira,
33861,Luísa Andrade,
33862,Srta. Luna da Paz,
33863,Natália Nascimento,
33864,Aylla Casa Grande,Analista Financeiro
33866,Anthony das Neves,Área Comercial e Administrativa
33867,Dr. Vitor Peixoto,
33868,Giovanna Sousa,Analista Financeiro
33870,Juliana Fonseca,
33873,Vinicius Castro,Gerente de TI e Projetos
33874,Liam Câmara,Gerente
33875,Gael Novais,
33876,Dr. Matheus Pastor,"Obter Crescimento, Conhecimento"
33877,Emanuelly Abreu,
33878,Dra. Hadassa Câmara,
33879,Dra. Marina Cunha,Gestor de Serviços e Projetos de TI
33880,Gabriela da Rosa,
33881,Ana Laura Aragão,
33882,Diego Cirino,
33883,Maria Laura da Cunha,
33884,Ayla Montenegro,
33885,Sr. José Miguel Vasconcelos,
33886,Lunna Aparecida,
33888,Dra. Liz da Paz,Gerente de TI
33889,Gabriel Jesus,
33891,Mateus Novaes,Diretor / Head / Gerente - Tecnologia da Informação / Operações
33892,Valentina Andrade,
33896,Ryan Fogaça,
33900,Théo Aragão,
33909,Arthur Azevedo,analista de Dados junior
33912,Anna Liz Cunha,
33918,Ana Sophia Cirino,
33919,Gustavo Siqueira,
33920,Bárbara Pimenta,
33925,Dra. Caroline Moreira,
33926,Elisa da Cruz,Analista Financeiro
33927,Guilherme Gomes,
33928,Ana Lívia Moraes,
33929,Aurora Cavalcante,
33930,Benjamin Casa Grande,
33931,Srta. Maria Luísa Pereira,
33932,Vinicius Sales,
33933,Dr. Rael Camargo,
33934,Vitor Cavalcante,
33935,João Guilherme Novaes,
33936,Joaquim Monteiro,
33937,Juliana Mendonça,
33938,Ana Cecília Montenegro,
33939,Ana Luiza Campos,
33941,Ana Carolina Albuquerque,Crescimento
33943,Lucca Vargas,
33946,Benicio Alves,
33948,Júlia Castro,
33949,Allana Camargo,
33951,Camila Vieira,Telecomunicações
33952,Marcelo Souza,
33953,Lorena Farias,
33954,Luan Ribeiro,
33955,Nathan Cirino,
33956,Marcos Vinicius Moraes,
33957,Isaque Porto,
33958,Dr. Lucas Pacheco,
33960,Yuri da Luz,
33961,Mariana Rodrigues,
33962,Dom Silva,
33963,Dra. Yasmin Teixeira,
33964,Melina da Paz,
33965,Sra. Brenda Barros,
33968,Srta. Letícia Dias,
33969,Sr. João Pedro Pires,
33970,Ana Julia Vargas,
33971,Isabella Nogueira,
33972,Ana Beatriz Novais,
33973,Bella Vargas,
33974,Dr. Cauã Teixeira,
33975,Dr. Vinicius Fernandes,
33976,Mariane Sampaio,Analista/cientista/engenharia de dados
33977,Nina Albuquerque,
33978,Felipe Almeida,
33980,Dr. Bento Campos,
33982,Antonella da Cunha,
33983,Lorenzo Monteiro,
33984,Danilo Monteiro,
33985,Otávio Dias,
33986,Laura Câmara,
33987,Dr. Daniel Fogaça,
33988,Clarice Abreu,
33989,Dra. Ana Sophia da Costa,
33991,Caio Andrade,
33992,Maitê Andrade,
33993,Emanuel Andrade,
33994,Sra. Isis Dias,
33996,Joaquim Cunha,
33997,Esther Teixeira,
33999,Luiza Ramos,
40519,Léo da Cruz,ENGENHEIRO DE DADOS
40520,João Miguel Lopes,ENGENHEIRO DE DADOS
40521,Luan Vieira,dados
40522,Sra. Maitê Porto,Dados
40523,Emanuel Campos,Desenvolvedor
40524,Pedro Miguel Pinto,Consultor de Segurança
40525,Yan Cunha,PROGRAMADOR JAVA SENIOR - FULL STACK
40526,Marcos Vinicius Garcia,Fullstack Teach Lead
40527,Ana Laura Sampaio,SAP EWM
40529,Sabrina das Neves,Engenheiro de Dados
40530,Luiz Felipe Jesus,Assistente de TI
40531,Lucas Gabriel Cavalcante,Gerente de Projetos
40532,Luara Gomes,Assistente Financeira
40533,Bento da Cunha,Administrativo/Financeiro
40535,Natália Aparecida,Desenvolvedor Pleno
40539,Lucas Moraes,Analista de Expansão
40542,Ana Laura Cavalcanti,Consultor SAP PM
40543,Vinicius Rodrigues,Gerente de projetos
40544,Pedro Henrique Cavalcanti,Desenvolvedor Pleno
40545,Juan Alves,Desenvolvedor
40546,Dr. Antony Lopes,Desenvolvedor
40547,Augusto Cassiano,Assistente
40548,Calebe Mendonça,Assistente
40549,Sr. Miguel Novais,Gerente
40550,Ísis Lopes,Gerente
40551,Cauê Vasconcelos,Gerente de Projetos
40552,Ian Cavalcanti,Gerente de Projetos
40553,Luiz Henrique Caldeira,Desenvolvedor Pleno
40554,Dr. Diego Gomes,Desenvolvedor Pleno
40559,Danilo Aragão,Gerente
40560,Clarice Souza,Desenvolvedor Pleno
40561,Zoe Lima,Gerente
40562,Daniela Borges,Desenvolvedor Pleno
40563,Sra. Maria Luiza Campos,Gerente de Projetos
40565,Thomas Costela,DESENVOLVEDOR Sr
40566,Davi Lucas Pereira,Assistente Adm. Junior
40567,Joana Camargo,Assistente Adm. Junior
40568,Dra. Ana Liz Costela,Assistente Adm. Junior
40569,Eduarda Siqueira,Gerente de Projetos
40570,Maria Alice Guerra,Desenvolvedor
40571,João Gabriel Azevedo,Consultor SAP HCM
40572,Gael Henrique Casa Grande,Analista de redes
40573,Henry Gabriel da Mata,Analista de redes
40574,Valentina Farias,Analista de redes
40575,Luiz Miguel Jesus,Analista de redes
40576,Ana Julia Fernandes,Analista de redes
40577,Isadora da Rocha,Analista de Redes
40578,Maria Vitória da Rosa,RH - Benefícios - CWF2
40580,Sofia da Cunha,RH - Benefícios - CWF2
40581,Sr. André Ramos,Desenvolvedor Pleno
40582,Pietra Porto,Desenvolvedor Pleno
40583,Caio Rios,Infraestrutura
40584,Dr. Guilherme Farias,Gerente de Projetos
40585,Dra. Maria Julia Araújo,Analista de Redes
40586,Sr. Cauã Pimenta,Desenvolvedor
40587,Maria Isis Andrade,Analista de redes
40588,Srta. Hellena Pereira,Tester QA
40589,Maria Alice Garcia,Analista de Redes
40591,Camila Fonseca,Gerente
40592,Marcela Silveira,Marketing Specialist
40593,Arthur Marques,Governança ITSM
40594,Pedro Carvalho,Governança ITSM
40597,Srta. Camila Cassiano,Governança ITSM
40598,Antonella Dias,QA
40599,Davi Montenegro,QA
40600,Srta. Raquel da Rocha,QA
40601,Maria Carvalho,QA
40602,Vitor Hugo da Luz,QA
40603,Isabel Correia,Analista de Sistemas
40604,Helena da Rosa,Consultor SAP FI
40605,Hadassa Jesus,Analista de Processos
40606,Valentim Ribeiro,Gerente de Projetos / Programa / PM
40607,Sr. Matteo Vargas,Analista de Processos de TI
40608,Anthony Gabriel Correia,Líder Full Stack
40609,Igor Gomes,Desenvolvedor
40610,Helena Nascimento,Analista de Governança Sênior
40611,Ana Clara Moraes,Windows AWS
40612,Juan Cunha,Windows AWS
40613,Maria Gonçalves,Consultor SAP HCM
40614,Hellena Silva,Especialista Desenvolvedor Senior
40615,Ana Júlia Garcia,Devops
40616,Lívia Porto,Windows AWS
40617,Srta. Catarina Campos,Full Stack
40619,Davi Lucca Vieira,Suporte Tecnico
40620,Henry Gabriel Martins,QA
40621,Manuella da Costa,QA
40622,Fernanda da Conceição,Analista de Governança de TI
40623,Dra. Ana Luiza Aparecida,SAP Analytics Cloud
40624,Ester Porto,Analista de Infra Estrutura
40625,Vicente Vieira,Consultor Sênior BI & Data Analytics | SAP Analytics Cloud | SAP BW4/HANA
40627,Olívia Cardoso,SAP SD
40628,Caroline Lopes,Full stack Java
40629,Sr. Arthur Gabriel Martins,Analista sênior Governança de TI
40630,Melina Duarte,Analista sênior Governança de TI
40631,Yago da Cruz,Analista sênior Governança de TI
40632,Gabrielly Sousa,Audio e video
40633,Kamilly da Conceição,Audio e video
40634,Dra. Rafaela Melo,Audio e video
40636,Dra. Alexia Novaes,PROGRAMADOR JAVA SENIOR - FULL STACK
40637,Emanuella Moraes,Consultor de Projetos e Requisitos
40638,Ryan Leão,Analista sênior Governança de TI
40639,Isabela Garcia,Consultor de Projetos e Requisitos
40640,Luan Barros,CONSULTORA SAP MM
40641,Sr. Theo Rocha,Desenvolvedor Fullstack
40642,Rodrigo Moreira,Desenvolvedor Fullstack
40643,Ana Beatriz Borges,Desenvolvedor Fullstack
40644,Ryan Vargas,Desenvolvedor Fullstack
40646,Olivia Casa Grande,Mobile
40647,Emanuelly Novaes,Desenvolvedor Fullstack
40648,José Pedro Vargas,Java
40649,Isis Caldeira,Analista de Suporte
40650,Luiz Fernando Novaes,Analista de suporte
40651,Sra. Isabel Correia,Gerente de projetos
40652,Maria Cecília Castro,Desenvolvedor Salesforce Sênior
40653,Marcelo Casa Grande,Audio e video
40654,Sr. Eduardo Garcia,Audio e video
40655,João Miguel Andrade,Gerente de Projetos
40656,Gustavo Henrique da Cruz,Gerente de Projetos
40657,Lucas Nascimento,Gerente de Projetos
40658,Sarah Araújo,Consultor de Projetos
40660,Ana Lívia da Rocha,Agile
40661,Ana Julia da Cruz,Desenvolvedor Fullstack Junior
40662,Heloísa Nogueira,Consultor SAP SAC (SAP analytics Cloud
40666,Vicente Rios,Analista
40667,Augusto Gonçalves,Analista
40668,André Caldeira,Comércio eletrônico
40669,Milena Marques,Analista de Redes
40672,Maria Cecília Caldeira,Desenvolvedor
40673,Jade Ribeiro,Agile Master
40674,Bianca da Conceição,Agile Master
40675,Asafe Fogaça,Agile Master
40676,Antônio Martins,Agile Master
40679,Pietro Abreu,Agile Master
40683,Sra. Rafaela da Conceição,Desenvolvedor Python
40684,Ágatha Camargo,Analista de Dados
40685,Josué Rezende,Desenvolvimento CMS
40686,Sr. Vitor Hugo Costa,Desenvolvedor Flutter
40687,Maria Isis Silveira,Analista Unix
40688,Ana Cecília Sá,Lan Sweeper
40689,Sra. Maria Vitória Albuquerque,Lan Sweeper
40690,Gael Henrique Sales,Analista de Suporte de Sistemas
40691,Dra. Juliana Moraes,Analista Unix
40692,Murilo Nunes,Python
40693,Ian Pastor,Consultor SAP SD SR
40694,Luiza Ribeiro,Analista
40695,Lucas Gabriel Cavalcanti,Consultor Sap Analytics Cloud
40696,Laura da Costa,Desenvolvedor
40698,Vitor Gabriel Correia,Desenvolvedor
40701,Luísa Dias,Devops
40702,Melina Freitas,ANALISTA UNIX
40703,Rael Novais,Audio
40704,Ana Carolina Aparecida,Audio
40705,Vinícius Cunha,Analista de Suporte Áudio Visual
40706,Thomas Camargo,ANALISTA UNIX
40708,Dr. João Felipe Garcia,Analista de Unix
40709,Joaquim Sampaio,Consultor SAP
40710,Lucca da Costa,consultor de comércio eletrônico
40713,Maysa Rezende,Analista Contábil
40714,João Machado,Analista Contábil
40715,Antonella Porto,Analista Contábil
40716,Ryan Moura,Analista Contábil
40717,Aurora Barros,Analista Contábil
40718,Luiz Otávio Dias,Agile
40720,Lorena Cavalcante,Consultor SD
40721,Srta. Eloah da Cruz,Gerente de e-commerce
40722,Alexia Guerra,Administrador de Dados
40723,Gael Casa Grande,Analista de Suporte
40725,Sra. Juliana Lima,Desenvolvedor
40727,Ana Laura Cardoso,Desenvolvedor
40728,Augusto Almeida,Consultor SAP FI
40729,Larissa Azevedo,Agile
40730,Davi Miguel Macedo,Agile Master
40731,Melissa Farias,Agile
40732,Maria Eduarda Santos,Agile
40733,Ana Beatriz Nogueira,Agile
40734,Ian Sampaio,Agile
40735,Fernando da Conceição,Desenvolvedor
40736,Srta. Jade das Neves,Gestão de projetos
40737,Luiz Henrique Pereira,Especialista Sênior Soluções Digitais
40738,Felipe Duarte,DevOps
40739,Srta. Manuela Rodrigues,DevOps
40740,Arthur Gabriel Vieira,Desenvolvedor
40742,Luiz Fernando Nunes,Mobile
40743,Diego Macedo,Analista de Processos
40744,Ana Liz Sá,Analista de infraestrutura
40745,Maria Luísa Teixeira,SAP SD
40746,Matheus Mendes,Consultor SAP SD
40747,Srta. Sara da Costa,DBA
40748,Luana Duarte,Desenvolvedor de Software
40749,Luiz Miguel Pinto,gerente ti
40751,Agatha Freitas,Consultor SAP PS PM
40753,Valentina Gonçalves,Scrum Master
40754,Srta. Melissa Ribeiro,Analista
40755,Marcos Vinicius Rodrigues,Agile
40756,Sra. Ana Luiza Jesus,Solução digital
40757,Vinicius Vieira,SAP ABAP CPI
40758,Valentina Campos,SAP EWM
40759,Daniel Araújo,Consultor SAP ABAP
40760,Daniel Araújo,Gestão de projetos
40762,Sra. Maria Liz da Conceição,Scrum
40763,Henry Barros,Solução digital
40766,Sr. João Lucas Jesus,Consultor SAP PS PM
40767,Enzo da Luz,salesforce
40770,Sra. Aylla Ramos,Java jr
40771,Aurora Teixeira,Agile
40772,Eduardo Sousa,Agile
40773,Theo Rodrigues,Agile
40774,Melissa Ramos,Agile Master
40775,Vinícius Brito,Analista Unix Pleno
40776,Lucas Gabriel Mendes,Consultor SAP Yard
40777,Luara Vasconcelos,Desenvolvedor
40778,Cauê da Conceição,Administrador de bancos de dados
40779,Srta. Maria Helena Santos,Desenvolvedor
40780,Eduarda Rodrigues,Desenvolvedor Pleno
40781,Isabella Machado,DESENVOLVEDOR Sr
40782,Dr. Lorenzo Moura,Desenvolvedor
40783,Benjamin Aparecida,Desenvolvedor
40784,Eloah Barros,Tech lead
40785,Dr. Alexandre Correia,Desenvolvedor
40787,Lara Ferreira,Desenvolvedor
40788,Maria Julia Castro,Desenvolvedor
40790,Helena Lima,DBA SQL Server
40792,Marina Cardoso,DESENVOLVEDOR Sr
40794,Dr. José Miguel Dias,Consultor SAP SD Sênior
40797,Rafael Monteiro,Analista Unix
40799,Erick Araújo,Desenvolvedor Java Sênior
40800,Marcela Novaes,PO
40801,Lorena Pereira,QA com ingles
40802,Eloá Macedo,Analista Unix
40804,Bruno Silveira,SAP MM
40806,Marcos Vinicius Teixeira,Agile
40807,Igor Ramos,Instrutor
40809,Ana Clara Albuquerque,SAP MM
40811,Maria Fernanda Cirino,consultor sap mm
40812,Lunna Lima,Assistente administrativo
40813,Maria Clara Martins,Analista Contábil
40814,Davi Lucas Peixoto,SAP MM
40815,Heloísa Macedo,Desenvolvedor
40818,Bárbara Marques,DESENVOLVEDOR Sr
40819,Valentim Almeida,SAP CPI
40820,Eduardo da Conceição,CONSULTORIA/PROJETOS LINUX/UNIX
40821,José Pedro Cardoso,Scrum
40822,Vinicius Pereira,Desenvolvedor Pleno
40824,Henry Fonseca,atendimento
2818,Gabriel Dias,Administrador de rede
2825,Gabrielly Nascimento,Administrador de rede
2826,Antony Nascimento,Administrador de rede
2827,Bruna Nunes,CONSULTOR SAP SD SENIOR
2843,Catarina da Costa,Administrador de rede
2857,Ravi Lucca Ramos,Administrador de rede
2862,Ana Liz Novaes,Administrador de rede
2863,Sra. Ana Vitória Cassiano,Administrador de rede
2875,Sr. Pedro Miguel Souza,administrador de rede
2879,Helena Pires,Administrador de rede
2903,Felipe Cardoso,Administrador de rede
2931,Murilo Martins,ANALISTA SUPORTE
2944,Miguel Pacheco,Analista de suporte técnico
2947,Dra. Raquel Novaes,Consultor SAP FI
2957,Dr. Thales Carvalho,Consultora SAP FICO
2959,Sr. Brayan Siqueira,Scrum Master - Gerente de Projetos
2971,Dr. Juan Ribeiro,Analista de sistemas
2972,Ian Viana,Analista Sistemas
2976,Dr. Pedro Miguel Casa Grande,Analista de Sistemas
2984,Giovanna Albuquerque,Analista Desenvolvedor
2989,Emanuella Andrade,Especialista/Consultor/Infra/Vmware/Microsoft
2994,Allana Pinto,"Analista de Negócios, PO, Requisitos"
3005,João Gabriel Vieira,Consultora SAP SD
3016,Dra. Sophie Vargas,Analista de desenvolvimento sistemas / Cobol
3020,Dra. Maria Alice Cavalcante,ANALISTA DE SUPORTE
3022,Maria Clara Camargo,Arquiteto de software | Desenvolvedor | Empre
3023,Dr. Marcos Vinicius Ribeiro,consultor SAP
3035,Arthur Miguel Teixeira,Arquiteto de sistemas
3039,Carlos Eduardo Sales,Analista de negócios
3041,Heloisa Jesus,Analista de negócios
3047,Stella Fernandes,Analista de negócios
3059,Lorenzo Freitas,Analista de negócios
3076,Gustavo Borges,CONSULTORA SAP SD
3079,Sr. Luiz Otávio Gomes,Analista de negócios
3081,Alana Câmara,Analista de negócios/ processos/ requisitos
3093,Lorenzo Montenegro,CONSULTOR SAP ABAP
11464,Lucca Teixeira,SAP
11465,Dr. Diego Lopes,Consultor ABAP
11466,Stella Martins,SAP MM
11467,Esther Ramos,Consultor SAP SD
11470,Alícia da Rosa,SAP Security
11479,Juan Farias,SQL server
11480,Breno Sales,consultor sap FI
11481,Asafe Guerra,SQL server
11488,Maya Montenegro,SQL server
11516,Levi Lopes,SAP MM
11521,Dra. Maria Isis Souza,SQL windows
11534,Sr. João Lucas Montenegro,JAVA
11542,Luigi Ferreira,Gerente de projetos
11555,Dom da Costa,Consultor SAP
11584,Davi Lucas Araújo,consultor sap abap
11593,Heloísa Pires,Suporte
11594,Lucca Azevedo,ABAP
11609,Maya Nascimento,Java Web (Banking)
11614,Oliver Cunha,SAP MM
11618,Enzo Gabriel Rezende,Suporte
11643,Caleb Andrade,Suporte
11655,Sr. Otávio Dias,Consultor SAP
11664,Juliana Siqueira,Suporte
11687,Maysa Leão,Suporte
11690,Ana Fernandes,consultor sap fi
11705,Alexia Correia,Devops
11736,João Vitor Correia,Suporte
11753,Sra. Rafaela Nunes,CONSULTOR SD - LES SENIOR
11770,Alexia Moraes,Consultor SAP SD
11774,Sr. Guilherme Moreira,GERENTE DE PROJETOS SAP
11775,Júlia Fogaça,Desenvolvedor WEB - Rest Angular
11776,Clara Lopes,"Consultor SAP, Scrum e Mastersaf"
11778,Luara Novais,"Programação em C#, ASP.NET"
11785,Asafe Pacheco,Consultor SAP BW - ABAP
11789,Sr. Theo da Mata,CONSULTOR ABAP
11790,Ayla da Cunha,Arquitetura de Software
11792,Eloah Pinto,Consultor SAP FI
11799,Srta. Olivia Teixeira,Analista de teste
11817,Ana Beatriz Correia,Analista de sistemas
11819,Pietro Sá,Analista de Sistemas
11823,Isadora Rezende,Consultora TRM
11835,Eloah Guerra,Consultor SAP
11837,Ester Pires,Coordenador de projetos de sistemas
11840,José Pedro Oliveira,Consultor SAP
11842,Ester Novais,Analista programador
11854,Sr. Daniel Correia,"Desenvolvedor Java, Python e Angular 4"
11857,Dra. Ana Júlia Campos,Analista de TI
11881,Dr. Gael Henrique Leão,Analista de suporte técnico
11884,Dr. Noah Cirino,Analista de Suporte
11896,Sra. Raquel Dias,.NET
11897,Emanuel Nascimento,Consultor SAP CO
11898,Sra. Hadassa Rocha,Analista de sistemas
11908,Milena Moura,Analista de Testes
11914,Clara Cavalcanti,Web Designer
11918,Marcos Vinicius Vieira,SAP Security
11930,Eduardo Gomes,Consultor SAP FI
11937,Carlos Eduardo Nogueira,Suporte técnico
11943,Sr. José Miguel Cardoso,SAP SD
11954,Eduarda Cassiano,Consultor SAP
11959,Maria Júlia Ramos,CONSULTOR MM-WM-GRC
11963,Gabriel Pimenta,CONSULTOR SAP SRM / SLC / CLM / ARIBA / S/4)
11969,Luigi Farias,.net
11972,Mateus Cassiano,Dotnet
11981,Giovanna Lima,analista de sistema na stefanini
11983,Sabrina Garcia,Programador Java júnior
11984,Antonella Rodrigues,SAP SD
30000,Luara Cirino,
30001,Srta. Ana Luiza Garcia,Analista de Marketing
30002,Davi Monteiro,
30003,Luísa da Costa,
30004,Rodrigo Nogueira,
30005,Ana Liz Pimenta,
30006,Lavínia Pastor,
30007,Anthony Gabriel Moraes,
30008,Ísis Cavalcante,
30009,Pedro Leão,TI
30010,Gabriel Mendes,
30012,Alícia Brito,
30013,Maria Clara Ramos,Analista Linux
30015,Bento Cavalcanti,
30017,Heloisa Montenegro,Continuar meu caminho de aprendizado e gerar valor com o conhecimento que já tenho.
30018,Bella Camargo,"Sou um desenvolvedor web com foco em Java no back-and, interessado em projetos que requerem raciocínio conceitual e analítico. Gostaria de trabalhar com startups e grandes empresas."
30019,Mathias Ramos,
30020,Yasmin Cunha,
30021,Yuri Porto,
30022,João Gabriel Barbosa,
30023,Maitê da Cunha,
30025,Manuela Mendonça,
30026,Luana Costa,
30027,Kaique Casa Grande,
30028,Luan da Rosa,
30029,Vitor Gabriel da Paz,
30030,Lucas Fernandes,
30031,Dra. Lavínia Mendes,
30032,Maria Liz Cavalcanti,Engenheiro de dados
30033,Nina Cavalcante,Engenheiro de Dados
30034,Sr. Vitor Hugo Cavalcante,
30035,Otávio Freitas,SAP SD
30036,Maria Júlia Ferreira,
30037,Luísa Araújo,
30038,Raquel Correia,
30040,Sra. Mariana da Rocha,gestao e coordenacao de projetos/programas - transformacao digital
30043,Dr. Juan Vasconcelos,Desenvolver habilidades em programação/desenvolvimento e contribuir para o crescimento da empresa
30044,Pedro Henrique Pastor,
30045,José Pedro da Mota,
30046,Sara Melo,
30047,Ian Aragão,Inovação
30048,Gabriela Montenegro,
30049,Bruno Moura,
30050,Vitor Gabriel Garcia,Crescimento
30051,Dr. Gael Abreu,Desenvolvedor Web
30053,Sra. Juliana Duarte,Analista Comercial
30054,Ana Laura Cirino,
30055,Vicente Silva,
30056,Théo Aparecida,
30057,Dr. Henry Castro,"Crescer profissionalmente, ajudar meus colegas de equipe e me estabelecer na empresa"
30058,Dante da Cruz,
30059,Luísa Fernandes,
30060,Otto Sá,
30061,Marcos Vinicius Guerra,
30062,Calebe Correia,
30064,Isabelly Moraes,
30066,Ian Rios,Crescimento
30067,André Cassiano,
30068,Arthur Correia,
30069,Maria Cecília Cardoso,
30070,Matheus Nascimento,
30071,Théo Caldeira,
30072,Valentina Castro,Crescimento
30073,Sr. Asafe Casa Grande,Area Contabilidade / Financeira / Administrativa
30074,Ana Luiza Sales,Tecnologia da Informação
30075,Ester Azevedo,
30076,Hadassa Gomes,
30077,Eloah Casa Grande,Ajudar a empresa no tratamento com o
30078,Lorenzo Silveira,
30080,Eduarda Fonseca,
30081,Liam Sá,
30082,Antonella da Luz,
30084,Bárbara Silva,"ÁREAS DE GESTÃO DE PROJETOS, GOVERNANÇA, AUDITORIA E SEGURANÇA DE TI"
30085,Giovanna Rezende,
30087,Emanuel Cassiano,Desenvolvedor Salesforce
30088,Ravy Almeida,DBA Oracle
30089,Olivia Rezende,
30090,Emilly Pastor,
30091,Isadora Caldeira,
30092,Yan Azevedo,
30094,Sr. Théo Pimenta,Analista Senior
30095,Valentim Machado,Consultor SAP BW / BI / SAC
30096,Clarice Porto,
30097,Gael Souza,
30098,Stephany Casa Grande,
30099,Aurora Moraes,Atuação em proejtos de Dados e Analytics
30100,Sra. Maria Vitória Moura,
30101,Samuel Farias,
30102,João Felipe das Neves,Analista de RH
30103,Maria Fernanda Moura,Construir minha carreira
30105,Ana Beatriz Almeida,
30106,Vitor Hugo Peixoto,Consultor SAP SD
30107,Sr. Henry Barbosa,
30108,Natália Gonçalves,
30109,Nicolas Viana,
30110,Maria Fernanda Dias,
30111,Liz Aragão,
30112,Srta. Stephany Moreira,
30113,Mariah Leão,Consultor SAP FI
30114,Luiz Henrique Campos,
30115,Otávio Garcia,
30116,Olívia da Paz,Scrum Master
30117,Mariah Garcia,
30119,Sra. Lorena Marques,
30120,Davi da Costa,
30121,Lunna Campos,
30122,Sr. Lucas Viana,
30123,Gustavo Jesus,Migração de Dados - Analise - Desenvolvimento
30124,Felipe Fernandes,
30125,Arthur Gabriel Novais,
30126,Dr. Théo Fonseca,Analista de Sistemas
30127,Sara Nunes,Engenheira de Datacenter
30130,Dr. Otávio Ribeiro,Especialista em marketing digital.
30131,Miguel Barbosa,
30132,Sr. Vitor Gabriel Lopes,Atuar na área comercial com foco em tecnologia em nuvem.
30133,Sr. Dante Azevedo,
30135,Zoe Novaes,
30136,Amanda Silveira,
30137,Júlia Cavalcanti,
30138,Sophia Ramos,
30139,Maria Flor Santos,
30140,Juliana Rocha,
30141,Lucca da Luz,
30142,Dr. Mateus Cunha,
30143,Srta. Letícia Cavalcanti,
30144,Sra. Lívia Gomes,
30145,Alana Rodrigues,Área técnica /.gestão oi comercial
30146,Melissa Silva,
30148,Srta. Valentina Martins,
30149,Eduarda das Neves,
30150,Mariah Vasconcelos,
30151,Sra. Bella Câmara,
30152,Dante Santos,
30153,Nicole Leão,
30155,Sr. Léo da Paz,Consultor de Mainframe
30156,Elisa Rios,
30158,Otto Garcia,
30159,Heloisa Gomes,
30160,Dra. Caroline Cirino,Recursos humanos
30161,Júlia Marques,
30162,Daniela da Rosa,
30163,Cauã Duarte,Área de Recursos Humanos
30164,Isabelly Campos,
30165,Sra. Helena Cavalcanti,
30166,Maria Fernanda Fogaça,
30167,Srta. Luiza Lima,
30168,Dra. Evelyn Barbosa,
30169,Dr. Breno Pinto,
30170,Dr. Rael da Conceição,
30172,Letícia Macedo,Área administrativa financeira
30173,Bruno Jesus,Analista de Governança
30174,Ana Carolina Moura,
30175,Davi Câmara,
30176,Dr. Felipe Cirino,
30178,Arthur Gabriel Santos,
30179,Lunna Moreira,Analista de RH
30180,Pietra Pacheco,
30181,Dr. Ravi Lucca Almeida,
30182,Dr. Lucas Gabriel Fogaça,RH
30183,Ágatha Garcia,RH / DP
30184,Olívia Abreu,Analista de Rh
30185,Laís Oliveira,
30186,Ana Júlia da Cruz,
30187,Sr. Mateus Souza,
30188,Ana Clara da Cunha,
30189,Gael Henrique Novais,
30190,Sr. Paulo Pastor,
30191,Sofia Marques,
30192,Milena Cirino,Desenvolvimento web
30193,Giovanna da Cruz,SAP ABAP GP
30194,Dra. Maria Helena Cirino,
30195,João Vitor Barros,
30197,Gabrielly Rocha,Analista administrativo
30198,Yasmin Rezende,
30199,Dr. José Miguel da Mota,
30200,Anthony Gabriel Rocha,
30201,Maria Vitória Teixeira,
30202,Srta. Elisa Câmara,
30203,Amanda Sales,
30204,Marcela Câmara,Assistente Administrativo
30205,Raul Correia,
30206,Sara Ramos,Gestão projetos
30207,Maria Vitória das Neves,Desenvolvedor
30208,Heitor da Costa,
30210,Brayan Sousa,
30212,Pietro Azevedo,desenvolvedor programas abap
30213,Lívia Moreira,
30214,Sr. Caio Viana,Analista SAP SD
30215,Dr. João Vitor Viana,
30216,Luiz Felipe Sousa,
30217,Lucas Gabriel Ribeiro,Gerente de projetos
30218,Maria Flor Mendonça,
30219,Daniela Aparecida,
30220,Rafael Andrade,
30221,João Lucas Fogaça,
30222,Dr. Yuri Sá,
30223,Lívia Monteiro,
30224,Sr. Francisco Rios,
30225,Eloá Marques,
30226,Juliana Alves,
30227,Leandro Carvalho,
30228,Samuel Martins,
30230,Dr. Gustavo Henrique Marques,
30231,Theo Carvalho,Administração/Recursos Humanos
30232,Davi Luiz Peixoto,
30233,Thales Sousa,
30234,Thiago Freitas,
30235,Hellena Andrade,
30236,Liz Guerra,
30237,Erick Cavalcanti,
30238,Bella Guerra,
30240,Josué Silveira,
30241,Kaique Vieira,
30242,Kevin Borges,Gerente de Projetos
30243,Maria Isis Pereira,
30244,Kaique Porto,
30245,João Guilherme Silva,
30246,Fernanda Guerra,Gerente de Projetos
30247,Ana Sophia Oliveira,
30248,Erick Vasconcelos,Consultor SAP SD
30250,Amanda da Costa,
30251,José Pedro Nogueira,
30253,Amanda Fernandes,
30254,Alícia Andrade,Evolução de nível técnico
30255,Dr. Arthur Miguel Marques,
30256,Clara Ribeiro,
30258,Dr. Enrico Albuquerque,
30259,Mariah Macedo,
30260,Catarina Rodrigues,Liderança SD S/4 Hana
30261,Isadora Garcia,"Busco crescimento na área de Tecnologia da Informação, conhecer e adquirir experiência em novos tipos de tecnologia."
30262,José Casa Grande,
30263,Samuel Alves,
30264,Diego Costa,
30265,Pietra Moreira,
30266,Danilo Silveira,
30267,José Miguel Farias,
30268,Sr. Anthony Novaes,
30269,Nicolas Aragão,
30270,Agatha Peixoto,
30271,Luiz Fernando Ramos,
30272,Daniela Andrade,
30273,Dra. Gabrielly Moura,
30274,Agatha Viana,Atuar na área de Recursos Humanos
30275,Dr. Kevin Azevedo,
30276,Hellena Oliveira,
30277,José Pedro Novais,
30278,Cauê da Luz,
30279,Dra. Letícia Moura,
30280,Nicolas Porto,
30281,Sr. Matteo da Paz,
30282,Maria Alice Gomes,
30283,Pedro Moraes,"Aprimorar meus conhecimentos em desenvolvimento, negócio, automações entre outras áreas que julgo de extrema importância para um profissional."
30284,Maria Helena Caldeira,
30285,Davi Luiz Nascimento,
30287,Rhavi Montenegro,
30289,Valentim Monteiro,Procurement Operations
30290,Clarice Melo,Recursos Humanos
30291,Maya Novaes,
30292,Ryan Silva,Atua no setor de Infra/Suporte
30293,Rafaela Pacheco,Recursos Humanos/Departamento Pessoal
30295,Dra. Cecilia Mendonça,
30296,Bernardo Peixoto,
30299,Ana Luiza Cassiano,
30300,Brayan Cirino,
30301,Yuri Moreira,
30303,Fernanda Borges,
30304,Brayan Fogaça,
30305,Larissa Sales,
30306,Henry Gabriel Moreira,
30308,Marcela Duarte,Analista de Suporte
30309,Luiz Fernando Mendonça,Recursos Humanos
30310,Dr. Marcos Vinicius Correia,"Gerente de Projetos, de Serviços, de Contratos e de Recursos"
30311,Srta. Isabela Vieira,
30312,Juan Viana,
30313,Brayan Azevedo,
30314,Raquel Sá,SAP FI TAX Specialist
30315,Leonardo Machado,ADMINISTRATIVA
30316,Maria Liz Leão,
30317,Dra. Alexia Mendonça,
30318,Dr. Bruno Gomes,
30319,Gabriela Gomes,
30320,Luiz Miguel Nunes,
30321,Caroline Santos,
30322,Thiago Vasconcelos,
30323,Alícia Vargas,
30324,Melina Almeida,
30325,João Lucas Sá,Consultor SD Sr.
30326,Srta. Letícia Rios,Analista de Sistema
30327,Raul Freitas,
30328,Isabela Ribeiro,Estagio
30329,Stella Ferreira,
30330,Luiz Henrique Monteiro,
30331,Brayan da Mota,"Atuar como analista de QA, apoiando a companhia evoluir seus produtos ,com maior qualidade e estabilidade trazendo bons resultados."
30332,Maria Isis da Costa,
30333,Sofia Costa,
30334,Cauã Mendes,
30337,Ian Nogueira,
30338,Milena Pastor,
30339,Ana Júlia Novais,
30340,João Pedro Garcia,
30341,Asafe Albuquerque,
30342,Stephany Brito,
30344,Pietra Monteiro,
30345,Isaque Monteiro,
30346,Gabrielly Peixoto,
30349,Ana Liz Mendonça,
30351,Josué Pinto,Gerência
30352,Luan da Costa,
30353,Dra. Cecília Caldeira,
30354,Dra. Esther Teixeira,
30355,Dra. Maria Isis Cardoso,
30356,Sra. Daniela Albuquerque,
30357,Sabrina Andrade,Crescimento profissional(soft skills e hard skills)
30358,Isabella Moraes,
30360,Erick Nogueira,
30361,Catarina Barbosa,Funcional SAP SD
30362,Isaac Ribeiro,
30363,Gael Araújo,
30364,Maria Fernanda da Conceição,Desenvolvedor mobile
30366,Ravy Cunha,
30367,Ian da Cruz,
30368,Sr. Rafael das Neves,
30369,Maria Vitória Souza,
30371,Alexandre da Mata,Analista Programador - Java - Junior
30372,Danilo Martins,
30373,Ana Júlia Brito,
30375,Giovanna Gomes,
30376,Julia Cunha,
30377,Vitor da Mata,
30378,Stella Caldeira,Migrar para a área de desenvolvimento mobile
30379,Agatha Ramos,
30380,Dr. Emanuel Melo,
30381,Mariane Vieira,
30382,Ana Carolina Caldeira,
30383,Yasmin Vieira,
30384,Srta. Stella Dias,
30385,Maria Cecília Ferreira,
30386,Lucas Nunes,
30387,Jade Mendes,
30388,Enrico Dias,
30389,Heloisa Marques,
30390,Oliver Monteiro,
30391,Sr. Luiz Felipe Peixoto,
30393,Dra. Alana Sousa,Tecnologia
30394,Hellena Ferreira,
30395,Carolina Azevedo,Gerente de Projetos
30396,Dr. José Monteiro,
30397,Evelyn Cardoso,
30398,Anthony Barbosa,SAP
30399,Olívia Martins,
30400,Isis Almeida,
30401,Maya da Cunha,
30404,Sr. Mathias Lima,
30405,Rodrigo Cavalcante,
30406,Gustavo Fogaça,
30407,Luísa Nascimento,Analista Suporte
30408,Stella Garcia,
30409,Ana Julia Abreu,
30410,Heitor Borges,
30412,Thomas Fonseca,
30413,Rebeca Nunes,
30414,Theo Dias,
30415,Jade Sousa,
30416,Pedro Henrique Pereira,
30417,Sr. Arthur Gabriel Ribeiro,
30418,Stella Costela,"• Atuar como Líder ou Especialista em Gestão da Mudança Organizacional em projetos de aculturamento, fusões, aquisições, implantação de ERPs, dentre outros."
30419,Dr. Davi Sales,Consultor CO
30420,Clarice Andrade,Analista de Projetos
30421,Brenda Freitas,
30422,Sra. Maria Laura Pimenta,
30423,Pedro Lucas Casa Grande,
30424,Helena Andrade,
30425,Sarah Melo,ANALISTA DE INFRAESTRUTURA
30426,Ana Cecília Fernandes,
30427,Arthur Sousa,
30428,Liz Vasconcelos,
30430,Lavínia Mendes,
30431,Léo Sá,
30433,Erick Gomes,
30434,Erick Fogaça,
30435,Emanuelly Farias,
30436,Henry Jesus,
30437,Ana Cecília Novaes,
30438,Sofia Monteiro,Gestão de Mudança Organizacional e Treinamento
30439,Antony Rodrigues,
30440,Luara da Paz,
30441,Antonella da Rosa,
30442,Thiago Souza,
30443,Srta. Maria Eduarda Pinto,
30444,Dr. Leonardo da Conceição,
30450,Lívia Farias,
30451,Anna Liz Viana,
30452,Maria Julia Azevedo,Analista
30453,Alícia Sá,
30454,Sr. Leonardo Montenegro,
30455,Dra. Melina Cunha,Consultor SAP SD
30456,Lunna Martins,
30457,Cecilia Gonçalves,
30458,Marcelo Vargas,
30459,Bruna Cirino,
30460,Dra. Eloah Borges,
30461,Srta. Ana Clara Fogaça,"Gerente de Projetos, Gerente de Sistemas, Gerente de TI"
30462,Sra. Mirella Borges,
30463,Srta. Hellena Nogueira,Android Developer
30464,Caio Siqueira,
30465,Sr. Cauã Rios,
30466,Sr. Oliver Brito,
30467,Guilherme Santos,
30469,Gael Henrique Siqueira,
30470,Luiz Gustavo Câmara,Coordenação ou Gestão de Projetos
30471,Dra. Bruna Câmara,Gerenciamento de Projetos
30473,Lívia Rezende,
30474,Ana Beatriz Mendes,
30475,Pedro Sousa,
30476,Heloisa Sá,
30477,Gabrielly Carvalho,
30478,Erick Cavalcante,SAP FI
30480,Eduarda Porto,
30481,Vicente Pinto,
30482,Benício Aragão,Teste de Software
30483,Dra. Antonella Andrade,Gerente de Projetos
30484,Sra. Maria Fernanda da Rocha,
30485,Sr. Caleb Mendonça,
30486,Henry Gabriel Almeida,
30487,Ana Carolina Dias,
30488,Heloísa Marques,
30489,Cecília Lima,
30490,Miguel Brito,
30491,Isabel Costa,
30493,Caio Nunes,
30494,Maya da Rocha,
30495,Maria Luiza Brito,
30496,Eduardo Cassiano,
30497,Maria Rezende,
30499,Sra. Bianca Freitas,
30500,Ana Lívia Guerra,
30501,Alexandre Lopes,
30502,Alana Campos,
30503,Ana Clara da Luz,
30504,Sr. Caio da Rocha,Recolocação no Mercado
30505,Sr. Benicio Fonseca,
30506,Thomas da Costa,
30507,Sophie Peixoto,
30508,João Brito,
30509,Srta. Camila Teixeira,"analista de atendimento, Help desk ,Control desk"
30510,Alexia Sá,
30511,Eduardo Costela,Consultor / Funcional SAP FICO
30512,João Vitor Costela,Desenvolvedor Front End
30513,Isadora Sales,Desenvolvedor de sistemas
30514,Pietro Monteiro,
30515,Mariah Albuquerque,
30516,Anthony Brito,
30517,Brayan Aragão,
30518,Dra. Elisa Rodrigues,
30519,Léo Macedo,Gerente de Projetos
30520,Mariana Barbosa,
30521,Ana Liz Santos,
30522,Milena Costa,
30523,Vitor Gabriel Farias,
30524,Anna Liz Teixeira,
30525,Lunna Almeida,
30526,Lívia Fogaça,
30527,Vitor Santos,
30528,Davi Rezende,
30529,Gabriela da Paz,
30530,Carolina Pastor,
30531,Dr. Anthony Cardoso,
30532,Paulo Cavalcante,
30533,Pietro Sampaio,
30534,Valentina Abreu,
30535,Samuel Rocha,
30536,Sr. Miguel Pastor,
30537,Bryan Cardoso,
30538,Lavínia Lima,
30539,Letícia Barros,
30540,Pietro Azevedo,
30541,Thomas Macedo,
30542,Sr. Marcos Vinicius Jesus,
30544,Fernanda da Paz,
30545,Maria Alice Vasconcelos,
30546,Calebe Costa,"Busco aprimorar minha experiência profissional na área de Recursos Humanos ou Administração, visando desenvolver os conhecimentos adquiridos em minha formação"
30547,Srta. Heloísa Macedo,
30548,Sr. Caio Correia,
30550,Léo Cavalcante,Analista de Recursos Humanos
30551,Zoe Andrade,
30552,Yuri Peixoto,
30553,Maria Liz Moreira,
30554,Guilherme Costela,Analista de informações gerenciais
30555,Sr. Anthony Melo,
30556,Rebeca Pinto,Analista de Negócios/Requisitos/Projetos/PMO
30557,Vinicius Fonseca,
30558,Sr. Marcelo Correia,
30559,Apollo Duarte,Analista de Sistemas | Salesforce
30560,Eduarda Teixeira,
30561,Luiz Fernando das Neves,
30563,Sofia Silva,
30564,Mathias Casa Grande,Consultor Sap Abap
30565,Hadassa Vargas,
30566,Elisa Barbosa,Analytics / Data / Estatística
30567,Rafaela Cavalcante,
30568,Caio Jesus,
30569,Sr. Davi Sousa,
30570,Fernanda da Costa,
30571,João Pedro Fogaça,
30572,Manuella Câmara,
30573,Maysa Vasconcelos,
30574,Ana Luiza Moura,
30575,Alexandre Martins,
30576,Luiz Gustavo Novais,
30577,Dr. Enzo Gabriel Castro,
30578,Pietra Lopes,
30579,Lucca Cavalcanti,
30580,Lorena Montenegro,
30581,Srta. Mariana Farias,
30582,Isabel Cardoso,
30583,Mathias Albuquerque,
30585,Gustavo Silva,
30586,Eduarda Vieira,Gestão de Projetos /SM
30587,Ana Júlia Mendonça,
30588,Mariane Moreira,Gerente de Projetos - Adm - Financeiro
30589,Bella Vasconcelos,
30590,Luiz Henrique Guerra,
30591,Dr. Leonardo da Mota,
30592,Dr. Raul Cardoso,
30593,Oliver Azevedo,
30594,Luiz Otávio Pinto,
30595,Oliver Montenegro,
30596,Srta. Rafaela Pereira,
30597,Theo Macedo,
30598,Vitor Peixoto,
30599,Ana Albuquerque,
30600,Ester Oliveira,
30601,Olivia Souza,
30602,Dra. Mariane Gomes,
30603,Arthur Casa Grande,
30604,Ana Liz Cavalcanti,
30605,Francisco Souza,
30607,João Almeida,
30608,Maria Júlia Oliveira,
30609,Lucas Gabriel Sá,"Colaborar em um ambiente de trabalho onde possa colocar em prática meus conhecimentos em favor da instituição na qual viso integrar, focando sempre o benefício e o crescimento da organização e o crescimento profissional."
30610,Maria Júlia Fogaça,
30611,Sr. Eduardo Casa Grande,Analista funcional SAP MM e QM
30612,Jade Azevedo,
30613,Rodrigo Abreu,
30614,Nina Aparecida,
30615,Maria Luísa Montenegro,Desenvolvimento Oracle PL/SQL
30617,Esther Freitas,
30618,Larissa da Cunha,
30619,Dr. Marcelo Porto,
30620,Sra. Maria Moraes,
30621,Gabrielly Machado,
30622,Ana Luiza Teixeira,
30623,Cecília Souza,Analista de Sistema Sr. - Mainframe
30624,Mateus das Neves,
30625,Davi Lucas Novais,
30626,Sra. Caroline Novais,Desenvolvedor de software
30627,Mirella Moreira,
30628,João Fernandes,
30629,Antônio Moraes,
30631,Hadassa da Mata,
30633,Agatha Correia,
30635,Vitor Hugo Cavalcanti,
30637,Alexandre Cardoso,
30638,Maria Alice Fogaça,
30640,Arthur Novais,
30641,Luigi Andrade,
30642,Vitória Machado,
30643,Ester Farias,
30644,Brayan Porto,Consultor SAP IS-U
30645,Dom Lima,
30646,Yan Carvalho,
30647,Dra. Hadassa Jesus,
30648,Agatha Fonseca,
30649,Maria Luísa Nunes,
30650,Vicente Moraes,
30654,Dr. João Monteiro,
30655,Dra. Anna Liz Rocha,
30656,Vitor Viana,Analista de Infraestrutura
30657,Sophie Nascimento,
30658,Dante da Paz,
30659,Raquel Camargo,
30660,Sr. Guilherme Alves,
30661,Mariane Santos,
30662,Thales Rios,
30663,Alice Rios,
30664,João Miguel Cunha,
30665,Théo Gonçalves,
30666,Asafe da Luz,
30667,Maria Clara da Cruz,
30668,Heloísa Câmara,
30669,Julia da Mota,
30670,Kamilly Cunha,
30671,Ana da Mota,
30672,Renan Rios,Consultor FI- FSCM-RE-S/4 HANA FINANCE
30673,Sarah Almeida,
30674,Catarina Pacheco,
30675,Dr. Daniel Melo,
30677,Brayan Câmara,
30678,Thiago Barros,
30679,Srta. Kamilly Castro,
30680,Sr. Erick Oliveira,
30681,Lara Souza,
30682,Anna Liz Cirino,
30683,Maria Eduarda Fernandes,
30684,Dr. Bryan Barbosa,
30685,Brayan Cassiano,
30686,Sr. Lucas Gabriel Macedo,
30687,João Miguel Moreira,
30688,Rafael Vieira,Desenvolvedor Front-end
30691,Bárbara Oliveira,
30693,Lucas Lopes,
30694,Dr. Mathias Fogaça,
30695,Isabella Vasconcelos,
30696,Laura Oliveira,
30698,Leandro Azevedo,
30699,Maria Júlia da Rosa,
30700,Dr. Vinicius Cavalcante,
30701,Fernanda Martins,
30702,Srta. Fernanda Moreira,
30703,Diogo Aragão,
30704,Aurora da Conceição,
30705,Davi Luiz Borges,
30706,Sofia Sousa,
30707,Maria Flor Caldeira,
30708,Alana Lima,
30709,Henrique Cavalcante,
30710,Yago Caldeira,
30711,Gael Cassiano,
30712,Ryan Jesus,
30713,Valentina Vieira,
30714,Lívia Leão,
30715,Davi Luiz Pereira,
30716,Ana Cecília Siqueira,
30717,Liam Abreu,
30718,Maria Luiza Machado,
30719,Isabelly Mendes,
30720,Dante Rocha,
30721,Sabrina Câmara,
30722,Caio Camargo,
30723,Antonella Ferreira,
30725,Maysa Novais,
30726,Diego Azevedo,
30727,Maria Luísa Dias,
30728,Dr. Luan Aparecida,
30729,Lorena Fernandes,
30730,Caroline Lima,
30731,Thomas Sampaio,
30732,Heitor Peixoto,Recursos Humanos
30733,Maria Liz Montenegro,
30734,Ana Vitória Macedo,
30735,Paulo Moreira,
30736,Matheus Porto,
30737,Dr. Samuel Rocha,
30738,Kaique Alves,
30739,Sr. Vinícius da Conceição,
30740,Gabriela Campos,
30741,Danilo Gomes,
30742,Sra. Isabella Guerra,
30743,Gael Vargas,
30744,Marcela Fonseca,
30745,José Pedro Lopes,
30746,Alexia Moura,
30747,Francisco da Rosa,
30749,Dr. Francisco Pimenta,
30750,Sra. Eloah Correia,
30751,Dra. Sofia da Mata,Projetos e/ou Processos
30752,Luara da Cruz,
30753,Sofia Pinto,
30754,Ana Júlia Cavalcanti,
30755,Lara Cavalcante,
30756,Srta. Natália Siqueira,Área de Qualidade/Engenharia/Instrumentação
30757,Vitor Hugo Sales,
30758,Sr. Arthur Rios,
30759,João Vitor da Cruz,
30760,Srta. Camila Macedo,
30761,André Santos,
30762,Brenda Ferreira,
30763,Isabela Moraes,
30764,Fernanda Nogueira,
30765,Aurora Garcia,
30766,Dante Pereira,Consultora ABAP
30767,Maria Cecília Costela,
30768,Sr. Vinicius Sá,
30769,Marcelo da Cruz,
30771,Anthony Campos,
30772,Rafaela Pires,scheduller
30773,Benjamim da Cruz,"Customer Service, Analista de Atendimento"
30774,Bernardo Souza,Oportunidade de primeiro emprego
30775,Clarice Martins,Analista de Suporte Jr.
30776,Bryan Ribeiro,Crescer na área de TI
30777,Arthur Miguel Pastor,
30778,Henrique Sales,Analista de Backup
30779,Dra. Daniela Dias,Tech Recruiter
30780,Srta. Luna Moura,
30781,Eloá Cavalcanti,
30782,Felipe Moraes,
30783,Bella Cunha,
30784,Dr. José Pedro Costa,Crescer e aprender a cada dia
30785,Sr. João Gabriel Fonseca,
30786,Dr. João Lucas da Cunha,
30787,Isabela Ribeiro,
30788,Henry Gabriel da Rosa,
30789,Emanuella Jesus,
30790,Anna Liz Novaes,
30791,Maya Pires,
30792,Luísa Aragão,
30793,Diogo Cavalcanti,Consultor SAP SD
30795,Eduardo Dias,
30796,Marcelo Moreira,Gerente de Projetos/Scrum Master/Product Owner/Arquiteto de Soluções
30797,José Pedro Jesus,Infraestrutura de TI
30799,Marcos Vinicius Castro,
30800,Bryan Mendonça,
30802,Sophie Fogaça,
30803,Clara Carvalho,
30805,Maria Flor Pires,
30806,Larissa Campos,Atuar em cargos de gestão
30807,Arthur Miguel Casa Grande,
30808,Asafe das Neves,
30811,Danilo Cavalcanti,Recursos Humanos
30812,Daniela Santos,Adminitrativa
30813,Cauã Guerra,
30814,Davi Miguel da Paz,
30816,Calebe Azevedo,Cientista de Dados
30817,Allana Moraes,Analista de Suporte com foco em Sistemas
30818,Henry Gabriel Mendes,
30819,Maria Alice Pacheco,
30820,Luana Machado,Me desenvolver profissionalmente na minha área e ser bem sucedido
30821,Dr. João Lucas Caldeira,
30822,Sr. Kevin Ramos,
30823,Dr. Rafael Pereira,
30824,Pedro Pereira,
30825,Vinicius Campos,Atuar na área de Schedule
30826,Dr. Arthur Miguel Rodrigues,
30827,Lucca Barbosa,
30828,Anna Liz Gomes,
30829,Camila Duarte,
30830,Sra. Luna Borges,
30831,João Gabriel Campos,
30832,Maria Vasconcelos,
30833,Daniela Cunha,
30834,Juliana Gonçalves,
30835,Levi da Costa,
30836,Maya Vasconcelos,
30837,Giovanna Vargas,
30839,Srta. Isabela das Neves,
30841,Ana Sophia Sousa,
30842,Henry Melo,
30843,Raquel Silveira,Analista de Cloud
30844,Antony Cassiano,Analista de Dados
30845,Dra. Maria Luísa Macedo,
30846,Sr. Joaquim Silva,
30847,Beatriz Campos,
30848,Sra. Hadassa Moraes,
30849,Isabelly Fernandes,Cargo na área de Tecnologia da informação
30850,Sra. Manuela Almeida,
30852,Dr. Bento Monteiro,
30853,Fernanda Cassiano,
30855,Pietro Aragão,
30856,Dr. Alexandre Ribeiro,
30857,Pedro Lucas Rios,
30858,Lorena Pastor,
30859,Sr. Antônio Vasconcelos,CONSULTOR ABAP
30861,Luara Alves,
30862,Melissa da Rocha,
30863,Arthur Garcia,
30864,Carolina Pimenta,
30865,Cauã Correia,
30866,Sr. Theo da Costa,
30867,Elisa da Paz,
30868,Sra. Luiza Lima,
30869,Maria Clara Aparecida,Analista da Suporte de TI
30870,Maria Vitória Almeida,
30871,Dra. Sofia Ribeiro,
30872,Valentim Ramos,
30873,Marcela Brito,
30874,Gabrielly Moura,"Crescimento profissional, ser exemplo de atuação na área e aprender sempre!"
30875,Luan Aparecida,
30876,Leonardo Novais,
30877,João Vitor Garcia,
30878,Antony Araújo,Suporte Técnico em Sistemas
30879,Vinícius Duarte,Designer UX/UI
30880,Alice Melo,
30881,Stella Costa,
30882,Liam Rodrigues,
30883,Juliana da Costa,
30884,Mariah Siqueira,
30885,João Gabriel Vasconcelos,Desenvolvimento técnico no desenvolvimento mobile
30886,Dante Sousa,SAP ABAP
30887,Bryan Martins,Suporte / Desenvolvimento
30888,Liz Barbosa,
30889,Srta. Mariane da Cruz,atuar na area de redes e infraestrutura
30890,Sophia Alves,
30891,Laís Lima,Suporte técnico
30892,Melissa da Rosa,Analista de Suporte
30893,Catarina Campos,
30895,Heloísa Casa Grande,Engenheiro de Produto
30896,Felipe Guerra,
30897,Maria Júlia Melo,
30898,Juliana Moraes,
30899,Mariane Peixoto,
30900,Ester Freitas,
30901,Melissa Martins,
30902,Vitor Hugo Fogaça,
30903,Vicente Mendonça,Ser um analista de sistemas e Programação
30904,Agatha Teixeira,
30905,João Felipe Albuquerque,
30906,Dra. Kamilly Sales,
30907,Antony Jesus,
30908,Eduarda da Cunha,
30909,Maria Luísa Sousa,
30910,Isadora Teixeira,
30911,Srta. Júlia Fonseca,
30912,Mariah Dias,
30913,Otto Farias,Consultora SAP MM
30914,Aylla Oliveira,
30915,Nathan Macedo,
30916,Maria Sophia Martins,
30917,Luiza Sampaio,
30918,Srta. Nicole Fernandes,COnsultor SAP SD
30919,Ana Sophia Borges,
30920,Clarice Cunha,
30921,Brenda Fonseca,Desenvolvedor
30922,Ayla Silva,
30923,Dr. Daniel Mendes,
30924,Sra. Aurora Siqueira,Me tornar um Dev Frontend com a tecnologia ReactJs
30927,Valentim Nunes,ANalista SAP Jr
30928,Emanuella Vieira,
30929,Maria Luísa Farias,Analista de Recursos Humanos
30930,Dr. Davi Miguel Sampaio,
30931,Apollo Vieira,
30932,Sr. Danilo da Mata,
30933,Dr. Calebe Nogueira,
30934,Olívia Lopes,
30935,Ana Vitória Camargo,"Atuar na Área de TI (Tecnologia da Informação), prestando suporte ao usuário com redes físicas e lógica, manutenção de computadores e notebooks, bom relacionamento interpessoal, tenho como objetivo crescer junto com a empresa e tenho disponibilidade para"
30936,Srta. Isadora Campos,
30937,Bárbara Azevedo,
30938,Levi Casa Grande,
30939,Lorena da Costa,
30940,Vitória Câmara,
30941,Jade Pinto,
30942,Srta. Elisa Machado,
30943,Cecilia Cunha,
30944,Dr. Luiz Otávio Azevedo,
30945,Eloah Mendes,
30946,Mathias Gonçalves,"Crescer juntamente com a empresa, melhorando minhas habilidades profissionais e oferecendo o meu melhor empenho para solução de problemas"
30947,Dr. Otto Monteiro,
30948,Ryan Gonçalves,
30949,Luana Souza,
30950,Dra. Gabrielly das Neves,
30951,Aurora Lima,
30952,Thales Jesus,
30953,Sra. Sophie da Costa,Tecnologia da Informação
30954,Gael Henrique da Mota,
30956,Sr. Brayan Alves,Trabalhar como FullStack em JavaScript/TypeScript e contribuir com todo meu conhecimento para a empresa
30957,Dr. Léo da Conceição,
30958,Henrique Aparecida,
30959,Dr. Ravy Ferreira,
30960,Ravy Aragão,
30961,Letícia das Neves,
30962,Ana Abreu,
30963,Theo da Luz,
30964,Sophia Rodrigues,
30965,Sr. João Felipe Macedo,
30966,Heloísa Rocha,"Business, IT & Digital Strategy, Transformation & Innovation"
30967,Maria Alice Lopes,
30968,Eloá Almeida,
30969,José Pedro das Neves,
30970,Hadassa da Mota,
30972,Yan Pacheco,Recursos Humanos
30973,Felipe Aragão,
30974,Heloisa Novais,
30975,Julia da Costa,
30976,Henrique Andrade,
30977,Srta. Maitê Alves,
30978,Luiz Felipe Lima,
30979,Benjamin da Rocha,
30980,Antônio Jesus,
30981,Srta. Maitê Lima,
30982,Danilo Cardoso,
30983,Alana Guerra,
30984,Diego Castro,
30986,Samuel Mendes,
30987,Srta. Pietra Correia,
30988,Srta. Eduarda Castro,
30989,Helena Gonçalves,
30990,Marina Moura,
30992,Pedro Mendonça,
30993,Isabelly Castro,assistente administrativo / operacional
30994,Isis da Costa,Analistas administrativo
30995,Thales Vieira,Crescimento
30997,Marcos Vinicius Barbosa,
30999,Maria Eduarda Correia,
34850,Sarah das Neves,Vigilante
34853,Pedro Henrique Aparecida,Assistente Administrativo
34855,Natália Jesus,Auxiliar administrativo
34857,Zoe Dias,Consultor de vendas
34858,João Guilherme Pereira,Motorista/Entregador
34859,Dra. Stephany Cavalcante,Recepcionista
34862,Sr. Anthony Gabriel Duarte,Técnico Projetista Jr
34863,Pedro Lucas Montenegro,ANALISTA DE CONTAS A RECEBER
34868,Manuela Duarte,Vendedor
34871,Dom Oliveira,
34872,Arthur Gabriel Fogaça,Assistente administrativo
34873,Caio da Luz,Aprendiz
34874,Thomas Vasconcelos,Assistente
34875,Stella Farias,Assistente Administrativo Sênior
34876,Guilherme Pastor,Auxiliar administrativo
34877,Rebeca Rodrigues,Controlador de acesso
34878,Otto Lopes,Assistente administrativo
34881,Gustavo Fernandes,
34883,Dra. Anna Liz Abreu,TECNICO DE SUPORTE
34888,Luiz Henrique Siqueira,QA
34893,Sr. Luiz Otávio Machado,Forms
34896,Ana Sophia Azevedo,Técnico em Administração
34899,Sra. Giovanna Fogaça,Recrutador (TI)
34903,Calebe Albuquerque,Forms
34906,Luna Sampaio,Controladora de acesso
34907,Sr. Mathias Vieira,Desenvolvedor.Net
34909,Anthony Gabriel Silveira,Almoxarife
34910,Théo Borges,Analista de Service Desk
34912,Sophie Ferreira,https://www.linkedin.com/in/rodrigo-becker-86b4181b3
34913,Larissa Porto,Auxiliar operacional
34914,Fernando Vasconcelos,Desenvolvedor PLSQL
34915,Maria Eduarda Andrade,Administrativa
34916,Rafaela Nascimento,Confeiteiro
34918,Sra. Lorena Dias,Atendimento ao Cliente / Aux. Adm
34921,Fernando Siqueira,assistente administrativo
34924,Cauã Porto,Auxiliar Administrativo de RH
34926,Theo Ferreira,Aprendiz
34928,Dom Aragão,Assistente Administrativo
34929,Vitor Hugo Andrade,Compradora
34930,Arthur Gabriel Farias,ESPECIALISTA ARQUITETURA CLOUD
34934,Bianca Pires,Vigilante Patrimonial
34937,Pietra Ribeiro,ARQUITETO CLOUD
34942,Luiz Fernando Aragão,Analista de Service Desk
34944,Sra. Esther da Cunha,Desenvolvedor Android
34945,Pietro Cirino,Analista de Service Desk
34948,Ravi Aragão,
34949,Sr. Lucas Gabriel Porto,
34950,Olívia Pereira,service desk
34951,Davi Lucca Cunha,Consultor de Vendas
34957,Esther Aragão,Assistente administrativo
34959,Dra. Melissa da Rocha,Atendimento
34963,Sra. Bella Farias,Auxiliar administrativo
34969,Eloá da Rosa,Supervisor de segurança
34970,Dr. Isaac Sampaio,
34971,Dr. Paulo Sousa,Auxiliar administrativo
34972,Dr. Kevin Cavalcante,assistente administrativo
34981,Enrico Fonseca,SOLDADO
34982,Mariane da Rocha,Agente de Responsabilidade Social
34983,Benjamin Barros,Auxiliar Administrativo
34987,Maysa Ramos,Assistente administrativo
34992,Emilly Cunha,Analista de Departamento Pessoal
34993,Srta. Lívia Gomes,Analista de Suporte Pleno
34994,Ravi Martins,Gestora Pública
34996,Gustavo Cavalcante,Recepcionista
34998,Heloisa da Conceição,Assistente administrativo
10002,Sr. Asafe Mendonça,Rpg-400
10005,Sophia Pinto,Consultor SAP Basis
10009,Asafe Sousa,Arquiteto.Net / SharePoint
10035,Murilo da Mota,SharePoint
10042,Davi Cunha,BI/ ETL. DATASTAGE
10046,Pietra Aragão,SQL Server
10058,Giovanna Almeida,Analista de departamento pessoal
10078,Maria Alves,Consultor Java Web
10079,Dr. Rhavi Cavalcante,Desenvolvedor Java web
10086,Luiz Felipe Porto,Desenvolvedor WEB
10108,Thiago Correia,CONSULTOR BASIS
10115,Antônio Pimenta,Consultor SAP SD / TM
10117,André da Luz,Consultor SAP SD Pl.
10124,Ana Cecília Moreira,Consultor SAP MM Pl.
10141,Pedro Henrique Martins,SAP SD Júnior
10145,Zoe Leão,SAP SD Pleno
10146,Samuel Fogaça,Consultor SAP SD / GMO
10153,Melina Moreira,Desenvolvedor Web
10162,Enzo Moraes,SAP BASIS Pleno
10184,Zoe da Cruz,Desenvolvedor JAVA
10191,Pedro Miguel Vargas,CONSULTOR ABAP PLENO
10203,Luiz Otávio Garcia,Suporte
10209,Pedro Lucas Ramos,CONSULTOR PP
10213,Sra. Stephany da Luz,Consultor CO
10214,Dra. Milena Nunes,SAP PP QM PM
10221,Mateus Lopes,Suporte
10232,Francisco Garcia,Consultor ABAP
10257,Daniel Camargo,Suporte
10260,Dr. Vitor Pinto,Suporte
10279,Davi Lucca Freitas,Suporte
10305,Levi Marques,programador .net
10325,Dra. Camila Siqueira,Suporte
10330,Alexandre da Rocha,CONSULTOR ABAP - PI SENIOR
10353,Sra. Helena Rios,Data scientist
10363,Theo Ribeiro,programador .net
10374,Gustavo Henrique Casa Grande,SAP PP
10407,Ayla Cardoso,Suporte
10410,Rebeca Rios,Consultor SAP PP / PM/ QM
10412,Alana Almeida,Desenvolvedor
10439,Julia Novais,Suporte
10445,Dr. Henrique Azevedo,Suporte
10460,Stella Câmara,Desenvolvedor C# .Net
10463,Isabelly Casa Grande,Suporte
10481,Srta. Raquel Silva,Suporte
10492,Enzo Carvalho,Suporte
10495,Liz Novais,Suporte
10529,Bárbara das Neves,CWF - Contas a Pagar
10543,Maria Júlia Cunha,Analista de teste
10552,Ester Borges,Analista programador
10591,João Lucas da Costa,Especialista conectividade
10607,Rhavi Duarte,Designer
10616,Antônio Santos,Desenvolvedor Front-End / Web Designer
10621,Nicolas Pimenta,Desenvolvedor Java
10629,Dr. Benicio Souza,Gerente de TI | Coordenador | Infraestrutura
10646,Murilo Cirino,programador .net
10650,Clara Albuquerque,Desenvolvimento de sistemas .NET
10654,Gabriel da Rosa,Analista de Suporte / Infra
10662,Milena Gonçalves,CONSULTOR SD SENIOR
10671,Sr. Kevin da Rosa,programador .net
10694,Nicolas Rezende,Senior Software Architect
10709,Pedro Machado,CONSULTOR ABAP SR
10710,Melissa Albuquerque,CONSULTOR ABAP SR
10711,Antony Garcia,CWF - DP TELEFONICA
10720,Luigi Novaes,CONSULTOR SAP SD LES
10723,Anna Liz Sampaio,CONSULTOR SAP MMWM
10726,Pedro Cavalcanti,CONSULTOR SAP MM SENIOR
10759,Erick Sá,CHANGE MANAGEMENT
10762,Srta. Natália Pastor,CHANGE MANAGEMENT
10768,Thales Castro,consultor basis
10775,Gabrielly Mendes,Enterprise Architect (iot)
10776,Srta. Zoe Novaes,Arquiteto de sistemas
10779,Maya Cavalcanti,programador Java
10794,Renan Fonseca,Consultor SAP FI
10798,Helena Vasconcelos,Consultor FI Pleno
10804,Pedro Henrique da Conceição,Suporte
10805,Dr. Davi Lucca Barbosa,Consultor Basis-Solman Senior
10811,Ayla Santos,Desenvolvedor ORACLE
10816,Julia Alves,Dotnet
10830,Evelyn Moreira,BW
10851,Dr. Igor Alves,CONSULTOR SAP MM
10873,Isabel Pereira,JAVA
10879,Maria Alice Novais,CONSULTORA SAP SD
10882,Henrique Duarte,FI/TRM
10890,Levi Gomes,ABAP
10902,Maria Laura Dias,FI/TRM
10904,Sra. Alana da Luz,Consultor MM GRC
10916,Pedro Costela,FI/TRM
10934,Maria Flor Fonseca,ABAP
10938,Dra. Aurora Castro,CONSULTOR SAP MM WM SR
10939,Carolina Rodrigues,Java
10942,Enzo Nunes,BASIS
10946,Bryan Pimenta,FICO
10961,Elisa Marques,SAP FI
10983,João Aparecida,GMO SAP / Change Management.
10986,Leandro Mendes,Consultor SAP SD e LES-TRA Sênior
10997,Francisco Moraes,MM Sênior
7460,Gael Henrique Cardoso,Gerente de Projetos
7467,Sra. Alana Castro,Gerente de Projetos
7468,Théo Nunes,Gerente de Projetos
7477,Felipe Garcia,ABAP
7489,Davi Luiz Fernandes,Gerente de Projetos / Infraestrutura
7506,Joana Jesus,Gerente de Projetos
7531,Liz Teixeira,Gerente de Projetos
7550,Yuri Ribeiro,Consultoria / Desenvolvimento JDE
7565,Mirella da Paz,Gerente de Projetos
7570,Luiz Henrique da Rosa,CONSULTOR SAP FI
7572,Juliana da Conceição,CONSULTOR SAP FI
7574,Brayan Rios,CONSULTOR SAP FI
7577,Srta. Cecília Freitas,Analista de Processos e Projetos
7591,Srta. Natália Martins,Gerente de Projetos
7596,Emanuella Casa Grande,Gerente de Projetos / Hyperion
7608,João Pedro Aragão,SAP SD
7616,Isabel Freitas,Gerente de Projetos
7645,Sofia Nogueira,Consultor Funcional SAP – FINANCE
7705,Sra. Emanuelly Viana,Gerente de Projeto
7714,Laís Pastor,Gerente de Projeto
7717,Enrico Pereira,SAP SD
7732,João Felipe Moura,Gerente de Projetos
7757,Pietro Pinto,Gerente de Sistemas
7760,Anna Liz Lima,Gerente de Sistemas
7775,Vitor Camargo,Gerente de Sistemas / Infraestrutura
7792,João Gabriel Rocha,Gestão de TI
7793,Yuri Monteiro,Gestão de TI
7803,Letícia Nunes,Gestão de TI
7809,Otávio da Cruz,Gestão de TI / Infraestrutura
7820,Augusto Viana,Gestão de TI
7826,Guilherme Nascimento,Gestão de TI
7836,Stephany da Cruz,programador JAVA
7840,Mariane Farias,CWF - DP TELEFONICA
7844,Zoe Gonçalves,CONSULTOR SAP FI
7847,Evelyn Guerra,Analista Business intelligence
7850,Eloah Sampaio,Abap
38664,Srta. Maya Vieira,IFS Supply Chain Senior Consultant
38665,João Gabriel Dias,Data Engineer
38666,Antônio Camargo,SAP
38667,Melina Cavalcante,Analista Cloud | Azure | Terraform | Linux |
38668,Raquel Oliveira,Senior Infrastructure Analyst | Linux | Azure | Cloud
38670,Yuri Azevedo,Atendimento Backoffice
38672,Sra. Marcela da Paz,Especialista em Segurança da Informação I Cibersegurança I DPO I LGPD I GDPR I Governança e Auditoria de TI I ISO 27001
38674,Cauê Camargo,Consultor de Seg da informação
38677,Luigi Câmara,Analista Financeiro - SAP / Tesouraria / Contas a Pagar / Contas a Receber / Retenção de Impostos na Fonte.
38681,Sr. Arthur Pires,Analista de Contas a Pagar
38688,Renan da Rocha,Analista Linux
38689,Kaique Cavalcanti,Analista Linux
38690,Bryan Novais,SAP
38691,João Gabriel Jesus,Analista de Linux
38693,Ana Carolina Sales,Ticket manager
38694,Luan Novais,Ticket Manager
38696,Yago Albuquerque,Consultor sap ariba
38699,Pedro Novais,SAP
38700,Alexandre Rezende,Atendimento Backoffice
38701,Raquel da Costa,compras
38702,Dr. Ian Vieira,Atendimento Backoffice
38703,Miguel Vieira,Desenvolvedor RPA
38704,Yuri Macedo,Compras
38705,Henry Vargas,SAP
38706,Igor Guerra,SAP
38707,Isaac Silveira,Desenvolvedor
38708,Natália Montenegro,SAP
38709,Juan da Rocha,SAP
38710,Léo Costela,SAP
38711,Cecilia Camargo,SAP
38712,Sr. Augusto da Paz,SAP
38713,Apollo Rios,SAP
38714,Ágatha Cavalcante,SAP
38715,Sr. Lorenzo da Conceição,Compras
38716,Thomas da Cruz,Consultor SAP CCS
38717,Sra. Letícia Borges,Desenvolvedor RPA
38718,Sr. Thomas Andrade,Desenvolvedor RPA
38719,Gustavo Lopes,Desenvolvedor
38720,Lorenzo Melo,Desenvolvedor RPA
38721,Emilly Farias,Consultor Funcional Salesforce Sr
38722,João Guilherme Monteiro,Desenvolvedor RPA
38723,Mariana Viana,Analista Funcional Salesforce
38724,Maitê Martins,SAP
38725,Pedro Miguel Martins,Analista Funcional Salesforce
38726,Mirella Silveira,SAP
38727,Ian Duarte,SAP
38728,Sr. Heitor Silveira,Consultor Liferay
38729,Ana Liz Vasconcelos,Analista Funcional Salesforce
38730,Dante Viana,Analista Funcional Salesforce
38731,Dra. Clarice Mendes,Consultor Funcional Salesforce | 3x Salesforce Certified | 4x Ranger | 8x Superbadges
38732,Cauã da Luz,Desenvolvedor
38733,Giovanna Dias,Analista Funcional Salesforce Pleno
38734,Anna Liz Correia,P.O
38735,Ravi Lucca Nogueira,Consultor SAP SD
38737,Dra. Sofia Teixeira,consultor SAP ARIBA
38739,Lara Sales,CONSULTOR SAP ARIBA
38740,Sr. Igor Leão,Consultor SAP ARIBA
38742,Sr. Paulo Santos,Analista Linux
38743,Aurora Rodrigues,consultor ariba
38744,Davi Miguel Mendes,consultor SAP CCS
38749,Ravi Aparecida,Atendimento Backoffice
38750,Sr. Gael Henrique Guerra,Atendimento Backoffice
38751,Evelyn Rodrigues,Atendimento Backoffice
38752,Bianca Araújo,Salesforce Desenvolvedor
38753,Gustavo Henrique Novais,Atendimento Backoffice
38755,Ana Cecília Rocha,Atendimento Backoffice
38757,Valentim Araújo,oracle
38758,Luiz Gustavo Andrade,Atendimento Backoffice
38760,Srta. Heloisa Moraes,Consultor sap WM utilites
38761,João Vitor Moreira,consulta SAP ARIBA
38762,Isadora Fogaça,Desenvolvedor Salesforce
38765,Gabriela Câmara,Cientista de Dados
38766,Sra. Milena Almeida,Atendimento Backoffice
38767,Luísa Fogaça,Big data
38769,Dr. Gustavo Câmara,compras
38770,Antonella Mendes,fraude
38771,Gael Monteiro,Analista de Sistemas
38772,Henry Gabriel Sales,Salesforce | Vlocity Consultant at IBM | 1x Salesforce Certified | 1x Copado Certified
38773,Natália Pires,Desenvolvedor Sênior – JAVA
38774,Emanuelly Brito,Salesforce/Dev
38775,Maria Laura Cavalcanti,Salesforce Consultant | Salesforce Certified
38777,Ana Beatriz Aragão,Consultora Salesforce
38778,Sophie Sampaio,Salesforce/Dev
38779,Mathias Fernandes,Desenvolvedor Sênior – JAVA
38780,João Felipe Camargo,Consultor Salesforce
38781,Raquel Viana,ADM
38782,André Pacheco,Desenvolvedor Senior
38783,Natália Sampaio,SAP
38785,Ana Luiza Montenegro,Desenvolvedor Sênior – JAVA
38786,Ana Lívia Souza,Desenvolvedor Sênior – JAVA
38787,Melina Sousa,Líder técnico (salesforce)
38788,Bárbara Abreu,Software Engineer at Salesforce
38790,Liam Caldeira,DESENVOLVEDOR AWS
38792,Nicole Cavalcante,DESENVOLVEDOR/AWS
38794,Calebe Aparecida,Desenvolvedor
38795,Beatriz Borges,Oracle Cloud Senior
38796,Pietro da Cunha,Salesforce/Dev
38797,Amanda Freitas,Oracle Cloud Senior
38800,João Miguel Alves,Business Analyst | Salesforce Consultant
38801,Carlos Eduardo Dias,Consultor SAP MM
38802,Ana Lívia Vasconcelos,Desenvolvedor
38803,Antonella Rocha,Oracle Cloud Senior
38804,Olívia Souza,Analista Salesforce
38805,Srta. Maria Flor Pereira,SAP
38806,Maysa Araújo,Oracle Cloud Senior
38807,Eloá Abreu,Líder Técnico Salesforce
38808,Lavínia Sá,Salesforce Mulesoft
38809,João Felipe Borges,Salesforce Mulesoft
38810,Sophie Pastor,Desenvolvedor Pleno
38811,Maria Júlia Sousa,Analista Téc Funcional Oracle R12
38812,Breno Machado,Oracle EBS R12 Senior
38813,Ana Lívia Silveira,Oracle EBS R12 Senior
38814,Sr. Vitor Duarte,Salesforce Business Analyst | Salesforce Functional Consultant | 1x Certified Salesforce
38815,Dra. Liz Vasconcelos,Salesforce Mulesoft
38816,Eduarda Rocha,Salesforce Mulesoft
38817,Ana Júlia Fogaça,Salesforce Admin | 4x Superbadge
38818,Ester Souza,Oracle Architect
38819,Ravi Lucca Pereira,Consultor SAP PP Senior
38820,Natália Nogueira,DESENVOLVEDOR
38821,João da Cruz,Salesforce Developer
38822,Natália Rodrigues,Salesforce Functional Analyst | 1x Ranger
38823,Thiago Costa,Salesforce Functional Analyst
38825,Francisco Vasconcelos,Field Service
38826,Dr. Bento Fogaça,qa
38828,Felipe Teixeira,Salesforce Analista Funcional | Salesforce Desenvolvedor | Ranger Trailhead | 5x Superbadges
38829,Agatha Vasconcelos,Oracle EBS R12 Senior
38830,Olivia Cassiano,Analista de suporte
38832,Caio Porto,SAP
38834,Vicente Siqueira,Suporte
38835,Agatha Cavalcanti,SAP SD
38836,Ravi Lucca Moreira,NET / Desenvolvedor Python
38841,Dra. Clara das Neves,Oracle Cloud Senior
38842,Daniela Lopes,Suporte
38844,Antonella Barbosa,Oracle Architect
38845,Srta. Alexia Novais,Analista Funcional Salesforce Pleno
38846,Alana Borges,Analista Funcional Salesforce
38847,Breno Rocha,Analista de ti
38848,Laís da Rocha,Consultor BASIS
38851,Lorenzo Teixeira,Salesforce Funcional Experiente
38852,Evelyn Almeida,Desenvolvedor sênior
38853,Rhavi Guerra,Suporte
38857,Dr. Bernardo Sá,Salesforce Functional Consultant | Salesforce Certified Administrator | CRM | 2x Ranger
38858,Ian Moraes,Salesforce / Funcional
38859,João Lucas Caldeira,Analista de governança de Segurança da informação
38860,João Pinto,Salesforce / Funcional
38861,Ravy Abreu,Java
38862,Igor Duarte,Atendimento Backoffice
38863,Vitória Sousa,Atendimento Backoffice
38864,Clara Pacheco,Assistente Contas a Pagar
38866,Bryan Teixeira,Assistente Contas a Pagar
38867,Valentim Cavalcante,Analista de governança de Segurança da informação
38868,Murilo Brito,Consultor SAP SD
38869,Ana Cecília Ribeiro,Suporte
38870,Sra. Maria Liz Nogueira,Analista de governança de Segurança da informação
38871,Luiz Felipe Fogaça,Suporte
38872,Henrique Carvalho,Homologador
38873,Maria Vitória Leão,Homologador
38874,Esther Moura,Salesforce Analyst | Marketing Cloud
38875,Kamilly Almeida,Consultor SAP EH&S
38877,Maria Júlia Novais,SAP
38879,Luan Borges,Big Data Lead
38881,Maria Alice da Conceição,Analista de TI Senior
38883,Evelyn Ribeiro,Financeiro
38884,Ana Vitória Nunes,Analista Funcional Salesforce Pleno
38885,Ágatha Vieira,Big Data
38886,Sara Jesus,Analista Funcional Salesforce Jr
38887,Zoe Machado,Analista Funcional Salesforce
38888,Maria Luísa Gomes,Analista de Governança de TI
38889,Dr. Vitor Hugo Mendes,Analista de Desenvolvimento Salesforce
38890,Vitor Ramos,Assistente Contas a Pagar
38892,Marcelo Duarte,Big Data
38893,Srta. Ana Carolina Cunha,Big Data
38895,Pietro Camargo,Analista de governança de Segurança da informação
38896,Luigi Pires,Consultora HCM SAP SuccessFactors
38897,Ana Vitória Montenegro,SAP
38898,Maya da Luz,Atendimento Backoffice
38902,Vitor Castro,Desenvolvedor Web
38903,Sra. Hadassa Garcia,qa
38904,Cauã Castro,Dev
38905,Pietro Leão,Analista de Sistemas Salesforce Jr
38907,Nicole Brito,Salesforce Analyst | Salesforce Admin | Salesforce Consultant | 2x Certificado | 9x Superbadge
38909,Marcelo Camargo,Salesforce / Funcional
38910,Olivia Siqueira,Analista Funcional Salesforce | Trailhead Ranger | 1x Superbadge
38911,Heloisa Andrade,Salesforce Business Analyst
38912,Matteo Abreu,oracle
38914,Lorena Silveira,Desenvolvedor Java
38915,Clara Mendes,Salesforce / Funcional
38917,Calebe Cavalcanti,PO
38918,Caroline Alves,Salesforce / Funcional
38919,Ana Sophia Marques,Development Support PL
38920,Cauã Rios,Desenvolvedor Pleno
38921,Dr. Henrique da Paz,Development Support PL
38923,Sr. Danilo Almeida,Segurança jr
38924,Fernanda Correia,Forms
38926,Mathias Cirino,Adminstrador de dados
38927,Dr. Yan Gonçalves,OTC
38928,Ana Vitória Ramos,Assistente Adm
38929,Catarina Cardoso,Assistente Adm
38930,Caio da Cunha,Fraude
38931,Melina Fernandes,Assistente Adm
38932,Kamilly Silveira,Analista Facilities
38933,Marcelo Jesus,Desenvolvedor Java
38934,Sra. Laís Caldeira,Assistente Adm
38935,Luiz Gustavo Mendes,Engenheiro de software
38936,Beatriz Vargas,Big Data Engineer
38937,Maysa Moura,Infra
38938,Enrico Rocha,Infra
38940,Milena Azevedo,Scrum
38947,Julia da Luz,International Business Analist
38949,Kaique Fernandes,big data
38951,Gustavo Casa Grande,Front End JAVA
38952,Dra. Giovanna Rios,Development Support PL
38953,Maria Alice Sampaio,Homologador
38954,Gabrielly Almeida,Salesforce Administrator | Salesforce Support Analyst | Trailhead Ranger | 2x Superbadges
38955,Dr. Ravi Sousa,Salesforce / Funcional
38957,Eduarda Pinto,Support Analyst II - CX
38958,Dra. Maysa Pimenta,Consultor sap data migration
38959,Juan Cassiano,consultor sap data migration
38960,Sophia Albuquerque,Analista de Sistemas
38961,Bella Nunes,Analyst - Sales Operations
38962,Isis Araújo,Analista desenvolvedor com experiencia em suporte (N1 e N2) e realização de testes funcionais.
38963,Amanda da Mata,Salesforce Consultant
38964,Isis Cavalcante,Desenvolvedor C# com C++ Senior
38965,Sra. Heloísa Mendes,Suporte
38966,Dr. Pedro Lucas Duarte,Salesforce/Dev
38968,Emanuel Mendonça,DESENVOLVEDOR Sr
38970,Sr. Fernando Novaes,Salesforce/Dev
38971,Elisa Martins,Desenvolvedor C# com C++ Senior
38972,Ana Julia Oliveira,Consultor de Salesforce
38973,Valentina Câmara,Salesforce Teach Lead
38974,Stella da Luz,Salesforce/Dev
38975,Levi Moraes,Desenvolvedor
38976,Thales das Neves,Analista
38979,Gabriel Costa,Development Support PL
38981,Liam Rios,Gerente de Governança Suporte
38982,Alice Mendes,Gerente de Governança Suporte
38983,Sophia Barbosa,Sales Operations / Sales intelligence/ Growth / Sales Machine / B2B/ Sales Consultant
38984,Ana Sophia Nunes,Gerente de Governança Suporte
38985,Heloísa da Rocha,Gerente de Governança Suporte
38986,Dr. Diego Dias,aws
38988,Sr. Vitor Hugo Pereira,Analista Big Data
38991,Luiz Fernando Duarte,gerente ti
38992,Maria Júlia Cirino,Big Data Lead
38994,Leandro Macedo,DBA
38996,Dra. Ana Vitória Carvalho,Analista Big Data Junior
38997,Srta. Joana Cavalcante,Gerente de Governança
38998,Yasmin Sampaio,Big Data Engineer
38999,Vitor Hugo Melo,Full Stack sênior
3,Ana Laura Monteiro,Analista de BI
10,Pietra da Luz,Consultor SAP BW Senior
15,Dr. Erick da Rosa,Consultor
18,Sra. Marina Porto,Consultor/ Desenvolvedor QlikView
23,Antonella Camargo,Programador full stack
30,Dra. Ana Cecília Carvalho,CONSULTOR ABAP
35,Letícia Câmara,SAP Basis Especialista
37,Arthur Novaes,Consultor ABAP
44,Nicolas Vieira,Consultor Funcional SAP MM / WM / LES EWM
46,Maitê da Rocha,Consultor SAP FICO
49,Marcela das Neves,Analista teste ou Analista Segurança da infor
54,Gustavo Sousa,DBA SQL Postgree
56,Ravi Melo,Consultor SAP SD
61,Mirella Fonseca,Consultor SAP SRM/MM
63,Dra. Nina da Luz,Analista de Dados e Sistemas
36994,Mathias Porto,Backup
36996,Sra. Luara Gonçalves,Desenvolvedor
36997,Benjamim Novais,Ticket Manager
39574,Thales Lima,Desenvolvedor Java
39575,Raquel Novaes,Consultor / Especialista de Segurança da Informação
39576,Lucas Gabriel Teixeira,Consultor / Especialista de Segurança da Informação
39577,Bárbara Almeida,Agile Master
39578,Carlos Eduardo Cardoso,Analista de Departamento Pessoal
39579,Letícia Cassiano,engenheiro backend data analist
39580,Erick Freitas,SAP PP/QM
39582,Catarina Siqueira,Consultor WEB
39583,Sophia Machado,Desenvolvedor
39584,Aurora Correia,Consultor SAP FI SENIOR
39585,Sara da Rosa,Consultor SAP CRM
39587,Calebe Peixoto,Analista de Testes
39588,Joana Moraes,consultora sap CRM
39589,Dr. Léo Marques,CONSULTOR SAP CRM
39590,Sra. Sofia Moraes,QA
39591,Otávio Barros,consultora sap crm
39592,Dr. Davi Miguel Nunes,Assistente de Planejamento | Administrativo
39596,Dr. Henry Santos,Desenvolvedor
39597,Valentina Pimenta,SRE
39598,Marcelo Cunha,Full Stack
39599,Heloísa Oliveira,QA
39600,Dra. Alana Porto,SRE
39602,Bárbara Caldeira,Atendimento ao cliente| Administrativo| Financeiro| SAP
39604,Apollo Camargo,Analista de Segurança
39605,Breno Santos,Analista de Segurança
39606,Asafe Ramos,Analista de Segurança
39607,Henry Gabriel Leão,Dev Java
39608,Isaac Rios,Analista de Segurança
39609,Anna Liz Vieira,Analista de Segurança
39611,Marcelo Aragão,Agile Master
39612,Isis Pires,C#
39613,Ravi Lucca Rios,Analista Financeiro
39614,Calebe Araújo,SAP MM | Suprimentos | Gestão de Compras | Gestão de Estoques | Logística
39615,João Pedro Cavalcanti,Analista Financeiro
39616,Benjamim Andrade,Analista Financeiro
39617,Vitor Hugo da Conceição,Desenvolvedor Java + Angular
39618,Luísa Porto,Consultor sap SD
39619,Ana Beatriz Lopes,Arquiteto Cloud
39620,Camila Montenegro,cloud aws
39621,Helena Caldeira,cloud aws
39623,Ana Laura Farias,devops
39626,Pietra Nogueira,Infraestrutura Cloud
39627,Rebeca Ribeiro,Infraestrutura Cloud
39628,Raquel Almeida,Infraestrutura Cloud
39631,Ravi Lucca Brito,Java Jr
39632,Benjamim Albuquerque,fullstak
39634,Luísa Sampaio,SAP MM
39635,Léo Camargo,Consultor SAP ABAP PI
39637,Ana Beatriz Souza,Big Data
39638,Srta. Hellena Cirino,Service Desk
39639,Vitor da Luz,Service Desk
39640,Henrique Pires,Service Desk
39642,Jade Vargas,Service Desk
39644,Matheus Santos,Desenvolvedor RPA
39645,Arthur Miguel Fonseca,Gerente de Projetos de Infra
39646,Allana Moura,consultor sap ABAP
39647,Dra. Luiza Silveira,Analista de Segurança
39648,Dr. Mateus Costa,Gerente de projetos
39649,Sra. Lavínia Cirino,fullstak
39650,Giovanna Machado,fullstak
39651,Theodoro Sales,DevOps Engineer
39652,Gabriel Moreira,Analista de Expansão
39653,Valentina Montenegro,Analista de Infra Estrutura
39654,João Ribeiro,SAP MM
39655,Thales Caldeira,Analista de suporte
39657,Arthur Gabriel da Luz,Desenvolvedor Jr
39658,Oliver Ramos,Arquiteto de Software
39659,Henrique Rodrigues,consultora sap abap
39660,Stella Castro,ARQUITETO CLOUD
39663,Sr. Anthony Vieira,ARQUITETO CLOUD
39665,Otávio Pires,ARQUITETO CLOUD
39667,Thales Nascimento,Java AWS
39668,João Lucas Cassiano,consultor sap abap
39669,Maitê Souza,consulto sap abap
39670,Vinícius Sousa,Desenvolvedor RPA
39671,Rebeca da Cruz,Dev . Net
39672,José Lopes,Desenvolvedor Jr
39674,Gabriela Ramos,Analista Programador Full Stack Java Senior
39676,Mirella Araújo,Desenvolvedor Java
39678,Dra. Ana Liz Moura,Desenvolvedor Java
39679,João Vitor Fogaça,Desenvolvedor Java
39680,Sr. Theo Souza,Desenvolvedor Java Pleno
39681,Sra. Zoe Lima,Engenheiro de Software Pleno
39682,Igor Jesus,Desenvolvedor Java
39683,Arthur Brito,Engenheiro de Dados
39684,Fernando Campos,Engenheiro de Dados
39685,Maya da Costa,Dados
39686,Ana Sophia Sales,Scrum Master
39687,Eduarda Rios,Analista de Integração
39688,Thomas da Rocha,Analista de Integração
39689,Srta. Caroline Rios,Scrum Master
39690,Dra. Eduarda Costa,Consultor MM com ingles
39691,Luísa Monteiro,Selenium + Cypress
39692,Pedro Lucas da Luz,Arquiteto de Dados
39694,Noah Porto,QA
39695,João Guilherme da Costa,Arquiteto de Aplicação Salesforce
39696,Ester Alves,Back End Developer (remote only) | Salesforce | Nodejs | Asp.net Core
39697,Laura Aragão,Arquiteto de Dados
39698,Zoe Castro,Desenvolvedor Front-End
39700,Joana Mendes,Front-End Developer - React-Native | JavaScript
39701,Vinicius Abreu,AGILE MASTER
39706,Helena Gomes,Arquiteto de Dados
39707,José Cirino,Arquiteto de Dados
39708,Luísa Cirino,Analista de Segurança
39709,Samuel Lima,Desenvolvedor Salesforce
39710,Alexia Costa,Devops
39711,Mathias Aparecida,cloud
39712,Ryan Cirino,Desenvolvedor RPA
39714,Bento Pires,Cloud
39715,Maria Isis da Conceição,Scrum Master / Project manager
39716,Dra. Ana Julia Rezende,Java
39717,Antônio Barbosa,Salesforce Senior Developer
39718,Dr. Bernardo Barros,Tech Lead | Salesforce Engineer | Salesforce Developer
39719,Henrique Alves,Desenvolvedor Java
39720,Beatriz da Mata,Desenvolvedor Java
39721,Diego Nascimento,Power Plataform
39722,Pietro Freitas,Desenvolvedor Java
39724,Ravi Vargas,Desenvolvedor Java
39725,Alexia Novaes,Desenvolvedor Java
39726,Srta. Antonella da Cunha,Desenvolvedor Java Pleno
39727,Dr. Ian Monteiro,Suporte
39728,Lucas Gabriel Fonseca,Desenvolver Java Sr
39729,Srta. Lavínia Borges,Desenvolvedor Java
39732,Sra. Júlia Ramos,Suporte/Governança
39733,Stephany Cavalcante,Desenvolvedor JAVA
39734,Murilo Dias,Infraestrutura
39735,Gabrielly Souza,DevOps – Especialista/Tech Lead
39736,Ian Araújo,Desenvolvedor RPA
39737,Carlos Eduardo Monteiro,Analista de Integração
39738,Srta. Lunna da Luz,consultor sap abap
39739,Bruno Siqueira,Desenvolvedor Full-Stack (Angular/Java)
39742,Dra. Luísa Oliveira,Dev Java
41057,João Lucas Araújo,DESENVOLVEDOR Sr
41058,Hellena Barros,AWS
41059,Luísa Vasconcelos,AWS
41060,Alexandre Cirino,DESENVOLVEDOR Sr
41061,Sr. Carlos Eduardo Andrade,Arquiteto de Soluções Sr
41062,Srta. Eloah Vasconcelos,"Consultor SAP FI,MM,SD,CO"
41064,Maria Luísa Camargo,AWS
41065,Sarah Freitas,Consultor de TI
41066,Alice Teixeira,Consultor Senior Data Architect / Business Intelligence
41067,Davi Lucas Nunes,Consultor Business Intelligence
41068,Sra. Mirella Alves,Analista de Governança Sênior
41069,Davi Luiz Viana,Analista de Governança Sênior
41070,Dra. Esther Souza,Analista de Governança Sênior
41071,Benjamim Caldeira,Analista de Governança Sênior
41075,Nathan da Mata,Desenvolvedor Pleno
41078,Luiz Felipe Correia,GP SCRUM
41079,Mariah Castro,Analista de Governança Sênior
41080,Kevin Alves,governança
41081,Davi Miguel da Mota,Analista de Sistemas
41082,Ana Vitória Campos,Analista
41083,Ana Beatriz Macedo,Analista Contábil
41084,Srta. Alícia Duarte,Analista Contábil
41085,Maria Clara Garcia,Analista de Controladoria Sênior
41086,Sra. Maria Flor Fogaça,Assistente Operações RH
41087,Augusto Nascimento,Assistente Operações RH
41088,Rael da Cunha,Analista de Controladoria Sênior
41089,Caleb Moraes,Assistente Operações RH
41090,Sr. Ravi Lucca Silveira,Assistente Operações RH
41091,Emilly Vasconcelos,Assistente Operações RH
41092,Maria Cecília Camargo,Assistente Operações RH
41093,Dr. Renan Rodrigues,Infraestrutura
41094,Dra. Ana Luiza Novais,OT
41095,Vinícius da Cunha,Analista
41096,Daniela Vargas,Consultor SAP FI CO
41097,Lavínia Ribeiro,Web Developer front end
41098,Henry Gabriel Rocha,Governança
41099,Otávio Novaes,Infraestrutura
41100,Isis Sales,Infraestrutura
41101,Caleb Azevedo,Consultor HCM
41102,Luísa Oliveira,Analista
41103,Vitor Gabriel Duarte,Analista de Governança Sênior
41104,Dr. Pedro Henrique Rezende,Analista de Infraestrutura JR
41105,Sr. Lorenzo Porto,Desenvolvedor Web
41108,Samuel Araújo,Infraestrutura
41110,Léo Fernandes,Analista
41111,Nicole da Cruz,"programador php, python, back-end"
41112,Bruno Nogueira,Java
41113,Benjamim Melo,Java
41114,Maria Cecília Vieira,Java
41115,Yago Borges,Java
41116,Caleb da Mata,Infraestrutura
41117,Leonardo Correia,engenheiro de software / fullstack
41118,Heitor Nogueira,Gerente de Projeto / Scrum Master / Líder-Coordenadora de Equipes de Negócios / TI
41119,Carolina da Luz,Especialista em excel
41120,Maria Cecília Pinto,Java
41121,Sr. Theo Marques,Infraestrutura
41122,Dr. Pedro Miguel Pires,Consultor Funcional SAP BW
41124,Sophia Costa,BI/Power center
41125,Eduardo Jesus,Especialista em excel
41126,Ana Cunha,Arquiteto de soluçoes java
41128,Hadassa Moura,Desenvolvedor Java Sênior
41130,Sophie Sousa,consultor sap hcm
41132,Sr. Guilherme Barbosa,Desenvolvedor
41135,Maria Luísa da Costa,Desenvolvedor
41136,Lucas Gabriel Pereira,VBA
41137,Miguel Fernandes,VBA
41138,Luana Dias,Desenvolvedor
41139,Manuela Albuquerque,SAP ABAP PI/CPI GRC
41140,Sra. Luana Santos,Consultor ABAP
41141,José Sousa,Analista de Infraestrutura
41142,Dr. Francisco Rezende,Analista sênior Governança de TI
41143,Breno Cavalcanti,Consultora SAP Security S/4HANA
41144,Sr. Davi Lucas Vasconcelos,Analista de TI
41145,Nicole Pacheco,Programador mobile
41146,Dr. Gael Fogaça,Desenvolvedor
41147,Brayan Azevedo,Desenvolvedor
41148,Davi Miguel Nunes,Desenvolvedor Front-End
41149,Isabella Silveira,Dev. Front-end
41150,Luiz Gustavo Montenegro,Desenvolvedor
41151,Gael Henrique da Rosa,SAP MM
41152,Srta. Clara Freitas,Desenvolvedor Pleno
41153,Fernando Teixeira,
41155,Joana Castro,Especialista em excel
41156,Heloísa Martins,Gerente de Transformação Digital
41157,Vicente Lima,Desenvolvedor
41158,Melissa Cassiano,SAP PS/PM
41159,Milena da Rocha,Consultor SOA
41160,Liz Oliveira,Gerente de Transformação Digital
41161,Rhavi Costa,Gerente de Transformação Digital
41162,Dra. Emanuella das Neves,Gerente de Transformação Digital
41163,Sofia Guerra,Gerente de Transformação Digital
41164,Gabrielly Mendonça,Arquiteto de Soluções
41165,Arthur Gabriel Souza,Arquiteto de Soluções
41166,Mirella da Mata,Arquiteto de Soluções
41167,Dra. Clara da Costa,Arquiteto de Soluções
41168,Ravy da Luz,Arquiteto de Soluções
41169,Marcos Vinicius Lopes,SAP ABAP
41170,Luiz Fernando Aparecida,Governança
41171,Sra. Hellena Andrade,Arquiteto de Soluções
41173,Pedro Henrique Lima,Desenvolvedor Pleno
41175,Ana Sophia Aragão,Assistente Adm. Pleno
41176,Sra. Hellena Pereira,Assistente Adm. Pleno
41177,Zoe Rezende,QA
41178,Maria Eduarda Teixeira,Assistente Adm. Pleno
41179,Bianca Melo,Analista
41180,Gabrielly Brito,Scrum Master
41182,Sabrina Fonseca,Coordenador de TI / Tech Lead / AN-
41183,Lunna Monteiro,CONSULTOR SAP FI PLENO
41185,Thales Ribeiro,consultor sap sd
41189,Srta. Lara Guerra,
41190,Luiz Fernando Fonseca,devops
41191,Sr. Davi Luiz Alves,devops
41192,Srta. Nicole Cavalcante,devops
41193,Hellena Pastor,devops
41194,Sr. José Siqueira,devops
41195,Lavínia Rios,Devops
41196,Clarice Jesus,QA
41197,Sr. Davi Miguel Araújo,qa
41200,Raul Nunes,Desenvolvedor
41201,Ester Duarte,Java EE
41202,Antônio Costa,qa
41205,Ana Vitória Duarte,Gerente de Transformação Digital
41208,Maria Fernanda Duarte,Analista
41209,Dr. Lucas Gabriel Monteiro,Analista
41211,Leonardo Cardoso,Analista de Sistemas
41214,João Gabriel Garcia,Analista Adm. Junior
41215,Davi Luiz Barros,Analista Adm. Junior
41216,Rodrigo Cirino,Analista Adm. Junior
41217,Sr. Otávio da Mata,Analista Adm. Junior
41218,Otto da Paz,Analista Adm. Junior
41224,Giovanna Moraes,DevOps Engineer
41225,Lara Viana,Segurança
41226,Asafe Pereira,qa
41228,Isadora Alves,Gerente de Projetos
41229,Joaquim Caldeira,Assistente Adm. Sênior
41230,João Peixoto,Desenvolvedor
41232,Jade Guerra,Assistente dde Compras
41233,Augusto Mendes,Programador PHP e Python
41234,Srta. Nina Cavalcanti,DevOps
41235,Oliver Mendes,analista sap abap fiori
41236,Maysa da Costa,Assistente de Compras
41240,Vitor Nascimento,consultor sap bw - Data service
41243,Luiz Felipe Freitas,Desenvolvedor Java Sênior
41245,Arthur Miguel Leão,Desenvolvedor Java
41246,Nicole Machado,Desenvolvedor Java
41247,Sra. Rebeca Camargo,consultora sap FS
41248,Miguel Alves,consultor sap - Data service
41249,Benicio Sales,Assistente de Operações de RH
41250,Evelyn Andrade,Consultor SAP FI Sr
41251,Dr. Josué Sampaio,Projetos
41252,Ana Sophia Ramos,Projetos
41253,Pedro Miguel Cardoso,Assistente de Operações de RH
41254,Bianca Sá,Projetos
41255,Dr. Cauê Mendes,Assistente de Operações de RH
41258,Maria Cecília Viana,governança
41259,Dr. Antony Pimenta,Analista de Governança TI
41260,Sra. Maria Clara da Paz,SAP FI
41261,Benjamim Mendonça,Desenvolvedor Java Junior
41262,Dr. Thomas Dias,Desenvolvedor
41264,Esther Vasconcelos,Assistente Adm. Sênior
41265,Matheus das Neves,Analista de Projetos Pleno
41266,Sophia Cavalcanti,Analista Adm. Junior
41268,Gael Henrique Rezende,governança
41269,Henry Porto,Projetos/Governança
41271,Bella Gomes,Assistente de Operações de RH
41272,Sra. Luana Lima,Desenvolvedor Fullstack Java Sênior
41273,Srta. Mariane Cavalcante,Analista Adm. Junior
41274,Sra. Clarice Alves,Analista Adm. Junior
41275,Ravy Moraes,Analista Adm. Junior
41276,João Pedro da Conceição,Consultor de SAP FS-CD / FS-RI
41277,Ana Araújo,Consultor SAP FI / SAP FS-CD / SAP FS-RI / SAP ICM
41278,Davi Miguel da Luz,gerente de Projetos
41279,Natália Novais,"SAP IS-U, FI-CA, RM-CA, FS-CD, FS-RI"
41284,Thomas Aparecida,governança
41285,Dr. Guilherme Viana,Analista de Projetos Pleno
41288,Benício Leão,governança
41289,Zoe Martins,governança
41290,Guilherme Montenegro,Analista de Governança Sênior
41293,Sr. João Gabriel Vieira,Flutter
41295,Laís Cunha,Analista
41296,Júlia Vasconcelos,consultor SAP SD
41297,Mateus da Cunha,Consultor SAP FI
41298,Dra. Maria Helena Duarte,Projetos/Governança
41299,Theodoro Barros,Node.Js
41300,Juan Silveira,QA
41301,Apollo Almeida,Analista de Projetos Pleno
41302,Ravi Lucca Cardoso,"consultor SAP MM, WM, EWM, HANA"
41303,Luiza Alves,Desenvolvedor Java Sênior
41304,Maria Flor Souza,Desenvolvedor Java Sênior
41305,Leandro Viana,Full Stack Web Developer
41307,Sr. Thales da Rocha,Desenvolvedor Pleno
41309,Diego Ferreira,Consultor SAP FICO
41311,Sr. Rhavi Andrade,Analista Adm. Pleno - Compras -
41312,Otávio Porto,Analista Adm. Junior
41313,Samuel das Neves,Analista
41314,Esther Dias,Tech Lead
41315,Sophia Sales,SAP EWM
41316,Nathan Rezende,Testes
41317,Sr. Lucas Gabriel Fogaça,Consultor SAP Segurança
41318,Danilo Sousa,Projetos/Governança
41320,Kaique Aparecida,QA
41322,Srta. Giovanna Santos,Desenvolvedor Fullstack
41323,Felipe Cavalcante,Desenvolvedor Angular
41324,Leandro Câmara,Senior Developer
41325,Natália Ribeiro,DESENVOLVEDOR Sr
41326,Caio Nascimento,qa
41327,Maria Clara da Paz,devops
41328,Isabel Nogueira,QA
41329,Stella Siqueira,Desenvolvedor Pleno
4401,Enzo Caldeira,Suporte de TI
4402,Maria Luísa Casa Grande,SAP SD
4405,Srta. Rafaela Sousa,Analista de Sistemas DevOps
4409,Luigi Dias,CONSULTOR SD SR
4415,Manuela Souza,Analista de sistemas
4421,Esther da Conceição,Analista programador
4430,Luna Cassiano,Arquiteto sistemas
4444,Gustavo Henrique Rocha,Analista e arquiteto de sistemas
4464,Marcela da Cunha,roncordeiro@gmail.com
4466,Davi Luiz Dias,Arquiteto de Sistemas e Soluções
4469,Leonardo das Neves,Arquiteto de sistemas
4479,Mariane da Mota,Arquiteto de java
4508,Thiago Nogueira,Linux Engineer | DevOps | IT Manager
4527,Gael da Costa,Analista programador ASP
4551,Rebeca Vasconcelos,Analista programador ASP
4581,Vitória Brito,Auto cad / Projetista
4586,Carolina Fogaça,Analista de B.I / Cognos / PowerCenter
4591,Daniel Gomes,Analista de B.I
4599,Bryan Nascimento,CWF - PROJETOS II - DOW - CTAS PAGAR
4603,Sr. Bruno Ferreira,Analista de B.I / Cognos / ERP
4624,Dr. Isaac da Luz,Analista de B.I
4649,Nicolas Nogueira,Analista de B.I
4659,Heloísa Viana,Analista de B.I
4684,Laís Freitas,Analista de B.I
4686,Dr. Thomas Montenegro,Analista de B.I
4700,Mariah Teixeira,Analista de B.I
4716,Vicente Castro,Analista de B.I
4767,Srta. Marina Novais,Big Data | Data Science | A.I. | Cloud | IoT
4820,Luiz Otávio da Costa,C e C++
4822,Dr. Danilo Nogueira,C e C++
4823,Melissa Lopes,C e C++
4843,Rael Câmara,C e C++
4844,João Pereira,C e C++
4849,Augusto Cirino,C e C++
4851,Léo Lopes,DESENVOLVEDOR RPA
4864,João Miguel Gomes,C e C++
4865,Stephany da Rosa,C e C++
4869,Sra. Emanuella Rezende,C e C++
4875,Henry Barbosa,C e C++
4902,Davi Lucas Moura,C e C++
4907,Theodoro da Cunha,.net
4947,Manuela Cunha,C_Sharp
4990,Carolina Novaes,Clipper
13000,Leonardo Moreira,Consultor Funcional CO/FM
13003,Vinicius Dias,Help desk
13008,Maria Liz Oliveira,Analista de Testes
13020,Noah Oliveira,consultor SD
13024,Pedro Freitas,front-end
13025,Srta. Aurora Farias,consultor sd
13028,João Guilherme Melo,CONSULTOR ORACLE EBS
13032,Mateus Nogueira,Desenvolvedora
13038,Joaquim Farias,CONSULTOR NETWEAVER PI/PO
13047,Mariana da Cruz,ABAP
13049,Sr. João Vitor Brito,CONSULTOR SAP PI/PO
13050,Lorenzo da Costa,CONSULTOR SAP PI
13052,Srta. Letícia Vasconcelos,CONSULTOR ABAP
13053,Dr. Vitor Hugo da Costa,CONSULTOR ABAP
13058,Maria Clara Brito,"Consultor FI Sênior (GL,AP, AR,TR, AA)"
13059,Ravy Siqueira,Basis/ Solution Manager /ABAP
13060,Dr. Bento Garcia,CWF - LATAM INDICAÇÃO
13061,Luiz Felipe Rodrigues,Consultor Sênior SAP MM
13062,Yago Freitas,CONSULTORA SAP MM
13063,Mariana Cardoso,CONSULTOR SAP CO FM
13068,Luan Costa,.net
13082,Ian da Mata,Service Desk
13084,Sr. Diego Moraes,basis netweaver
13086,Dr. Caio Rocha,.NET
13093,Mirella Vieira,consultor ABAP
13102,Fernanda Moura,Analista de segurança de rede
13105,Davi Luiz Souza,Consultor ABAP
13122,Ravi Lucca Melo,GP/Governança/Analista PMO/TI
13140,Noah Monteiro,Consultor SAP MM Júnior/Pleno
13149,Luiza Araújo,Analista de Segurança da informação
13160,Luana da Costa,consultor MM
13167,Dr. Luiz Henrique Monteiro,Consultora ABAP
13179,Beatriz Fogaça,CONSULTOR BASIS ECC/ S/4HANA / Solution Manager & Fiori
13184,Isaque Machado,Programador angular
13195,Emilly Jesus,SAP FI
13196,Sr. Antônio Araújo,Consultor SAP Basis
13197,Dom Novaes,consultor abap
13203,Bernardo Gonçalves,Consultor SAP FI
13206,Ana Cecília Porto,christianne_cattani@hotmail.com
13207,Sra. Aylla Carvalho,Consultor ABAP / CCS /IS-U
13227,Emilly Peixoto,Engenheiro de software / Desenvolvedor Mobile
13251,Eloah Lopes,JAVA
13260,Gabrielly Costa,Consultor APO
13265,Luara Vieira,CONSULTOR sd
13267,Ana Beatriz Rios,Programador / Desenvolvedor JAVA
13295,Gustavo Costela,PROGRAMADOR JAVA
13296,Dra. Isadora da Costa,Consultor / Arquiteto de Soluções / SAP QM
13298,Esther Mendonça,Consultor SAP MM
13303,Lucca Costa,SAP ABAP
13314,Sr. Théo Barbosa,Suporte Hardware
13322,Alexia Lima,Analista de Teste / Cobol
13334,Catarina Vargas,consultor SAP SD/MM
13337,João Miguel da Cunha,Desenvolvedor Salesforce
13339,Mariana Cunha,MVC
13340,Dr. Theodoro Cirino,Analista de Testes
13353,Joana Aparecida,Consultor SAP R/3 – MM/QM
13357,Théo Sousa,CONSULTOR ABAP
13401,Dra. Maria Helena Freitas,Suporte Unix
13404,Sra. Olívia Fogaça,Suporte Unix
13428,Paulo Sales,consultor FI
13431,Alícia Almeida,"Consultor SAP PM, CO, FI, MM e AA"
13445,Mathias Lopes,SAP MM
13451,Srta. Lunna Ribeiro,Suporte Unix
13469,Isadora Moura,SAP MM
13476,Amanda Carvalho,Consultor Funcional SAP – PP / QM
13478,Emanuelly Albuquerque,SAP SD - SAP S/4 SD - NF
13481,Sra. Emilly Abreu,Compras_ Espanhol_ Latam
13486,Liam Macedo,Analista de Recrutamento e Seleção
13497,Laís da Cunha,web Sphere
13500,Sra. Maria Laura Costa,SysAdmin Linux
13506,Maya Cunha,SAP FI
13532,Marcos Vinicius Pacheco,CWF - SANTANDER CONTAS
13536,Luiz Felipe das Neves,SAP SD
13541,Ana Sophia Rocha,SAP MM
13554,Diogo Lima,Analista de sistemas
13557,Luiz Miguel Gomes,utilizando C# e ASP.NET
13559,Anthony Barros,CONSULTOR ABAP
13561,Ana Liz da Paz,consultor FI
13571,Ana Julia Martins,Consultor SAP PP
13572,Srta. Milena Santos,CWF - DOW
13573,Diogo Freitas,Consultor BI
13575,Lorenzo Moraes,módulos do SAP de PP
13576,Zoe Borges,Mainframe
13577,Lívia Fernandes,CONSULTOR MM
13582,Daniela Gomes,CWF - DOW
13588,Joaquim da Rosa,SAP BASIS
13600,Vinicius Barros,Consultor FI
13602,Olívia da Cunha,CONSULTOR SAP BI / BW
13606,Maria Luísa Câmara,Consultor SAD SD
13610,Maria Pinto,consultora FI
13611,João Guilherme Andrade,Consultor SAP
13616,Isabela Vieira,Consultor SAP SD
13618,Bernardo Caldeira,consultor FI
13622,Sra. Giovanna Cunha,consultor FI
13626,Larissa Brito,Basis ERP e Basis Security
13631,Thomas Barbosa,consultora FI
13634,Dr. Yuri Oliveira,Java - Mobile
13635,Kevin Porto,consultor SD
13642,Lucca Aparecida,Sterling IBM
13643,Sr. Davi Miguel da Cunha,Especialista em SAP no modulo FI
13644,Ravi Lucca Silveira,CONSULTOR FI/CO
13646,Dr. Heitor Costela,SAP MM
13648,Anthony Gabriel Machado,Change Management
13652,Eduardo Peixoto,SAP FI
13656,João Guilherme da Rocha,consultor SD
13663,Pedro Henrique Rocha,CWF - LATAM
13681,Sra. Lívia Borges,CWF CONTAS A PAGAR
13682,Luiz Otávio Macedo,CWF CONTAS A PAGAR
13683,Paulo Camargo,Consultor SAP SD
13686,Anna Liz Nascimento,cosultor SAP FI
13687,Sr. Caio Gonçalves,consultor SAP módulo MM
13699,João Gabriel Moraes,consultor FI
13707,Ayla Pereira,consultor SD
13710,Pedro Miguel Araújo,CWF - DOW
13721,Dom da Cruz,Desenvolvedor C#/.NET
13723,Luiz Gustavo Santos,SAP MM
13725,Eduardo Leão,Desenvolvedor Cobol
13726,Pietro Cardoso,Desenvolvedor C#.net
13733,Nina Azevedo,Consultor BASIS
13735,Ana Vitória Montenegro,Consultor FI
13736,Ana Sophia da Mata,SAP SCM Consultant – MM / WM
13737,Josué Lima,consultor PS
13749,Rael Abreu,SAP S/4HANA - MM
13752,Lara Moura,SAP SD
13755,Marcelo Rios,SAP MM
13757,Allana Gonçalves,Consultora SAP FI
13766,Valentim Duarte,SAP Consultant – PP/QM/PM
13769,Sr. Arthur Miguel da Rosa,desenvolvimento JAVA
13771,Dra. Olívia Albuquerque,Desenvolvedor WEB
13772,Rebeca Sampaio,ABAP
13776,Guilherme Pimenta,analista de testes
13780,Luiz Henrique Melo,"Projetos, Processos e Sistemas"
13781,Dr. Mateus da Mota,PMO Sr
13782,Yago Gomes,
13783,Kamilly Moura,
13785,Luiz Henrique Câmara,Analista de Projetos (PMO)
13786,Dra. Jade Aragão,
13787,Stephany Cirino,
13789,Maria Júlia Teixeira,
13790,Alexandre Farias,
13792,Sra. Isabelly Caldeira,Gerente de Projetos
13796,Rafaela Nogueira,
13797,Ana Carolina Sousa,
13800,Maria Flor Pacheco,
13810,Sra. Rafaela Araújo,
13812,Ayla Câmara,
13813,Benicio Gonçalves,
13814,Dr. Cauã Ferreira,
13817,Ana Laura Brito,
13818,Maria Laura Nunes,
13819,João Cavalcanti,
13820,Srta. Aurora Novais,
13822,Sr. Lucca Fernandes,
13826,Kaique Sousa,
13827,Rafaela Novais,GP SAP
13836,Dr. Marcelo Abreu,
13837,João Felipe Montenegro,TI - Suporte / Analista
13838,Marcela Lima,Analista Service-Desk | Analista Help- Desk
13839,Isabel Rocha,Consultor SAP PP/QM/PM
13840,Enrico Sá,
13841,Maria Alice Cirino,
13846,Ayla Nascimento,"Ser reconhecido pelo meu trabalho, gerando resultados, de forma a possibilitar crescimento qualitativo e quantitativo aos envolvidos."
13849,Vitor Hugo Caldeira,Ana lista d eInfraestrutura e Suporte Cloud
13851,Srta. Sarah Rocha,
13852,Dr. Enrico Gomes,
13853,Aylla Campos,Service Desk
13854,Clara Rios,
13859,Maria Cecília Gomes,Trabalhar com Desenvolvimento ou Analise
13860,Pedro Farias,
13861,Sra. Maria Helena Fernandes,
13862,Luna Campos,
13863,Henry Rocha,
13864,Kaique Oliveira,
13869,Arthur Miguel Lopes,
13872,Ana Laura Lima,
13873,Ana da Rosa,Coordenação / Gerência
13876,Dra. Emanuella Costela,Disposição da empresa
13877,Carolina da Paz,Gerente de Projetos; Analista PMO; Scrum Master; Consultor de TI
13879,Srta. Ana Cecília Novais,Desenvolvimento
13880,Luiza Rodrigues,
13882,Enzo da Mota,
13886,Zoe Fernandes,
13888,Ian Martins,Analista de Sistemas Java
13889,Manuela Carvalho,
13890,Marcelo Novaes,
13891,Arthur Câmara,Tecnologia da Informação
13892,Oliver Costela,
13893,Maria Flor Montenegro,CONSULTOR ABAP
13895,Kamilly Pires,
13897,Mathias Rios,Analista de Testes e/ou Tecnologia
13898,Maria Fernanda Rezende,Adquirir novos conhecimentos e técnicas na área.
13902,Maria Alice Viana,
13904,Luiza Porto,Analista de Testes
13906,Davi Luiz Fonseca,
13907,Emanuelly Teixeira,Setor de Tecnologia da informação
13908,Bella da Costa,
13910,Luana Novaes,
13911,Dra. Esther Porto,
13912,Alícia Nogueira,
13913,Ana Vitória Sá,Software Engineer in Test
13914,Matheus Sales,
13916,Dr. Yago da Mata,
13920,Dr. Enzo Porto,
13921,Aurora Araújo,
13922,Benício Pinto,Analista de Testes
13926,Anna Liz Costela,CONSULTOR QM
13931,Sra. Eduarda Viana,Analista de testes
13932,Sr. Rael Albuquerque,
13935,Marcos Vinicius Marques,Atuar como Consultor/Coordenador em Ambiente Windows/System Center
13938,Dr. Thiago Cavalcante,
13939,Sra. Elisa Vieira,
13941,João Lucas Marques,Consultor SAP QM
13944,Bruna Fernandes,
13945,Dra. Julia Moraes,
13946,Cauê Rezende,Ser referência na prestação de consultoria SAP
13947,Srta. Marina Mendonça,Consultor SAP CO
13948,Ana Julia Cardoso,
13950,Matteo Castro,Consultoria SAP
13951,Luiz Gustavo Dias,
13953,Ravi Moreira,
13954,Emanuella Abreu,SAP MM ERP/ S/4 HANA – PROJETOS | NEGÓCIOS
13955,Olívia Peixoto,
13956,Sophia Marques,
13957,Luiz Miguel Cirino,Gerente de Projetos
13960,Ryan Cassiano,
13961,Srta. Maria Laura Monteiro,Gestão SAP
13962,Catarina Cavalcante,Consultor
13965,Augusto Silva,Gestão Executiva em TI
13967,Luiz Henrique Leão,Consultor SAP
13968,Sr. Ravi Freitas,
13969,Sophie Andrade,
13970,José Pedro Costa,
13973,Lara Silveira,Consultor SAP FI
13974,Ana Cecília Aragão,
13976,Maria Liz Correia,
13980,Sr. Luiz Henrique Teixeira,
13981,Nina da Conceição,
13982,Dr. Leandro Fernandes,
13983,Sr. Thiago da Conceição,
13984,Ravy Sales,
13985,Pedro Henrique Mendonça,Consultor SAP QM
13988,Maria Laura Fernandes,Desempenhar o meu melhor como Consultora FI Senior especialista
13989,Josué Guerra,
13990,Maria Fernanda das Neves,Atuar na área de Tecnologia da Informação como programador
13991,Isabelly Peixoto,
13994,Isabel Gonçalves,
13996,Brayan Fernandes,
13999,Ágatha Duarte,
39391,Maria Alice Ferreira,Desenvolvedor .net web
39392,Maria Julia Brito,Gerente de Projetos
39394,Dom Brito,Desenvolvedor
39396,Maria Vitória Rodrigues,RH
39397,Maysa Sales,RH
39398,Pietro Souza,Integração
39399,Dra. Lara Barros,RH
39400,Sr. Asafe Silveira,RH
39401,Samuel Monteiro,Salesforce SFDC Tech Lead
39402,Eduarda Cunha,Salesforce SFDC Tech Lead
39403,Srta. Milena Nogueira,Desenvolvedor Full Stack Java | ReactJS | AngularJS | MySQL | TypeScript | ReactNative
39404,Sr. Miguel Marques,Agile Master
39406,Ágatha Campos,SAP MM
39407,Gabriela Garcia,Java
39411,Dra. Pietra da Rosa,Gerente de Projetos
39413,Diogo Machado,Analista | Dados e Devops | Dev | .Net | C# | MySQL
39414,Olivia Sampaio,Backend developer C++ | .NET developer
39415,Dom Cirino,Salesforce
39416,Rael da Cruz,SAP ABAP
39417,Theodoro Guerra,CONSULTORA SAP ABAP
39418,Luiz Fernando Cavalcanti,React JS
39419,Théo Moreira,React JS
39420,Gabrielly Barros,Desenvolvedor .NetCore | Web | Python
39421,Luna Nascimento,redes/segurança
39422,Dr. Bernardo Moreira,Python
39424,Sr. Vinicius Pereira,Desenvolvedor
39426,Otto Duarte,Software Developer
39427,Maria Fonseca,Desenvolvedor .net web
39428,Dr. Gabriel Ferreira,Desenvolvedor Back End | Java | Spring Boot | Oracle | Metodologias Ágeis
39429,Ravi Brito,Software Developer | FrontEnd | Angular
39430,Srta. Maria Laura Pimenta,Full-stack | Spring Boot | Angular | AZ-900 | JavaScript | Java
39431,Letícia Rios,Engenheira de Software Front-end | React | Angular
39432,Clarice Dias,HOMOLOGADOR
39433,Sr. Lucca Moraes,Cyber
39434,Jade Oliveira,Cyber
39436,Sra. Maria Luiza Macedo,Desenvolvedor Java Pleno
39437,Alícia Macedo,Cyber
39438,Maria Pereira,Cyber
39439,Manuela Garcia,Segurança da Informação
39440,Nina Pinto,Analista Funcional e Tecnico Oracle Retail Xstore
39441,Dra. Isabelly da Mata,Cyber
39442,Gustavo Aparecida,Segurança da Informação
39444,Alícia Ramos,Front-End / HTML / CSS / Javascript / Java / .NET / Android / SAP QM
39445,Anna Liz Silva,PHP | JAVASCRIPT | HTML | CSS | LARAVEL | BOOTSTRAP | JAVA | SPRING BOOT | ANGULAR
39448,Pietra Viana,Consultor SAP FICO
39451,Pedro Lucas Nogueira,Desenvolvedor
39452,Dr. Rhavi Almeida,Segurança da Informação
39454,Breno Ribeiro,Consultor / Especialista de Segurança da Informação
39455,Maria Isis Vasconcelos,Consultor / Especialista de Segurança da Informação
39456,Dr. Luan Pires,Scrum Master
39457,Elisa Silva,Consultor / Especialista de Segurança da Informação
39458,Stella Pinto,Desenvolvedor Backend | Java | Spring Boot | Maven | Rest
39459,Benicio Vieira,Scrum Master
39460,Ana Beatriz Rezende,Especialista de Segurança da Informação
39461,Leandro Rezende,Desenvolvedor Full Stack
39462,Maysa Silva,Analista administrativo/Financeiro | Gestão de contratos | Gestão de orçamento | Contas a pagar | SAP
39463,Leonardo Barbosa,Desenvolvedor sênior – JAVA
39465,Oliver Pacheco,Desenvolvedor Sênior – JAVA
39466,Henry Gabriel Viana,gerente ti
39467,Maria Flor Rios,Tech Lead
39468,Maria Cecília Borges,gerente ti
39469,Vitória Sá,Desenvolvedor Sênior – JAVA
39472,Vicente Mendes,Analista Sistemas Mainframe Senior
39473,Sra. Eduarda das Neves,Consultor SAP SD JR
39476,Laís Rezende,Engenheira de Software
39478,Isaque Borges,Segurança da Informação
39480,Carlos Eduardo Gomes,Consultor Especialista em Segurança da Informação
39482,Thiago Abreu,Dev Java Web
39483,Luan Nascimento,Comprador
39484,Julia Marques,IFS Supply Chain Senior Consultant
39485,Bruno Camargo,Analista de Telecomunicações
39486,Srta. Hellena Araújo,Consultor sap
39487,Bernardo Barros,Salesforce Developer ☁️ | 2x Salesforce certified | Salesforce Community Leader
39488,Maria Laura Borges,Gerente de Projetos de Infra
39489,Luna Moreira,Gerente de Projetos de Infra
39490,Renan Albuquerque,React
39492,Maria Eduarda Cavalcanti,IFS Supply Chain Senior Consultant
39496,Mirella Camargo,IFS Supply Chain Senior Consultant
39497,Sr. Fernando Azevedo,IFS Supply Chain Senior Consultant
39499,Helena Mendonça,Analista de Testes QA
39500,Sabrina Silva,Analista de Testes QA
39503,Maitê Macedo,Desenvolvedor Pleno
39506,Ana Lívia Barbosa,consultor sap abap
39507,Marina Correia,SAP ABAP
39511,Davi Luiz Monteiro,Dados / ETL
39512,Antônio Ramos,Cloud
39513,Ágatha da Mata,Desenvolvedor Java - PL/SR ( Fuul Stack)
39515,Caio Pimenta,Desenvolvedor Java - PL/SR ( Fuul Stack)
39516,Enzo Gabriel Cavalcanti,Big Data Engineer
39521,Guilherme da Paz,Analista SAP mm
39522,Sra. Maria Alice Nascimento,Oracle HCM
39523,Sr. Matheus Cunha,Dev Java
39524,Lavínia Souza,Infraestrutura
39525,Arthur Cassiano,Agile Master
39526,Benjamim da Luz,Agile Master
39527,Juliana da Mata,COBOL
39528,Vitor Gabriel Melo,Analista BI
39529,Thomas Cassiano,Infraestrutura
39530,Davi Luiz Sales,Infraestrutura
39532,Sra. Amanda das Neves,Infraestrutura Cloud
39533,Arthur Gabriel Caldeira,Arquiteto Cloud
39534,Ana Julia Cavalcanti,Líder de projeto
39536,Fernando Porto,Devops
39538,Maria Eduarda Freitas,Agile Master
39539,Dr. Ryan Dias,Agile
39540,Luiz Fernando Moreira,SAP FI CO
66,Juan Dias,Consultor de TI
67,Srta. Luana Moura,Consultor SAP FI / SAP ABAP / SAP WorkFlow /
70,Laís Peixoto,Consultor SAP CRM
71,Camila Ribeiro,Consultor SAP APO
72,Sr. Vitor Hugo Pacheco,"Consultor SAP PS, IM, PPM, ou DMS"
75,Sra. Bruna Marques,Consultor SAP BI na Santa Izabel Implementos
78,Aurora da Mata,Analista de Backup
81,Ana Carolina Barbosa,Designer de Interfaces
82,Maria Sophia Alves,Especialista BI / Coordenador de Projetos
92,Oliver Cavalcante,Consultor ABAP
93,Antonella Abreu,Consultor ABAP
94,Caroline Rodrigues,Analista de BI
95,Davi Lucas Freitas,Consultor de BI
97,Maria Isis Fogaça,Analista de BI
99,Nicole Marques,Consultor SAP
101,Vinícius Santos,"Consultor Funcional SAP CRM, HYBRIS C4C"
104,Dra. Ayla Sampaio,Consultor SAP SD
105,Dra. Cecília Monteiro,Consultor SAP SD
106,Daniel Teixeira,Consultor SAP SD
108,Otávio Montenegro,Consultor SAP APO
111,Sr. Vitor Gabriel Moraes,Consultor SAP MM
118,Miguel Carvalho,Consultor SAP PPM
121,Erick Ribeiro,Analista de Sistemas Pleno na Lojas Riachuelo
126,Rafaela Sousa,Analista programador
129,Maria Eduarda Cardoso,Consultor SAP APO
130,Antônio Machado,Consultor SAP MM
131,Dr. Liam Costa,Consultor SAP MM e Ariba
132,Erick Farias,Consultor SAP MM
137,Maria Cecília Pires,Consultor SAP MM
138,Luna Barros,Programador
143,Srta. Isabelly da Mota,Gerente de projetos
148,Sra. Maria Fernanda Carvalho,Consultor SAP MMWM
153,Maria Liz Novaes,Analista QlikView
156,Sr. Davi Miguel Viana,PROGRAMADOR JAVA
159,Allana Fonseca,Analista de Testes
179,Srta. Ísis Abreu,Programador Mobile
34001,Dr. Breno Teixeira,
34002,Ana Luiza Costa,
34003,Dra. Maria Fernanda Novais,
34005,Clarice Sá,
34006,Isaac Andrade,
34007,Caroline Abreu,
34008,Daniel Cunha,
34009,Antonella Pinto,
34010,Luan Oliveira,
34011,Bárbara Cardoso,
34012,Camila Pastor,
34013,Lucca Gomes,
34014,Mirella Rodrigues,
34015,André Souza,
34016,Aurora da Rocha,
34017,Olivia Costela,
34018,Eduardo Souza,
34019,Dr. Luiz Felipe da Conceição,
34020,Sra. Juliana da Cunha,
34021,Antônio Barros,
34022,Sr. Vitor Hugo Martins,atuar e me aperfeiçoar na área de TI pois tenho grande vocação nela
34023,Sra. Marcela Costela,
34024,Asafe Pimenta,
34026,Brenda Borges,
34027,Fernanda Ramos,
34028,Pedro Lucas Fernandes,Analista Financeiro
34029,Natália Carvalho,
34030,Isis Barbosa,
34031,Sra. Sophia Garcia,
34032,Sra. Mariah Brito,"Técnico, analista ou assistente ambiental ou assistente administrativo."
34033,Heloísa Ferreira,
34034,Oliver Rodrigues,
34035,Nicole Almeida,
34036,Gabriel Freitas,
34037,Pedro Miguel Siqueira,
34040,Ana Cecília Câmara,
34041,Francisco Mendes,
34042,Ana Luiza Duarte,
34043,Asafe Vargas,
34045,Lorenzo Rios,
34046,Marina Rios,
34047,Cauê Silva,
34048,Davi Lucca Lopes,
34049,Vitória Guerra,
34050,Dr. Leandro Costela,
34051,Raul Cassiano,
34054,Liz Aparecida,
34055,Luna Correia,
34056,Felipe Carvalho,
34057,Otto Gonçalves,Gerente de Projetos | Arquiteto de Soluções SAP | Customer Service | Customer Success
34058,Sra. Isadora Porto,
34059,Sr. João Pedro Jesus,
34060,Raquel Cavalcanti,
34061,Arthur Martins,
34062,Sr. Vitor Gabriel Vasconcelos,
34063,Dr. Danilo Aparecida,
34068,Sr. João Novais,
34071,Heitor Moura,
34072,Ana Clara Oliveira,Atuar em posições de liderança e gestão de negócios com ênfase em T.I.
34073,Maria Aparecida,Lider Técnico
34074,Arthur Macedo,
34075,Sra. Stephany da Costa,
34076,Juan Carvalho,
34077,Alexia Cirino,
34081,Dr. Thomas da Cruz,
34082,Maria Flor Vasconcelos,
34083,Catarina Sousa,
34085,Natália Fonseca,
34089,Dra. Ester Novaes,dados
34091,Raquel Cirino,
34092,Stella Ribeiro,
34093,Anthony Gabriel Leão,
34095,Sr. Luan Monteiro,
34096,Isabelly Caldeira,
34097,Ana Clara Monteiro,
34099,Arthur Miguel Sá,
34102,Srta. Maria Clara Nunes,ANALISTA OPERACIONAL EM SEGURANÇA DA INFORMAÇÃO E GESTÃO DE ACESSOS
34103,Sra. Lara Araújo,
34104,João Felipe Araújo,
34106,Esther Rezende,
34108,Dom Macedo,
34109,Ana Vitória Câmara,
34110,Jade Nogueira,
34111,Carolina Almeida,
34112,Dr. Lucas Aparecida,
34113,Mariah Ferreira,
34114,Maria Vitória Jesus,
34118,Ryan Pinto,
34119,Thiago Cassiano,
34121,Pedro Lucas Sampaio,
34122,Davi Lucas Mendonça,Supervisão de TI
34123,Catarina Albuquerque,
34124,Stella Vieira,
34125,Luiz Fernando Rezende,
34126,Henry Gabriel Câmara,
34127,Gustavo Henrique Porto,
34128,Vitor Gabriel da Cunha,
34130,Theo Moreira,
34135,Amanda da Paz,
34137,Emilly Macedo,PROMOVER E CRIAR DESENVOLVIMENTO
34138,Laura Alves,
34139,Emanuel Pires,
34140,Brenda Duarte,
34141,Dr. Daniel Souza,
34144,Sarah Pires,Superação e determinação
34145,Théo Duarte,
34146,Mateus Gonçalves,
34147,Dra. Bella Barros,
34149,Dra. Ana Lívia Camargo,
34150,Srta. Marcela Moraes,
34151,Diego Leão,
34152,Lorenzo Oliveira,
34153,Bernardo Barbosa,Atuar neste setor desenvolvimento
34154,Otávio Gonçalves,
34155,Dr. Levi da Rocha,
34156,Ana Lívia Nunes,
34157,José Sampaio,
34158,Dom Pastor,
34159,Srta. Isabelly da Cruz,
34160,Lucca da Paz,
34162,Dr. Luiz Otávio Viana,Consultor SAP SD
34163,Srta. Letícia Câmara,
34164,José Cardoso,
34165,Sarah Guerra,Consultor SAP ABAP
34167,Dr. Heitor Pinto,
34169,Sra. Heloisa Sousa,
34171,Pedro Miguel Ramos,
34172,Evelyn Gonçalves,
34173,Mateus Correia,
34174,Srta. Emanuelly Albuquerque,Funcional SAP MM / WM
34179,Liam Fonseca,
34180,Sra. Cecília Carvalho,
34181,Sra. Evelyn Novaes,Consultor / Analista SAP MM
34182,Ana Liz Siqueira,
34184,Miguel Cavalcante,
34185,Olivia Vargas,
34187,Gustavo Sampaio,
34191,Brenda Machado,
34193,Marcelo Cirino,
34194,Sra. Sabrina Silveira,
34197,Dra. Aylla Cardoso,
34200,Cecilia Rocha,
34204,Rafaela Cunha,Front End Angular Pleno
34205,Kaique da Paz,Analista de Service Desk
34206,Liam Jesus,Desenvolvedor Java
34207,Dr. Asafe Mendonça,Senior Software Development Engineer
34208,Anthony Brito,Arquiteto de Integração
34209,Sra. Lunna Camargo,DEVOPS
34210,Maria Sophia da Rocha,QA
34211,Maria Sophia Vargas,JAVA
34213,Ana Carolina Nascimento,Analista de Service Desk
34214,Dr. Thales da Mata,Suporte SAP
34215,Dr. Ryan Almeida,Suporte SAP
34217,Maria Luiza Novaes,P.O
34218,Alexandre Novaes,Consultor SAP BW
34219,Ana Vitória Pires,Analista de Contratos
34220,Maria Liz Sousa,Analista de Contratos
34221,Sr. João Vitor Lima,Analista Fiscal
34224,Dr. Gabriel Caldeira,Consultor SAP FI/CO Junior
34225,Arthur Gabriel Montenegro,Oracle EBS Finanças
34226,Benjamim Gonçalves,Oracle EBS Funcional
34227,Pedro Henrique Barros,Desenvolvedor Front end
34228,Leandro Castro,GESTÃO DE PROJETO | ANALISTA DE SUPORTE | GESTÃO DE ATENDIMENTO
34229,Sr. Luiz Otávio Viana,QA
34230,Brayan da Rosa,Suporte SAP
34231,Ana Luiza Fogaça,QA
34232,Dr. Pedro Lucas Freitas,QA
34233,Dra. Alana Caldeira,QA
34235,Gustavo Gomes,Consultor SAP FI
34237,Gabrielly Leão,DESENVOLVEDOR JAVA
34238,Elisa da Mota,DESENVOLVEDOR
34239,Gustavo Sá,Desenvolvedor . net
34240,Ian Sales,DESENVOLVEDOR JAVA
34241,Sra. Camila Cunha,SAP FI
34242,Evelyn Ramos,COnsultor SAP HCM
34243,Calebe Gonçalves,DESENVOLVEDOR JAVA
34244,Maria Flor Cassiano,QA
34245,Benicio Fogaça,QA
34246,Bianca Machado,QA
34247,Fernando Abreu,Desenvolvedor Cobol
34249,Emilly da Cunha,Engenheiro de Dados BI
34250,Ísis Novais,SAP SD
34252,Letícia Camargo,DevOps
34253,Sara Vasconcelos,Técnico
34254,Renan Aparecida,Analista Adm Financeiro
34255,João Gabriel Souza,Analista de QA
34256,João Gabriel Alves,Analista de QA
34257,Emilly Barros,Analista de QA
34258,Asafe Rios,Selenium Cypress
34259,João Gabriel da Rocha,Desenvolvedor Java
34260,Ravi Lucca Camargo,Consultor Senior
34261,Maitê Costela,Analista de QA
34262,Luiz Otávio Nogueira,Consultor Senior
34263,Srta. Eloah Ribeiro,Analista de QA
34264,Ísis da Rocha,Desenvolvedor Front end
34265,Luna Oliveira,Consultor Senior
34266,Dra. Ana Vitória Rezende,Consultor Senior
34267,Dr. Oliver Rios,Consultor Senior
34268,João Lucas Nascimento,Consultor Senior
34269,Vitor Gabriel Gonçalves,Phyton
34270,André Freitas,Selenium Cypress
34271,Otto Vieira,Selenium Cypress
34272,Gael Brito,ANALISTA PROGRAMADOR
34273,Kamilly Araújo,CONSULTORA SAP MM JUNIOR
34274,Bernardo Cunha,Consultor PS
34275,Sra. Ana Luiza Lopes,DBA
34276,Sr. Theodoro Camargo,engenheiro de dados
34277,Cecilia Moreira,Estoquista Junior
34278,Sr. João Felipe Santos,Desenvolvedor Frontend
34280,Sr. Yan Nascimento,Dev Java
34281,Amanda da Cruz,Consultor PP
34285,Luan Cardoso,Desenvolvedor Java/PLSQL
34288,Letícia Pereira,Desenvolvedor Java/PLSQL
34289,Sra. Carolina Cirino,Desenvolvedor Python
34290,Srta. Gabrielly da Conceição,Analista de Suporte PL
34291,Lívia Peixoto,Analista Adm/Financeiro Sr
34293,Carlos Eduardo Pastor,Desenvolvedor Python
34294,Sr. Théo Moreira,CONSULTOR SAP PP QM
34295,Gustavo Rios,analista
34296,Vitória Ramos,analista
34297,Kamilly Silva,Analista Adm/Financeiro Sr
34298,Matteo Sá,Analista Adm/Financeiro Sr
34299,Ana Julia Araújo,Analista Adm/Financeiro Sr
34300,Theodoro Aparecida,ADMINISTRADOR BANCO DADOS
34301,Isis Novais,Consultor SAP junior
34302,Julia Jesus,Estoquista Junior
34304,Bárbara Ramos,Consultor SAP SD
34305,Fernanda Pinto,CONSULTOR SAP MM JUNIOR
34306,Brenda Aragão,analista
34307,Alexia Macedo,Analista Contabil
34308,Luigi Monteiro,Analista de Redes
34314,Isabella Abreu,Shift Lead
34315,Srta. Catarina Garcia,Technical Manager
34316,Srta. Isabela Siqueira,Desenvolvedor . net
34317,Leonardo Novaes,Desenvolvedor SW SR
34318,Alícia Teixeira,Administrativo
34319,Marina da Conceição,Administrativo/Financeiro
34320,Ana Liz Cirino,Estoquista
34322,Aurora Pires,QA
34323,Srta. Sara da Conceição,Desenvolvedor Java
34324,Dr. Luigi Teixeira,Segurança da Informação
34325,Pietra da Mota,Desenvolvedor Java
34326,Anthony Gabriel Pinto,Consultor Basis
34327,Sr. Thales Jesus,Desenvolvedor . net
34328,Ravi Oliveira,Analista de Service Desk
34329,Sra. Ana Laura Pimenta,Analista de Service Desk
34330,João Miguel Gonçalves,QA
34333,Sr. Ravy Correia,Segurança da Informação
34334,Olivia da Cruz,Desenvolvedor
34336,Marcelo Fernandes,Consulto sap junior
34337,Sabrina Fernandes,Desenvolvedor Java
34338,Camila Macedo,Desenvolvedor Java
34339,Cecília Silva,Analista de Service Desk
34340,Dra. Heloísa Monteiro,Analista de Service Desk
34342,Sra. Lorena Araújo,Consultor SAP MM Jr
34343,Benjamin Ferreira,Consultor SAP ABAP
34344,Maria Helena Vieira,CONSULTOR SAP WM
34345,Sr. Benício Farias,Líder/ Consultor
34346,Dra. Júlia Farias,Desenvolvedor IOS
34347,Caleb Fernandes,Desenvolvedor Java
34348,Sabrina Moraes,Desenvolvedor Java
34349,Benjamim Pastor,Desenvolvedor Java
34350,Luara Mendes,Back End
34351,Srta. Emanuelly Novais,Desenvolvedor Java
34352,Enrico da Paz,Consultor SAP ABAP
34353,Dra. Allana Sousa,Gerente de Sustentabilidade
34356,Juan Ramos,Consultor SAP MM
34358,Isadora Nunes,QA
34359,Heloisa Almeida,Analusta de Negócios
34360,Sra. Lara Porto,QA
34361,Olivia Duarte,Analista Fiscal
34362,Dr. Samuel Pires,ANALISTA CONTABIL JR
34363,Allana Cunha,ANALISTA CONTABIL JR
34364,Dra. Lunna Mendes,Administrativo
34365,Ana Luiza Ferreira,ANALISTA CONTABIL JR
34366,Jade Santos,ANALISTA CONTABIL JR
34367,Dr. Pietro Sá,Consultor SAP MM
34368,Luiz Otávio Peixoto,ANALISTA CONTABIL JR
34369,Dra. Maria Cecília Peixoto,ANALISTA CONTABIL JR
34370,Murilo Correia,ANALISTA CONTABIL JR
34372,Aylla Cavalcanti,Desenvolvedor Java
34373,Matteo Ribeiro,ANALISTA CONTABIL JR
34377,Vinícius Ramos,FRONT‑END DEVELOPER
34378,Srta. Isabel Almeida,FRONT‑END DEVELOPER
34379,Dra. Zoe Rodrigues,Analista de Infra Estrutura
34380,Henry Oliveira,FRONT‑END DEVELOPER
34381,Ana Júlia Teixeira,Gerente de TI
34382,Enzo Costela,FRONT‑END DEVELOPER
34383,Léo Gomes,FRONT‑END DEVELOPER
34384,Eduarda Fernandes,Java Back End Developer
34385,Dra. Juliana Pacheco,SAP ABAP
34387,Henry Siqueira,Analista BI
34388,Hellena da Luz,CONSULTOR BASIS
34389,Sr. Theodoro Sampaio,Assistente de Sistemas
34390,Marcelo Martins,Engenheiro Ambiental
34391,João Felipe Aparecida,Android Team Lead
34392,Sr. Rodrigo Martins,Consultor SAP HCM
34393,Antônio Borges,Consultor SAP MM
34395,Maria Julia Borges,Consultor SAP Cloud
34396,Sra. Clara Costa,Consultor SAP FI/CO
34398,Sr. Rafael Fernandes,Gerente de Projetos
34399,Raquel Macedo,Analista Contabil
34400,Levi Freitas,Analista Contabil
34401,Sr. Bruno da Cunha,Analista Contabil
34402,Liz Correia,ANALISTA DE TESTES
34403,Hadassa Cavalcanti,Engenheiro de Dados Azure
34404,Sr. Apollo Borges,Engenheiro de Dados Azure
34405,Rebeca da Costa,Engenheiro de Dados Azure
34406,Sr. Enzo Gabriel Souza,Engenheiro de Dados Azure
34407,Luiz Miguel Cavalcanti,Engenheiro de Arquitetura Cloud
34408,Dr. Henry Gabriel Aparecida,Engenheiro de Dados Azure
34409,Paulo Silva,Engenheiro de Dados Azure
34410,Oliver Câmara,Data Engineer
34411,Isis das Neves,Consultor
34413,Luiz Miguel Novais,Fiscal / Contábil
34414,Théo Andrade,Fiscal / Contábil
34415,Catarina Lopes,Fiscal / Contábil
34416,Maria Laura Pereira,Fiscal / Contábil
34417,Luna Pastor,ENGENHEIRO DE DADOS
34418,Luiz Henrique Pastor,ENGENHEIRO DE DADOS
34419,Sr. Caleb da Costa,Consultor SAP ABAP
34420,Theodoro da Conceição,ENGENHEIRO DE DADOS
34421,Manuella Melo,Analista Cloud
34422,Vitor Hugo Ferreira,ENGEHEIRO DE DADOS
34423,Maya Novais,QA
34424,Rodrigo Macedo,ENGENHEIRO DE DADOS
34425,Milena Ferreira,ENGENHEIRO DE DADOS
34426,Srta. Ana Sophia Santos,ENGENHEIRO DE DADOS
34427,Sr. Luiz Henrique das Neves,Gerente de T.I
34428,Rafael Oliveira,Analista de Processos
34430,Sra. Ester Barbosa,Desenvolvedor JAVA
34431,Benjamim Rios,QA
34432,Yasmin Macedo,Analista de processos
34433,Sr. Paulo Abreu,ANALISTA FINANCEIRO
34434,Dra. Maya Andrade,Analista de Service Desk
34435,Júlia Cassiano,ANALISTA FINANCEIRO
34436,Alice Moura,ENGENHEIRO DE DADOS
34437,Juliana Pires,ANALISTA FINANCEIRO
34438,Clarice Lima,TESTE
34439,Ana Beatriz Vasconcelos,ANALISTA FINANCEIRO
34440,Sophie Câmara,ANALISTA FINANCEIRO
34441,Sra. Alexia da Mata,ANALISTA FINANCEIRO
34442,Isaac Martins,SAP
34443,Rafael Martins,ANALISTA FINANCEIRO
34444,Sr. Diego Rios,ANALISTA FINANCEIRO
34445,Srta. Sabrina Melo,ANALISTA FINANCEIRO
34446,Dra. Agatha Novaes,ANALISTA FINANCEIRO
34447,Brenda Leão,Consultor SAP SD
34448,Catarina Lima,Service Desk
34449,Srta. Helena Pereira,Analista de Service Desk
34450,Francisco Pacheco,Analista de Service Desk
34451,Manuela Nunes,Engenheiro de Dados
34452,Luna Fonseca,Segurança da Informação
34453,José Pedro da Cunha,Ariba
34454,Ana Sophia Gomes,Analista de processos
34455,Srta. Valentina da Conceição,Consultor SAP ABAP
34456,Brayan da Rocha,ENGENHEIRO DE DADOS
34457,Guilherme Castro,Técnico de Suporte TI Especialista | Técnico Telecom
34458,Ana Carolina Aragão,CONSULTOR SAP FI PLENO
34459,Maria Flor Almeida,Arquiteto Cloud
34460,Miguel Casa Grande,TESTE
34461,André Novaes,Arquiteto Cloud
34462,Francisco da Cunha,Arquiteto Cloud
34463,Anthony Gabriel Lopes,TESTE
34464,Isaac Novaes,DBA
34465,Vinicius Aparecida,TESTE
34466,Dr. Juan Câmara,ENGENHEIRO DE DADOS
34467,Isabel Dias,ENGENHEIRO DE DADOS
34468,Sophia Cunha,ENGENHEIRO DE DADOS
34469,Sr. Rael Cassiano,Desenvolvedor Android
34470,Daniela Fernandes,Engenheiro Oracle
34471,Juliana Marques,Engenheiro Oracle
34472,Dr. Vinicius Pacheco,Engenheiro Oracle
34473,Erick da Mata,ANALISTA DE PROCESSOS
34474,Rhavi Borges,Engenheiro de Dados
34475,Maria Cecília Teixeira,ENGENHEIRO DE DADOS
34476,Dra. Maitê Nunes,Líder SAP
34477,Laura da Mota,Fiscal / Contábil
34478,Yuri Duarte,Engenheiro de Dados
34479,Sra. Rebeca Silveira,arquiteto cloud
34480,Gael Cavalcanti,CONSULTOR SAP MM JUN
34481,Sra. Olivia Moura,iOS Developer
34482,Rael Peixoto,ENGENHEIRO DE DADOS
34483,Rebeca Gomes,Arquitetura Cloud
34484,Rebeca Novais,ESPECIALISTA ARQUITETURA CLOUD
34486,Luiz Miguel da Cunha,Desenvolvedor IOS
34487,Dr. Mathias da Costa,Analista SAP
34488,Olívia Carvalho,Consultor SAP FI/ TDF
34489,Manuela Dias,Engenheiro Oracle
34490,Dr. Thomas Viana,Consultor SAP FI/ RE
34491,Kaique Almeida,Assistente Contabil
34492,Benicio Montenegro,Assistente Contabil
34495,Marcela Costa,Jovem aprendiz administrativo
34499,Maria Luiza Melo,Secretaria/recepcionista
34501,Sra. Amanda Almeida,Auxiliar Administrativo
34505,Bárbara Aparecida,Recepcionista
34541,Ana Vitória Araújo,Auxiliar
34589,Srta. Lara Montenegro,Aux. Administrativo
34594,Leandro Pastor,auxiliar administrativo
34595,Evelyn Câmara,Assistente Administrativo
34596,Levi Melo,Auxiliar Administrativo
34613,Yan da Luz,Desenvolvedor PLSQL
34623,Ravy Ferreira,Auxiliar Administrativo
34625,Ian Farias,Fiscal de loja/controle de acesso
34627,Ravi Novaes,Controlador de acesso
34638,Sara Rodrigues,Assistente administrativo
34641,Sr. Leandro da Cunha,Estagio
34650,Isabela Pereira,Segurança
34656,Sr. Pedro Lucas Moura,Controlador de Acesso
34673,Luan Silva,Recepcionista
34674,Dra. Alice Cirino,Auxiliar de Operações
34677,Sr. Ravi Borges,Estudante
34684,Sr. Enrico Câmara,Controlador de Acesso
34688,Bárbara Viana,Analista administrativo
1725,Gustavo Henrique Cavalcanti,Cientista de Dados
1737,Maria Sophia Farias,Desenvolvedor web
1771,Bernardo Brito,Analista de Teste PL
1782,Nicolas da Mota,CONSULTOR SAP SD SR
1797,Sr. Noah Costa,Analista de Teste
1810,Manuella Almeida,Postgres
1828,Davi Lucas Vasconcelos,DBA SQL Server
1831,Isabelly Brito,Analista de Sistemas Sênior
1834,Dra. Beatriz das Neves,SOA / java
1848,Milena Brito,CONSULTORA SAP BI – BW/BO/HANA/SAP ANALYTICS CLOUD (SAC)
1849,Rael Pires,SAP BW
1850,João Felipe Sousa,Basis
1852,Luiz Otávio Monteiro,SAP – FI/CO/PS/IM
1853,João Miguel Vargas,SAP HCM
1854,Ana Júlia Leão,SAP HCM PA/PD/OM
1859,Luiz Henrique Andrade,Consultor de SAP EH&S
1870,Arthur Miguel da Conceição,SAP HCM EH&S SR.
1884,Thomas Monteiro,.net
1895,Manuela Moreira,.net
1896,Ana Lívia Cavalcanti,.net
1904,Manuela da Rocha,.net
1908,Srta. Melina da Costa,.net
1917,Sr. Anthony Gabriel Rios,CONSULTOR BO SR / Analista de B.I
1929,Vinícius da Rosa,.net
1931,Srta. Ana Cecília das Neves,Desenvolvedor Java
1944,Pietra Fernandes,.net
1962,Sr. Mathias Andrade,.net
1971,Sr. Fernando Ramos,.net
1974,Srta. Allana Pereira,.net
1979,Emanuel Nunes,CONSULTOR MM SR
1982,Hadassa Alves,CONSULTORA SD SENIOR
1993,Heitor Aragão,.Net
2005,Yuri Silva,.Net
2018,Marcelo Azevedo,CONSULTOR SD SENIOR
2020,Isadora Costa,.Net
2025,Beatriz Moraes,CONSULTOR SD SENIOR
14002,Juliana Macedo,
14003,Yago Costa,
14005,Beatriz Porto,
14006,Matteo Pires,
14010,Marcos Vinicius Ferreira,
14018,Maria Alice Mendonça,
14019,Mariah Nogueira,
14023,Srta. Brenda Montenegro,
14025,Lucas Lima,programação java
14026,Maria Helena Duarte,
14027,Srta. Giovanna Moura,
14028,Ester Mendes,
14029,Felipe Ribeiro,
14030,Dr. Nicolas Cardoso,
14033,Pedro Henrique Correia,
14034,Giovanna Sampaio,
14035,Isaque Aparecida,"TI, Qualquer vaga relacionada"
14036,Giovanna Duarte,
14037,Evelyn da Luz,
14038,Arthur Gabriel Leão,
14039,Dra. Maria Helena Moreira,Consultor (a) SAP
14041,Sophie Nogueira,
14042,Marcelo Mendonça,
14043,Sr. Cauê Gonçalves,
14045,Isabelly Carvalho,
14046,Catarina Freitas,
14047,Emanuella Duarte,Crescer profissionalmente com o que gosto de fazer
14049,Rhavi Pereira,
14052,Srta. Evelyn Cavalcante,
14055,Noah Costa,Aplicar todo o meu conhecimento adquirido na função a mim designada e fazer o melhor para todos.
14058,Yago Vieira,
14059,Raul Ribeiro,Consultor SAP CO
14060,Davi Lima,
14062,Caio Cassiano,CONSULTOR FI-AA/AP/AR/ GL
14064,Bento Marques,
14065,Gabrielly Jesus,
14066,Lívia da Cruz,
14067,Sra. Isadora Ribeiro,
14068,Maria Sophia Fonseca,Gerente Marketing
14069,Ayla Barros,
14070,Antônio Andrade,
14071,Dr. Enrico Castro,
14072,Marcela da Mota,
14073,Sofia da Luz,
14081,Ana Sophia Ferreira,
14082,Sr. Ravy Sá,
14085,Dr. Caleb da Luz,
14086,Danilo Campos,Analista de Recursos Humanos
14088,Larissa Silva,CONSULTOR SAP CO
14093,Carlos Eduardo da Mota,
14094,Alexandre Correia,Qualificação
14095,Srta. Isadora Novaes,Analista de T.I
14096,Dr. Luan Farias,Analista de Infraestrutura
14098,Dr. Bruno Pires,
14101,Leandro Abreu,
14105,Dr. Gustavo Sampaio,
14107,Camila Garcia,
14111,Oliver Guerra,
14112,Maria Liz Lopes,"Gestão na área de Telecom e TI de forma que meus conhecimentos possam trazer benefícios e agregar valor para empresa, aprimorando também minhas habilidades."
14113,Alícia Freitas,
14114,Davi Luiz Cunha,Gerente
14115,Marina Fogaça,Analista de suporte
14118,Isis Moreira,Consultor SAP FICO
14123,Luiz Gustavo Duarte,Adentrar no mercado de desenvolvimento em TI
14125,Caroline Rocha,
14126,Lucca Gonçalves,Consultor SAP BI/BO/BW_BPC/LUMIRA
14127,Gabrielly Rezende,
14130,Vitor Gabriel Peixoto,Consultor SAP MM
14134,Cecilia Azevedo,
14135,Eduarda Pereira,
14136,Alícia da Cunha,
14138,Srta. Cecilia Souza,
14139,Stephany Rocha,
14140,Mathias da Rocha,Gerente de projetos SAP
14141,Isabela Melo,
14142,Bianca Gomes,
14144,Srta. Lara Aparecida,CONSULTOR GRC/ NFE/ PI/PO/XI
14145,Mariane Brito,
14146,Kaique Ribeiro,
14148,Sabrina da Costa,Líder de Projetos e Serviços - Scrum
14149,Dom Jesus,
14150,Augusto Moreira,
14151,Clara Fernandes,
14152,Srta. Isis Azevedo,CONSULTOR SAP BASIS
14153,Francisco Silveira,
14155,Ana Liz Pires,
14157,Sr. Luiz Otávio Porto,
14158,Daniela Cardoso,Assistente administrativo/financeiro
14159,Luiz Otávio Vieira,
14160,Alice Costa,
14164,Apollo da Rocha,Supply Chain Management SAP APO / IBP
14165,Alexia Vasconcelos,
14167,Srta. Isabel Novais,Consultoria SAP Modulo FI CO
14168,Nicolas Rodrigues,
14169,José Pedro Peixoto,
14170,Sra. Bella das Neves,Analista / Desenvolvedor Web
14172,Felipe Alves,
14173,Dr. Carlos Eduardo Rios,
14174,Beatriz Santos,Desenvolcedor
14177,Sra. Gabrielly Pereira,
14179,Dra. Ana Laura Pimenta,Área Administrativa
14180,Benício Vieira,
14181,Bárbara Souza,
14182,Sophie Cassiano,
14185,Sra. Isadora da Mota,Consultor SAP
14186,Maria Cecília Vargas,
14188,Isaque Barbosa,Analista de Testes
14192,Liz Cardoso,
14195,Sr. Vitor Hugo Barbosa,Construir uma carreira na minha area
14197,Pietra da Rosa,
14198,Luiz Gustavo Gonçalves,
14203,Otto Aparecida,Consultor SAP FM/CO
14208,José Ramos,
14211,Dr. João Guilherme Monteiro,
14212,Olivia Carvalho,
14213,Miguel Pereira,
14214,Rhavi Azevedo,Consultor Protheus
14215,Dra. Maria Helena Casa Grande,
14216,Théo Viana,
14217,Rodrigo Pires,GERENTE DE PROJEOS SAP/ PMO
14218,Dr. João Oliveira,
14219,Srta. Aurora Marques,Programador SAP ABAP
14220,Srta. Maria Eduarda Moura,
14221,Fernando Almeida,
14222,Antônio da Cunha,
14223,Rodrigo Ramos,
14224,Brayan da Conceição,Gerência ou Coordenação
14225,Sara da Cunha,
14227,Camila Vargas,
14228,Marcela Monteiro,
14229,Brayan Araújo,Consultor Funcional SAP
14231,Luiz Gustavo Gomes,
14232,Dr. Renan Sampaio,Analista de infraestrutura
14235,Matteo Costela,
14237,Ayla da Costa,
14245,Ana Vitória Albuquerque,Atuar na área de Infraestrutura
14246,Dr. Caleb Pimenta,Atuar na área de Infraestrutura de TI
14248,Felipe Vargas,Consultor SAP SD
14249,Maria da Cruz,
14251,Ana Clara Novais,Scrum Master
14252,Srta. Maria Isis Alves,
14255,Liam Fogaça,Trabalho profissional regular com possibilidades de aprendizado e crescimento profissional e pessoal
14260,Igor Nogueira,
14266,Gabrielly Pastor,
14268,Srta. Cecilia Vasconcelos,
14271,Laís Vargas,
14272,Benjamim da Conceição,
14276,Mathias Moreira,
14277,Fernando Sá,Analista
14278,Ana Rezende,
14279,Dr. Davi Luiz Aparecida,
14280,Aylla Machado,
14281,Melissa Rios,
14283,Luiz Otávio Fonseca,Analista Sênior
14286,Lorena Viana,
14287,Brayan Almeida,
14288,Enrico Mendes,
14289,Amanda Gonçalves,
14290,Gael Nascimento,
14291,Emilly Rezende,
14293,Anna Liz Moreira,Analista de Qualidade /Processos /Governança
14294,Lorena Ferreira,
14295,Yago Cunha,Especialista SAP SAP TDF
14296,Kaique Cunha,
14297,Larissa Andrade,Analista de Operação
14299,Carlos Eduardo Ramos,
14302,Srta. Ana das Neves,
14303,Dra. Clara Moura,Consultor SAP PS/IM/PM
14304,Josué Rios,
14306,Luiza da Rosa,
14307,Carolina da Mata,
14312,Vitor Hugo Vasconcelos,Ciência / Engenharia de Dados (Data Science / Engineering)
14314,Luiza das Neves,Projetos
14315,Luísa Caldeira,
14316,Leandro Montenegro,Estagio
14318,Guilherme Peixoto,Consultor Funcional Sr
14319,Yasmin Rodrigues,
14321,Dra. Yasmin Pacheco,
14324,Manuella Moreira,
14327,Lucas Vieira,Analista de Sistemas / Processos / Projetos
14328,Vitor Hugo Pinto,
14333,Sabrina Peixoto,TI - Processos e Negócios
14334,Srta. Ana Laura Rezende,Analista Desenvolvedor de Sistemas PL/SQL Oracle
14335,Sr. João Felipe Camargo,
14337,Gustavo Nascimento,
14339,Eduarda Camargo,
14340,Vitor Gabriel Rodrigues,
14341,Luiza Barros,analista de sistemas
14343,Matteo Viana,Consulta SAP Senior
14359,Giovanna Garcia,
14362,Sr. Apollo Porto,
14367,Melina Jesus,Consultoria SAP / Gestão de Projeto / Gestão de Negócio
14370,Srta. Daniela Moraes,
14371,Sr. Gael Aragão,Designer
14372,Josué da Rocha,
14378,Thiago Fogaça,Análise de Dados para negócio
14382,Lívia Camargo,
14384,Sofia Vargas,
14385,Arthur Miguel Ramos,
14387,Rodrigo Rodrigues,
14388,Jade Freitas,
14389,Heloísa Pinto,
14391,Liam Araújo,
14400,Lorena Nunes,
14403,Vitor Cavalcanti,
14409,Srta. Ana Laura Martins,
14411,Arthur Miguel Jesus,Consultor SAP
14412,Enzo Mendonça,CONSULTORA SAP SD
14413,Enzo Gabriel Santos,
14414,Zoe Fonseca,
14416,Otávio Marques,Consultor SAP PP QM PM PS
14419,Dra. Eloá Costela,"CONSULTOR SAP SRM, MM e Ariba"
14421,Milena Garcia,
14422,Dra. Laura Siqueira,
14423,João Lucas Santos,
14424,Sra. Marcela Cavalcante,
14426,Kaique Souza,
14428,Dra. Mirella Nascimento,
14433,Sra. Maria Julia Pires,Analista de Infraestrutura
14434,Cecília Pereira,
14435,Sra. Ana Clara Rodrigues,
14436,Marina Dias,
14437,Ana Luiza Abreu,
14438,Ana Luiza Abreu,Analista de Suporte / Analista de Infraestrutura /Windows Server Administrator
14440,Danilo da Costa,
14444,Clarice Câmara,
14445,Carlos Eduardo Novais,
14446,Ana Luiza Camargo,
14447,Henrique Melo,
14450,Sr. Otávio Pinto,
14452,Ágatha da Mota,
14455,Fernanda Sá,Areá Administrativa
14456,João Gabriel Cavalcanti,
14461,Pedro Lucas da Cunha,
14462,Sr. Asafe Fonseca,Analista de Infraestrutura
14467,Francisco Ribeiro,Administrativo
14474,José Carvalho,
14475,Sr. Marcelo Fernandes,
14476,Renan Ferreira,
14479,Maria Eduarda Rocha,
14480,Srta. Alice Rios,
14481,Luigi Marques,
14482,Luiza Moreira,Gerente de Projetos
14483,Henry Gabriel Ramos,"Product Owner, Project Manager"
14485,Erick Lopes,Desenvolvedor .net
14486,Yago Santos,
14487,Sra. Lunna Carvalho,
14488,Maria Cecília Andrade,
14489,Srta. Maria Azevedo,
14490,Camila Oliveira,
14492,Rafael Aparecida,
14493,Ana Luiza Casa Grande,
14494,Srta. Camila Mendes,
14495,Josué Cunha,
14496,Nathan Melo,Analista Funcional - Engenharia de Produção
14497,Davi Luiz Costela,
14498,Dr. Thales Moreira,
14499,Thomas da Luz,
14500,Cecília da Mata,"Engenharia de Produção, Administração., Comercial"
14501,Lavínia Vieira,
14502,Sr. Thiago Teixeira,
14503,Noah Aragão,Administrativo
14505,Clara Vargas,
14506,Dr. Ryan Pires,"Gestão de Projetos, Agile Coach"
14507,Isis Santos,
14508,Liz Cavalcanti,
14509,Ana Sophia Vargas,
14510,Sra. Laís Fernandes,
14511,Bruna Ferreira,
14512,Luiz Fernando Marques,"Atuar como especialista em métodos ágeis nas funções de Agile Coach, SAFe Agilist, Scrum Master, Agile Product Management e Product Owner;"
14514,Pedro da Cruz,TI
14515,Vitor Araújo,
14517,Liz Moraes,
14521,Bryan da Mota,
14523,Luiz Otávio Nunes,
14524,Arthur Gabriel Pires,
14525,Paulo Silveira,Consultor de Sistemas SAP
14529,Sophie Rocha,
14533,Sr. Theodoro Mendes,
14534,Pedro Miguel Moreira,
14535,Bruno Câmara,
14537,Lívia Aragão,
14538,Evelyn Alves,
14540,Sr. Pedro Lucas Leão,
14543,João Vargas,
14546,José Marques,
14547,Cecilia Martins,
14548,Amanda Macedo,
14551,Dr. Théo Aparecida,
14552,Vinícius da Cruz,Consultor BW HANA Sênior
14554,Camila Fogaça,
14555,Matheus Caldeira,
14557,Maria Luísa da Cruz,
14558,Samuel Pimenta,
14559,João Miguel Oliveira,
14561,Vitor Hugo Pimenta,
14564,Srta. Camila Fogaça,
14565,Vitória Caldeira,
14566,Yasmin Ferreira,
14567,Rafael Vargas,
14568,Melissa Barros,
14569,Dr. Enrico Machado,
14572,Theodoro Martins,
14573,Laís Costela,Analise e Engenharia de Dados
14574,Daniel Cassiano,Coordenação de Projetos e desenvolvimento de TI
14577,Maria Júlia Fonseca,Encarar novos desafios em projetos SAP
14578,Gael Garcia,
14579,Dra. Emilly Borges,
14582,Dra. Maria Luísa Siqueira,
14583,Henry Gabriel Alves,"Atuar na entrega com qualidade de serviços de TI : Projetos, Suporte, Requisitos e afins."
14584,Isaque Melo,
14585,Erick Caldeira,
14589,Sra. Ana Santos,
14590,Sra. Bianca Farias,
14591,Mariah Souza,Analista PMO
14592,Arthur Miguel Andrade,
14593,Maria Júlia Castro,
14594,Kevin Rios,
14596,Dr. Leandro Rocha,
14597,Maria Sophia Costela,
14598,Vitor da Rocha,Consultor SAP CO
14599,Dr. Isaac Vargas,
14600,Pedro Miguel da Rosa,
14603,Ana Júlia Montenegro,Estou à procura de novos desafios na área de Analista de Suporte e acredito que sua empresa possa ter interesse em minhas qualificações.
14606,Cecilia Vieira,
14607,Giovanna Siqueira,Em busca de crescimento profissional
14609,Luiz Felipe Novaes,Tec. Seg. Trabalho
14610,Larissa da Cruz,
14611,Heloisa Sampaio,
14613,Luísa Barros,Arquiteto de Soluções / Arquiteto de Sistemas / Atuar como Analista de Sistemas.
14614,Stella Pimenta,
14615,Dr. Luiz Miguel Pimenta,
14616,Laura Peixoto,
14617,Diogo Montenegro,
14623,Bruna Cavalcanti,
14624,Gustavo Castro,
14625,Caroline Sá,
14626,Sr. Igor Nogueira,Analista PMO
14627,Mariana Sousa,SAP HCM HR
14628,Srta. Valentina Macedo,Analista de Suporte em TI
14629,Alana Sales,
14630,Dr. Leonardo Oliveira,
14631,Milena Nogueira,
14632,Dr. Rhavi Araújo,
14634,Bruno Alves,Analista
14635,Maria Flor Oliveira,
14636,Vitor Gabriel Cirino,
14638,Maria Cecília Gonçalves,CONSULTORA SAP SD
14639,Sra. Ana Liz Guerra,
14640,Enrico Jesus,
14642,Maria Luiza Aparecida,Analista de Projetos de TI - PMO
14643,Ana Carolina Oliveira,
14644,Dra. Maria Julia Silva,
14647,Yan Silva,Analista de Sistemas
14648,Luiza Azevedo,Suporte/TI
14649,Vitor Hugo Campos,Gerente de Projetos
14652,Sr. Benicio Viana,
14653,Mariah Cardoso,
14654,Bruno Casa Grande,
14655,José Miguel Ribeiro,
14657,Dra. Maysa Araújo,
14658,Helena Barbosa,
14659,Dom Gonçalves,
14662,Rodrigo Novais,
14663,Hadassa Casa Grande,
14664,Letícia Nascimento,
14665,Levi Macedo,Analista de Projetos | PMO
14667,Lorenzo Pinto,
14669,Sr. Apollo da Costa,
14670,Isabelly da Cunha,
14672,Marcelo Fogaça,
14673,Dra. Heloisa Machado,
14674,Yago da Mata,
14675,Henry Monteiro,
14677,Dra. Juliana Pereira,Consultor SAP TM
14679,Luiz Fernando Monteiro,Consultor/Analista de BI
14680,Sr. Pedro Miguel Araújo,
14681,Antonella Nunes,
14685,Agatha Cardoso,
14686,Gabriel Novais,Consultor SAP MM
14687,Bryan da Luz,Consultor SAP MM
14688,Eloá Vasconcelos,TI- desenvolvedor/programação
14689,Pedro Miguel Ferreira,
14690,Manuella Andrade,
14691,Valentina Vargas,
14694,Dom Leão,
14695,Murilo Farias,Processos e negócios em TI
14696,Dr. Erick Silva,
14697,Sr. Theo Mendes,
14698,Sr. Felipe Nascimento,
14699,Samuel Pereira,
14701,Ana Luiza Brito,
14703,Joana Barros,Consultor SAP TM
14704,Cecília Azevedo,
14705,Levi Pires,Desenvolvedor .NET
14706,Luigi Fogaça,
14707,Hellena Campos,Analista/ Desenvolvedor .NET C# Asp.Net
14708,Vinicius Costa,Dynamics CRM
14709,Dr. Levi Cassiano,
14710,Sarah Peixoto,PMO SAP Sênior
14711,Isabella Fogaça,Especialista em Dados
14712,Dr. Lorenzo Montenegro,
14715,Laura Monteiro,
14716,João Vitor Jesus,CONSULTOR SAP MM
14717,Yago Alves,
14718,João Abreu,
14719,Pedro Henrique Aragão,Alocação para projeto
14720,Matheus Rodrigues,Consultor Master Data
14722,João Pedro da Costa,CONSULTORA QM-DMS/Senior
14725,Diego da Rosa,
14726,Thomas Pereira,
14727,Ayla Silveira,
14733,Yuri Nascimento,
14735,Melissa Porto,Finalização de Vídeo
14737,Anthony Sampaio,
14738,Srta. Bárbara Ribeiro,
14739,Dra. Alícia Sousa,"QA, Agile Tester, Analista/Executor de Teste e Qualidade de Software;"
14742,Dr. Thomas Silveira,
14743,Maria Helena Cavalcanti,
14745,Henrique Mendonça,Qualidade/Testes
14746,Ana Carolina Santos,
14747,Elisa Macedo,
14749,Srta. Cecília Fogaça,
14750,Srta. Julia Freitas,
14751,Sr. Gustavo Henrique Porto,CONSULTOR TÉCNICO-FUNCIONAL SAP ABAP
14752,Benicio Cassiano,
14753,Zoe das Neves,
14754,Rafaela Santos,
14755,Dr. Juan Cavalcante,
14756,Srta. Evelyn Teixeira,
14758,Srta. Maria Sophia Moraes,Crescimento profissional
14760,Srta. Heloisa Cunha,
14761,Maria Luísa Moraes,
14762,Ester Jesus,
14764,Stephany Andrade,
14766,Joana Sousa,Desenvolvedor de Software
14767,Srta. Heloisa Cirino,
14769,Srta. Cecilia Fonseca,
14770,Nina Cunha,
14771,Sr. Henrique Vieira,
14773,Ana Laura Jesus,
14774,Anna Liz da Conceição,
14775,Helena Correia,"Gerente, Coordenador, Supervisor ou Especialista"
14779,Ísis Andrade,
14780,Eduardo da Luz,
14781,Mathias da Cunha,
14783,Samuel Jesus,
14786,Srta. Allana Fernandes,
14787,Sra. Camila Viana,
14789,Letícia Mendonça,
14791,Sr. Levi Siqueira,
14792,Enzo Barbosa,
14794,Yuri Fernandes,
14796,Eduardo Azevedo,ANALISTA DE DADOS
14797,Erick Carvalho,
14798,Francisco Almeida,Desenvolvedor de Software
14804,Sr. Thiago Cirino,
14805,Bernardo Ribeiro,Aprimorar conhecimentos e sequência na carreira
14806,Dr. Vitor Gabriel Cavalcante,
14807,Maria Luísa Pires,
14808,Anthony Mendes,Analista Fiscaç/contabil
14810,Catarina da Cruz,
14811,Sr. Yago Oliveira,
14812,Maria Julia Nascimento,Tecnologia da informação
14813,Mateus Montenegro,
14815,Dr. João Borges,
14816,Sra. Esther Duarte,
14818,Arthur Miguel Viana,
14820,Ayla Barbosa,Consultor SAP
14822,Emanuel Marques,Consultor SAP MM
14825,Fernando Pastor,CONSULTOR SAP BASIS/ SOLMAN
14826,Anna Liz Siqueira,
14827,Maysa Nogueira,
14828,José Miguel das Neves,
14829,Murilo Cavalcanti,
14830,Dr. Théo Araújo,
14832,Julia Sousa,
14833,Eloah Novaes,
14834,Heloísa Brito,Fazer parte de uma equipe de projetos altamente competente
14835,Mateus Jesus,
14836,Alice Gomes,
14837,Maria Júlia Novaes,
14841,Agatha Montenegro,
14843,Isabella Pinto,
14844,Emanuelly Campos,
14845,Rafaela Monteiro,T.I / B.I / Desenvolvimento
14846,Bernardo Dias,Analista Contábil
14847,Pedro Lucas Cunha,
14849,Manuela Castro,
14850,Melissa Costa,Analista de Sistema
14851,Alana Azevedo,
14853,Dr. Isaque Oliveira,
14855,Anthony Monteiro,
14856,Apollo Aparecida,Analista segurança da informação
14857,Benicio Caldeira,
14858,Ana Clara Abreu,
14861,Pietra Dias,Analista de suporte
14863,Nicolas Ramos,Oportunidades SAP ABAP e S/4 HANA
14864,Maria Clara Freitas,
14865,Ana Campos,
14868,Luiz Miguel Cardoso,
14870,André Castro,
14871,Sr. Caleb da Luz,
14872,Nathan Alves,
14873,Maysa Mendonça,
14874,Dr. Matteo da Costa,
14875,Natália Castro,Consultor SAP ABAP/ Data Migration / EDI / Netweaver Odata / Mobile
14877,Sr. Luiz Henrique da Cruz,
14878,Esther Novaes,Consultor SAP MM Sr
14880,Bento Ramos,
14881,Antonella Vieira,Analista de Negocios
14882,Maria Alice Vieira,Scrum Master ou PO ou GP
14883,Sra. Isabel Nunes,Scrum Master
14884,Maria Eduarda Caldeira,
14885,Oliver Martins,
14886,Davi Viana,Gerente de Projetos / Gerente de Serviço / Scrum Master
14887,Dra. Ana Julia Cardoso,
14888,Olivia Caldeira,
14889,Isabel Macedo,Scrum Master
14890,Nicolas Nascimento,
14892,Maria Liz Nunes,Analista de Negócios/Programação em SQL
14894,Valentina Pastor,Analista de Negócios / Gerente de Projetos / Gerente de TI
14895,Pedro Lucas Duarte,
14896,Sr. Vinicius Fonseca,
14897,Sr. Pedro Henrique Correia,
14898,Alexandre Gomes,
14899,Júlia Montenegro,CONSULTOR SAP CO
14900,Vitor Gabriel Rios,
14901,Sr. Enzo Gabriel Cassiano,
14902,Maria Julia Vieira,Analista Desenvolvedor Web
14905,Dr. Guilherme Duarte,
14906,Antônio Lima,
14907,Guilherme Melo,
14909,Lorenzo Caldeira,
14910,Dra. Hellena Almeida,
14911,Fernando da Luz,
14912,Alice Peixoto,
14913,Maria Flor Teixeira,"Colaborar em um ambiente de trabalho onde possa colocar em pratica meus conhecimentos em favor da instituição na qual viso integrar, focando sempre o beneficio e o crescimento da organização e o crescimento profissional."
14914,Maria Helena Pacheco,Qualidade/Testes
14915,Nina Duarte,Atuar como COosultor GRC AC e áreas afins
14917,Raul Santos,
14918,Dra. Maria Clara Vasconcelos,
14919,Maria Isis Monteiro,
14920,Ana Sophia Rodrigues,
14921,Ana Carolina Fonseca,
14922,Hadassa Santos,
14923,Sarah Cunha,
14924,Enrico da Mata,
14925,Ana Nunes,
14927,Fernanda Costa,Consultor SAP Basis
14929,Henry Gabriel Teixeira,
14931,Lorena Barros,
14932,Ana Vitória Cirino,Desenvolvedor FULLSTACK
14933,Olívia Viana,
14934,Dr. Davi Lucca Gonçalves,CONSULTOR SCP/CPI/UI5
14935,José Nascimento,
14937,Juan Rodrigues,
14939,Pedro Miguel Sampaio,
14942,Sr. Danilo Pires,Analista de Monitoração / Operador de Computador / Analista de Produção
14943,Sofia Pires,
14944,Pedro Lucas Freitas,
14945,Enrico Teixeira,
14946,Melissa Ferreira,
14947,Carolina Câmara,
14948,Sra. Isabel Albuquerque,
14949,Sra. Maria Cecília da Rocha,
14953,Marina Cunha,
14954,Davi Luiz Barbosa,
14955,Eloah Albuquerque,Security
14956,Esther Cavalcanti,
14957,Sr. Pedro Pereira,Diretor / Gerente de TI
14959,Vitor Gabriel Fogaça,
14962,Lorenzo Fonseca,Área Financeira / Recursos Humanos
14963,Eloá Freitas,
14964,Antony Andrade,
14965,Sr. Lucca Fonseca,
14966,Carolina Gomes,Segurança da Informação
14967,Dr. Breno Silveira,
14968,Murilo Guerra,
14969,Ravy Freitas,Banco de Dados
14970,Bernardo Araújo,
14971,Manuella Casa Grande,
14972,Otto Casa Grande,
14973,Dr. Pietro Souza,
14974,João Pedro Pires,
14975,Maria Luísa Pereira,Analista de Processo
14976,Dra. Clarice Camargo,
14977,Dra. Maria Fernanda Cavalcante,
14978,Sra. Eloah Camargo,
14979,Luara Aragão,
14980,Dra. Julia Cavalcanti,Gerente de Projetos & Serviços / Especialista em Governança
14982,Cecília Sousa,
14983,Bento Pereira,
14984,André Aragão,Auditoria de Qualidade
14985,Sr. Davi da Cruz,
14986,Manuella Pacheco,
14988,Isabel Teixeira,Especialista \ Coordenador \ BI
14990,Théo Mendonça,
14995,Dr. Henry Albuquerque,SAP
14996,Sra. Ana Lívia Pires,
14997,Srta. Beatriz Santos,
14999,Srta. Mariah Cavalcanti,Desenvolvedor Cobol Mainframe
37000,Ayla Sales,Cyber segurança
37002,Isadora Cavalcanti,Analista de Infra Estrutura
37003,Anna Liz Duarte,Analista de Banco de Dados
37004,Esther da Cruz,Analista de Infra Estrutura
37005,Samuel Montenegro,Java
37006,Diogo Gomes,Analista
37007,Maitê Ferreira,consultora SD
37008,Vinícius Pires,Desenvolvedor Salesforce
37009,Sra. Emanuelly Nascimento,Desenvolvedor Salesforce
37010,Maya Araújo,abap hcm
37011,João Guilherme Oliveira,Analista de Suporte
37012,Sr. Juan Almeida,Analista de Dados e ETL
37013,Yago Camargo,Gestão de monitoramento
37014,Arthur Miguel Brito,
37015,Dra. Ana Teixeira,Desenvolvedor
37016,Bruna da Luz,Infra
37017,Cauê Macedo,Suporte ERP
37018,José Ferreira,Developer JavaScript /Infraestrutura de Redes
37019,Amanda Souza,Analista
37020,Júlia Lopes,Dev
37021,João Guilherme Mendes,DBA D2B
37022,Vicente Sousa,Desenvolvedor
37023,João Miguel Aragão,Backup
37024,Jade Câmara,Desenvolvedor Node
37025,Henrique Almeida,Desenvolvedor
37026,Melina Correia,Analista de Suporte
37027,Ravy Monteiro,Analista Financeiro
37033,Sra. Sara Macedo,Consultor SAP SD
37034,Eloá Fogaça,WINDOWS
37035,Dr. Erick da Luz,Suporte
37036,Maria Isis da Cunha,Tecnico de Suporte
37037,Sr. Gustavo Vieira,Front end
37038,Heloísa Lopes,Suporte
37039,Catarina da Mata,c++
37040,Gabriel Almeida,Tecnico de Suporte
37041,Anthony Gabriel Lima,Suporte
37042,Matteo Garcia,front end
37043,Sr. Isaac da Luz,Suporte
37044,Apollo Nunes,Tecnico de Suporte
37046,Sr. Luiz Otávio Porto,c++
37047,Isaque Fonseca,Tecnico de Suporte
37048,Vinícius Andrade,Suporte
37049,Enzo Oliveira,Tecnico de Suporte
37050,Yasmin Correia,Suporte
37051,Vinicius da Paz,Tecnico de Suporte
37052,Juliana Casa Grande,Team Center
37054,Sr. Pietro Moraes,suporte
37055,Sr. Dom Silveira,C#/.Net
37056,Maysa Fernandes,DevOps
37057,Ana Luiza Dias,Windows
37060,Lívia das Neves,Desenvolvedor
37062,Arthur Aparecida,Analista
37070,Davi Nascimento,Analista de projetos
37072,Maria Júlia da Cunha,Analista de projetos
37073,Juliana Abreu,Analista de projetos
37074,Sr. Rhavi Duarte,Analista de projetos
37075,Sr. Asafe das Neves,Analista de projetos
37077,Dra. Carolina Casa Grande,java ACI
37078,Olívia Montenegro,Analista de projetos
37080,Juan Pires,Desenvolvedor
37081,Benicio Barbosa,Desenvolvedor
37082,Nicolas Aparecida,Desenvolvedor Salesforce
37083,Luiz Miguel da Mota,Estoquista Junior
37084,Dom da Mota,linux
37086,Antonella Cirino,SnowFlake
37087,Gustavo Henrique Pimenta,Tecn. Informática Sênior
37088,Arthur Gabriel das Neves,Analista de Suporte em TI
37089,Bernardo Ramos,Suporte
37090,Sra. Sabrina Vieira,Suporte
37091,Thiago Aragão,Suporte
37092,Gael Henrique Porto,Assistente de TI
37093,Sr. Léo Costa,Suporte
37094,Léo Gonçalves,Analista de redes
37095,Oliver da Conceição,Analista
37096,Aylla Silva,Desenvolvedor Jr
37097,Maria Alice Câmara,Suporte
37098,Srta. Sabrina Ferreira,Suporte
37099,Dr. Asafe Aparecida,Suporte
37100,Mariana Jesus,Ticket Manager
37101,Breno Guerra,Engenheiro de Softawe / Desenvolvedor
37102,Paulo Nascimento,Ticket Manager
37103,Pedro Henrique da Cunha,Ticket Manager
37104,Srta. Maria Luísa Lima,Analista de Projetos Junior
37106,Erick Casa Grande,Desenvolvedor Java
37107,Sra. Maria Clara Guerra,Desenvolvedor Java
37108,Manuela Aparecida,Desenvolvedor FullStack
37109,Ana Júlia Santos,Desenvolvedor Java
37111,Dr. Vicente Gonçalves,Desenvolvedor FullStack
37115,Marcela da Conceição,linux
37116,Davi Lucas Carvalho,linux
37117,Hadassa Garcia,Consultor SAP CCS
37118,Lunna Rodrigues,C#/.Net
37120,Sr. Luiz Gustavo Pimenta,Analista de Infraestrutura
37121,Luiz Gustavo Sampaio,Analista de Infraestrutura
37122,Sra. Antonella Melo,Analista de Infraestrutura
37123,Luana Câmara,Analista de Expansão - Field
37125,Rafaela Ferreira,Analista de telecomunicações
37127,Sr. Davi Lucca Nunes,Consultor SAP PP/PM/QM
37128,Lucca da Cunha,Backup
37129,Ana Cecília Farias,Ticket
37130,Srta. Luna Carvalho,consultor SAP PP QM PM
37131,Diego Machado,Developer React JS
37132,Srta. Letícia da Luz,Analista de Suporte Telecom
37133,Valentina da Mata,React
37134,Daniela Ferreira,REACT
37135,Srta. Eloá da Mata,React
37136,Maria Alice Nunes,React
37137,Sr. Henry Gabriel Rios,Analista Financeiro
37138,Daniel Nunes,financeiro
37139,Maria Júlia Borges,Desenvolvedor
37140,Luiz Gustavo da Rocha,Suporte
37141,Mariane Leão,linux
37142,Erick Nascimento,Devops
37144,Nathan Dias,Suporte Backup
37145,Zoe Jesus,Ticket Manager
37146,Felipe Cunha,.Net
37147,Rebeca Abreu,Ticket Manager
37148,Srta. Isabela Sousa,Analista
37149,Yasmin Rios,Ticket Manager
37150,Luara Pinto,Ticket Manager
37151,Sr. Cauã Silveira,salesforce
37152,Daniel Castro,salesforce
37153,Rael Azevedo,salesforce
37155,Sophie Pimenta,DBA SQL
37156,Elisa Câmara,Técnico Em Administração
37157,Davi Luiz Pinto,Assist. Adm. / Controlador de Acess
37159,Fernanda Câmara,Analista de Suporte
37160,Sr. Antônio Farias,Windows
37161,Sr. Vitor Hugo Carvalho,Desenvolvedor
37162,Sra. Ana Julia da Cunha,Desenvolvedor
37164,Mathias da Luz,Desenvolvedor
37165,Maria Alice Cavalcante,Gestão de Ativos
37167,Maria Flor Gomes,Analista de Infraestrutura
37168,Srta. Maria Flor Gomes,Desenvolvedor .NET Full Stack SR
37169,Dra. Eduarda Vargas,.NET
37170,Marina da Cunha,Gestão de Ativos
37171,Rafael Cavalcante,Consultor Funcional Distribuição JDE | Técnico em ERP JD Edwards
37174,Manuela Monteiro,Desenvolvedor
37176,Srta. Camila Rios,Consultor SAP
37177,Bárbara Castro,Analista de dados
37178,Eloá Vargas,Analista de Suporte
37179,Dr. Calebe Sousa,Analista de Infraestrutura
37181,Otávio Cavalcanti,Auxiliar administrativo
37182,Bento Novais,Assistente admnistrativo
37183,Caroline Pastor,Controlador de acesso
37184,Dr. Luiz Fernando Martins,Analista Customer Service
37185,Maria Isis da Paz,Desenvolvedor
37186,Sra. Alice Sampaio,DBA OARACLE
37188,Diego Sá,Analista de Suporte
37189,José Pedro Ramos,Analista de Suporte
37190,Valentim Novaes,Analista de Suporte
37191,Dr. José Pedro Câmara,Analista de Suporte
37197,Yan Borges,Desenvolvedor de Software
37198,Srta. Rafaela Câmara,Desenvolvedor Java
37200,Eduardo Moreira,Oracle EBS
37201,Enzo Costela,Funcional Oracle EBS
37203,Pedro Ramos,TECH RECRUITER
37204,Sr. Breno Pastor,Analista Financeiro
37205,Maysa Azevedo,programador fullstack
37206,Marcela Rezende,Software developer
37207,Luara Fernandes,.Net
37208,Leonardo Porto,Desenvolvedor
37209,Maria Sophia Ribeiro,TECH RECRUITER
37210,Gael Henrique Macedo,Tech Recruiter
37211,Lucca Abreu,Desenvolvedor
37212,Dom Cavalcante,Desenvolvedor Java Web
37213,Vinicius Mendonça,Production Support Analyst (Mainframe)
37214,Sr. Bryan das Neves,SQL Server
37215,Jade Fonseca,Auxiliar Administrativo
37217,Ana Lívia Silva,Coordenadora de Projetos
37218,Ryan Correia,Analista de Pega
37219,Dr. Breno Almeida,.Net
37220,Vinicius da Mata,Tech Recruiter
37221,Ana Laura Garcia,Atendimento
37222,Dom Cunha,Atendimento
37223,João Vitor da Cunha,Desenvolvedor Python
37224,Raquel da Mota,Desenvolvedor Salesforce
37226,Breno Casa Grande,Consultor Oracle EBS
37227,Jade Leão,Consultor Oracle EBS
37228,Ester Pacheco,Consultor Oracle EBS
37229,Emanuelly Macedo,Consultor Oracle EBS
37230,Vicente Cardoso,Consultor Oracle EBS
37231,Dra. Clarice Dias,Consultor Oracle EBS
37232,Sabrina Rodrigues,arquiteto java
37233,Nicole Albuquerque,Desenvolvedor Salesforce
37236,Srta. Lara Cavalcanti,Consultor Oracle EBS
37237,Augusto Marques,Consultor Oracle EBS
37238,Dra. Maria Sophia Nogueira,Engenheiro de software
37239,Ravy Fernandes,Engenheiro de software
37240,Henry Fernandes,Engenheiro de software
37241,Sr. Bryan Nogueira,Engenheiro de software
37242,Dr. Thales Correia,Engenheiro de software
37243,Dra. Maysa Pastor,Atendimento
37244,Alexandre da Conceição,Engenheiro de software
37245,Maitê Rocha,Engenheiro de software
37246,Sabrina Farias,Engenheiro de dados
37247,Kaique Carvalho,Ticket Manager
37248,Antony Rios,Ticket Manager
37249,Manuella Sá,Ticket Manager
37250,Dra. Alana Moreira,Ticket Manager
37251,Dr. Ryan Porto,Ticket Manager
37252,Dra. Sophia Cavalcanti,Ticket Manager
37253,Gael Henrique Monteiro,Ticket Manager
37254,Dra. Maria Clara Guerra,ENGENHEIRO DE DADOS
37255,Rodrigo Pastor,React JS
37256,Davi Lucca Marques,Atendimento
37257,Srta. Maria Cecília Martins,Atendimento
37259,Enzo Gabriel Cavalcante,Atendimento
37260,Giovanna da Cunha,Consultor SAP SD
37262,Bernardo Ferreira,Analista de RH
37263,Isabela da Paz,Desenvolvedor Pleno
37264,Luísa Gonçalves,QA
37265,Manuela Correia,Desenvolvedor
37270,Dra. Amanda Montenegro,Tester
37272,Sr. João Vitor Viana,Tester
37274,Alexia Cassiano,arquiteto
37276,Srta. Marina Ribeiro,Gestão da qualidade
37278,Srta. Isadora Nogueira,"Ger Serv, Proj e Oper"
37279,Dra. Sarah Rodrigues,Analista de Negócios de TI
37280,Gabriel Cassiano,Analista de RH Pleno
37281,Sra. Ana Luiza Costela,Desenvolvedor Java
37282,Dr. André das Neves,Consultor SAP SD
37283,Luiza Silveira,React
37287,Enzo da Conceição,java
37295,José Miguel da Rosa,Desenvolvedor
37296,Antony Castro,Infrastructure Analyst focused on Cloud & DevOps
37297,Pedro Cardoso,Service Now
37298,Dr. Vitor Albuquerque,Analista Financeiro
37305,Felipe Nascimento,Suporte
37307,Rebeca Jesus,reacr
37308,Dra. Ana Lívia Borges,Analista de Testes
37309,Dra. Mirella Aparecida,Analista de Testes
37312,Sr. Pedro Miguel Costela,Consultor Telecom
37316,Dra. Lavínia Novais,Financeiro
37317,Valentim Aragão,Fiscal
37318,Ísis Pimenta,Fiscal
37319,Isabela Câmara,Fiscal
37321,Maria Alice Marques,Telecom
37324,Sr. Erick Câmara,Consultor
37325,João Vitor Melo,devops
37326,Breno Monteiro,Java
37329,Srta. Lorena Costela,Atendimento
37330,Maria Helena Montenegro,Atendimento
37332,Maria Liz da Rocha,"Engenharia de Dados, Analista de BI/Cientista de dados, Analista desenvolvedor especialista"
37333,Camila da Mata,Java
37336,Srta. Maria Fernanda Moreira,Scrum
37337,Heitor Sá,QA Automação
37338,Mariana Guerra,Desenvolvedor Pleno
37343,Maitê Nascimento,Analista de Testes QA
37344,Liam Santos,Analista de Testes QA
37346,Ana Cecília Duarte,Analista de Testes QA
37347,Evelyn Pinto,Analista de Testes QA
37352,Esther Azevedo,Analista de Negocios
37355,Maya Silveira,Analista Pleno Gestão Administrativa
37357,Valentim Lopes,Analista de Negocios e Processos
37358,Enzo Souza,Analista de Negocios e Processos
37360,João Gabriel Montenegro,Java
37361,Maria Luiza Freitas,Testes / Tech Lead
37362,Bento Lopes,Analista de indicadores / qualidade
37363,Apollo Guerra,Desenvolvedor
37365,Bruno Rocha,Coordenador TI
37367,Sr. Thiago Rodrigues,Qualidade
37371,Bryan Fernandes,Qualidade
37372,Maria Fernanda Camargo,Performance
37373,Sofia da Mota,Analista de indicadores / qualidade
37376,Helena Sampaio,QA
37377,Maria Clara Azevedo,QA
37378,Juliana Vasconcelos,Desenvolvedor Pleno
37379,Eloah Abreu,Desenvolvedor
37380,Ravi Lucca da Rocha,Desenvolvedora de Softwares
37381,Isabella Sampaio,Tech Lead Salesforce
37383,Maria Luísa Azevedo,Analista de Gestão de Performance de TI Sênior
37386,Aurora Porto,Analista Administrativo
37387,Felipe Silveira,Desenvolvedor Pleno
37388,Erick Fernandes,guilhermezech@gmail.com
37389,Enzo Cunha,Produc t O w ne r
37390,Maria Flor Siqueira,QA
37393,Dra. Maria Júlia Pinto,Engenheiro de Dados
37394,Dom Almeida,Arquiteto de Dados
37395,Maya da Rosa,QA
37396,Yasmin Camargo,Sr Software Engineer
37397,Dom Peixoto,Desenvolvedor SR
37398,Eloá Leão,Analista DBA Oracle
37399,Cecília Castro,Desenvolvedor
37400,Joana Monteiro,Arquiteto de dados Senior
37401,Fernando Oliveira,.NET
37402,Levi Borges,Desenvolvedor Pleno
37403,Elisa da Mata,Product Owner
37404,Maysa Oliveira,Engenheiro de Dados
37409,Sr. Lucas da Conceição,Analista de INfra
37411,Bernardo Sousa,QA
37412,Pedro Miguel Porto,QA
37413,Ana Carolina das Neves,dba oracle
37414,Noah Novais,DESENVOLVEDOR
37415,Dra. Maria Liz Albuquerque,DBA ORACLE
37416,Maysa da Paz,React
37417,Srta. Luísa Silveira,Analista de Suporte ao Cliente
37418,Maria Laura Araújo,Analista Segurança
37420,Levi Pereira,Associate Operations
37421,Thomas Silva,Engenheiro de Dados
37423,José Miguel Barros,Engenheiro de Software
37424,Maitê Freitas,SAP SD
37425,Sra. Sofia Rezende,React
37426,Raquel Barbosa,Desenvolvedor Pleno
37428,Dr. Augusto Peixoto,DBA ORACLE
37429,Otávio Mendes,Product Owner
37431,Antony da Rocha,Analista de Expansão
37433,Ravi Lucca Cavalcanti,PL SQL
37434,Lara Novaes,Desenvolvedor
37435,Sr. Arthur Miguel da Luz,Desenvolvedor Java
37436,Dra. Anna Liz Machado,Desenvolvedor Java
37437,Yago Nascimento,Desenvolvedor Full Stack
37438,Maria Eduarda Sousa,Desenvolvedor Full Stack
37439,Ravy Lima,Pre-Sales and Forensic Coordinator at Apura Cybersecurity Intelligence
37440,Erick Mendes,aquiteto
37443,Sr. Bruno da Rocha,Desenvolvedor Full Stack
37445,Caroline Mendes,Analista de Field Service
37446,Maria Fernanda Ribeiro,Analista de Field Service
37448,Dra. Alice Vasconcelos,Dev Mobile
37449,Sra. Giovanna Pereira,Analista de Infraestrutura
37450,Carolina Porto,Srcum Master
37452,Nicolas da Conceição,Infraestrutura
37453,Ana Sophia Rocha,DevOps
37454,Dra. Valentina Alves,AWS
37455,Mirella Machado,Snowflake
37456,Pedro Lucas Santos,Tecnico
37457,Maria Isis Duarte,Gerente de Projetos / Agile Master
37459,Gabrielly Caldeira,Desenvolvedor Front-end
37461,Pedro Teixeira,Gerente
37463,Maria Alice Alves,Desenvolvedor
37465,Gael Almeida,DevOps
37466,Pietra da Costa,Agile Master
37467,Enzo Gabriel Fonseca,Agile Master
37470,Sr. Lorenzo Peixoto,Desenvolvedor
37471,Dra. Bruna Jesus,Desenvolvedor
37472,Dra. Maitê Moreira,Infraestrutura
37477,Maria Fernanda Pinto,Java
37478,Murilo Peixoto,Analista
37481,Isaque Rocha,Desenvolvedor Talend
37482,Vitor Hugo Abreu,Desenvolvedor
37483,Dr. Vicente Silva,Scrum Master
37484,Mariah Novaes,java
37485,João Vitor Vasconcelos,ORACLE
37486,Dr. Caio Brito,Full Stack Web Developer
37487,Rhavi Barros,Segurança
37488,Sra. Heloísa Lima,Analista
37490,Pedro Henrique Cavalcante,PHP
37491,Srta. Sofia Araújo,JAVA
37493,Aurora Castro,Product Owner
37499,Srta. Fernanda Fogaça,Analista
37500,Ana Sophia Souza,Analista
37501,Dra. Kamilly Sampaio,Analista
37502,Marina Nogueira,fullstak
37508,Liam Pacheco,QA
37510,João Pedro Novaes,Cyber Security
37511,Sara Brito,Agile Master
37514,Jade Pastor,Desenvolvedor/IMS
37517,Thomas Ramos,Ticket Maneger
37518,Luigi Siqueira,Agilista
37519,Lucas Gabriel da Mota,Coord. Operações
37520,Henry Gabriel Sampaio,Desenvolvedor Salesforce
37521,Luísa Silveira,Desenvolvedor Salesforce
37522,Sra. Alícia Abreu,Product Owner
37523,Henrique Mendes,Infraestrutura
37524,Mariah Campos,Full Stack Web Developer
37525,Léo da Cunha,Full Stack Web Developer
37526,Srta. Allana das Neves,Full Stack Web Developer
37527,Sr. Juan Castro,Full Stack Web Developer
37528,Agatha Aragão,Full Stack Web Developer
37529,Srta. Kamilly Caldeira,PHP
37530,Sra. Hadassa Martins,Full Stack Web Developer
37531,Dr. Anthony Gabriel Correia,Full Stack Web Developer
37532,Maria Sophia Rocha,Full Stack Web Developer
37533,Otávio Costela,Full Stack Web Developer
37534,Heitor Leão,Full Stack Web Developer
37535,Caio Montenegro,consultor sap abap
37536,Sr. Apollo Mendonça,Analista de infraestrutura
37537,Enzo Moreira,Analista de infraestrutura
37538,Fernanda Vargas,Analista de infraestrutura
37539,Dr. Thomas Cunha,Analista de infraestrutura
37540,Srta. Luísa Sá,Analista de infraestrutura
37541,Bianca Cunha,Analista de infraestrutura
37542,Sr. João Vitor Jesus,FullStack
37543,Laura Rodrigues,Analista de Infraestrutura
37544,Luan Fernandes,Desenvolvedor Java
37545,João Miguel Barbosa,Analista de Infra SR
37548,Fernanda Melo,Consultor sap security
37549,Ravi Lucca Mendes,Infraestrutura
37551,Sr. Luiz Gustavo Cardoso,Analista de infraestrutura
37558,Ayla Ribeiro,Arquiteto de soluções
37559,Anthony Lima,PHP
37560,Dr. Matteo Pereira,ORACLE
37561,Dr. Calebe Nascimento,Dev Java
37564,Nina Nogueira,Analista de RH
37565,Sophia Vieira,Analista de R&S
37567,Camila Alves,Analista de RH
37568,Arthur Miguel Cunha,Segurança da Informação
37569,Lorena Pires,ERP
37571,Enzo Gabriel Abreu,Suporte Linux
37574,Dra. Yasmin Pimenta,Front End Developer
37578,Maria Eduarda Martins,Android/IOS
37579,Bárbara Machado,Dev Java React
37580,Sr. Juan da Mota,Analista de Suporte
37581,Dra. Heloisa Moreira,Infraestrutura
37584,Josué Moura,Segurança
37587,Hadassa Rios,Segurança
37589,Luiz Miguel Vargas,Desenvolvedor
37590,Sr. Gael da Rocha,Segurança
37591,Catarina Farias,Kotlin/IOS
37593,Sofia Souza,Desenvolvedor
37594,Kaique Cardoso,DBA SQL Server
37595,Maria Julia Moura,Front End Developer
37596,Pietra Moura,Desenvolvedor
37598,Ana Cecília Ferreira,Desenvolvedor
37599,Isadora Câmara,SQL Server
37600,Rael Costa,Analista de Seguranca
37601,Ana Júlia Cunha,Seguranca jr
37602,Sr. Gustavo Henrique Fogaça,Seguranca jr
37603,Yasmin Castro,Seguranca jr
37605,Dra. Mariah Moreira,Agile
37606,Dr. Arthur Gabriel Garcia,WINDOWS
37607,Olívia Santos,WINDOWS
37608,Kevin Nunes,java
37609,Sra. Amanda Pimenta,Infra
37610,Erick Silva,DBA S
37611,Ravi Lucca da Cunha,Front end Web Junior
37612,Dr. Pedro Miguel Moreira,consultor sap SD
37614,Raquel Rios,DBA SQL
37616,Igor Pastor,Analista de Telecomunicações
37619,Alexia Abreu,Credito Imobiliario
37620,Sra. Maria Julia Casa Grande,Credito Imobiliario
37621,Dra. Antonella Pinto,SUPRIMENTOS / COMPRAS
37622,Felipe Pastor,Consultor SAP BASIS
37623,Olívia Sampaio,Scrum Master ou Product Owner
37624,Lucas Gabriel Câmara,SUPRIMENTOS / COMPRAS
37625,Dr. Brayan Cardoso,SUPRIMENTOS / COMPRAS
37626,Isabel Nunes,SUPRIMENTOS / COMPRAS
37627,Valentina da Paz,Analista Funcional Oracle
37628,Gabriel Câmara,SUPRIMENTOS / COMPRAS
37629,Mariah Fogaça,Desenvolvedor Java Pleno
37631,Maria Vitória Vieira,Z/OS Mainframe DB2 DBA
37632,Agatha Oliveira,Segurança
37633,Ester Ribeiro,Desenvolvedor C#
37634,Cauã das Neves,Programador Java Liferay
37635,Zoe Almeida,Oracle Pl/SQL
37636,Dra. Antonella da Paz,devops
37637,Ian Cardoso,Desenvolvedor
37639,Ayla Albuquerque,Compras
37640,Ana Cecília Costela,Commpras
37641,João Duarte,Consultor SAP Basis
37642,Calebe Duarte,Compras
37643,Emanuella Cavalcanti,Java
37644,Antônio Pacheco,Gerenciamento de Serviços de TI
37645,Leonardo Lopes,Gerenciamento de Serviços de TI
37648,Sr. Guilherme Vasconcelos,Desenvolvedor
37650,Isaac Farias,DBA SQL Server
37651,Gael Henrique Moraes,Engenheiro de UI
37652,Théo da Conceição,Homologador
37653,Isabela Nunes,Consultor SAP Basis
37654,Rebeca Cassiano,Segurança
37655,Alice Dias,QA
37656,Thomas Novais,Desenvolvedor
37657,Marcos Vinicius das Neves,Engenheiro de UI
37658,Theodoro Andrade,CONSULTOR SAP MM
37659,Davi Lucca Sá,Desenvolvedor de automação
37660,Ester Abreu,Desenvolvedor de automação
37661,Sophia Monteiro,Cyber Security
37662,Dr. Francisco Macedo,Desenvolvedor de automação
37663,Dr. Benicio Fogaça,Cyber Security
37664,Isabela Moreira,Java
37665,Cauê Lima,CONSULTOR SECURITY OPERATIONS - JR
37666,Maria Flor Machado,Cyber Security
37667,Ana Laura Costela,Especialista de Redes
37668,Srta. Maria Sophia Pastor,Analista de Security Operations
37669,Ana Vitória Rocha,GP/ INFRA CLOUD
37670,Nina Castro,Cyber
37672,Alexia Campos,Cyber
37673,Pedro Henrique Barbosa,Cyber
37674,Maria Laura Jesus,Cyber
37675,Dr. Luiz Felipe da Mota,Cyber
37676,Maria Sampaio,Cyber
37677,Srta. Bianca Gonçalves,Cyber
37678,Alexia Siqueira,Cyber
37679,Lucas Gabriel Abreu,Consultor de CyberSecurity GRC
37680,José Montenegro,cybersegurança
37681,Ana Júlia Gonçalves,Consultor SAP ABAP PI
37682,Renan Porto,cybersegurança
37683,Maria Vitória Andrade,Analista
37684,Yasmin Marques,cybersegurança
37685,Lucas Gabriel Nogueira,cybersegurança
37688,João Felipe Pastor,Segurança da Informação
37690,Rodrigo Cavalcanti,Infraestrutura Cloud
37691,Mariana Pinto,Infraestrutura Cloud
37693,Dr. João Vitor da Rosa,Cyber Security
37694,Sr. Breno da Mata,Cyber Security
37695,Sra. Esther Teixeira,Desenvolvedor .Net Sênior
37696,Dr. Mathias Leão,Consultor SAP SD
37697,Gabriel Nunes,CONSULTOR SAP ECOMMERCE
37698,Isabel Alves,Anaista de Suporte
37699,Thomas Pinto,.NET/SAP
37700,Maria Alice Caldeira,SAP SD
37702,Olívia Vasconcelos,Consultora SAP Fiedglass
37704,Lorenzo Sousa,Especialista de Segurança da Informação
37705,Fernanda Cavalcante,Consultor SAP SD
11007,Sr. Antony Nogueira,SAP MM
11010,Dante Nascimento,CONSULTOR BASIS ECC/ S/4HANA / Solution Manager & Fiori
11033,Bella da Conceição,Consultor SAP FICO Sênior
11035,Dra. Ana Lívia Mendonça,Consultor Funcional SAP S4HANA Financial
11042,Vinícius Araújo,FI
11046,Yan Monteiro,Consultor SD
11069,Srta. Olivia Camargo,Consultor .Net
11070,Dra. Marcela Gonçalves,Analista Programador / Desenvolvedor .Net
11072,Juan da Paz,Consultor . Net
11074,Mirella Macedo,Analista / Programador / Desenvolvedor Java
11080,Joana Farias,PM Scrum Master
11081,Sra. Maria Julia Machado,Analista de suporte técnico
11083,Dra. Beatriz das Neves,SOA
11089,Apollo Viana,CONSULTOR SAP BASIS
11097,Noah Silveira,Cientista de dados
11100,Dr. João Lucas Farias,Cientista de dados
11101,Benício Campos,Desenvolvedor
11106,Zoe da Luz,gerente de projetos
11110,Ágatha Macedo,Desenvolvedor .NET- full stack
11112,Luiz Miguel Rios,desenvolvimento JAVA
11115,Dr. Luan Ferreira,ANALISTA/DESIGNER UX
38001,Mariane da Luz,Analyst Operations Procurement
38002,Dr. Nicolas Rios,Analyst Operations Procurement
38003,Dra. Emanuella Alves,MSc Supply Chain Manager
38006,Matteo Camargo,Scrum
38007,Srta. Ana Sophia da Luz,Analyst Operations Procurement
38008,Luiz Felipe Vasconcelos,Segurança da Informação Jr.
38009,Alice Nunes,Analyst Operations Procurement
38010,Vitor Hugo Moraes,Analyst Operations Procurement
38011,Sra. Rafaela Casa Grande,Analyst Operations Procurement
38012,Maria Júlia Rocha,Desenvolvedor Jr
38015,João Gabriel Costela,Digital Adobe AEM UI Development
38016,Alexia Rios,Digital Adobe AEM UI Development
38017,Bento Rocha,Consultor SAP MM Ariba
38020,Fernando Nogueira,Analista
38021,Dra. Jade Castro,Agile
38022,Maysa Borges,Financeiro
38023,Sr. Luiz Henrique Vieira,Analista Financeiro
38024,Thales Abreu,Desenvolvedor
38025,Maitê Carvalho,Gerente Financeiro
38026,Gustavo Brito,Gerente Financeiro
38027,Isabella Garcia,Forms / PLSQL
38028,Lara Barros,Forms / PLSQL
38029,Benício Macedo,Analista de Segurança da Informação Junior
38030,Dr. Fernando Teixeira,Analista de Segurança da Informação Junior
38031,Luiz Felipe Ferreira,Analista de Segurança da Informação Junior
38032,Emanuelly Sousa,Forms / PLSQL
38033,José Pedro Brito,Forms / PLSQL
38037,Caleb Cavalcanti,Consultor
38038,Sr. Gustavo Henrique Leão,Analista de Infraestrutura
38041,Milena da Mota,Analista DBA Oracle
38042,Sr. Otto Sousa,Consultor SAP SD PLENO
38043,Dr. Augusto Aragão,Analista de Sistemas
38044,Dom Barbosa,Coordenador de Service Desk
45000,Manuella Vargas,Executivo de Contas
45001,Sr. Francisco Sales,Executivo de Contas
45002,Isabelly Teixeira,Assistente Administrativo Júnior
45003,Emanuella Cirino,SAP PS
45005,Igor Nogueira,SAP PS
45006,Lorena Sales,Executivo de Contas
45007,Ana Lívia Pires,Executivo de Contas
45008,Sr. Asafe da Paz,Executivo de Contas
45009,Olívia Dias,Gestor Fiscal Sênior
45010,Maria Liz Rezende,Consultor SAP SD Jr
45011,Sra. Maria Julia Mendes,Analista de Reembolso Junior
45012,Enzo Gabriel Aragão,Engenheiro Civil
45013,Ana Laura Sá,Analista de Sistemas Sênior
45014,Clara Pereira,Dev web
45016,Diego Nogueira,Analista
45018,Sr. Enzo Gabriel Gomes,Engenheiro QA Sr.
45019,Luiz Fernando da Mota,Líder de Testes
45020,Srta. Alana Almeida,Analista de Testes Sênior
45022,Bryan Almeida,Analista de Reembolso Junior
45023,Theo Borges,SAP PS
45024,Letícia Vieira,analista de teste
45025,Anna Liz Porto,Analista
45026,Valentim da Mata,Analista de teste
45027,Vitor Hugo Castro,Desenvolvedor Pleno
45028,Olívia Costela,Executivo de Contas
45029,Vitória Barbosa,Analista de Reembolso Júnior
45030,Isaac Correia,Analista de suporte
45031,Diego Silva,cientista de dados
45032,Benício Pimenta,QA
45034,Davi Lucca Silva,Assistente Administrativo Júnior
45035,Dr. João Vitor Azevedo,Especialita de Dados
45036,Maria Helena Mendonça,Analista de teste
45037,Luiz Otávio Nascimento,cientista de dados
45038,Sabrina Costela,cientista de dados
45039,Sra. Catarina Viana,SAP PS
45041,Emanuelly Caldeira,Analista de Testes
45042,Breno Garcia,Cyber
45043,Kevin Dias,Cyber
45044,Beatriz Monteiro,Assistente Administrativo Pleno
45045,Sarah Farias,Analista Funcional
45046,Ester Albuquerque,Psicólogo(a) Reembolso
45047,Amanda Costa,SAP GRC AC Pleno
45049,Srta. Lavínia Cunha,Desenvolvedor java
45050,Brenda Casa Grande,QA
45051,Sr. Henry Gabriel Marques,SAP FI
45052,Davi Miguel Duarte,Desenvolvedor Pleno
45053,Maysa Gomes,JAVA
45054,Luiza Marques,DESENVOLVEDOR Sr
45056,Benjamin Brito,Consultor SAP PP Jr
45057,Lucas Gabriel Siqueira,Analista de Testes
45058,Heloísa Rodrigues,Desenvolvedor java
45059,Pedro Miguel Novais,Executivo de Contas
45060,Joaquim da Cruz,Cientista de Dados
45061,Mateus Viana,Consultor SAP
45063,João Lucas Fonseca,JAVA
45064,Dr. Davi Miguel Macedo,Assistente Administrativo Pleno
45065,Julia Duarte,Analista de Projetos
45066,Dr. Mateus Mendonça,Analista de Projetos
45067,Joaquim Aragão,SAP GMO
45068,João Sá,Supervisor de equipe
45069,Fernando Correia,Project and Product Manager
45070,Srta. Rafaela Costela,Gestão de Projetos Pleno
45071,Olivia Peixoto,Desenvolvedor Pleno
45072,Mariah Jesus,Desenvolvedor Pleno
45073,Melina Cavalcanti,Systems Developer
45074,Maria Julia da Cruz,DESENVOLVEDOR FULL-STACK
45075,Matheus Cardoso,Web
45076,Luara Casa Grande,DESENVOLVEDOR FULL STACK
45077,Ana Clara Fonseca,Suporte
45078,Sra. Clarice Viana,Desenvolvedor Pleno
45079,Isis Carvalho,Analista de Suporte Tecnico
45080,Fernanda Castro,Executivo de contas
45081,Sra. Nicole Moreira,Consultor SAP MM
45082,Luiz Fernando Cardoso,Salesforce
45083,Ágatha Fogaça,Consultor SAP SD
45084,Fernanda Monteiro,"Engenheiro Sênior de desenvolvimento embarcado, IOT"
45086,Cecilia Duarte,Analista Técnico
45087,Daniel Macedo,Analista de QA
45088,Luiza Camargo,Analista Técnico Pleno
45089,Ana Julia Vieira,Analista Funcional
45090,Juan Carvalho,Consultora Especialista
45091,Ana Lívia Pastor,Gestão de Mudanças SAP
45093,Juan Casa Grande,Desenvolvedor Microsoft
45094,Gael Mendonça,SAP MM WM
45095,Henry Gabriel Cardoso,Desenvolvedor Salesforce
45096,Oliver Viana,SAP PP
45097,Anna Liz Barros,SAP MM Pleno
45098,Sra. Bárbara Guerra,Analista
45099,Ryan Guerra,Coordenador de IT e Logistics
45100,Sra. Larissa Guerra,Salesforce
45101,Luara Fonseca,Consultor Comercial
45102,Olivia Guerra,Analista Técnica
45103,Enzo da Rosa,Analista de desenvolvimento de sist
45104,Maria Cecília Alves,Analista de Governança de TI
45105,Luiz Otávio Duarte,Analista de Suporte
45106,Dra. Maysa Casa Grande,Consultor FI
45107,Maysa das Neves,(11) 98688 4087
45108,Pedro Lucas Cavalcante,salesforce
45109,Pedro da Rosa,Analista
45110,Theo Jesus,Analista
45111,Yan Cirino,analista de testes com ingles
45112,Letícia da Mota,Desenvolvedor Web
45113,Noah Santos,Engenheiro Civil
45114,Pedro Miguel Vasconcelos,Analista de Projetos
45115,João Felipe Rios,Analista
45116,Sra. Ana Julia Marques,Psicólogo(a) Reembolso
45117,Maria Vitória Montenegro,SAP FI
45118,Vicente Lopes,Analista Administrativo Pleno
45119,Emanuelly Cavalcante,Analista
45120,Maria Júlia Sá,Analista
45121,Rael Araújo,Analista
45122,Laís Abreu,Analista
45123,Maria Clara Cunha,Executivo de Contas
45124,Larissa Cardoso,Executivo de Contas
45125,Dr. Leandro Moraes,Executivo de Contas
45126,Pietra Sousa,Analista
45127,Sra. Larissa Freitas,SAP SD
45128,Dr. Igor Viana,SAP ABAP WORKFLOW
45129,Nina Andrade,Analista Funcional
45130,Sabrina Correia,Analista Funcional Sênior
45131,Agatha Sousa,Analista Funcional
45132,Brenda Silveira,Analista Administrativo Pleno
45133,Lara Castro,Consultor SAP SD
45134,Renan Câmara,Consultor SAP PP
45135,Olivia Gomes,Consultor SAP MM Sr
45136,Theodoro Cunha,Analista de suporte de campo Jr.
45137,Sr. Asafe Fogaça,
45138,Luna Pires,Analista Middleware
45139,Dra. Amanda Teixeira,Analista Middleware
45142,Sra. Alícia Abreu,GP - CFTV
45143,Sra. Heloisa Fonseca,Salesforce
45145,Yuri Castro,Advogada Junior
45146,Guilherme Dias,Assistente de Operações de RH
45148,Sr. Ravi Lucca Azevedo,Consultor SAP FI
45150,Luiz Fernando Oliveira,Advogada Junior
45151,Pedro Miguel Campos,Advogada Junior
45152,Yago Duarte,Advogada Junior
45153,Sra. Lorena da Cruz,Consultor SAP MM
45154,Anthony Gabriel Dias,Advogada Junior
45155,Mateus Pereira,Analista de Testes
45156,Dra. Luara Jesus,Advogado
45157,João Gabriel Cunha,Advogado
45158,Laís Pacheco,Coordenador de Telecom
45159,Dr. Luiz Gustavo Costela,ADVOGADO
45160,Thomas da Mata,Advogado Junior
45161,Gustavo Mendonça,Advogada Junior
45162,Melina Sales,Tech Lead RPA
45163,Srta. Stephany Barros,Advogado
45164,Kevin Macedo,REDES
45165,Maria Eduarda Ferreira,ADVOGADO
45167,Miguel Almeida,Analista de TI
45168,Sra. Ana Luiza Pacheco,Analista/Consultor PP/PM
45170,Srta. Maria Alice Barbosa,TESTE
45171,Davi Miguel Alves,Enfermeiro(a) Administrativo Sênior
45172,Manuela Mendonça,Analista
45173,Isaque Rodrigues,ADVOGADO
45174,Maya Viana,Advogado
45175,Sr. Nathan Farias,Advogado
45178,Ana Cecília Mendonça,Redes
45179,Srta. Maria Julia Rios,TESTE
45180,Pedro Miguel Aparecida,TESTE
45181,Sra. Mirella da Luz,TESTE
45182,Isaque Rios,Consultor SAP EWM
45183,Sra. Agatha Silveira,Testes
45184,Luan Cirino,TESTE
45185,Yago Carvalho,Analista
45186,Luiz Felipe Campos,Testes
45187,Maria Azevedo,Redes
45189,Anna Liz Camargo,Success Factory
45190,Rodrigo da Luz,DBA ORACLE
45191,Miguel Azevedo,Redes
45192,Dr. Rodrigo Jesus,CONSULTOR SUCCESSFACTORS
45193,Srta. Stella Ramos,Arquiteto B2B
45194,Maria Flor da Mata,Redes
45195,Nathan Marques,DBA ORACLE
45196,João Montenegro,REDES
45197,Lunna Correia,SuccessFactors
45198,Sra. Valentina Marques,Analista de Redes
45199,Sr. Antônio Peixoto,DBA ORACLE
45200,Sra. Nicole Guerra,Suporte
45201,Alícia Souza,Consultor Redes e Telecom Sr.
45202,Dr. Pedro Miguel Macedo,ADVOGADO
45203,Pedro Henrique Casa Grande,REDES
45204,Alexia Ferreira,REDES
45205,Eduarda Cirino,REDES
45206,Maria Laura Gonçalves,SuccessFactors
45207,Sr. Ravi Pinto,REDES
45208,Dr. Bryan Pereira,Suporte
45209,Emilly Azevedo,Analista
45210,Aylla Rocha,Analista
45211,Heitor Rios,Analista
45212,Bryan Cavalcante,CONSULTOR ANALISTA HCM CLOUD
45213,Benicio Nogueira,REDES
45214,Lara Melo,REDES
45215,Gabrielly Silveira,Analista
45216,Sr. Pedro Henrique Ribeiro,Analista
45217,Vitor Hugo Cirino,SAP BASIS
45218,Otávio Azevedo,DBA Oracle
45219,João Gabriel Oliveira,DBA Oracle
45220,Dr. Vinicius Sampaio,Suporte
45221,João Miguel Abreu,BASIS
45222,Rebeca Porto,Analista
45223,João Gabriel Brito,Analista
45224,Guilherme Campos,Segurança da Informação
45225,José Pedro Lima,Analista de Teste/ Analista de Infr
45226,Luara Marques,Segurança da Informação
45227,Ana Júlia Moreira,Analista de Redes
45228,João Miguel Abreu,SAP BASIS
45229,Sabrina Barros,Analista de Redes
45230,Bruno Nascimento,Comprador
45231,Gustavo Henrique Viana,QA
45232,Pedro Henrique Melo,Cyber
45233,Vitor Gabriel Nascimento,CYBER
45234,Alícia Monteiro,Segurança da Informação
45235,Daniela Araújo,Segurança da Informação
45236,Antony da Cunha,Segurança da Informação
45237,Natália Mendes,Fiscal
45238,Asafe Moura,Segurança da Informação
45239,Pietra Silva,fiscal
45240,Isabela Jesus,fiscal
45241,Luan Câmara,Especialista em Compras de TI | Comprador Sr TI
45242,Dra. Heloísa da Mata,Dba
45243,Dr. João Pedro Sousa,dba
45244,Sra. Juliana Novais,dba
45246,Juan Porto,Desenvolvedor Web . NET | C# | JavaScript
45247,Sra. Marina Cardoso,Compras
45248,Anthony Novaes,Cyber Security Analyst
45249,Arthur Miguel Vieira,Analista
45250,Matheus da Conceição,Compras
45251,Cecília Freitas,Analista
45252,Manuella Martins,Analista
45253,Nina Mendes,Analista
45254,Alexandre Montenegro,Consultor de Segurança
45255,Maitê Castro,Assistente de Estoque Junior
45256,Dra. Sofia Alves,Cyber Security Analyst
45257,Maitê Marques,Analista Técnico
45258,Davi Luiz Rocha,Segurança da Informação
45259,Dr. Heitor Fernandes,Segurança da Informação
45260,Emanuelly Gomes,Cyber
45261,Anna Liz Vasconcelos,Analista de infraestrutura e Cloud Private
45262,Thales Sá,Fullstack
45263,Ana Sophia Lopes,Head of Cyber Security
45264,Manuella da Conceição,Consultor Cyber Segurança | DevSecOps | CloudSec | AppSec
45265,Srta. Marina Costela,Analista Técnico Pleno
45266,Vitor Hugo Rocha,AIX
45267,Thiago Borges,Psicólogo(a) Reembolso
45268,Ryan Câmara,Fullstack
45269,Leandro Aparecida,tester QA
45270,Stephany Jesus,Analista Técnico Sênior
45271,Alana Peixoto,Desenvolvedor Pleno
45272,Maria Fernanda Teixeira,Desenvolvedor Jr
45273,Danilo Moreira,DESENVOLVEDOR WEB FULLSTACK
45274,Dra. Maria Cecília Fernandes,Segurança da Informação
45275,Anthony Martins,Segurança da Informação
45276,Sr. Dom Nascimento,Psicólogo(a) Reembolso
45279,Carolina Santos,Desenvolvedor líder Kotlin
45281,Yuri da Rosa,ANALISTA FINANCEIRO
45282,Davi Correia,Assistente de Estoque Junior
45284,Srta. Maria Sophia Novais,https://www.linkedin.com/in/evelyn-
45287,Sr. Isaac Novaes,Fullstack Developer
45288,Elisa Barros,Consultor Financeiro
45289,Maysa Rios,Analista de Inf
45290,Dr. Vitor Hugo Andrade,SRE
45291,Sra. Maria Helena Vargas,Psicólogo(a) Reembolso
45292,José da Rocha,DevOps
45293,Sra. Emanuella Lima,Software Support Specialist
45294,Francisco Carvalho,Consultor SAP TM
45296,Gael Henrique da Conceição,Analista Junior Financeiro
45298,Sra. Olivia Rios,Analista Financeira Senior
45300,José Nunes,ANALISTA FINANCEIRO
45302,Manuella Santos,Analista Financeiro
45303,Dr. Murilo da Rosa,Analista Financeiro
45304,Kamilly Rocha,Admininstrativo Financeiro
45305,Pedro Miguel Moraes,Analista Financeiro
45307,Oliver Farias,Analista Financeiro(a)
45308,Manuella Correia,Gestor Administrativo financeiro
45310,Mariane Ribeiro,Assistente de Estoque Junior
45311,Julia Silva,Analista de Governança
45312,Sra. Camila Pastor,Analista de Governança
45313,João Pedro Mendonça,Analista de Governança Auditoria
45315,Maitê Silva,analist contabil
45316,Bernardo Santos,Analista Financeiro
45317,Milena Albuquerque,migracao de dados SAP
45318,Heitor Camargo,Desenvolvedor Java Sênior
45319,Dr. Diogo Cavalcante,Analista de Auditoria
45320,Catarina Porto,Analista Financeiro
45321,Sabrina Cirino,
45323,Gabriel Aparecida,Especialista AIX
45324,Dr. Cauê Farias,Cyber
45325,Dr. João Gabriel Vargas,Cyber
45326,Sra. Amanda Leão,Analista de qualidade de software
45327,Mariane Ramos,Segurança da Informação
45329,Heloísa Guerra,SAP HCM/HRIS/HXM/S4HANA
45330,Sophie Dias,SAP SD
45334,Hellena Guerra,Analista de Sistemas
45337,Dom Moraes,DBA
45338,Daniel Vieira,DBA
45339,Paulo Fernandes,DBA
45340,Maria Clara Pereira,DBA
45341,Ana Lívia Castro,DBA
45342,Caroline Costela,Desenvolvedor Front-End
45344,Davi Miguel Santos,DBA
45345,Ana Laura Martins,JAVA
45348,Ian Camargo,Analista Fiscal Sr
45349,Emanuel Ramos,DBA
45351,Bárbara Nascimento,DBA
45353,Danilo Pastor,SD
45354,Alexandre Pereira,Financeiro
45355,Sr. Lucas Gabriel Vieira,Analista contábil
45356,Raul Vargas,Designer UI / UX
45357,Anthony Aragão,SD
45358,Sr. Danilo Vargas,Analista de Governança
45359,Nina Lima,Analista Financeiro Sênior
45360,Srta. Elisa da Rosa,Financeiro
45361,Sra. Ana Cecília Garcia,Financeiro
45362,Dr. José Pedro das Neves,Analista de Governança
45363,Ana Luiza Lopes,Financeiro
45364,Maria Luiza Farias,Financeiro
45365,Sr. Pedro Henrique Brito,dba
45366,Sr. Rodrigo Cardoso,ANALISTA FINANCEIRO
45367,Eloá Moraes,Analista Financeiro
45368,Mirella Dias,Analista
45369,Dr. Luan Cavalcante,Gerente de projetos
45370,Yago Casa Grande,Analista
45371,Erick Pacheco,Estagiário de logística
45373,Dr. Alexandre Nunes,Analista Financeiro
45374,Srta. Luna da Costa,Desenvolvedor Power Bi
45375,Luan Fonseca,Consultor de Governança em SI
45376,Sra. Mariana Porto,Arquiteto de Soluões
45377,Dante Correia,Executivo de Contas
45379,Leandro Ramos,Analista Contábil Sênior
45380,Dra. Luiza Rocha,Consultor SAP ABAP
45381,Ísis da Rosa,SAP MM
45383,Srta. Sofia Lima,Analista Especilista AIX e PowerSer
45385,Milena Borges,SAP MM
45386,Srta. Maria Flor Camargo,UX/UI Designer and Front End Developer
45388,Sra. Stella Novaes,Consultor SAP FI/CO/ TRM
45389,Bento Pires,Financeiro
45390,Léo Freitas,B2B
45391,Lucas Campos,B2B
45392,Isaac Melo,Analista de Suporte
45393,Levi Barbosa,Analista de Suporte
45394,Sophia Pereira,Executiva de Contas
45395,Sr. Diego da Cruz,desenvolvedora ABAP jr
45396,Sr. Davi Lucca Sampaio,Engenheiro Civil
45399,Ana Carolina da Cruz,
45401,Juan Pimenta,Assistente Operações RH
45402,Juliana Araújo,Analista
45403,Eduarda Mendes,Economista
45404,Manuella Lopes,Analista
45405,Benjamim Silveira,SAP Arquiteto ABAP
45406,Sra. Milena Leão,B2B
45407,Aurora Pimenta,ORACLE PTP
45408,Aurora Pimenta,ORACLE PTP
45409,Sr. Apollo Macedo,SAP ABAP
45410,Dr. André Lopes,Desenvolvedor full stack
45411,Ana Lopes,compras
45412,Enrico da Rosa,compras
45413,Cauã Santos,Analista
46000,Sra. Lorena da Costa,Analista de Teste
46001,Isis da Cunha,Gerente de projetos Sênior
46002,Rhavi Novaes,Técnico em Telecomunicações
46003,Clarice Nogueira,ANALISTA FINANCEIRO
46004,Dr. João Lucas Araújo,Analista de Facilites
46006,Enzo Gabriel Barbosa,Analista de suporte de TI
46007,Rhavi Casa Grande,Analista de Teste Jr
46009,Antony Pimenta,Engenheiro de dados
46010,Dr. Lucas Brito,Analista Desenvolvedor
46012,Luiz Felipe Castro,.NET
46013,Matteo Sousa,Gestor de Projetos
46015,Maria Sophia Barros,Analista de CRM Pleno
46016,Aylla Ferreira,CONSULTOR SAP PP
46017,Sr. Liam Freitas,Coordenador Financeiro
46018,Manuela Martins,Analista Financeiro
46019,Srta. Ana Beatriz Vargas,Gerente financeiro
46020,Eduardo Duarte,Desenvolvedor .NET
46021,Sr. Bryan Cassiano,Analista de suporte TI
46022,Benjamim Pires,Analista de suporte TI
46023,Dr. Rodrigo Casa Grande,DevOps
46024,Maria Liz das Neves,lider sap FI
46025,Rafaela Gonçalves,dev Full stack
46026,Sra. Heloisa Pastor,Supervisor Tesouraria - Financeiro
46027,Vitória Silveira,Analista de Teste de Software Jr
46028,Sra. Olívia Cassiano,Analista de TI
46030,Vicente Pacheco,dev Full stack
46031,Rodrigo Casa Grande,Trainee Technology risk consulting
46032,Antonella Nogueira,Analista Financeiro Contas a Pagar
46033,Srta. Ana Lívia da Rocha,Desenvolvedor Fullstack
46035,Arthur Gabriel Mendonça,Analista Programador sistemas
46036,Dr. Vinicius Fogaça,Administrativo Financeiro Complianc
46037,Bruna Andrade,.NET
46038,Olívia Guerra,Analista de Suporte
46039,Kamilly Carvalho,ANALISTA DE QUALIDADE DE SOFTWARE
46040,Lucca Nogueira,Desenvolvedor full stack
46041,Ravy Cavalcante,dev Full stack
46042,Olivia das Neves,Líder Administrativo Financeiro
46044,Daniela Abreu,Fiscal
46047,Laís Moraes,Fiscal
46048,Ravi Lucca Freitas,Fiscal
46049,Isabel Oliveira,Consultor SAP FI
46050,Lívia Lima,Fiscal
46051,Juan Pinto,Fiscal
46052,Olívia Ramos,Fiscal
46053,Sr. Guilherme Oliveira,execultivo de contas
46055,Dr. Rael Albuquerque,Fiscal
46056,Ayla Costela,Analista de Suporte
46057,Lorena Barbosa,Analista de Testes
46059,Sra. Mariane Azevedo,Desenvolvedor web
46060,Clara Campos,lider sap FI
46061,Emilly Nascimento,lider sap FI
46062,Sr. José Pedro Fernandes,Consultor SAP SD
46063,Davi Lucas Sampaio,SAP SD
46064,Manuella Cavalcante,SAP IS-Retail / MM / SD / IM / ABAP
46065,Srta. Clara da Paz,Analista de Suporte
46066,Sr. Raul Garcia,Analista de suporte
46067,Mirella Pereira,Analista Financeiro
46068,Dr. Emanuel da Luz,Analista Financeiro
46069,Isis Oliveira,DBA Oracle
46071,Fernando Cavalcante,Líder de migração de dados
46074,Benício Machado,Software engineer
46075,Olívia da Mota,Analista/Desenvolvedor senior
46078,Ravi Guerra,Analista Financeiro
46079,Sr. Lucca Rios,Mainframe Developer
46080,Dr. Ravy Albuquerque,Consultor SAP CO
46081,Gael Cavalcante,Analista Fiscal
46082,Maria Júlia da Luz,"Microsoft Dynamics 365 Customer,"
46083,Henry Albuquerque,
46084,Bella Silveira,Dynamics
46085,Maria Clara Lopes,Consultor SAP Basis
46087,Sr. João Sales,Consultor SAP WM QM
46088,Bianca Ribeiro,Assistente Administrativo
46089,Dra. Isabella da Paz,Analista de suporte
46092,Liz Melo,Suporte de Ti
46093,Luiz Fernando Brito,Analista de dados
46094,Sr. Rodrigo Rezende,
46095,Fernanda Pimenta,Comprador
46096,Isabelly Fogaça,Analista de Suporte
46097,Srta. Antonella Costela,Analista de Suporte de TI
46098,Bruno Moraes,Gerente administrativo e financeiro
46100,Jade Costela,Gerente de Projetos de TI
46101,Rebeca Castro,Analista Contábil Sênior
46102,Henry Gabriel Peixoto,Secretária Executiva Trilíngue Seni
46103,Thomas Vargas,Analista de Suporte Jr
46106,Dr. Henrique Monteiro,Analista N3
46107,Dra. Olivia Marques,Analista N3
46108,Bárbara Macedo,dados
46109,Srta. Ana Vitória Vargas,Analista de Segurança da Informação Sênior
46110,Ísis Fonseca,Analista N3
46111,Sophie Cassiano,SAP BW/BI/Abap/Analytics
46112,Dante Câmara,SAP TM
46114,Maria Laura Rezende,CONSULTOR SAP SD SENIOR
46115,Isadora Borges,Supply Chain
46116,Lucas Gabriel Almeida,Gerente de Suprimentos
46117,Maya Ribeiro,java-kotlin
46118,Sara Alves,SAP TM
46119,Pedro Pastor,Analista
46120,Srta. Rebeca Nunes,Desenvolvedor Salesforce
46122,João Pedro Machado,Suporte Jr
46123,Lívia Ferreira,Consultor sap trilingue
46124,Sr. Raul Teixeira,Analista de suporte junior
46125,Paulo Farias,
46126,Theo Mendonça,Gerente de Projetos SAP
46127,Lucas Gabriel Andrade,Executivo de Contas
46128,Dra. Melissa Pastor,Consultor SAP CO
46129,Sra. Maria Cassiano,Assistente Administrativo
46130,João Farias,Assistente Administrativo
46131,Ana Clara Mendonça,Analista de Planejamento Senior
46132,Vicente Azevedo,Planejamento / S&OP / Supply Chain
46134,Gabriela Peixoto,Suporte
46135,Maria Flor Costela,Executivo de Contas
46136,Dom Rios,Executivo de Contas
46137,Igor Porto,Consultor SAP ABAP
46139,Benjamin Andrade,SAP FI
46140,Vitória da Conceição,Analista de Segurança da Informação
46142,Mariana Fernandes,Consultor SAP ABAP
46143,Ana Júlia Rios,"programadora .net, vb6, sybase pleno"
46144,Isadora Abreu,Diretor Comercial
46145,Vitor Hugo Martins,Analista de Sistemas Lotus Notes
46148,Dra. Heloísa Nunes,Diretor Comercial
46149,Asafe Barbosa,Diretor Comercial
46150,Clarice Pacheco,Workforce Software
46151,Diogo Peixoto,Gestão TI SAP AMS | SAP Basis | Security & Compliance | AWS | Sustentação | ITIL | Scrum Certificado
46152,Henry Gabriel Fonseca,DBA
46153,Ana Julia da Conceição,Analista
46154,Marcos Vinicius Pereira,Backend Developer
46157,Eloah Costa,PLANEJAMENTO DE DEM E SUPPY SENIOR
46158,Dr. Liam Abreu,Gerente Financeiro
46159,Lunna Câmara,Analista Contábil
46160,Sra. Ana Carolina Souza,Analista de S&OP
46161,Sra. Ana Sophia Leão,GERENTE DE VENDAS PÚBLICAS E PRIVAD
46162,Anna Liz Freitas,Diretor Comercial
46163,Heloisa Garcia,Arquiteto .net Sênior
46164,Apollo Andrade,Arquiteto .net Sênior
46165,Diego Pimenta,Arquiteto .net Sênior
46166,Sra. Larissa Brito,Consultor SAP FI Senior
46169,Carolina Montenegro,Consultor SAP ABAP
46170,Dra. Emilly Azevedo,Consultor SAP ABAP
46171,Bento Sales,Arquiteto .NET
46172,Nina Silva,lotus notes
46173,Nicole Peixoto,Arquiteto .net Sênior
46174,Srta. Beatriz Peixoto,Arquiteto .net Sênior
46175,Maria Julia Fernandes,SAP CPI
46176,Ana Clara Aragão,Executivo de Contas
46177,Cauê da Costa,Executivo de Contas
46178,Sr. Kaique Machado,GMO SAP
46179,Eloá Campos,SAP PI
46180,Joaquim Sales,Consultor SAP PM / CS / DMS
46181,Dr. Erick Viana,Analista de Controladoria Sênior
46182,João Miguel Guerra,Diretor Comercial
46183,Ágatha Caldeira,Executivo de Contas em Cibersegurança
46184,Enzo Gabriel da Conceição,Analista de ESG Pleno
46185,Marcelo Gomes,Analista de Suporte
46186,Murilo Santos,Lous notes domino com ingles
46187,Dra. Emanuella Rocha,Analista de Supply chain Sr
46188,Cauã Correia,consultor SAP ABAP
46189,Joaquim Garcia,Programador C#.net senior
46190,Natália da Luz,PMO - Especialista em Projetos
46191,Vitor Vasconcelos,Em transição de carreira
46192,Srta. Ayla Porto,Analista / Coordenadora
46195,João Gabriel Abreu,Executiva de Contas
46196,Catarina Castro,Analista de Suporte
46197,Srta. Gabrielly Cavalcanti,Especialista em Projeto PMO
46199,Yago Dias,Executiva de Contas em Cibersegurança
46200,Dra. Sarah Moreira,Executivo de Contas em Cibersegurança
46201,Maria Sophia Macedo,Executivo de Contas em Cibersegurança
46202,Luara Dias,Fernando Rocha de Moraes
46203,Asafe Nogueira,DBA
46205,Ágatha Fonseca,Especialista em Controladoria
46206,Milena Sá,Analista Financeiro
46207,Manuela Leão,ABAP
46208,Aurora Silva,ABA
46209,Carlos Eduardo Brito,analista de sustentabilidade
46210,Leonardo Sales,ANALISTA DE SUPORTE JR
46211,Melina Teixeira,Analista de TI
46212,Sr. Breno da Paz,ABAP
46213,Srta. Lavínia Cirino,DBA
46214,Ian Silveira,Consultor SAP HCM Sr
46215,Dra. Maria Luísa Jesus,Consultor SAP MM
46216,Maria Rocha,DBA
46217,Dra. Milena Cavalcante,Consultor SAP ABAP
46218,Vicente Pereira,SAP MM
46219,Srta. Sara Pereira,DBA Oracle
46220,Amanda Montenegro,DBA
46221,Hellena Carvalho,MM WM
46223,Ana Julia Gonçalves,Microsoft Dynamics
46224,Sabrina da Conceição,Consultor SAP TRM/ FI
46225,Srta. Maria Julia Machado,SAP ABAP
46227,Alexia Alves,Consultor SAP TDF
46228,Ana Clara Sá,Analista de Funcional/Requisitos
46229,Vitor Gabriel Cavalcante,Analista de Suporte Junior (SJC/SP)
46231,Emilly Brito,Analista Admonistrativo
46232,Luiz Miguel da Rosa,DBA
46233,Sr. Dante Vieira,Financeiro
46234,Milena Moraes,Analista de Projetos
46236,Ana Julia Correia,Consultor de Contabilidade Sênior
46238,Sra. Joana Ribeiro,Analista FInanceira
46239,Bárbara Rios,Logística
46240,Benício Câmara,Analista Financeiro
46241,Ana Cecília Pereira,Analista Financeiro
46242,Luiz Felipe Melo,Logística
46243,Dra. Ana Lívia Moura,Logística
46244,Luiz Miguel Lopes,Analista de Segurança da Informaçao
46246,Allana Sales,Gerente de Projetos
46247,Vitor Gabriel Siqueira,GMO
46248,Gabrielly Melo,Gerente
46249,Ayla Costa,Analista de Planejamento
46251,Kevin Aragão,Diretora Comercial CS CX
46254,Gustavo Henrique Lopes,Gerente de Projetos
46255,Pietro Moraes,Gerente de Projetos
46256,Isabel da Mota,Gerente de Projetos
46258,Mirella Fonseca,SAP MM
46260,Letícia Jesus,Analista de Segurança da Informação
46261,Dr. Henrique da Conceição,Gerente de Projetos
46263,Amanda Fogaça,"Consultor, Analista e Suporte"
46264,Yuri Vargas,financeiro
46265,Fernanda Vieira,Líder de Equipe
46266,Antonella Carvalho,Líder de Equipe
46267,Maria Flor Silveira,Líder de Equipe
46268,Natália Silva,Líder de Equipe
46269,Ravi Montenegro,SAP MM
46271,Dra. Bella Pacheco,
46272,Maria Júlia Andrade,Analista de Logística
46273,Apollo Castro,SAP ABAP
46274,Dr. Vitor Gabriel da Conceição,Product owner com ingles
46275,Sr. Enzo Gabriel da Luz,Assistente Administrativo
46276,Olívia da Costa,Logistica
46277,Raquel Leão,Logistica
46278,Dr. Calebe Machado,Logistica
46279,Milena Macedo,Logistica
46280,João Pedro da Luz,consultor sap ariba
46281,Maria Alice Rocha,Gerente de Projetos
46282,Lucas Gabriel Caldeira,Analista Funcional/Negócios/Tester
46283,Carlos Eduardo Abreu,Gerente de Operações
46284,Isaac Sales,Lider
46285,Thiago Siqueira,lider Tecnico
46286,Daniela Silveira,Consultor PS/IM
46287,Srta. Heloisa Teixeira,Analista de Infraestrutura de Banco
46288,Sr. Samuel Siqueira,
46289,Joaquim Gonçalves,Logística
46290,Dr. Breno Cassiano,Logística
46291,Dr. Anthony Gabriel Marques,Logística
46292,Luiz Fernando Vargas,Gerente de Operações
46293,Sara Ferreira,Consultor SAP Basis
46294,Sra. Luara Cardoso,Gerente de Projeto
46295,Davi Lucca Moreira,Consultor de TI
46296,Ana Clara Castro,Diretor Comercial
46297,José Miguel Cavalcante,Líder de Equipe
46298,Pedro Miguel Pastor,Analista de Sustentabilidade
46299,Augusto Porto,Consultor Gestão de Mudança Organiz
46300,Isaac Cardoso,Consultor Ariba jr
46301,Heloisa Peixoto,Desenvvolvedor
46302,Sr. Miguel Ramos,Desenvolvedor
46303,Benjamim Lima,Analista de Cadastro e Fiscal II
46305,Gustavo Henrique Vasconcelos,"Assistente Fiscal, Contábil e Admin"
46306,Nina Martins,Desenvolvedor
46307,Maria Isis da Cruz,Desenvolvedor
46308,Rhavi Caldeira,Desenvolvedor
46309,Benjamim Cardoso,Consultora SAP SD
46310,Léo Teixeira,Analista Funcional
46312,Maya da Mota,"Profissional de Logística (Planejamento, Operação e Distribuição)"
46313,Srta. Olívia Sousa,Supervisor de Transportes / Coordenador Logístico
46314,Dra. Marina Vasconcelos,Desenvolvedor
46315,João Santos,SAP FI
46316,Srta. Maria Clara Rocha,Secretaria
46317,Luigi da Paz,Secretaria
46318,João Felipe Fonseca,SAP FI
46319,Marina Caldeira,Assistente contábil
46320,Dr. Alexandre Silva,Analista Funcional
46321,Ísis Aparecida,Fiscal
46322,Dra. Emanuella Fogaça,FISCAL
46323,Luan Teixeira,FISCAL
46324,Sr. Miguel Borges,GMO
46325,Enzo Gabriel Rios,GMO
46326,Aylla Nunes,SAP ABAP
46327,Dr. Enrico Fonseca,programador java web com ingles
46328,Ana Carolina Nunes,Web Developer
46329,Mariana Fonseca,SAP ABAP
46330,Henry Gabriel Cavalcanti,SAP ABAP
46331,Valentim Marques,Consultor SAP SD
46333,Srta. Emilly Cavalcante,Analista Contábil
46334,Joana da Conceição,Analista Funcional
46337,Dra. Fernanda Aragão,Analista de Sistemas
46338,Dr. Pedro Miguel Gonçalves,Consultor SAP SD MM CS
46339,Srta. Milena Brito,secretária
46340,João Albuquerque,secretaria
46341,Josué Novais,secretaria
46342,Hellena Ramos,secretaria
46344,Theo Pereira,Mulesoft
46345,Luara da Luz,Contábil
46347,Sra. Laura da Mata,Fiscal
46348,Dr. Anthony Gabriel da Luz,Fiscal
46349,João Miguel Sá,Fiscal
46350,Natália Souza,Vendedora
46351,Leandro Aragão,ETL
46352,Bianca Fernandes,Consultor Lotus Notes Sênior
46354,Arthur Gabriel da Cunha,Consultor SAP MM Sênior
46355,Dra. Emanuella Garcia,Financeiro
46356,Helena da Rocha,Financeiro
46357,Ísis Fernandes,Financeiro
46358,Maysa Martins,Fiscal
46359,Dr. Thales Leão,Financeiro
46360,Miguel Camargo,DevOps Specialist
46361,Mateus Cavalcante,Financeiro
46362,Joana Casa Grande,analista de sustentabilidade
46364,Antônio Costela,BASIS
46365,Davi Lucca da Conceição,Analista
46366,Dr. Vitor Hugo Pires,Gerente de Projetos SAP
46367,Vitor Hugo da Cruz,Financeiro
46368,Mariana Campos,Financeiro
46369,Eduarda Borges,Financeiro
46370,Raquel Vieira,Consultor SAP HCM
46371,Bárbara Brito,Consultor SAP HCM
46372,Vitor Melo,Gerente de Projetos SAP
46373,Benjamim Fogaça,SAP BASIS
46374,Ísis da Mota,Financeiro
46377,Yago da Rocha,Consultor Técnico Comercial
46378,Manuella Porto,Dynamics
46379,Sr. Benjamim Sá,Projetos
46380,Henrique Cunha,Consultor SAP BW
46381,Melissa Viana,Analista Financeiro
46382,Vitória Pereira,Analista Financeiro
46383,Kevin Nogueira,Analista Financeiro
46384,Dom Monteiro,Analista Financeiro
46385,Sabrina Rezende,B2B Commerce
46386,Beatriz Vieira,Consultor SAP BW
46387,Pietra Vargas,Gerente de Projetos SAP
46388,Ágatha Gomes,CONSULTOR SÊNIOR SAP BW
46389,Allana Vasconcelos,Fiscal
46390,Lorenzo Castro,Consultant SAP FSCM
46391,Sra. Maria Julia Pinto,SAP CO
46392,André Fogaça,Analista Financeiro
46394,Sra. Maria Júlia da Mota,Gerente de Projetos
46395,Vitória Sampaio,Financeiro
46396,Maria Eduarda Rezende,SAP MM
46398,Gustavo Henrique Nunes,lider de equipe
46401,Valentim Silveira,Analista de Network
46402,André Vargas,Comprador Sênior
46404,Matheus Fogaça,Scrum Master Jr
46405,Sr. Asafe Monteiro,SAP MM
46407,Sra. Ágatha Pereira,Consultor SAP Solmam
46408,Camila Siqueira,Analista Financeiro Pleno
46410,Eduarda Costa,SAP MM
46411,Isaac Guerra,Gerente de Projetos
46412,Arthur Gabriel Azevedo,GP / PMO
46413,Apollo Martins,PMO
46416,João Pedro Abreu,PMO
46417,Srta. Allana Marques,Consultor SAP SD
46418,Srta. Olívia Gomes,Consultor SAP BW
46419,Ravi Lucca Leão,VMWare com ingles
46420,Yuri Albuquerque,Corretora de imóveis
46421,Lorenzo Camargo,Especialista IAM CLOUD
46422,Dr. Matteo da Conceição,GP
46424,Agatha Garcia,Consultor SAP MM
46425,Dr. Daniel Cassiano,Analista de Processos
46426,Srta. Caroline Freitas,Analista de Processos
46427,João Pedro da Rosa,Analista de Processos
46428,Maria Laura Dias,SAP FI
46430,Cecilia Santos,Analista de Compras
46431,Camila Gonçalves,SAP FI
46432,Raul Moreira,SAP PP DS
46433,Benício Farias,Comprador Sênior
46434,Aylla Fernandes,sap SD
7942,Isabella Moura,Help Desk
7950,Benicio Marques,Help Desk
7952,Maria Clara Monteiro,CONSULTOR SAP FI/RE
7956,Dr. Davi Lucas Câmara,Help Desk
7960,Sr. João Cassiano,Gerente de Projetos
39235,Maria Laura Castro,Oracle Retail Xstore
39236,Otávio Martins,Java/Angular
39238,Pedro Henrique Pinto,Analista de NOC
39239,Théo Barbosa,Integração de dados
39240,Gael Henrique Fonseca,Java
39241,Pedro Lucas da Mata,DEV
39243,João Miguel Novais,"Software Engineer | Java, React, Angular, Python, NodeJS"
39244,Elisa Jesus,"Senior Software Engineer Python | Javascript (React.js, Node.js)"
39245,Mariah Almeida,NOC
39246,Luiz Henrique Costa,NOC
39247,Alexandre Aparecida,"Senior Software Engineer | .NET | Node.js | React | AWS Cloud / NET, Java e Node.js no backend e React, Angular e Vue no frontend."
39248,Dr. Yago Novaes,Oracle Retail Xstore
39250,Henrique Oliveira,DEV
39251,Mariana Fogaça,react
39252,Dr. Brayan Porto,DEV
39253,Sophia Jesus,Noc
39254,Igor Oliveira,Integração de dados
39256,Vitor Almeida,Integração
39257,Isabel Farias,"ABAP, PM, QM"
39258,Maria Júlia Pinto,Consultor / Especialista de Segurança da Informação
39259,Dra. Cecilia Campos,Integração
39260,Dra. Laís Barbosa,Analista de Integrações
39262,Alice Novaes,Forms / PLSQL
39263,João Felipe Ramos,Forms / PLSQL
39264,Srta. Laís Correia,Forms / PLSQL
39265,Srta. Ana Laura Rios,Analista
39266,Dante Freitas,Consultor / Especialista de Segurança da Informação
39267,Maria Helena Barros,Integração
39269,Alana Novais,Integração
39271,Benício Cardoso,Analista SAP MM WM
39272,Anthony da Luz,Analista de Integrações
39274,Brayan Macedo,JAva + React
39277,Luísa da Paz,Analista de Sistemas | BI
39278,Nicolas Farias,Infra
39279,Breno Cunha,Analista de suporte de sistemas
39280,Benjamin Castro,Analista de Suporte
39281,Hellena Rezende,Infra
39282,Sr. Pedro Lucas Costa,big data
39283,Dra. Lara Pereira,Infra
39284,Lorenzo Cunha,Infra
39285,Sr. Caleb Pastor,Infra
39286,André Guerra,Infra
39287,Pedro Miguel Fonseca,Analista de suporte
39288,Ísis Moraes,Analista de Sistemas | Desenvolvimento/Suporte
39289,Henry Gabriel Vasconcelos,Infra
39290,Enzo Gabriel Dias,Infra
39291,Vitor Jesus,SAP PM
39292,Maria Fernanda da Luz,Gerente de Projetos de Infra
39293,José Oliveira,Gerente de Projetos de Infra
39294,Ana Beatriz Marques,"DBA, PROGRAMADOR, ORACLE, INGLES"
39295,Luiz Gustavo Vargas,Big Data Lead
39296,Maria Sophia da Paz,Gerente de Projetos de Infra
39297,Mariane Rocha,Gerente de Projetos de Infra
39299,Srta. Maria Julia da Cunha,Analista de Sistemas
39300,José Miguel Sá,Dados
39301,Sarah da Conceição,Consultor Senior SAP SD
39303,Melina Cunha,ANALISTA ED SISTEMAS
39304,Pedro Miguel Oliveira,Analista de dados
39305,Maria da Paz,Gerente de Projetos de Infra
39306,Maria Liz da Mata,Gerente de Projetos de Infra
39307,Bella Lopes,Analista de Integração
39308,Gael Henrique Cavalcante,Integração
39312,Vitória Cassiano,ANALISTA DE SISTEMA DE SUPORTE
39313,Sr. Arthur Miguel Almeida,Consultor Especialista em Segurança da Informação
39314,Srta. Ester Silveira,Gerente de Infraestrutura Sr
39315,Dr. Henry Gabriel Albuquerque,Dados
39316,Isabella Costela,Dados
39317,Cecilia Ramos,ARQUITETO CLOUD
39318,Emanuelly Vargas,FullStack Developer
39319,Valentim Câmara,Integração
39320,Sr. Théo Dias,Integração
39321,Dr. Mateus Fernandes,Integração
39322,José Miguel da Mata,Gerente de Infraestrutura
39323,Luiz Gustavo Casa Grande,Cloud
39324,Dra. Bárbara Cavalcante,Cloud
39325,Davi Lucca Correia,Segurança
39326,Bella Rios,Cloud
39327,Caio Guerra,Cloud
39328,Olívia Mendonça,Cloud
39329,Alícia Pastor,Arquiteto Cloud
39330,Dr. Cauê da Cruz,Product Owner Operações
39331,Gustavo Cardoso,Arquiteto Cloud
39333,Isaque Vargas,Dev Angular
39334,Alice Monteiro,Dev .Net
39335,Sofia Jesus,Especialista AD Senio
39337,Marcos Vinicius Macedo,Desenvolvedor
39338,Theodoro Casa Grande,Arquiteto Cloud
39339,Henry Vasconcelos,Dev C#
39340,Dra. Ana Cecília Mendes,Líder de projeto
39342,Dr. Carlos Eduardo Aparecida,desenvolvedor
39343,Srta. Kamilly Macedo,Analista de Governança de Segurança da Informação
39344,Sr. Gael das Neves,Analista de SIstema Pleno/Senior
39345,Dante Aragão,Consultor / Especialista de Segurança da Informação
39346,Ana Laura Carvalho,Analista de infraestrutura
39347,Manuella Moura,Financeiro
39348,Ana Vitória Azevedo,ARQUITETO CLOUD
39349,Maria Isis Cassiano,Administrativo/Financeiro
39350,Bárbara Moreira,
39351,Isabela Ferreira,Administrativo/Financeiro
39352,Larissa Pimenta,Desenvolvedor Front-End | React | JavaScript
39353,Igor Barros,Desenvolvedor Front-end | Angular | Javascript | HTML | CSS
39354,Dra. Kamilly Cassiano,ARQUITETO CLOUD
39355,Sr. Levi Nogueira,Software Engineer | Front-end developer | React | JavaScript | TypeScript
39356,Mariane Azevedo,Administrativo/Financeiro
39357,Ana Julia Nunes,Administrativo/Financeiro
39358,Sra. Stephany Araújo,Front-End developer | JavaScript | Angular
39359,Sr. João Vitor Pinto,Desenvolvedora Front-end
39360,Sr. Renan Oliveira,Desenvolvedor Front-end + UX
39361,Maria Rodrigues,Forms / PLSQL
39362,Ana Liz da Rosa,gerente ti
39364,Pietra Machado,Expansão
39369,Sra. Gabrielly Azevedo,Analista de Integração
39370,Srta. Luísa Freitas,Consultor SAP IBP
39371,Daniel Dias,Agile Master
39372,Carolina Pires,SD
39374,Henry Lopes,Data&AI / Consultor RPA
39375,Antony Vargas,Data&AI / Consultor RPA
39376,Sra. Maria Eduarda Fonseca,Desenvolvedor Front end ReactJs | NextJS | JavaScript | Typescript
39377,Srta. Amanda Santos,Data&AI / Consultor RPA
39378,Sra. Ana Sophia Castro,Desenvolvedor Front-end Sênior | React | JavaScript | Typescript | VTEX
39379,Srta. Luana Pinto,Desenvolvedor .NET
39380,Thomas Abreu,Data&AI / Consultor RPA
39381,Bryan da Paz,Magento Developer | Adobe Commerce | Desenvolvedor Front-end
39382,Ana Beatriz Silva,Desenvolvedor Fullstack | PHP | HTML | CSS | Javascript | React | NodeJS | WordPress
39383,Dr. Heitor Moraes,Arquiteto de Soluções Manager
39384,Kevin Ramos,Arquiteto de Soluções Manager
39386,Nina Rodrigues,Python
39387,Oliver Cirino,AGILE MASTER
39388,Sr. José Pedro Borges,Analista de governança de Segurança da informação
39389,Dr. Cauê Dias,Gerente de Projetos Infra SR
39390,Maria Correia,Agile Master
263,Anna Liz Martins,PROGRAMADOR .NET/ Cobol
265,Ana Oliveira,Consultor ABAP
270,Ravy da Conceição,Gerente de Projetos SAP
294,Sr. Vinicius Rodrigues,consultor SAP
296,Srta. Maria Luísa Moura,Consultora SAP RE
297,José Miguel Machado,CONSULTOR SAP BASIS
298,Dr. João Montenegro,CONSULTOR BASIS
301,Bruna Borges,Consultor SAP HCM
304,Maria Júlia das Neves,MM Retail
305,Bella Peixoto,Test Analyst at IBM
306,Maria Clara Marques,Líder Técnica e Consultora MM/WM- certified
322,João Porto,Web designer
323,João Pedro Vieira,Analista programador
324,Sr. Davi Lucca Porto,CONSULTOR SAPPM/QM/DMS/PP
327,Leonardo Oliveira,Consultora SAP CO
334,Zoe Lopes,CONSULTOR SAP ABAP
352,Raquel Teixeira,Analista de Testes/QA - Negócios (Disponível
354,Luiz Gustavo da Cruz,Consultor SD
358,Caleb Ramos,CONSULTOR SAP
371,Gael Novaes,ETL
388,Sr. Enzo Sousa,Java
391,Dr. Enrico Pinto,Analista de Sistemas Sênior na Advus Corporat
394,Ísis da Mata,CONSULTOR SAP MMWM
395,Pietra Garcia,CONSULTOR SAP MMWM
396,Srta. Yasmin Rios,CONSULTOR BW
400,Thomas Nogueira,Engenheiro de Dados
401,Larissa Castro,CONSULTOR BW
411,Sr. Léo Cassiano,Consultor SAP MM Senior
412,Laura Casa Grande,Consultor SAP CO - S/4 Hana
414,Leonardo Macedo,Consultor funcional SAP FI CO Sr
417,Júlia Sá,Consultor ABAP
426,Fernanda Brito,CONSULTOR SAP FI/ FS-CD ( Seguros )
433,Liam Nascimento,CONSULTOR SAP
446,Srta. Melina Novaes,programador java
448,Mariane Melo,Analista de sistemas
451,Dra. Maria Luísa Leão,programador web
461,Breno da Rosa,Assistente de projetos
464,Daniela Cassiano,Programador
469,Carolina Souza,Estudante na Universidade Paulista
474,Srta. Marcela Vasconcelos,Testing at Bank of american
508,Bernardo da Mota,Assistente de compras
515,Sara Silva,Consultor SAP MM/WM
530,Maria Julia Lopes,Consultor Solman Sr
532,Oliver Moura,Senior SAP Basis Consultant
534,Fernando Casa Grande,Analista de segurança da informação
536,Sr. Benicio Camargo,Analista de Suporte Pleno
538,Sra. Daniela Freitas,Analista de sistemas
540,Sr. Marcelo Carvalho,analista ti
541,Sra. Larissa Borges,Consultor JDE Finance
542,Sr. Rodrigo da Luz,Segurança da Informação
547,Isadora da Costa,Consultor técnico Peoplesoft at Resource It S
558,Cauê Ribeiro,Analista People Soft
562,Brayan Caldeira,Analista programador
580,Dr. Heitor Gomes,Programador
594,Sra. Maria Laura da Mata,Analista SAP Basis
628,Arthur Gabriel Rocha,Programador ABAP
634,Sr. Brayan da Costa,Programador ABAP
644,Leandro Caldeira,Analista de suporte técnico
657,Lavínia Cavalcanti,MM Junior
661,Gabrielly da Rosa,Programador .Net
664,Maria Eduarda Garcia,Programador Cobol
667,Sra. Daniela Freitas,Programador Dotnet
670,Maria Cecília Albuquerque,consultor SAP
672,Raul Guerra,CONSULTOR ABAP/ARIBA/FIORI
675,Dr. Enrico Mendes,consultor SAP
679,José Miguel Gomes,Desenvolvedor Java
684,José Nogueira,Desenvolvedor Java
686,Dra. Isis Porto,CONSULTOR SD SR
688,Olivia Farias,CONSULTOR S/4 Hana TM e SD
698,Vitor Hugo Rios,Information Security Coordinator / Consultant
700,Sr. Rael da Luz,Consultor SD
704,Cecilia Oliveira,Programador java
705,Mathias Nunes,Assistente de compras
707,Isaque Montenegro,Analista/Desenvolvedor de Sistemas Sênior
713,Fernanda Ramos,"Analista suporte, segurança e redes."
717,Cauã Ribeiro,consultor ABAP
723,Srta. Rafaela Castro,Consultor ABAP
726,Dra. Sophia da Cruz,Consultor ABAP
730,Hellena Dias,consultor abap
736,Sophie Silva,CONSULTOR ORACLE CLOUD
745,Sra. Sarah Costa,CONSULTOR BASIS
746,Leandro Nunes,CONSULTOR BASIS
747,Srta. Luna Pimenta,CONSULTOR BASIS
751,Bella Correia,Consultor ABAP
761,Sr. José Azevedo,CONSULTOR JDE
786,Aurora Rocha,CONSULTOR ABAP
805,Eduardo Borges,ABAP
833,Sra. Maria Helena Castro,Consultor SAP FI
857,Rhavi Costela,Consultor JDE SR
864,Josué da Luz,Web developer
869,Dra. Alícia Novais,Scrum Master/Analista de Negócios
871,Dra. Isabel Cassiano,ANALISTA DE TI
877,Dra. Maria Júlia Abreu,CONSULTOR SAP PS/ CO SR
878,Gabriel Silva,CONSULTOR SAP CO SR
898,Dr. Otávio Vasconcelos,Consultor SAP WM
924,Noah Cavalcanti,Analista Juridico
926,Sr. Francisco Almeida,Analista Juridico
932,Isis Novaes,CONSULTOR ABAP HCM
938,Anthony Gabriel Peixoto,ANALISTA PMO PLENO
948,Yan Caldeira,Analista de Help Desk
949,Evelyn Abreu,Analista de Help Desk
950,Gabrielly Barbosa,Consultor SAP
951,Sra. Isabella Duarte,Consultor BW Sr
954,Joaquim Sá,Consultor BW SR
975,Ana Lívia Rocha,Web designer
987,Luana Montenegro,CONSULTOR SAP MMWM
24159,Maria Liz Abreu,Desenvolvedor
24161,Srta. Sofia da Rocha,
24162,Otto Araújo,
24163,Maria Helena Leão,
24164,Sr. Rodrigo da Rocha,
24165,Maria Flor da Rosa,
24166,Bernardo Silveira,
24167,Matheus Casa Grande,Analista de contratos
24168,Jade Silveira,Analista de Infraestrutura
24169,Henry da Mota,
24170,Thiago Teixeira,Analista BPO - Financeiro
24171,Dr. Henrique Leão,
24172,Davi Lucca Cavalcante,
24173,Srta. Mariane Montenegro,
24174,José da Cunha,
24175,Josué Cavalcante,
24176,Dra. Mariane Rios,Analista de Processos
24177,Srta. Isabelly Nascimento,
24178,Isabelly Moura,
24179,Lucca Leão,
24180,Dra. Nicole Alves,
24181,Dra. Eloah Nunes,
24182,Dante Vargas,
24183,Isis Cardoso,
24184,Sr. Heitor Borges,
24185,Sr. Henry Brito,Crescimento profissional
24186,Lívia Santos,
24187,Lavínia Teixeira,
24188,João Rios,
24189,Srta. Kamilly Cassiano,Redes de cpmputadores
24190,Yago Cassiano,
24191,Oliver Vasconcelos,
24192,Dra. Maria Eduarda Montenegro,
24193,Laís Rios,
24194,Camila Lima,Coordenador de PCP/Analista de PCP Sr.
24195,Eloá Mendes,Me tornar referência em Qualidade de Software
24196,Sr. Leonardo Lopes,
24197,Sr. Luiz Felipe Dias,RH
24198,Dr. Dante Monteiro,
24200,Clarice Alves,
24201,Maria Clara Nascimento,
24203,Anthony Gabriel Sousa,Desenvolvedor Frontend
24204,Ana Carolina Porto,
24206,Raul Pacheco,
24207,Cecília Mendes,Desenvolvedor Full Stack
24208,Matteo Costa,
24209,Dr. Valentim Ferreira,
24210,Srta. Heloisa Guerra,"Consultor de TI, Analista de TI, Negócios e Suporte"
24211,Dr. Lucas Moraes,"analista azure, windows server, infraestrutura"
24212,Antony Machado,Analista Administrativo Financeiro
24213,Carlos Eduardo Albuquerque,
24214,Vitória Rocha,
24215,Antony Farias,
24216,Sophia Duarte,
24217,Marina Leão,
24218,Dr. Pedro Henrique Siqueira,
24219,Heloisa Alves,
24220,Dra. Maria Luísa Gonçalves,
24221,Matheus Siqueira,
24222,Arthur Ramos,
24224,Sr. Gabriel Fernandes,
24225,José Guerra,
24226,João Lucas Pastor,
24227,Davi Miguel Azevedo,
24228,Carlos Eduardo Aparecida,
24229,Sr. Levi Vieira,"Lider Tecnico, Especialista ou Sênior"
24230,Juan Sá,
24231,Liz Lima,
24232,Raquel Sales,
24233,Dra. Jade Jesus,
24234,Dra. Esther Pires,
24236,Augusto Vasconcelos,
24237,Sra. Bruna da Luz,
24238,Milena Lopes,
24239,Dr. Mateus Mendes,
24240,Luiza Machado,
24241,Jade Borges,ANALISTA/CONSULTOR/COORDENADOR DE SISTEMAS
24242,Sr. Gael Henrique Rios,Analista de dados / analista ETL / Analsita de Bi
24243,Vitor Gabriel Porto,
24244,Vicente Cirino,Analista de Redes
24245,Sr. Benício Cavalcante,
24246,Calebe Novais,
24248,Enrico Souza,Analista de Recrutamento e Seleção
24249,Juan da Cruz,
24251,Oliver Aragão,
24253,Srta. Luiza da Rocha,Consultor Financeiro JDE
24254,Ana Clara Freitas,
24255,Sra. Emanuella Andrade,SAP ABAP/PI
24256,Bárbara Cavalcanti,
24258,Sr. João Felipe Gonçalves,
24259,Srta. Catarina Câmara,
24260,Nicole Pires,
24261,Vitor Andrade,
24262,Joaquim Aparecida,Garantir a satisfação do cliente e a rentabilidade do projeto
24263,Rafaela da Costa,Atuar em time de desenvolvimento.
24264,Maria Clara Leão,
24265,Maya Alves,
24266,Felipe da Costa,
24267,Kaique Fogaça,
24268,Srta. Mariah Lopes,
24269,Lara Farias,
24270,Dr. Matheus Ramos,Desenvolvedor/Analista SEO
24271,Sr. Danilo da Rosa,
24274,Nathan Casa Grande,
24276,Emanuel Barros,
24277,Gabrielly Monteiro,
24278,Eduardo Sá,
24279,Rael Camargo,
24280,Raul Peixoto,Analista de Segurança da Informação
24281,João Guilherme Correia,
24282,Dr. Gustavo Henrique Souza,
24284,Paulo Abreu,
24285,Ana Sophia Albuquerque,Projetos / SAP / Negócios e Tecnologia
24286,Pietra das Neves,Atuar com Análise de Negócios e Requisitos em TI
24287,Lucas Barbosa,Consultor Funcional SAP PS & IM Senior
24288,Dra. Maria Sophia Mendonça,
24289,Clarice Guerra,
24290,Beatriz Jesus,
24291,Lorena Pacheco,Consultor SAP PS em projeto Hana
24292,Beatriz Costela,Gerente de Projetos \ Product Owner
24293,Maria Eduarda da Rosa,Analista SEO
24294,Maria Helena Silveira,
24295,Sr. Luiz Fernando Ferreira,Assistente de Marketing
24296,Melissa Mendes,
24297,Alexandre Nogueira,
24298,Pietro Cassiano,
24299,Dra. Ana Carolina Mendonça,
24300,Ester Moreira,
24301,Sra. Maria Helena Santos,
24302,Sr. Gustavo Barros,
24303,Murilo Pacheco,
24304,Yasmin Aragão,
24305,Benício Fogaça,
24306,Luna Souza,
24307,Marina Fonseca,
24308,Rebeca Cavalcante,Analista BI Jr.
24309,Liam Borges,
24310,Liz Alves,"Crescimento profissional, net parking,"
24311,Liz Siqueira,
24312,Dra. Olívia Sousa,
24313,Luiz Gustavo Campos,"Product Owner, Product Manager, QA Manager, QA Leader"
24315,Bruna Marques,Engenheiro de software
24316,Henrique da Mata,
24317,Matteo Pinto,
24318,Sra. Hellena da Conceição,Analista/Consultor
24319,Sr. Raul Moraes,
24320,Dr. Josué Jesus,
24321,Dr. Ryan Sampaio,
24322,Hadassa da Cunha,Gestão / Consultoria
24323,Ryan Sales,
24324,Dr. Fernando Souza,
24325,Maria Eduarda Novaes,Atuar nas áreas de Analista de Projetos | Operações | Financeiro | Produto
24326,Ana Liz Costela,
24327,Vicente Leão,
24328,Antônio Caldeira,
24329,Bárbara da Mata,
24330,Ana Júlia Lopes,Consultor SAP MM
24331,Dr. Léo Lopes,
24332,Mariane Siqueira,
24333,Sabrina da Rocha,
24335,Eloá Câmara,
24336,Dra. Maria Liz Nogueira,
24337,Sra. Larissa Sousa,
24338,Kaique Azevedo,
24339,Mariane Vargas,Atuar na área de Comunicação
24340,Sr. Valentim Siqueira,
24341,Vitor Gabriel Lima,
24342,Anthony Macedo,
24343,Eloah Pastor,
24344,Daniela Rezende,
24346,Sara Sousa,
24347,Catarina Guerra,Aberto a propostas
24349,Alice Casa Grande,
24350,Maria Luiza Martins,Consultora de Processos
24351,Dr. Benjamin Vieira,
24353,Francisco da Conceição,
24354,Rhavi Sales,
24355,Nathan Campos,Analista de infraestrutura
24356,Dr. Luan Marques,
24357,Oliver Jesus,Analista de Redes
24358,Dra. Ana Carolina das Neves,
24359,Dra. Elisa Montenegro,
24360,Henrique Gonçalves,Consultor SAP MM
24361,Natália Vargas,
24362,Dra. Letícia Mendes,
24363,Oliver Vargas,
24364,Juliana Oliveira,
24365,Dra. Brenda Mendonça,
24366,Eduardo Abreu,
24367,Dr. Bento Moura,
24368,Gabrielly Guerra,
24369,Esther Lima,
24370,Sr. Breno Marques,
24371,Sr. João Felipe Campos,
24372,Dr. Francisco Rodrigues,Processo / projetos e Negócios
24373,Srta. Camila da Cunha,
24374,Ana Pacheco,
24375,Dr. Ravi Melo,
24376,Elisa Cardoso,
24377,Sra. Giovanna da Rosa,
24378,Felipe Rezende,
24379,Eloá Cardoso,
24380,Maria Laura Vasconcelos,
24381,Francisco Rodrigues,
24382,Dr. Theodoro Ramos,
24383,Rodrigo Martins,
24384,Arthur Gabriel Oliveira,
24385,Dr. Rael Cavalcanti,
24386,Juliana Freitas,
24387,Otávio Machado,
24388,Dr. Cauã Lima,
24389,Caroline Cunha,
24390,Maria Cecília da Paz,
24391,Dra. Olivia Borges,
24392,Hadassa Freitas,
24393,Luísa Rios,
24394,Dr. Guilherme Teixeira,
24395,Vitor Gabriel da Rocha,Consultora de Comercio Exterior
24397,Emanuella Pastor,
24398,Sr. Luiz Gustavo Correia,
24399,Dr. Eduardo Ferreira,
24400,Maya Fogaça,Engenheiro de Dados de Qualidade (DEQ) e Governança de Dados (EDC)
24401,Dra. Ester Ramos,Arquiteto Soluções
24402,Théo Peixoto,
24403,Ana Carolina Cardoso,
24404,Mariane Fernandes,
24405,Dra. Alice Souza,Gestor
24406,Valentina Santos,
24407,Vitória Rodrigues,
24408,Srta. Amanda da Mata,
24409,Dr. Murilo da Cunha,
24410,Clarice Rios,
24411,Lunna Rios,"Processos, sistemas e desenvolvimento de equipes"
24412,Maria Luísa Pastor,
24413,Dra. Alana da Luz,
24414,Rebeca Pires,
24415,Breno da Rocha,
24416,Dra. Kamilly Costela,
24417,Dr. Pedro Miguel Pinto,
24418,João Felipe da Conceição,
24419,Sara Pinto,
24421,Dra. Carolina Monteiro,
24422,Maria Julia Silveira,
24425,Miguel da Cunha,
24426,Aylla Barros,
24427,Ísis Brito,
24429,Stephany Abreu,"Analista de Recrutamento e Seleção, Tech Recruiter, Recrutadora"
24432,Srta. Rebeca Aragão,
24435,Evelyn Cavalcanti,
24436,Sr. Gael Alves,
24439,Sra. Hadassa da Luz,
24444,José Rios,
24445,Oliver Abreu,
24450,Sr. Danilo Ferreira,
24451,Marina Costela,Analista de Recursos Humanos
24452,Zoe da Conceição,
24454,Lucas da Mata,
24455,Clarice Sampaio,Tecnologia da Informação
24457,Dr. Caio Melo,
24458,Gustavo Henrique Jesus,
24459,Yan Moreira,
24460,Ana Clara Casa Grande,
24461,Kaique Araújo,
24464,Sr. Thiago Alves,Auxiliar administrativo
24466,Davi Lucca Fogaça,Administrativo/Financeiro
24469,Maria Luísa Freitas,"Analista de Sistemas, Consultor, Analista de B.I"
24470,Maria Vitória Alves,Atuar em área administrativa; educacional; operacional; comercial e financeira.
24471,Dra. Ana Carolina Almeida,Especialista em RH
24472,Maria Isis Teixeira,Crescimento Profissional
24473,Ágatha Rodrigues,
24474,Dr. Rodrigo Nunes,Recolocação e Crescimento Profissional
24475,Heloísa Novais,analista
24476,Sr. Isaac Cirino,
24478,Enzo Gabriel Viana,
24479,Bento Nogueira,
24480,Cecilia Teixeira,
24481,Antonella Alves,Recursos Humanos
24482,Dra. Clara Andrade,
24483,Gael Pereira,SAP PS
24484,Diego Guerra,Atuar como analista
24485,Cauê Correia,
24486,Dr. Juan da Rocha,
24487,Sr. Apollo Sá,
24488,Leandro Cirino,Adquirir novos conhecimentos
24489,Raquel Rodrigues,Gestão da Produção / Engenharia de Produção
24490,Bruno Albuquerque,
24491,Danilo Porto,
24492,Josué Rocha,Meu principal objetivo é ampliar habilidades técnicas e gerenciais e desenvolver outras aptidões relacionadas a minha área de atuação
24493,Letícia Costa,
24495,Renan Pereira,
24496,Matteo Fogaça,
24497,Sr. Cauê da Cruz,
24499,Augusto Abreu,
24500,Melina Cirino,
24501,Ana Cecília Nunes,
24503,Emanuella Barros,Gerente de Projetos
24504,Renan Gonçalves,
24505,Sra. Ana Beatriz da Cruz,
24507,Isabelly Martins,
24508,Dante Ferreira,
24509,Amanda Albuquerque,
24510,Sr. Mathias Porto,
24512,Luiz Felipe Carvalho,Área administrativa
24513,Maria Alice das Neves,
24514,Arthur Vieira,
24515,Sr. Benício Costela,
24516,Thiago Ribeiro,
24518,Antônio Aragão,
24519,Guilherme Ferreira,
24520,José Miguel Santos,FINANCEIRA | ADMINISTRATIVA | GESTÃO | RH E PESSOAL
24521,Vicente Porto,
24523,Aurora Vasconcelos,
24524,Leonardo Monteiro,
24525,Sr. Nicolas Aparecida,
24526,Yan Freitas,
24527,Cecília Costela,
24528,Larissa Duarte,
24529,Srta. Giovanna Oliveira,Consultor SAP WM/EWM SR
24530,Srta. Pietra Vargas,
24531,Sr. Mateus Aparecida,
24532,Sra. Heloisa Novais,
24533,Sra. Maria Sophia Nogueira,
24534,Alice Cassiano,
24535,Maria Luiza Guerra,
24536,Vicente Macedo,
24537,Rhavi Teixeira,
24538,Cauã Leão,
24539,Rael Sales,
24541,Fernando Vargas,
24542,Nina Rocha,
24543,Carlos Eduardo Macedo,
24544,Davi Luiz da Conceição,
24545,Dr. João Guilherme Carvalho,
24546,Otto Costa,
24547,Srta. Evelyn Costa,
24548,Dra. Ana Lívia Azevedo,
24549,Maria Liz Peixoto,
24550,Dra. Isadora Dias,
24551,Srta. Olivia Campos,
24552,Kaique Novais,
24554,Vitória Farias,Especialista em Privacidade e Proteção de Dados
24556,Heloisa Aparecida,
24557,Rafael Nascimento,
24558,Valentina Cirino,
24559,Heloísa Silva,
24560,Otávio Macedo,
24561,Sra. Lara Aparecida,
24562,Sr. Enzo Gabriel Ribeiro,Análise e Integração de Dados - BI
24563,Sr. Davi da Rosa,Assistente administrativo
24564,Sr. Igor Lima,
24565,Ryan Aragão,
24566,Enzo Gabriel Pacheco,
24567,Gael Pastor,
24568,Mirella Borges,
24569,Rodrigo Cunha,
24570,Sra. Giovanna Peixoto,
24571,Sophie Barros,
24572,Emanuella Silveira,
24573,Fernanda Siqueira,
24574,Maria Eduarda Fonseca,
24575,Maria Flor Cavalcanti,
24576,Maria Helena Sousa,
24577,Benicio Farias,
24578,Sr. Bernardo Peixoto,
24579,Ravi Almeida,
24580,Sr. Benício Cirino,
24581,Dra. Pietra Barbosa,
24582,Cauã Lima,
24583,Ana Liz Silveira,
24584,Lucas Gabriel Farias,
24585,Isis Sousa,
24586,Dra. Maria Aragão,
24587,Sr. Heitor Vieira,
24589,Srta. Carolina Ferreira,
24590,Sra. Lorena Viana,
24591,Arthur Gabriel Nogueira,Analista Fiscal
24592,Rael da Costa,Área Fiscal/Tributos
24593,Sr. Benjamim Vieira,
24594,Jade Nascimento,
24595,Sr. Enrico Mendes,
24596,Gabrielly Cavalcante,
24597,Ana Luiza Cirino,
24598,Clarice Caldeira,
24599,Lívia Sá,
24600,Srta. Valentina Machado,
24601,Bella Moraes,
24602,Dr. Benício Borges,
24603,Clara Machado,
24604,Diego Campos,
24605,Sr. Oliver Camargo,
24606,Davi Luiz Costa,
24607,Danilo Melo,
24608,Srta. Bruna da Paz,
24609,Carlos Eduardo da Conceição,
24610,Letícia Rodrigues,
24611,Stella Peixoto,
24612,Ian Pires,
24613,Anthony Gabriel Vasconcelos,"Ter reconhecimento, trabalhar em um ambiente agradável, aprender novas tecnologias"
24614,Dra. Kamilly Marques,
24615,Srta. Maria Liz Pires,
24616,Srta. Ana Sophia da Paz,
24617,Melissa Pinto,
24618,Dr. Vitor das Neves,
24619,Sra. Stella Viana,
24620,José Pedro Cirino,
24621,Mirella Casa Grande,
24622,João Vitor Gonçalves,
24623,Dr. Asafe Cardoso,
24624,Vinícius Aragão,
24625,Sr. Yan Melo,
24626,Augusto Leão,
24627,Srta. Catarina da Conceição,
24628,Léo Nunes,
24630,Antonella Guerra,
24631,Sra. Manuella Marques,
24632,Sr. Luigi Barbosa,
24633,Bernardo Cavalcanti,
24634,Ana Laura Leão,
24635,Liz da Conceição,
24636,Mariah Mendonça,
24637,Ana Luiza Silveira,
24638,Manuella Vasconcelos,
24639,Maria Helena Moraes,
24640,Esther Silveira,
24641,Juan Silveira,
24642,Maria Luiza Araújo,
24643,Dr. Daniel Silveira,
24644,Stephany Rios,
24645,Dante Sampaio,
24646,Sra. Maria Eduarda Vasconcelos,
24647,Nina Casa Grande,
24648,Sra. Aurora Rodrigues,
24649,Rafaela da Luz,
24650,Vitor Gomes,
24651,Dra. Emanuella Freitas,
24652,Vicente Martins,
24654,Thomas Machado,Recursos humanos / benefícios
24655,Erick Campos,
24656,Laura Carvalho,
24657,Rebeca da Mata,
24658,João Guilherme Pimenta,Voltar a trabalhar na area financeira
24659,Théo Macedo,
24660,Lorenzo Garcia,Desenvolvedor .NET
24661,Ester das Neves,Fullstack Developer
24662,Miguel Cunha,Atuar como Scrum Master
24663,Maria Julia Nunes,
24664,Clarice Aragão,
24665,Bento Barbosa,
24666,Liz Montenegro,Tecnologia da Informação
24667,Vicente Farias,
24668,André Nascimento,
24669,Anthony Gabriel Marques,
24670,Dra. Olivia Ribeiro,
24671,Sr. Ryan Sampaio,
24672,Sr. Mateus Cirino,
24673,Maria Júlia Marques,
24674,Sr. Vitor Hugo Novaes,
24675,Lorenzo Dias,Controladoria | Contabilidade | FP&A | M&A
24676,Danilo Guerra,
24677,Valentina Rodrigues,Programador / Analista de Sistemas
24678,Fernanda Sales,
24679,Dr. Enzo Peixoto,
24680,Sr. Enzo Gabriel Aragão,
24681,Maya Albuquerque,
24682,Srta. Joana Pires,
24683,Ana Clara Moura,
24684,Luara Vargas,"Com as experiências adquiridas ao longo dos meus estágios, procuro agora uma chance de efetivação na minha área de conhecimento."
24686,Luana Albuquerque,
24687,Anthony Souza,
24688,Stephany Guerra,
24689,Carlos Eduardo Costa,
24690,Ísis Guerra,
24691,Agatha Sampaio,
24692,Luana Fogaça,
24693,Ravy Casa Grande,
24694,Ana Vitória Barros,programador Delphi
24702,Sra. Isabela Mendonça,
24703,Camila Rezende,Encontrar novas oportunidades e desafios
24704,Juliana Silveira,
24705,Dr. Apollo Moreira,Atuar na área financeira/contábil/controladoria
24708,Dr. Luiz Henrique Casa Grande,
24710,Nathan Montenegro,
24711,Lavínia Peixoto,contabilidade
24713,Beatriz Souza,Área financeira ou Suprimentos
24714,Srta. Maysa Aragão,
24716,André da Paz,"Área Administrativa e Financeira. Possuo excelentes habilidades de organização, criatividade, execução de rotinas e trabalho em equipe. Valores pessoais: comprometimento, comunicação, compreensão e flexibilidade."
24717,Sra. Catarina Casa Grande,"Analista, supervisão, assistente, auxiliar"
24718,Sr. Emanuel Rocha,
24719,Maria Clara Fogaça,Gerente de Projeto - Analise de Sistemas - Requisitos - Funcionais
24720,Srta. Bianca Barros,Analista Contabil
24721,Anna Liz Cavalcante,
24722,Rebeca Moura,Inteligência de mercado
24723,Dr. Luan Novais,E-commerce
24724,Maria Sophia Nascimento,Área Financeira
24725,Murilo da Mata,Posição no Setor Financeiro
24726,Benicio Lima,GERENTE DE CREDITO E COBRANÇA
24727,Valentim Rodrigues,Área Financeira
24728,Rafaela Pimenta,Área Financeiro
24734,Srta. Ana Carolina Rocha,Trabalhar em uma empresa onde possa contribuir para o seu crescimento e também para o meu. Fazendo o melhor sempre.
24735,Dra. Maria Eduarda da Mata,
24736,Dra. Larissa Cavalcante,Business Intelligence | Big Data Analyst
24738,Dr. Davi Lucca Casa Grande,
24739,Sr. Murilo Cirino,
24742,Srta. Giovanna Castro,
24744,Ana Júlia Vasconcelos,Analista de Dados Senior
24745,Oliver Correia,
24746,Sr. Luiz Henrique Câmara,
24747,Manuella Pereira,Gerência de Projetos
24748,Antônio Pires,
24749,Luna Rezende,
24750,Enrico Correia,
24751,Daniela Nogueira,
24752,Dr. Luiz Henrique Teixeira,
24753,Lucca da Mata,
24754,Yan Melo,
24755,Srta. Lavínia Viana,Desenvolvedor back end java sênior
24756,Sara Andrade,Desenvolvedora ETL (Power Center) / Analista de BI
24757,Dra. Agatha da Rocha,Scrum Master / PO
24758,Eloah Câmara,"Scrum Master, Analista de Governança"
24759,Gael Henrique Marques,
24760,Joana Leão,
24761,Eduarda Marques,Salesforce Developer
24762,Gustavo Henrique Pastor,
24764,Dr. Samuel Gomes,Desenvolvedor de Software
24765,Sr. Felipe Ribeiro,
24766,Vitória Casa Grande,Consultor Senior SAP / Lider
24767,Srta. Isadora Peixoto,
24768,Dr. Davi Lucca Almeida,GERENTE / SUPERVISOR / ANALISTA DE MARKETING
24769,Sr. Theo Pires,
24770,Rebeca Campos,
24771,Sr. Caleb Lopes,
24772,Gael Henrique Santos,
24773,Catarina Aragão,
24774,Arthur Santos,
24775,Benjamin Costela,
24776,Sr. Anthony Gabriel da Rosa,
24777,Maria Liz Fonseca,
24778,Mariah Sousa,
24779,Maria Fernanda Andrade,
24780,Dr. Heitor Silva,auxiliar administrativo
24785,Bruno Montenegro,Desenvolvimento de softwares
24788,Dra. Ana Lívia Vasconcelos,
24789,Nicole Barbosa,
24790,Dr. Renan Castro,
24791,Sra. Beatriz Pimenta,
24792,Srta. Yasmin Ribeiro,
24793,Maria Júlia Alves,
24799,Sra. Mariane Mendes,
24801,Sara Moraes,Atuar na área financeira
24802,Dra. Olívia da Paz,
24804,Dr. João Pedro Abreu,
24805,Maria Liz Lima,
24807,Manuela Marques,
24812,Srta. Agatha Costa,
24814,Dr. Joaquim Ferreira,
24815,Giovanna Souza,
24816,Maria Alice Rodrigues,
24817,Rhavi Moura,
24819,Liam Monteiro,
24821,Dr. Oliver Vasconcelos,
24822,Maria Julia Jesus,
24827,Isabelly da Rosa,
24828,Juliana da Luz,
24829,Davi Lucca Teixeira,
24830,Sra. Rebeca Gomes,
24832,Oliver Peixoto,
24836,Sara Almeida,
24837,Dr. Murilo Novaes,
24838,Davi Lucas Costa,
24839,Henry Abreu,
24840,Igor da Costa,
24841,Eloá Martins,
24842,Dr. Matteo Moreira,
24843,João Andrade,
24844,Ísis Porto,
24845,Manuela Ribeiro,
24846,Anthony Gabriel Leão,Analista de BI
24847,Carolina Freitas,
24848,Maria Laura Moraes,
24849,Sr. José Costela,
24852,Dante da Rosa,
24853,Gabriela Rodrigues,
24854,Daniel Rocha,
24855,Danilo Barbosa,
24856,Dra. Alícia Azevedo,
24857,Dr. Davi Miguel Aragão,
24858,Sra. Fernanda Carvalho,
24859,Vitor Gabriel Vieira,
24860,Lucca Caldeira,
24861,Arthur Gabriel Araújo,
24863,Sra. Lívia Ferreira,
24864,Enzo Gabriel Ramos,Consultor SAP FI
24865,Calebe Novaes,Atuar na área administrativa/ financeira
24866,Dra. Maria Eduarda Nogueira,
24867,Bella Farias,
24868,Mariah Vargas,"Aréa Financeira, contas a receber"
24869,Daniel Pacheco,
24870,Vicente Nunes,
24872,Felipe Correia,
24873,Melissa Mendonça,
24875,Davi Luiz Casa Grande,
24877,Eloah Pires,
24880,Stella Araújo,
24881,Sabrina Moreira,
24882,Srta. Yasmin Farias,
24883,João Pedro Teixeira,
24885,Dr. Anthony Alves,
24887,Dra. Mariana das Neves,
24891,Allana Monteiro,
24895,Diogo Leão,
24896,Rhavi Cirino,
24897,Srta. Gabriela Porto,
24898,Arthur Gabriel Silveira,
24899,Luiz Miguel Santos,
24900,Ana Clara Ferreira,
24901,Thales Oliveira,"Service Desk, Governança de TI, Gestão de Pessoas e Outros"
24902,Daniela Dias,
24903,Kevin Jesus,
24906,Gabriel Cavalcante,
24907,Antônio Nunes,
24911,Nicolas da Paz,
24913,Rael Almeida,Front end
24914,Sra. Melina Almeida,
24915,Fernando Andrade,
24916,Dr. Danilo Cunha,
24917,Olivia Machado,
24918,Maria Júlia Viana,
24919,Júlia Sales,
24920,Srta. Maria Cecília Nogueira,Me especializar como desenvolvedor front end
24921,Daniel da Cruz,
24923,Arthur Gabriel Pacheco,"Full Stack .Net Senior,"
24924,Raquel da Cunha,Desenvolvedor FrontEnd - React - React Native
24925,Sr. Asafe Borges,
24926,Enzo Aragão,
24928,Carlos Eduardo Rezende,Ganhar mais conhecimento
24930,Vinicius Garcia,
24931,Lucas Souza,
24932,Dra. Maria Isis Almeida,
24933,Sr. Kaique Monteiro,
24934,Sr. Vinicius Cavalcante,
24936,Lucas Pires,Vaga JDEdwards
24937,Kaique da Cruz,
24938,Emilly Casa Grande,
24939,Sr. Caio Nogueira,
24940,Breno Pires,
24941,Dr. Matheus da Rocha,
24942,Dra. Maysa Siqueira,
24943,Caio Gomes,
24944,Antônio Moreira,
24945,Luna Andrade,
24946,Sr. Davi Lucca Dias,Relocação no mercado
24947,Sr. Léo Marques,
24948,Sr. Davi Oliveira,
24949,Dra. Sophia Macedo,
24950,Sr. Luiz Felipe Carvalho,
24951,Pedro Miguel Gomes,Scrum Master
24952,Benício Caldeira,
24953,Ayla Ferreira,
24954,Isabella Ribeiro,Desenvolvimento
24955,Ana Luiza Azevedo,
24956,Lucas Gonçalves,
24957,Stephany Fogaça,
24958,Igor Teixeira,
24959,Stella da Cunha,
24960,Sabrina da Paz,
24961,Apollo Silveira,
24962,Sra. Clarice Leão,
24963,Diogo Brito,
24964,Vitor Costa,Desenvolvedor Angular / Analista Open
24965,Mateus Rocha,"Ser um desenvolvedor fullstack ou unidirecional (Backend ou Frontend) pois já tenho experiência profissional e gosto da área. Porém também gosto de trabalhar com dados, e por isso desejo aprender sobre ciência de dados também."
24966,Dr. Vinicius Pimenta,
24967,Lorenzo Ferreira,
24969,Maria Sophia Dias,
24970,Gustavo Almeida,
24971,Ian Cunha,
24972,Apollo da Conceição,Consultor SAP-FI
24973,Henry Gabriel Araújo,TechLead Salesforce
24974,Augusto da Costa,
24975,Sr. Benicio Nunes,TechLead Salesforce
24976,João Lucas Mendes,
24977,Emilly Pinto,TechLead Salesforce
24978,Dr. Antony Freitas,TechLead Salesforce
24979,Srta. Melina Silva,
24983,Henry Gabriel Rios,
24985,Maysa Alves,
24986,Dra. Maria Julia Ribeiro,
24987,Clara Ramos,
24988,Dr. Thales Sá,
24989,Sr. Brayan Silva,
24990,Mathias Peixoto,
24991,Bruno Pimenta,TechLead Salesforce / Salesforce Developer
24992,Juan Araújo,
24995,Dr. Apollo Rocha,
24996,Ana Julia Cavalcanti,
24997,Rael Castro,
24998,Theo Campos,
24999,Srta. Maria Laura Moreira,
25000,Maria Isis Marques,Desenvolvedor FullStack Jr (Java 8+ | Spring Boot | NodeJS | API RESTful | React JS e Native | Angular 2+)
25001,Maria Julia da Paz,
25002,Bruno Pires,
25003,Benjamim Camargo,
25005,Maria Isis Correia,Consultor SAP SD
25006,Dr. Mateus Porto,
25007,Maria Clara Gonçalves,Analista e Desenvolvedor de Software
25008,Davi da Conceição,
25011,Sr. Henry Pereira,
25012,Natália Machado,
25013,Stephany Costela,
25015,Dr. Luiz Otávio Aparecida,
25017,Sr. Ravy Araújo,
25018,Danilo da Rosa,Consultor / Analista ODI - PLSQL - SOA
25019,Gael Freitas,
25020,Sra. Cecilia Albuquerque,
25021,Emanuelly Viana,
25022,Sr. Renan Viana,
25023,Nathan Rios,
25025,Emanuella Melo,
25026,Sr. Diogo Casa Grande,
25027,Sra. Ana Júlia Silva,
25028,Sra. Ágatha Vieira,
25029,Brayan Oliveira,
25030,Mariah Cavalcanti,
25032,Sra. Alexia Rodrigues,
25033,Srta. Cecília da Rosa,
25034,Sra. Ana Carolina Pereira,
25035,João Lucas Rocha,
25036,Dra. Isabel Ribeiro,
25037,Sr. Breno da Mota,
25038,Davi Garcia,
25039,Luiz Henrique Camargo,
25040,Isabella Mendonça,ESPECIALISTA CRM / HARMONIZAÇÃO DE PROCESSOS / ANALISTA DE NEGÓCIOS
25041,Bernardo Macedo,
25043,Maysa Pereira,
25044,Stella Moraes,
25045,Sarah Azevedo,
25046,Theodoro Gonçalves,
25047,Mariah Silveira,
25048,Sra. Cecilia Novais,
25049,Liz Casa Grande,
25050,Dr. Vitor Hugo Pastor,
25051,Sra. Ester Jesus,Ampliar experiências de desenvolvimento
25052,Srta. Yasmin Albuquerque,Software Engineer
25053,Sra. Ana Laura Fernandes,
25054,Sr. Gustavo Henrique Borges,
25056,Dr. Luan Vieira,
25057,Mathias Cunha,
25058,Dr. Benício Aragão,
25059,Dr. João Pedro Borges,
25060,Dra. Milena Rezende,
25061,Dra. Maria Julia Aragão,
25062,Enrico Cardoso,
25063,Bianca Azevedo,
25065,João Gabriel Albuquerque,
25066,Dra. Maria Eduarda Sales,Consultor SAP ABAP
25067,Sr. Marcelo Borges,Analista Desenvolvedor
25068,Sofia Barbosa,
25069,Sra. Camila da Rocha,
25070,Theodoro Câmara,
25071,Antônio Azevedo,Gerente de TI / Project Mgr / Scrum Master
25072,Sr. Caleb Barros,
25073,Antônio Pinto,
25074,Luna da Costa,Desenvolvedor NodeJS
25075,Dr. Ryan Vasconcelos,
25076,Enzo Jesus,
25077,Ana Vitória Novaes,
25078,Sra. Valentina da Mata,
25079,Henrique Campos,
25080,Dr. Matheus da Conceição,
25081,Thomas Pimenta,Analista de Negócios / Project Owner
25082,Dr. Antony Marques,Engenheiro de Software
25083,Dra. Alícia Santos,
25084,João Felipe Ribeiro,Desenvolvedor .NET Júnior
25085,Juan da Costa,
25086,Bento Novaes,Crescer profissionalmente e trabalhar com bons profissionais que me inspirem
25087,Pietro da Conceição,
25088,Dr. Heitor Andrade,Analista de Negócios Bancários Pleno
25089,Isabella Ferreira,
25090,Sra. Isabelly Brito,
25093,Dr. Rael Silveira,
25094,Maria Clara Vieira,
25095,Bernardo Correia,
25097,Srta. Jade Sampaio,Desenvolvedor ABAP
25099,Théo Vasconcelos,Consultor SAP SD
25100,Dra. Emanuella Rodrigues,"Atuar como Analista de negôcios e metodologia Ágil, com ênface nas necessidades dos clientes, levantamento de requisitos, definição de escopo e avaliação de processos de negócios. Visando melhores oportunidades de negócio alinhado a estratégia da empresa."
25101,Dra. Marina Ferreira,Analista Contábil
25102,José Pedro Garcia,"Com as experiências adquiridas ao longo dos meus estudos, procuro agora uma chance de estágio na minha área de conhecimento."
25104,Luan Araújo,
25105,Heitor Souza,"Analista Financeiro, Analista Fiscal"
25106,Sra. Larissa das Neves,
25107,Dr. Otávio Sá,
25108,Amanda da Conceição,Áreas de Negócios / Processos / Produtos
25109,Dr. Pedro Santos,Consultor SAP ABAP Senior / Pleno
25110,Dante Brito,Analista fiscal
25111,Jade Farias,
25112,Benício Teixeira,Product Owner /Scrum Master
25113,Larissa Costa,Salesforce Desenvolvimento Administração Arquitetura
25114,Pedro Lucas Silveira,Analista Fiscal/Financeiro
25115,Murilo Caldeira,
25116,Pedro Henrique Andrade,
25118,Maria Vitória Cavalcante,
25119,Maria Luiza da Conceição,
25120,Lívia Pimenta,
25121,Rebeca Ramos,
25122,Rhavi Freitas,
25123,Ryan Abreu,
25124,Otávio Melo,
25126,Dr. Rael Barros,
25127,Dr. Joaquim Sousa,Administração e Marketing
25128,Srta. Bruna Gomes,
25129,Anthony Gabriel Souza,
25130,Vitor Caldeira,
25131,Sofia Rodrigues,
25132,Allana Marques,Consultor/ Analista SAP
25133,Eloah Rodrigues,
25134,Valentim Santos,
25135,Ana da Luz,
25136,Theodoro Machado,
25138,Murilo Almeida,Analista de teste
25139,Francisco Rezende,
25140,Bárbara Novais,
25141,Vitor Lopes,
25142,Lucca Mendonça,
25143,Srta. Ana Carolina Sá,
25144,Maria Flor Brito,
25145,Antonella Castro,
25146,Sr. Asafe Almeida,
25147,Juan Barros,
25148,Sophie Souza,
25149,Benjamin Leão,
3096,Laís Caldeira,ANALISTA DE NEGÓCIOS / IMPLANTAÇÃO / SUPORTE / E-COMMERCE
3097,Sr. Lucas Gabriel das Neves,Analista de negócios
3104,Dr. Erick Rocha,Analista de negócios
3130,Gustavo Henrique Marques,CONSULTOR SAP SD
3148,Nina Borges,Analista de negócios
3167,Maria Julia Cardoso,Funcional SD - S/4Hana - BP | CRM
3170,Gustavo Rezende,CONSULTOR SAP FI SENIOR
3172,João Gabriel Machado,CONSULTOR SAP FI SENIOR
3175,Maria Isis Pimenta,consultor SAP SD
3176,Sra. Eduarda Sales,CONSULTOR SAP CRM SENIOR
3177,Sra. Brenda da Luz,CONSULTOR SAP CRM SENIOR
3178,Sra. Ana Júlia Moreira,"CONSULTOR SAP BW,( BPC / BO / Lumira ) SR"
3179,Sr. João Farias,CONSULTOR SAP TRM SENIOR
3185,Srta. Mariah da Costa,SAP FI
3200,Sra. Ana Liz Sousa,Analista de negócios
3205,Lunna Barbosa,Analista de negócios
3217,Luan Marques,Analista de negócios / programador / ERP
3246,Camila Sá,Analista de negócios
3259,Paulo da Rosa,Analista de negócios
3262,Camila Cassiano,Analista de negócios / Gerente de Projetos
3292,Gabriela Gonçalves,Analista de negócios
3314,Luiz Miguel Moraes,Analista de negócios
3356,Guilherme Porto,"Gerente de Projetos, PMO"
3361,Luna Ribeiro,Analista de processos
3384,Davi Lucca Caldeira,Analista de processos/ERP/Gerente de Projetos
3405,Vinicius Araújo,Web Builder
3447,Dr. Emanuel das Neves,Analista de negócios
1005,Lucas Novais,Java
1030,Otto Moraes,"Business Intelligence, ETL, Data Migration, SAP HANA, SAP DS."
1036,Levi Teixeira,Java
1038,Sr. Liam Abreu,Java
1041,Eloá da Luz,Java
1049,Luan Cavalcante,Desenvolvedor Java
1057,Dra. Lara Fogaça,.net Core c# Angular SQL Server MVC Sênior
1069,Marcelo Sampaio,Java
1097,Renan Freitas,Java
1102,Clarice Rezende,Java
1129,Danilo Carvalho,Java
1133,Catarina Macedo,Java
1154,Maria Isis Aragão,Java
1155,Calebe Alves,Java
1168,Ana Cecília da Rosa,Java
1175,Sra. Mariane da Mata,Java
1176,Maria Liz Vasconcelos,JAva
1184,Ravi Lucca Aragão,Java
1185,Rafaela Costa,Java
1212,Dr. João Lucas Cassiano,Java
1222,Ana Laura Campos,Java
1229,Cecília Garcia,Java
1257,Luiz Otávio Porto,Java
1270,Sr. Eduardo Correia,Java
1273,Davi Ramos,Consultor ABAP/ SAP Portal / ABAP Webdynpro
1274,Dr. Henrique Guerra,Java
1290,José Pedro Fogaça,Analista de sistemas
1296,Miguel Sousa,Java
1312,Dr. Antony Novais,Java
1316,Lunna Silveira,Java
1335,Sr. Yago Pastor,Java
1337,Marcelo Freitas,Java
1339,Sr. Apollo da Conceição,Java
1347,Bento Santos,Java
1358,Ana Julia Cirino,Java
1362,Giovanna Costa,Java
1431,Gael Henrique Fogaça,Java
1440,Srta. Catarina Campos,"Consultor SAP/ SAP FIORI, SAPUI5, Gateway, Portal, WD ABAP/JAVA, ABAP & Project Manager"
1444,Sra. Larissa Fernandes,Java
1446,Melina da Conceição,Analista e arquiteto de sistemas (java)
1452,Sr. Matheus Cavalcante,Java
1453,Sr. Pedro Lucas Oliveira,Java
1474,Isaac Camargo,Java Web Full Stack
1484,Srta. Ana Sophia Moraes,Java
1536,Otávio Brito,Java
1542,Gustavo Henrique Campos,Assistente de contas a pagar
1548,Sra. Ana Lívia Cassiano,Java
1579,Dra. Letícia Siqueira,Assistente de contas a pagar
1600,Julia da Mata,Java
1604,Srta. Nina Fogaça,SAP FI
1615,Maria Helena Correia,Product Owner (PO)
1636,Sra. Ana Clara Silveira,CONSULTOR FI/HANA
1643,Otávio Aparecida,Contas a pagar
1644,Melina Silveira,Coordenadora de Relacionamento at T-Systems
1654,Luiz Otávio Cavalcanti,"Consultor Sap HCM, com Esocial"
1662,Srta. Ana Carolina Lima,Analista de suporte técnico
1663,Dr. Rael Vieira,Consultor SAP MM
1669,Srta. Manuela Rezende,Arquiteto de sistemas
1673,Alice Sá,Analista de Sistemas Sr / DBA Oracle /
1677,Milena Ramos,Analista / Segurança de Sistemas
1682,Sra. Heloisa Castro,Gerente de projetos
1687,Caio Almeida,consultor funcional / tecnico EBS R12 Fusion
1693,Ana Sophia Novais,Analista administrativo
1695,Gael Henrique Guerra,Analista Suporte Linux Sênior
1701,Fernanda Fonseca,Analista de segurança ou infraestrutura
1711,Sra. Esther da Mota,Consultor SAP MM
1712,Lucas Correia,Consultor SAP ABAP e PI
44000,Vinícius Pinto,Flutter/Java
44002,Dra. Pietra Sampaio,Analista Financeiro
44003,Luara Jesus,Analista de Segurança da Informação
44004,Maria Clara Machado,Flutter/Java
44005,Dra. Alícia Sá,Flutter/Java
44006,Sr. Pedro Leão,Desenvolvedor Flutter
44007,Srta. Anna Liz Rodrigues,Desenvolvedor Flutter
44008,Maria Clara Melo,Full Stack Jr
44009,Felipe Sampaio,Full stack
44010,Gustavo Henrique Albuquerque,Full Stack
44011,Dr. Bruno Caldeira,Full stack
44012,Lucas Gabriel Costa,full stack
44013,Luiz Fernando Freitas,
3464,Ravy Cirino,Analista de processos
3467,Dra. Cecilia Borges,analista de processos / Gerente de projetos
3483,Alícia Peixoto,analista de processos
3491,Maria Julia da Mota,Analista de processos
3507,Kaique Câmara,"Analista de processos, negócios e sistemas"
3524,Benicio Rezende,Analista de processos
3552,Helena Montenegro,Consultor SAP FI SR / FSCM-LP / PW CE SR
3559,Sr. Nicolas Siqueira,analista de processos
3586,Maya Castro,CONSULTOR SAP TRM SENIOR
3587,Manuella Farias,MAINFRAME E SAP
3612,Dr. José da Cunha,Analista de processos
3645,Mariane da Cunha,DevOps
3657,Isabela Fogaça,Analista de produção / Linux
3659,Srta. Ana Júlia Campos,Analista de produção
3733,Dr. Oliver Borges,.NET
3754,Maria Liz Sampaio,Analista de requisitos
3772,Henrique Montenegro,Analista de requisitos/ sistema/ processos...
3779,Levi Sampaio,Analista de requisitos
3789,Emanuel Cavalcante,Analista de requisitos
3796,Ana Carolina Melo,analista de sistemas
3822,Vitor Hugo Araújo,Analista de sistemas
3885,Bento da Mata,Analista de sistemas
3905,Clarice Costa,SAP Senior Consultant na Infosys Consulting
36697,Srta. Stella Vasconcelos,IOS
36698,Sra. Ayla Rezende,Desenvolvedora Front End
36699,Calebe Mendes,iOS
36700,Srta. Maria Julia da Luz,Desenvolvedor Front End
36701,Maria Fernanda Ferreira,Desenvolvedor Front End Angular
36702,André Farias,Analista de Sistemas
36703,Alexia Ramos,Analista de Negócios
36704,Maysa Monteiro,Especialista
36705,Liz da Paz,Analista de Infra
36706,Henrique Moreira,Analista de Infra
36707,Dr. Gustavo Abreu,Backend Java jr
36711,Sr. Cauê da Rosa,Analista de Contratos
36712,Alice da Cunha,Analista TI
36714,Sr. João Gabriel Cavalcanti,Analista de Ti
36715,Dr. Thiago Vargas,Analista TI
36716,Dra. Gabrielly Alves,Compras
36717,Maria Luiza das Neves,Atendimento ao cliente
36718,Bianca Ferreira,Suporte
36719,Murilo Barros,Oracle
36720,Emilly Sousa,Suporte
36721,Luiz Henrique da Conceição,financeiro
36724,Isabelly Siqueira,Analista de Suporte
36725,João Miguel Jesus,infraestrutura
36726,Sra. Manuella Aragão,Automação Comercial
36727,Antonella Sales,infraestrutura
36728,Dr. Rafael Freitas,Automação Comercial
36729,André Fernandes,Service Desk
36731,Dr. Antony Albuquerque,Analista de negocios
36732,Luiz Henrique Araújo,Service Desk
36733,Juliana Aragão,Analista de Suporte
36734,Davi Lucas Teixeira,Analista de Infra Estrutura
36735,Sr. Caleb Rezende,PL SQL
36736,Enzo Cassiano,Service Desk
36737,Natália Moraes,Analista de Infra Estrutura
36738,Ágatha Castro,Analista de Contratos
36739,Enzo Moura,Automação Comercial
36740,Benicio Moreira,Analista Técnico Funcional
36741,Dra. Nina Rezende,Analista Service Desk
36742,Antonella Montenegro,Consultor Oracle Cloud
36745,Jade Jesus,Service Desk
36746,Enzo da Paz,Analista de Negócios
36747,Sra. Cecilia Aragão,Analista de Negócios
36748,Laís Andrade,Analista de Negócios
36749,Srta. Catarina Araújo,Analista de Negócios
36750,Sr. Miguel Sousa,Analista de Negócios
36751,Daniela Siqueira,Master Data
36752,Oliver Pereira,Master Data
36753,Paulo Melo,Master Data
36754,Dr. Levi Silveira,PLSQL
36755,Zoe Vasconcelos,PLSQL
36756,Lucas Brito,Service Desk
36757,Marcelo da Costa,Service Desk
36758,Nina Moura,Suporte
36759,Renan Jesus,Service Desk
36760,Dr. Luiz Fernando Ferreira,Suporte
36762,José Miguel Albuquerque,Suporte
36763,Maria Cecília Duarte,Desenvolvedor Java
36764,Diogo Cardoso,Analista de negocios
36765,Srta. Marcela Rios,Suporte
36769,Luísa Lopes,Desenvolvedor
36770,Esther Duarte,RPA
36771,Sra. Ana Vitória da Rosa,Desenvolvedor SALES FORCE
36772,Srta. Ana Sophia Abreu,Analista de Gestão e Indicadores de Qualidade
36773,Dra. Ana Carolina Leão,Atendimento ao cliente
36774,Sr. Davi Lucas Cunha,Desenvolvedor Service Now
36775,Aurora Cirino,Master Data
36776,Caleb Pinto,Analista de Suporte Field
36777,Benjamim Moraes,Analista de Suporte Field
36778,Thiago Cavalcanti,Analista de Expansão
36781,João Felipe Santos,Analista da Qualidade de TI
36782,Sara Nogueira,Analista de Suporte
36783,Maria Cecília Ramos,Consultor SAP FICA
36784,Matteo Jesus,Governança de TI
36787,Catarina Pires,Consultor de Tecnologia TI
36788,Alana da Mota,Desenvolvedor
36791,Heloisa Oliveira,Analista de Suporte e Software
36792,Giovanna da Mota,TeamCenter
36793,Olívia da Rocha,Suporte
36794,Sr. Pietro Rodrigues,Analista de Suporte Field
36795,Manuella Camargo,"Master Data, Consultor SAP MM e QM"
36796,Ágatha Nascimento,Oracle EBS
36797,Caio Lopes,java
36798,Sr. Diego Farias,Suporte
36799,Dra. Ísis da Conceição,Suporte
36800,Diego Rezende,java
36801,Dr. Arthur Miguel Vargas,Analista de Infraestrutura de TI
36802,Srta. Heloisa Andrade,Analista SR. de Infraestrutura de TI & Cloud - Projetos / Coordenação
36805,Vitor Hugo Marques,Atendimento ao cliente
36806,Alana Santos,Analista Sênior de Marketing / Gerente de Marketing
36807,Sr. Anthony Gabriel Costela,C# .net Core
36808,Dr. Isaque Martins,Java
36811,Isis Aragão,Oracle
36812,Anthony Gabriel Monteiro,"Jornalismo, Assessoria de Imprensa, Marketing Digital e Editoração."
36813,Juan da Conceição,Estoquista Junior
36815,Heloísa Fonseca,Desenvolvedor
36818,Luara Nunes,COORDENADOR DE MARKETING
36819,Kamilly da Mota,TeamCenter
36821,Carlos Eduardo Gonçalves,QA
36822,Carolina da Rosa,Custumer Service
36823,Dr. Luigi Pimenta,Estoquista Junior
36825,Henry da Conceição,Desenvolvedor
36826,Sr. João Guilherme Cardoso,Atendimento Backoffice
36827,Davi Miguel Moraes,Atendimento Backoffice
36828,Sra. Marina Pimenta,Testes
36829,Sr. Bernardo Pires,Testes
36830,Ryan Cunha,Testes
36831,Mirella Freitas,Desenvolvedor
36832,Hadassa Farias,Consultor de TI | Analista de Negócios | Analista de Projetos
36833,Dra. Maria Julia Cassiano,Analista de RH - Pleno
36834,Sr. Leandro Almeida,Analista de Infraestrutura
36835,Daniela Sousa,Analista de Infraestrutura e Devops
36836,Sr. Bernardo Silveira,Desenvolvedor
36837,Théo Fogaça,Consultora FI & CO - Pleno Consulto
36838,Caio Barros,Consultor JDE
36839,Alícia Campos,ui desenvolvedor
36840,Dr. Yan da Costa,Desenvolvedor
36842,Alícia Dias,java
36844,Gustavo Henrique Brito,https://www.linkedin.com/in/eduardo-bailoni/
36848,Davi Miguel Araújo,VBA - Finance Transformation
36850,André Sampaio,Programador front-end
36852,Catarina Carvalho,Consultor Funcional
36853,Ester Viana,Consultor de TI
36855,Juan Santos,HOMOLOGADOR / QA
36856,Cecília Guerra,Desenvolvedor
36857,Dr. Juan da Mata,java
36859,Srta. Mariah da Mota,PO
36860,Sra. Fernanda Pastor,PO
36861,Bernardo Cavalcanti,PO
36862,Maria Fernanda Pires,PO
36864,João Lucas da Mata,ANGULAR
36868,Clara das Neves,ANGULAR
36869,Amanda Campos,Analista de Expansão
36870,Maria Cecília Rodrigues,QA
36874,Sr. Vinicius da Conceição,ANGULAR
36876,Mariane Cassiano,ux front end
36879,Manuela Barbosa,Product owner
36882,Melina da Rosa,Analista de Testes
36883,Enzo Guerra,Desenvolvedor Jr
36884,Caleb Costela,Suporte
36886,Maysa das Neves,Consultor SAP WM Sr.
36887,Dr. Bento Pacheco,Analista de Suporte
36888,Nicole Sales,Suporte
36893,Luísa Brito,Governança
36898,Rhavi Mendes,Desenvolvedor Jr
36899,Laura Abreu,Desenvolvedor / Engenheiro
36901,Benjamim Sales,FRONT END
36902,Srta. Júlia Duarte,Desenvolvedor Jr
36904,Joaquim Moraes,Desenvolvedor
36905,Dr. Liam Silveira,React JS
36906,Sr. Marcelo Sá,React JS
36908,Dra. Maria Eduarda Vasconcelos,Desenvolvedor
36909,Thales Camargo,programador OO
36911,Anna Liz da Paz,.NET
36912,Dra. Bárbara Cardoso,Designer Digital e Especialista em Marketing
36913,Sr. Léo Castro,Suporte
36914,João Pedro da Mota,.NET
36915,Melina da Cunha,Front end
36916,Lavínia Caldeira,Desenvolvedor Jr
36917,Lívia Barros,Front End
36919,Hellena da Mata,Front end
36920,Srta. Jade Marques,Front end
36921,Diego Brito,Arquiteto Salesforce
36922,Maria Liz Pires,Consultor SAP FICO
36923,Caroline Rezende,Desenvolvedor Salesforce
36925,Maitê Borges,Project Manager Oracle 8314615
36926,Eloá Camargo,consultor sap wm
36927,Dr. Yuri Mendes,Desenvolvedor Jr
36928,Théo Ferreira,Product owner
36930,Sr. Diego Santos,java
36933,Marcela Pacheco,Service Desk
36934,Dr. Eduardo Alves,java
36935,Ravy Sousa,Ticket Manager - Service Desk
36936,Srta. Isabela Azevedo,Desenvolvedor Java
36937,Maria Liz Abreu,Desenvolvedor Jr
36940,Ana Carolina Lopes,Analista de Negócios
36942,Dr. Luiz Henrique Vieira,Analista de Negocios
36943,Amanda Machado,Analista de infra
36944,Maria Eduarda Silva,.NET
36945,Rael Macedo,Consultor Soluções Customizadas
36946,Sr. Lucca Azevedo,Analista de QA
36951,Maria Cecília Cassiano,Desenvolvedor
36953,Helena Abreu,Desenvolvedor
36956,Lavínia Camargo,Desenvolvedor Cloud
36959,Dra. Sarah Alves,Desenvolvedor C
36961,Sr. Luiz Fernando Gonçalves,.NET
36963,Ana Lívia Ferreira,Desenvolvedor C
36964,Esther Guerra,Oracle EBS R12 EAM Funcional
36967,Dr. Henry Garcia,Consultora SAP PI PO
36969,Elisa Camargo,java
36970,Ana Cecília Pacheco,Consultor Soluções Customizadas
36971,Maria Isis Novais,java
36973,Bella Aragão,programação
36974,Maria Luiza Souza,Infra
36975,Ana Cecília Rodrigues,Desenvolvedor RPA
36977,Sr. Davi Lucca Novaes,Infra
36979,Dr. Luiz Otávio Novaes,Auxiliar Administrativo
36981,Dr. Otto Silveira,Analista DBA Oracle
36982,Mariah Peixoto,TECH RECRUITER
36984,Lucas Teixeira,Infra
36985,Vitor Hugo Aragão,Infra
36986,Aylla Santos,Analista HR
36990,Sra. Olivia Cavalcante,Ticket
36991,Dr. Davi Miguel Fernandes,Ticket
36992,Lívia da Rosa,Ticket
36993,Ian Barros,Ticket
19002,Juliana Porto,
19004,Otávio Barbosa,
19005,Natália Freitas,
19006,Raul Sousa,
19007,Augusto Caldeira,
19008,Ana Cecília Vasconcelos,
19009,Théo Cassiano,Analista de Sistemas / Gerente de Projetos
19010,Elisa Vieira,
19011,Dra. Mariah Cavalcante,Especialista de Testes Mainframe
19012,Dr. Isaac Correia,"Analista de sistemas, testes, desenvolvimento, projetos, negocios, TI"
19013,Caroline Correia,PMO / Gerente de Projetos
19014,Samuel Castro,Consultor Funcional SAP MM
19015,Srta. Elisa Cirino,
19016,Alícia Ribeiro,
19017,Ana Laura Souza,
19018,Dr. Matteo Mendonça,
19019,Sra. Ana Beatriz Sampaio,
19020,Sra. Isis Freitas,
19022,Sr. Henrique Rodrigues,Trabalhar na area de dados ti
19024,Henrique Câmara,
19025,Pietra Jesus,
19027,Milena Novais,
19028,Ravy Azevedo,Desenvolvimento
19029,Thomas Leão,
19031,Dra. Yasmin Martins,
19032,Dr. Pedro Henrique Barbosa,Em busca de recolocação Profissional
19033,Sr. Isaac Porto,
19035,Sra. Ana Clara da Mata,Analista de Negócios Senior
19036,Sra. Emanuella Pereira,"Analista de Negócios, Analista de Requisitos e Product Owner."
19037,Sra. Isabela Rocha,Analista de requisitos
19038,Srta. Allana Costa,
19039,Calebe Pimenta,
19040,Dr. Noah Pires,
19042,Dr. Benjamim Machado,Ser referencia em Desenvolvimento mobile
19043,Davi Lucas Borges,Arquitedo de Dados / Cientista de Dados
19044,Sr. Renan Vieira,
19047,Clarice Rodrigues,"Análise de Dados , Insigths de Negócios, Modelos Preditivos"
19048,Srta. Maria Flor da Cruz,Analista de Sistemas
19050,Calebe Machado,
19052,Kaique Sá,
19053,Aylla Lopes,SAP FI
19054,Emanuelly Duarte,
19056,Kevin Cavalcanti,Meu objetivo é ser especialista em desenvolvimento com java.
19058,Caio Souza,Analista de Planejamento
19060,Srta. Sara da Rosa,
19062,Catarina Silva,
19064,Srta. Kamilly Ribeiro,
19066,Sr. Igor Novais,ADMINISTRADOR DE SISTEMAS | LINUX | DEVOPS
19068,Dr. Lucas Gabriel Nogueira,Analista Desenvolvedor SharePoint
19069,Emilly Duarte,Analista Desenvolvedora
19070,Isabel Melo,
19071,Maria Liz Carvalho,
19073,Marcelo Sá,Desenvolvedor
19075,Ana Carolina Leão,Analista Programador Java Pleno ou Senior
19076,Maya da Mata,
19079,Dr. Luiz Miguel Moraes,CONSULTOR SAP SD
19081,Carlos Eduardo Porto,
19082,Sra. Luiza Pimenta,
19083,Camila Pimenta,
19084,Benicio Vasconcelos,
19085,Dra. Milena Campos,
19086,Sr. Mateus Correia,
19087,Juan Borges,
19088,Camila Jesus,
19089,Benicio Lopes,Programador
19090,Caleb Campos,
19091,Srta. Ana Cecília Lima,
19092,Davi Lucas Azevedo,
19093,Isaac Cirino,Gerenciamento de Projetos / Implantação de Sistemas / Analista de Negócios / Gerencia de Contas e Relacionamento com Cliente / Gestão em Tecnologia da Informação / Product Owner (P.O.) / Business Partner (B.P.) / Analista de Processos
19094,Mateus Leão,Analista desenvolvedor de sistemas
19095,Sarah Camargo,
19096,Felipe Moreira,
19097,Sr. Kevin Araújo,
19098,Gabriel Gonçalves,
19099,Augusto Rocha,
19100,Dra. Isabel Moura,
19101,Raquel Cassiano,"Presales, Systems Engineer, Arquiteto de Soluções"
19102,Maria Luísa da Mota,ABAP/PI-PO/FIORI
19103,Srta. Clarice Melo,Analista de Sistemas Pleno
19104,Ayla Abreu,
19105,Gael Henrique Ferreira,
19106,Raquel Câmara,
19107,Paulo Alves,Gerente de Projetos
19108,Giovanna Farias,
19109,Vitória Mendes,
19110,Srta. Manuella Ferreira,Arquiteto de Solução e Integração
19112,Renan Barros,
19113,Sra. Rebeca Farias,Consultor SAP GRC AC
19115,Srta. Maria Fernanda Fogaça,
19117,Sr. Davi Miguel Correia,Desenvolvedor full stack
19119,Stephany Aparecida,
19120,Liz Rezende,
19123,Ravy da Rosa,Business Analyst
19124,Dr. Thales Dias,Analista de Sistemas ou Desenvolvedor .NET.
19125,Sr. Vinícius Barbosa,Analista de RH
19126,Rhavi Rodrigues,
19127,Srta. Maria Laura Freitas,"Engenheiro de Dados, Data Vis e Cientista de Dados"
19129,Luiz Miguel Brito,
19130,Ágatha Peixoto,
19131,Benjamin Cunha,Analista de Recrutamento TI
19132,Gael Henrique Fernandes,
19133,Bárbara Pinto,
19134,Ana Cecília Novais,
19135,Nicolas Rios,Especialista .Net
19136,Matteo Azevedo,
19137,Ana Cecília da Cunha,
19138,Dra. Raquel Ferreira,
19139,Heloisa Macedo,
19140,Matheus Rezende,
19142,Miguel Gonçalves,
19143,Sr. Matteo Rios,Analista Desenvolvedor .Net
19144,Dr. Brayan Teixeira,
19145,Mirella da Rocha,
19146,Antonella Ribeiro,Analista e Desenvolvedor Sênior
19147,Sr. Henry Gabriel Andrade,Analista de Sistemas
19148,Maria Cecília Sousa,
19149,Yan Novais,
19151,Clara Moura,
19152,Matheus Viana,Consultor de RPA
19153,Stephany da Costa,
19154,Valentim Pimenta,Gerente de Processos/Projetos
19155,Maria Luísa Souza,
19156,Benjamin Campos,Analista Programador/Desenvolvedor
19157,Dr. Ravy Fonseca,
19158,Sr. Lucas Gabriel Souza,
19159,Caio da Mata,
19161,Caroline Monteiro,Engenheiro de Produto
19162,Ana Lívia Campos,
19163,José Miguel Pacheco,
19164,Dr. Yan Silva,
19167,Hadassa Costa,
19168,Dr. Davi Miguel Moraes,Engenheiro Mecânico / Engenheiro de Produto / Engenheiro de Processos / Engenheiro de Qualidade
19169,Maria Júlia Nogueira,
19170,João Sales,Realocação no mercado
19171,Ravi Mendes,
19172,Isabela Viana,Analista de Sistemas PLSql
19173,Ravi Lucca Teixeira,
19174,Olívia Pires,
19175,Dra. Larissa Vasconcelos,
19176,Lunna Cavalcanti,
19178,Kamilly Cavalcanti,Gerencia de Projetos
19179,Srta. Lorena Camargo,
19180,Ian Lima,
19182,Isis Rocha,
19183,Sr. Bryan Lopes,
19190,Vitor Hugo Barbosa,
19191,Sophia Mendes,Desenvolvedor FullStack
19192,Rhavi da Costa,
19193,Isabella da Cunha,
19194,Maria Cecília Machado,
19195,Antony Porto,
19196,Sra. Beatriz Oliveira,
19198,Eduarda Pimenta,
19199,Srta. Sabrina Garcia,
19200,Anthony Gabriel Rezende,Consultor GRC AC
19201,Dra. Luara Vargas,
19202,Maria Luísa Ramos,
19203,Alícia Aragão,
19204,Sarah Lopes,Especialista Oracle Middleware
19205,Alexia Almeida,
19206,Dr. Daniel Pacheco,
19207,Sra. Ana Cecília Viana,
19208,Ágatha Souza,
19209,Otto Novais,
19210,Evelyn Peixoto,
19212,Eloah Santos,"Gerenciamento de Projetos, Liderança de Projetos Senior, Ágile Coach, Scrum Master, Product Owner, PMO"
19213,Samuel Andrade,Desenvolvedor Java
19214,Dra. Isadora Cassiano,Consultor / Analista de Sistemas / Especialista
19217,Vicente Fogaça,
19218,Lunna Souza,
19220,Ana Vitória da Cruz,
19221,Luigi Siqueira,
19222,Aurora Sales,
19225,Augusto Borges,Administrador de Dados ou Analista de Negócios
19226,Cecília Mendonça,
19227,Elisa Aparecida,CONSULTOR SAP BASIS
19228,Sra. Ana Julia Novais,Consultor/Especialista SharePoint
19229,Luiz Henrique Pires,
19230,Dom Melo,
19231,Srta. Laura Melo,Analista de Sistemas
19232,Danilo Mendonça,
19234,Liz Ramos,
19237,Dra. Caroline Camargo,
19238,Diego Aragão,
19239,Dr. Liam Sampaio,
19240,Alexandre Vasconcelos,
19241,Dr. Arthur Gabriel Azevedo,
19242,Liz Macedo,Analista de sistemas Mainframe Senior
19243,Sra. Cecilia Souza,
19244,Stella Montenegro,Analista de BI
19245,Joaquim Borges,
19246,Dra. Aylla Pacheco,Consultor Técnico
19247,Mariane Novaes,
19248,Luiz Fernando Silveira,
19249,Srta. Lunna Dias,DBA/Cientista de Dados
19251,Dra. Ana Júlia da Paz,
19253,Maria Eduarda Pastor,
19254,Melina Alves,Analista Desenvolvedor Júnior
19255,Anna Liz Guerra,Desenvolvedor Java
19257,José Caldeira,
19258,Daniela Brito,Gerente TI / Arquiteto de Solucoes / CTO
19259,Olivia Monteiro,Analista de Sistemas
19260,Isabela Albuquerque,Desenvolvedor SharePoint
19261,Matheus Nogueira,Conturor SAP MasterSAFDW/ OneSource Tax One
19262,Marcos Vinicius Pires,Analista Senior BI
19263,José Caldeira,Analista Sistemas/Funcional/Testes/Coordenação
19264,Vicente Dias,
19265,Ana Sophia Porto,
19266,Dr. Kevin Sá,Gerente | Coordenador
19267,Vinícius das Neves,
19268,Emanuelly da Luz,
19269,Sr. Diogo Costa,Desenvolvedor Web Full Stack Java
19270,Eduardo Almeida,
19271,Gael Henrique Ramos,
19272,Olívia Machado,
19273,Davi Lucas Marques,
19274,Dra. Maria Luiza Duarte,
19275,Aylla Moreira,
19277,Sr. Miguel Machado,Gestor de TI e Telecom
19278,Breno Rodrigues,
19279,Juliana Fernandes,Desenvolvedor
19281,Ester Moura,
19282,Sr. Breno Souza,Analista de Sistemas
19284,Sra. Sophia Azevedo,Desenvolvedor JAVA
19285,Maya Andrade,Analista de Suporte /Sustentação.Implantação /Supervisor de Operações
19286,Caleb Montenegro,
19287,Dra. Maria Eduarda Lopes,Arquiteto
19288,Ana Clara Nogueira,
19289,Thiago Jesus,
19292,Luana Azevedo,SRE - Site Reliability Engineering
19293,Julia Mendonça,
19294,Calebe Casa Grande,ser uma profissional reconhecido no mundo pela.minha profissao
19295,Murilo Cunha,"Arquiteto, Lider Tecnico"
19296,Sr. Pietro Monteiro,
19297,José Miguel Pastor,
19298,Dr. Kevin Aparecida,Desenvolvedor JAVA com foco em aplicações WEB
19299,Dr. João Peixoto,Analista de Sistemas
19300,Sra. Marcela Fernandes,Evolução de Aprimoramento Profissional Sempre.
19301,Nicole Guerra,Gestão de Projetos
19303,Dra. Bella da Rocha,
19304,Apollo Teixeira,
19305,Leonardo Martins,
19307,Danilo Castro,
19309,Alexia Machado,Gestão de Infraestrutura Cloud/Onpremisse
19310,Anthony Gabriel Garcia,Analista de Suporte
19311,Thomas Fernandes,Scrum Master
19312,Benicio Rocha,
19313,Sra. Manuela Teixeira,
19314,Sra. Emanuelly Oliveira,
19315,Srta. Isabela Casa Grande,Gerência T / Gerenciamento de Projetos / Consultoria
19316,João Pedro Farias,Gerente de Projetos
19317,Srta. Olívia Andrade,
19319,Maria Vitória Borges,
19320,Carolina Sales,
19321,Pedro Miguel Sá,Analista Desenvolvedor Funcional
19322,Maria Fernanda Moreira,
19323,Dra. Gabrielly Sá,
19324,Alexia Pimenta,Consultor em TI
19325,Dr. Luiz Otávio Costa,
19326,Emanuel da Conceição,
19327,Rafael da Conceição,
19330,Dra. Maria Isis Gomes,
19331,Lucca Sousa,
19332,Théo Lopes,
19335,Isaque Costela,
19336,Luna Sá,
19337,Breno Rios,Analista de Teste / Implantação
19338,Sr. Renan Cirino,"Atuar na área de qualidade de teste, para aprimorar os meus conhecimentos."
19340,Dr. Vitor Camargo,
19343,Marcos Vinicius Moura,Anakista - TI
19344,Gabriela Moreira,"Analista de Suporte técnico e infraestrutura, engenheiro de processos, analista de BI"
19346,Emanuella Câmara,Scrum Master
19348,Dra. Ana Lívia Fernandes,
19350,Ágatha Novaes,
19352,Sr. Samuel Sampaio,
19354,Miguel Sá,programador
19361,Luara Silveira,
19362,Gael Alves,Consultora de Gestão de Mudanças
19363,Arthur Abreu,
19366,Eloah Melo,
19367,Sr. Caio Lopes,Analista de sistemas
19369,Antonella Silveira,
19370,Dr. Anthony Gabriel Carvalho,
19371,Sr. Anthony Gabriel Nogueira,
19372,Yuri Sales,
19375,Srta. Maria Helena Almeida,Gestao de Projetos de TI
19376,Bento Rodrigues,
19377,Sr. Ravi Abreu,
19378,Brayan Guerra,
19380,Lucas Montenegro,
19381,Ana Julia Moreira,
19382,Caleb Barbosa,Gerente de Projetos
19383,Dra. Ana Carolina Cassiano,
19384,Enzo Gabriel Gomes,
19385,Luana Abreu,
19386,Vitória Cardoso,Testes de Sistemas
19387,Ravy Barbosa,Arquiteto de Solução Java & SOA
19388,Maitê Sales,Atuar na área de Negócios/ Projetos / Processos
19389,Maria Julia Araújo,Analista de Automação de Teste
19390,Sr. Caio Martins,coordenação / gerencia
19391,Sarah Moreira,
19392,Sophie Correia,
19393,Léo Nascimento,
19394,Sr. Mateus Gomes,
19395,Emanuel Carvalho,
19396,Rael Garcia,
19397,Srta. Helena Silva,Analista de Sistemas/Analista Programador
19398,Gustavo Henrique Teixeira,Engenheiro De Dados/ DBA/Desenvolvedor Python
19400,Dr. José da Luz,Desenvolvedor
19401,Sra. Lunna Leão,Atuação em especial na área de TI/Telecomunicações
19402,Srta. Ana da Mata,Consultor Mulesoft/Salesforce
19406,Juliana Câmara,Programador Sr. .Net
19407,Kevin Marques,"Ajudar os clientes a desenvolverem softwares de maneira eficiente, e de fácil manutenção."
19408,Dr. João Felipe Camargo,
19409,Srta. Maria Julia Viana,
19410,Sr. Juan Farias,
19412,Gael Henrique Vieira,Desenvolvedor Android Pleno
19414,João Vitor Costa,Atuar com desenvolvimento de software
19415,Ravi Rezende,
19416,Eduardo Rezende,
19417,Melissa Montenegro,
19418,Sra. Melissa Guerra,atuar com Analista de Sistema
19419,Kevin da Rosa,Analista de Sistemas Sênior
19420,Sra. Eduarda Novais,
19421,Raquel Aparecida,Projetos na área de Tecnologia da Informação
19422,Hellena Correia,
19423,Arthur Gabriel Câmara,
19424,Ana Farias,
19425,Dr. Benjamim Câmara,Gerente de Projetos
19426,Dr. Luan Sales,Programador .NET / Desenvolvedor .NET
19427,Maria Helena Cardoso,Gerente de Operações
19429,Sr. Renan Silva,
19431,Matteo das Neves,Sou profissional da área de infraestrutura voltado a segurança da informação
19434,Srta. Maria Júlia Moura,
19435,Sr. Benício Novaes,
19437,Dr. Calebe Monteiro,Analista de Testes Pleno
19438,Luara Santos,Consultora Mastersaf
19439,Beatriz Pires,
19440,Joana Azevedo,CONSULTOR ABAP
19441,Davi Miguel das Neves,
19443,Anthony Gabriel Novais,Atuar na area de dados
19445,Danilo Barros,
19446,Nina Porto,
19447,Sra. Maria da Costa,Desenvolvimento Java/Javascript
19448,Maria Liz Pinto,SAP S4/HANA EWM Consultant and Solution Architect.
19450,Dr. André da Conceição,
19451,Sra. Alexia da Cruz,
19452,Kevin Ferreira,Gestão estratégica/Scrum Master/ Gestão de projetos
19453,Asafe Sales,
19456,Sr. Vinicius da Mota,
19458,Isabela da Rocha,
19459,Emilly Moreira,Administrativo
19460,Larissa Souza,
19461,Samuel Abreu,Analista de Sistemas ou Negócios Sênior
19462,Sr. Otto Santos,Analise e Desenvolvimento de Sistemas
19464,Antônio Fogaça,Analista de Sistemas
19465,Leonardo Costela,
19466,Maya Mendonça,
19467,Sra. Laís Cavalcante,Consultor SAP SD
19471,Pedro Miguel Costela,
19473,Srta. Bruna da Cruz,
19474,Dr. Enzo Gabriel Rios,
19475,Maria Vitória Pereira,
19476,Bruno Silva,
19477,Stephany Sampaio,Atuar na área de desenvolvimento mobile
19478,Dr. Théo Castro,
19479,Srta. Evelyn Rios,Não entendi o campo
19482,Pedro Pacheco,
19483,Dr. Vitor Gabriel Lopes,
19484,Leonardo Ferreira,
19486,Igor Cunha,
19487,Maria Luísa Barros,Gerente de Projetos / Scrum Master / Analista Negócios / Gerente de TI
19488,Srta. Alexia Vasconcelos,https://www.linkedin.com/in/camilacapires/
19489,Isaque Duarte,Analista de Administração de Pessoal
19490,Valentina Ferreira,
19491,Davi Miguel Vargas,
19494,Maya Gomes,
19495,Sr. Matteo Freitas,
19496,Srta. Heloisa Sales,
19497,Dra. Evelyn Vargas,Analista de Data Visualization
19498,Srta. Maria Flor Mendonça,
19499,Gael Henrique Novaes,Analista/Coordenador
19500,Gustavo Vasconcelos,
19501,Isabel Santos,
19506,Srta. Emanuella Oliveira,
19507,Dra. Larissa Borges,Consultor BI / Engenheiro de dados
19508,Brayan Melo,
19509,Sofia Cassiano,
19511,Jade Vasconcelos,
19512,Heitor Gonçalves,
19513,Bruna Ribeiro,
19514,Dr. Lucca da Mota,
19515,Kevin Guerra,Departamento Pessoal
19518,Dr. Asafe Camargo,
19519,Alexandre Duarte,
19521,Dra. Bárbara Porto,
19522,Emanuelly Ferreira,"RH, Departamento Pessoal"
19523,Melina Campos,
19526,Luan Nunes,
19528,Srta. Maria Júlia Sá,
19529,Dr. João Pedro Novaes,
27000,Laura Barbosa,
27001,Srta. Clarice Cavalcante,
27002,Sr. Théo Rodrigues,
27003,Dr. Marcos Vinicius Mendonça,
27004,Eduardo Melo,
27005,Sr. Isaac Monteiro,Analista de Suporte
27006,Dr. Ravi Lucca Mendonça,
27007,Dra. Olivia Novaes,
27008,Srta. Catarina Siqueira,
27009,Valentim Sampaio,
27010,Dr. Raul Alves,
27011,Sophie da Paz,Consultoria
27012,Alexia Cavalcante,Consultor de Sistemas
27014,Lavínia Machado,
27015,Ravi Cardoso,Busco novos desafios no módulo SAP IS-U
27016,Rael Melo,
27017,Zoe Rios,Consultor SAP
27018,Ian Pereira,
27019,Sra. Evelyn Câmara,
27020,Julia Aragão,
27021,Dra. Luara Vieira,
27023,Sra. Ana Júlia Martins,
27024,Dr. Oliver Pereira,
27025,Dra. Ana Júlia Lopes,
27026,Carolina Teixeira,Desenvolvedor fullstack
27027,Srta. Rebeca Costela,Analista de segurança
27028,Maria Clara das Neves,Gerente Projetos / PMO / Consultor SAP
27029,Bento Cassiano,
27030,Melissa Cardoso,
27031,Bianca Nogueira,
27032,Emanuelly Câmara,
27034,Theo Azevedo,
27040,Dr. Calebe Carvalho,
27041,Miguel Macedo,"Agilidade, Processos"
27042,Bianca Cirino,
27044,Sr. Levi da Paz,
27046,Sr. Vinícius Fonseca,Analista Mainframe
27047,Emanuella Sá,Programador Java júnior
27048,Isabelly Montenegro,Coordenador Contábil
27049,Srta. Melissa Caldeira,Recursos Humanos
27050,Caroline Jesus,ser desenvovedor
27051,Srta. Maria Helena Rodrigues,Administrativo Financeiro
27052,Vitor Gabriel Araújo,Analista de Qualidade
27053,Dr. Luiz Otávio Sousa,analista suporte / TI
27054,Ana Beatriz Cardoso,Atuar na área de Tecnologia
27056,Sr. Théo Rezende,Consultor SAP BI
27057,Ana Lívia Correia,"Qualidade, Indicadores, Processos e Governança de TI"
27059,Liam Vargas,
27060,Aylla Brito,Comercio exterior e compras
27062,Maria Fernanda Costela,DBA SQL Server
27065,Dr. Apollo Nunes,Analista de Custos Sênior
27066,Cecília Fonseca,Consultor Siebel
27067,Ian Vargas,Programador Front end
27068,Maria Eduarda Câmara,analista de sistemas
27069,Benjamim da Mata,Gerente de Projetos
27070,Vitor Gabriel Souza,Analista de Sistemas
27071,Vinícius Farias,Assistente Service desk
27073,Rafael Lopes,Desenvolvedor Backend Java
27074,Dr. Pedro Garcia,Desenvolver meus conhecimentos
27075,Anthony Gabriel Campos,Consultor ABAP
27076,Ana Vitória Sampaio,Desenvolvedor cobol mainframe
27078,Sr. Igor Lopes,Trabalho
27079,Emanuelly Camargo,Desenvolvimento/Coordenação
27080,Otávio Cavalcante,Cientista de Dados
27081,Aurora Cunha,Desenvolver Minhas Habilidades Técnicas e Interpessoais
27082,Srta. Alexia Rodrigues,"Atuar na área de Operações (Sales Ops), Pós – Vendas (After Sales), Contratos, Gestão de Contratos, Order Management e Comercial (Desenvolvimento e Novos Negócios)"
27084,Maria Luísa Alves,Desenvolvedor/Programador júnior
27085,Sra. Alana Caldeira,ganhar experiência e fazer parte do crescimento da empresa
27087,Srta. Lorena Souza,Consultor Oracle EBS
27088,Dr. Pedro Henrique Alves,Gerente de Projetos SAP
27090,Srta. Lavínia Nascimento,No currículo
27091,Dra. Sara Farias,Assistente de comércio exterior/ compras/ importação/ exportação
27092,Isis Cunha,Meu principal objetivo é ampliar habilidades técnicas e gerenciais e desenvolver outras aptidões relacionadas ao meu campo de trabalho
27094,Kaique Viana,
27095,Ana Vitória da Paz,Crédito/ Cobrança/ Financeiro
27096,Nathan Costa,Ger.Projetos Sr.
27097,Marina da Costa,"Analista de Risco, Crédito e Prevenção à Fraude"
27098,Dr. Anthony Gabriel Alves,Technical Program Manager / Technical Leader
27099,Gustavo Henrique Andrade,Financeira Controladoria
27100,Pedro da Rocha,Administrativa-Finanças-Informatica
27101,Dr. João Gabriel Pinto,Contábeis Administração
27102,Kevin Silva,
27103,Srta. Maria Flor Castro,Crescimento profissional
27105,Maria Cecília Nascimento,
27107,Sofia Santos,Programador .Net / C#
27108,Vitor Casa Grande,
27109,Giovanna Sales,Consultor/Analista de SAP
27110,Srta. Sophia da Mata,
27113,Caroline Azevedo,Consultor SAP CO
27114,Luiz Henrique Ramos,Analista Administrativo
27117,Vitor Hugo Cardoso,
27118,Noah Sampaio,Consultor SAP CO
27119,Vitor da Mota,
27120,Dra. Heloisa Sousa,"Sempre agregar conhecimento, e mostrar que posso ajudar com a base adquirida ao longo do tempo."
27121,Sra. Hellena Almeida,Procurar sempre a melhoria contínua e adquirir novos skills
27122,Vitória Borges,RECURSOS HUMANOS
27123,Rodrigo da Cunha,Analista de Segurança
27124,Eduardo Caldeira,Service Delivery Manager
27125,Isaque da Mota,Ciência de Dados
27126,José Miguel Moura,
27128,Srta. Alexia Macedo,
27129,Dr. Rafael da Luz,
27130,Vitor Pacheco,Financeira/tesouraria/OTC/Credito
27131,Srta. Sophia Teixeira,DevOps Enginner
27132,Stephany Sousa,
27133,Sr. Benjamim Cassiano,
27134,Sra. Emanuelly Pastor,Área de TI
27136,Anthony Pereira,Gerente de Serviços de TI
27139,Sr. Ian Sousa,Suprimentos
27140,Valentim Ferreira,Crescimento Profissional
27142,Sra. Ana Laura Campos,Logistica e cadeia de suprimentos
27143,Davi Lucas Pimenta,Administrativo
27144,Kamilly Aparecida,"Atuar na área de TI, para adquirir experiência profissional."
27146,Sr. João Oliveira,ANALISTA DE SUPORTE
27147,Sra. Rebeca Cavalcante,Recursos Humanos
27148,Enrico Cavalcante,Atuar como profissional de TI
27149,Mariana Sá,Consultor Sênior Oracle EBS - Financials
27150,Sophia Casa Grande,Profissional de TI
27152,Kamilly Lopes,"Exercer um suporte in loco no ambiente computacional e ao usuário, tendo em vista utilizar todas as soluções de T.I voltadas à integridade, confidencialidade e disponibilidade das informações da empresa."
27156,Ravi Lucca Gonçalves,
27157,Srta. Antonella Brito,Crescer cada vez mais e buscar aperfeiçoamento.
27158,Rebeca Moreira,"Trabalhar com soluções de RH, especialmente SAP folha e tempos"
27159,Theodoro Campos,
27160,Ana Julia Farias,DBA ORACLE
27161,Isabella Barbosa,
27162,Caio Rocha,Analista de Crédito ou Prevenção a Fraude
27163,Dr. Enzo Gabriel Pinto,
27164,Sarah Albuquerque,
27165,Daniel Fonseca,
27166,Ana Luiza Lima,Procurement Analyst / Specialist
27167,Paulo Pacheco,Consultoria
27168,Kaique Moraes,Gostaria de compartilhar com minha experiencia e estou em busca de transição de Emprego na qual Eu possa desenvolver novos conhecimentos e contribuir com o processo de desenvolvimento e progresso da Empresa.
27169,Luiz Otávio Lima,
27170,Danilo Pinto,Gerente de Projetos
27171,Maria Laura Leão,Analista de RH
27172,Sra. Eduarda Machado,Analista de Negócios
27173,Valentim Silva,Consultoria e Suporte em TI
27174,Srta. Isabella Mendonça,
27177,Dr. Luiz Otávio Pinto,Crescer
27178,Dr. Renan das Neves,
27179,Luiz Henrique Pimenta,
27180,Raul Silva,Mastersaf
27181,Julia Castro,Monito
27183,Sra. Marcela da Rosa,"Meu objetivo é conduzir um trabalho de qualidade, busco executar minhas atividades com responsabilidade."
27184,Ana Moraes,Analista de RH Pleno
27185,Raquel das Neves,
27186,Liam da Conceição,
27187,Mathias Gomes,
27188,Oliver Campos,
27191,Agatha Cirino,Cientista de Dados
27192,Ayla Freitas,Analista de Sistemas
27193,Joaquim Correia,TRABALHAR ALINHADO AOS OBJETIVOS DA EMPRESA E COM RESPEITO À MINHA EQUIPE.
27196,Dra. Emanuella Câmara,Consultora Sap SD
27197,Vicente Costa,
27198,Sr. Bernardo Sousa,Financeiro
27199,Thales Leão,SAP Basis
27200,Isadora das Neves,Trabalhar na area de Suprimentos
27201,Srta. Aylla Peixoto,atuar como desenvolvedor web (back end .Net e/ou front end)
27202,João Lucas Costa,Area de Qualidade ou Financeira
27204,Valentina Fonseca,Desenvolvedor RPA
27205,Pedro Lima,
27206,Bruno da Rocha,
27207,Dra. Mirella Pimenta,Empresas da área de tecnologia da informação interessados em profissionais de TI
27210,José Miguel Campos,
27211,Maitê Alves,
27212,Arthur Miguel Vasconcelos,Comunicação | Endomarketing | Marketing
27214,Sra. Ana Liz Albuquerque,
27215,Maria Júlia da Cruz,Marketing
27216,Antonella Cunha,
27218,Dr. Vinícius Santos,
27219,Sr. Danilo da Conceição,
27220,Larissa Rios,
27221,Sr. Bento da Mata,
27222,Yuri Nogueira,
27225,Antonella Gonçalves,TI - Analista de Negócios
27226,Dr. Antony Monteiro,
27227,Letícia Campos,
27228,Davi Lucca Peixoto,
27229,Sophie Borges,
27230,Luiz Otávio Gonçalves,
27231,Benjamin Costa,Área TI
27232,Sra. Sofia Ribeiro,
27233,Sr. Breno Sá,Operador de sistema
27234,Joana da Luz,ANALISTA MAINFRAME
27236,Benjamim Câmara,Dba desenvolvedor analista senior
27237,Ana Sophia Guerra,Tornar-me um gestor da área de TI - Área de Telecom
27238,Esther da Mota,Analista de telecomunicações
27241,Bruna Barbosa,Data Science
27242,Dra. Natália Sousa,
27243,Maysa Abreu,
27244,Sr. Ryan Peixoto,
27245,Sara Porto,"Administrativo, Comercial, Logística, Faturamento, Contabilidade, Departamento pessoal."
27248,Arthur Costela,
27249,João Miguel Cirino,Consultor SAP Ariba Funcional
27250,Sr. Lucas Novais,Analista Funcional
27252,Ana Beatriz Campos,
27253,Manuela Mendes,
27254,Gabrielly Campos,Posição Executiva na área de Customer Experience/Customer Services/ Information Technology
27255,Ian Andrade,Desenvolvedor COBOL
27256,Srta. Rebeca da Cunha,Desenvolvedor Web
27257,Caroline Ribeiro,"Gerenciamento de Projetos, Implantação de Sistemas ERP, Engenharia Processos Industriais."
27258,Maitê Sousa,
27259,Miguel Melo,
27261,Diogo Pastor,DBA Oracle
27262,Erick Oliveira,
27263,Esther da Mata,
27264,Dra. Ana Laura da Costa,Analista / Desenvolvedor Mainframe
27265,Luara Rocha,DBA Oracle / coordenador infraestrutura
27266,Alexandre Peixoto,
27267,Sra. Lavínia da Paz,Analista de sistema
27268,Dr. Pedro Henrique Cassiano,
27269,Ana Luiza Mendes,
27270,Sra. Ana Cecília Mendonça,
27271,Oliver Casa Grande,
27272,Ana Beatriz Barbosa,
27273,Sra. Isis Lopes,
27274,Emilly Aragão,
27275,Sr. Ravi Lucca da Cruz,
27276,Sr. Matheus Moura,
27277,Yasmin da Paz,
27278,Dra. Melissa Castro,
27279,Fernando Marques,
27280,Srta. Bruna Marques,
27281,Ana Clara Sousa,
27282,Sr. João Guilherme Vieira,
27283,Catarina Sá,
27284,Ana Lívia Sá,
27285,Dra. Lorena Sampaio,
27286,Ágatha Viana,
27287,Maria Eduarda Freitas,
27288,Dr. Daniel da Luz,
27289,Dra. Brenda Pimenta,
27290,Marina Vargas,
27291,Dra. Ísis Rezende,
27292,Allana Mendes,
27293,Camila Correia,
27294,Emanuel Abreu,
27295,Samuel Carvalho,
27296,Léo da Rocha,Head CRM
27297,Sophia Ribeiro,
27298,Yuri Barbosa,
27299,Maria Cecília Aragão,
27300,Isabel Abreu,
27301,Enrico Pimenta,
27302,Dr. José Pedro da Rocha,
27303,Maria Barbosa,
27304,Eduarda Nogueira,
27306,Luísa Marques,"Gerente de Projetos, PMO"
27307,Milena Porto,Analista
27310,Dra. Lara Nascimento,Consultoria
27311,Leonardo Rios,"Consultor Oracle, Analista de Sistemas Sr."
27312,Davi Freitas,Desenvolvedor Java
27313,Luan Sales,
27314,Dra. Maria Luiza Albuquerque,Novas oportiunidades
27315,Erick Ferreira,
27316,Sr. Paulo Siqueira,Arquiteto Salesforce.
27317,Liz Machado,Atuar na area de desenvolvimento de sistemas e projetos
27318,Hellena Jesus,
27321,Sophie Araújo,
27322,Maria Clara Caldeira,Analista de Produção
27327,Luiz Fernando Gonçalves,Analista de Dados | Analista de Sistemas
27328,Sr. Ryan Leão,Consultor SAP PI/PO/CPI integration Ariba
27333,Igor Barbosa,Consultor SAP ABAP e SAP PI
27334,Pietra Brito,Coordenador PMO / GP PMO / PMO Senior / Especialista de Projetos
27336,Sara da Paz,Service Delivery Manager
27337,Dr. Mateus Ramos,
27338,Dra. Anna Liz Ramos,Trabalhar na Área de Desenvolvimento de Software
27345,Sra. Maria Vitória Novaes,
27347,Luiz Miguel Dias,
27349,Dra. Letícia da Mata,
27350,Mariane Monteiro,
27351,Dr. Rodrigo Costa,
27354,Srta. Nicole Ramos,Proyect Manager
27355,João Guilherme Cassiano,Analista de redes e segurança da informação
27356,Heitor Teixeira,"Gerenciamento de Projetos, Project Manager/Agile Project Manager"
27357,Dr. Ravi Pinto,Desenvolvimento de habilidades gerenciais
27359,Yuri Cavalcanti,ANALISTA DE SISTEMAS SR.
27361,Pedro Henrique Siqueira,Área de desenvolvimento de sistemas
27362,Alice Barros,Gerente de Controladoria / Gerente Financeiro
27363,Oliver Vieira,
27364,Maria Cecília da Cruz,Consultor SAP SD/LES/CS
27365,Bruno das Neves,Analista Programador
27366,Dr. Mathias Jesus,"Aprendizado de novas tecnologias, visando encontrar a área onde ficarei realizado profissionalmente."
27368,Danilo Sampaio,Desenvolvedor RPA
27369,Felipe Fogaça,
27370,Dra. Mariah Barbosa,
27375,Sarah Souza,
27378,Sr. Bruno Machado,Consultor SAP
27380,Sr. Yago Duarte,
27382,Sra. Maria Sophia Viana,
27384,Dr. João Vitor Garcia,
27385,Bryan Farias,
27386,Bryan da Mata,Ajudar no crescimento da empresa e evoluir profissionalmente com novos processos
27387,Kamilly Câmara,
27389,Dra. Maria Isis Aparecida,
27390,Ana Carolina Câmara,
27391,Emilly Leão,
27392,Felipe Souza,
27393,Cauã Brito,
27394,Srta. Beatriz da Cruz,Atuar como Gerente de Projetos
27395,Yasmin Dias,
27396,Luiz Henrique Aragão,
27397,Kaique Cassiano,Obter conhecimentos avançados nas ferramentas de mercado para RPA
27398,Sra. Fernanda Mendonça,
27399,Arthur Andrade,
27400,Dr. Paulo Montenegro,
27401,Sr. Arthur Miguel Nunes,
27402,Eduarda da Mota,
27403,Isabella Fonseca,
27404,Caleb Pastor,
27405,Isaque Gomes,
27406,Matteo Novaes,
27407,Srta. Maria Júlia Farias,
27408,Eloah Vieira,
27409,Maysa Peixoto,
27410,Camila da Paz,
27411,Srta. Bárbara Cavalcanti,
27412,Luna Lima,Desenvolvedor RPA/Python
27413,Beatriz Caldeira,
27414,Luiz Fernando Ferreira,
27415,Ana Laura da Cunha,
27417,Dr. Diogo Moraes,Recursos Humanos
27418,Joaquim Fernandes,
27419,João Lucas Nunes,
27420,Kevin da Paz,
27421,Sr. Emanuel Viana,
27422,Lorena Pinto,DATA SCIENCE
27424,José Miguel Fernandes,
27425,Gael Henrique Pereira,Consultor Sap
27427,Srta. Julia Brito,
27428,Lorenzo Siqueira,Agregar Valor aos Projetos Junto ao Cliente
27429,Liam Casa Grande,
27430,Srta. Maria Novais,Azure Cloud Analyst
27431,Juliana Sales,
27432,Diego Fogaça,
27433,Esther Abreu,
27434,Davi Miguel Siqueira,
27435,Davi Lucas Albuquerque,
27436,Luiz Henrique Casa Grande,
27437,Eloah Sá,
27438,Clara Abreu,
27439,Lunna Machado,Plano de carreira e crescimento profissional.
27442,Sra. Isis Oliveira,
27444,Maria Helena Andrade,Programador
27447,Lucas Cassiano,
27448,Ana Sophia Mendes,
27449,Maria Júlia Vargas,PMO/Analista de Projetos
27450,Alexia Camargo,
27451,Helena Macedo,
27453,Zoe Camargo,
27454,Isabella Azevedo,
27455,Cauê Andrade,
27456,Aylla Sá,analista de sistemas
27457,Luiz Otávio Fernandes,
27458,Letícia Sampaio,
27459,Gustavo Lima,CONSULTOR SAP CO SR.
27461,Mariane Almeida,
27462,Igor Ferreira,
27463,Luana Almeida,Excelência em atendimentos
27464,Ana Clara da Costa,
27466,Emanuella Camargo,Consultoria Processos Negócios / PMO/ SM / SAP
27467,Lara Leão,Comercial
27468,Srta. Maria Laura Rios,
27471,Sr. Ravi Lopes,Analista/ Desenvolvedor Mainframe
27473,Sra. Sarah Dias,
27474,Luigi Castro,Quality Assurance
27475,Sr. Henry Gabriel Cardoso,
27477,Sr. Breno Dias,Busco a chance de me aperfeiçoar em um ambiente profissional e aumentar a produtividade da minha equipe.
27478,Luana Teixeira,
27480,Srta. Isabel Siqueira,analista sistemas Senior
27481,Lucas Gabriel das Neves,Crescimento profissional
27482,Matteo Porto,Analista de Compras
27483,Murilo Castro,
27484,Stella Aparecida,
27485,Srta. Mirella Garcia,
27486,Isaac Câmara,Manager/ scrum master/ squad leader
27487,Ana Julia da Luz,
27488,Benjamim Cassiano,
27489,Rael Sá,Trabalhar como desenvolvedor de software
27491,Leonardo Borges,
27492,Sra. Eduarda Fogaça,Meu objetivo é aprender e crescer pessoal e profissionalmente através da colaboração e das trocas mútuas e voluntárias de conhecimento.
27494,Júlia Rezende,Consultor SAP Netweaver PI/PO/cPI/NF-e
27496,Sra. Ana Laura Sá,
27498,Anna Liz da Mata,Analista de compras / Suprimentos
27499,Rael Gomes,Consultoria
27500,Dra. Maria Eduarda Cavalcanti,Cloud Computing
27501,Arthur Leão,Assistente de Compras
27502,Srta. Maria Sophia Vieira,Engenheiro
27503,Dra. Bárbara Moraes,Atuar na área de Inteligência Artificial
27504,Júlia Correia,R&S
27506,Joana Novaes,
27507,Levi Cavalcante,
27508,Sra. Sarah Guerra,analista/programador mainframe
27509,Thomas Moura,
27511,Anna Liz Monteiro,
27512,Isadora Duarte,
27513,Dr. Ravy da Costa,Finanças Corporativas e Controladoria
27515,Arthur Costa,Trabalha na área de inovação
27516,Sra. Maria Flor Nunes,Analista Desenvolvedor Mainframe
27517,Murilo Nascimento,Análise e desenvolvimento de sistemas - MainFrame
27518,Luan Correia,
27520,Davi Lucca Duarte,
27521,Sra. Antonella Carvalho,Análise/desenvolvimento de sistemas
27522,Luiz Otávio Rodrigues,Arquiteto de Dados
27523,Maria Eduarda da Luz,Desenvolvedor Front-End
27525,Antônio Cavalcante,Analista BI/Dados
27526,Dra. Laís Silveira,
27528,Francisco Fonseca,
27529,Bryan Fogaça,
27530,Srta. Letícia Porto,Crescer cada vez mais como profissional e ajudar empresa onde me encontro a alcançar seus objetivos.
27531,João Felipe Peixoto,
27532,Apollo Moraes,
27533,Sra. Clara Abreu,
27534,Isadora Siqueira,
27535,Ravi Lucca Barros,
27536,Arthur Gabriel Castro,
27537,Daniela Ramos,
27538,Alana Abreu,
27539,Dr. Levi da Cunha,
27540,Sra. Luísa Fonseca,
27541,Luiz Henrique Jesus,
27542,Vitória Correia,
27543,Liz Cirino,
27544,Helena Cardoso,Recursos humanos
27546,Sra. Maria Sophia Sá,Analista-Desenvolvedor; Analista de Negócios; Gerente de Projetos.
27547,Levi Gonçalves,Consultor SAP FI - TRM
16001,Francisco Aparecida,
16002,Aylla Abreu,Assistente Administrativo
16003,Luiza Jesus,
16005,Dr. Yuri Sales,
16006,Sra. Eduarda da Mota,Desenvolvedor Mobile
16009,Thomas Teixeira,
16012,Vitória Souza,
16013,Theo Câmara,
16014,Larissa Lopes,
16016,Maria Alice Melo,
16017,Nathan Nascimento,
16018,Sra. Luísa Pires,Evoluir na carreira junto com a empresa.
16019,Maria Laura Pacheco,
16020,Felipe Martins,
16023,Srta. Stephany Moraes,
16024,Breno Macedo,
16025,Aurora Aparecida,Aumentar meu conhecimento nas áreas de BI
16026,Enzo Gabriel Oliveira,
16027,Maria Alice Ribeiro,Analista de Requisitos
16028,Srta. Antonella Moraes,
16029,Bento Dias,
16030,Vitor Hugo Dias,
16033,Eloah Souza,
16034,Sr. Dom Cavalcanti,
16035,Sra. Juliana Moreira,
16036,Maria Luiza Montenegro,Desenvolvedor Java
16037,Rafaela Carvalho,
16039,Olivia Sales,
16041,Guilherme Gonçalves,
16042,Diego Porto,SAP MM
16043,Raquel da Paz,
16044,Ana Beatriz Pacheco,
16045,Dra. Ana Sophia Vargas,
16047,Maria Clara Souza,Consultor BI ETL
16049,Zoe Viana,Analista de sistemas
16050,Ravi Pimenta,
16051,João Mendes,
16052,Kamilly Costa,
16053,Srta. Lavínia Sá,Estagio
16054,Ravi Carvalho,
16055,João Miguel Porto,
16058,Srta. Melina Pacheco,
16060,Luiz Miguel Mendonça,
16061,Gabriel Rodrigues,
16062,Melissa Sales,
16064,Ana Júlia Aragão,
16069,Ana Júlia Pereira,
16071,Sra. Lorena Vieira,Ingressar como desenvolver .Net c#
16072,Sra. Elisa Melo,
16073,Cauã Nascimento,Atuar como desenvolvedor em soluções inovadoras
16074,Isabelly Alves,
16075,Isabel Silveira,
16077,Srta. Juliana da Luz,
16079,Rael Ferreira,PEGA Systems
16080,Ana Câmara,Atuar como desenvolvedor
16081,Cecilia Pinto,
16082,Yan Barros,Scrum master
16083,Dr. Luiz Miguel Dias,Gestão de Sistemas/TI
16084,Joana Melo,Analista de Projetos
16085,Srta. Aurora Rezende,Scrum Master
16086,Ana Vitória Lopes,
16087,Dr. Nicolas Sousa,JAVA DEVELOPER
16088,Dr. Matheus Rodrigues,
16089,Heloísa Sousa,Analista de Sistemas COBOL
16090,Isabel Pimenta,Desenvolvimento de sistemas
16092,Sr. Miguel Santos,
16093,Caio Gonçalves,Scrum Master
16094,Raquel Vasconcelos,
16095,Helena Fonseca,
16096,Sr. Luiz Felipe Caldeira,Desenvolvimento de sistemas
16098,Guilherme Silva,
16100,Luiz Otávio Brito,
16101,Dante Andrade,Consultor SAP SD Sênior
16102,Mariana Correia,Coordenação e gestão
16103,Maria Júlia Vieira,
16105,Hellena Nascimento,
16106,Dra. Maria Luísa Sá,
16107,João Guilherme Peixoto,
16108,Sra. Laura Costela,
16109,Kaique Moreira,
16111,Srta. Luísa Silveira,
16112,Srta. Letícia da Cunha,
16113,Pedro Miguel Costa,
16114,Vitor Gabriel Guerra,Atuação na área administrativa e comercial/vendas
16116,Sra. Mariane Santos,
16117,Sr. Marcelo Monteiro,SAP
16118,Sra. Kamilly Porto,Recursos Humanos
16119,Sr. Enzo Guerra,"Atuar como profissional de Recursos Humanos, visando aprender sobre a cultura da empresa e contribuir de forma dinâmica, criativa e assertiva no desenvolvimento da organização."
16120,Ana Beatriz Dias,
16121,Ana Júlia Jesus,
16122,Cauê Aparecida,
16125,Srta. Mariana da Mata,Scrum Master - Analista de Sistemas
16127,Raul Mendes,Analista de Sistemas Mainframe
16128,Pedro Henrique Sousa,
16129,Brenda Cirino,
16131,Luna Teixeira,
16132,Dr. Felipe da Luz,
16133,Breno da Luz,
16135,Gael Sales,
16136,Ana Beatriz Cunha,
16137,Sra. Emanuelly das Neves,
16138,Cauã Rocha,
16139,Antônio Albuquerque,
16141,Srta. Ana Lívia Macedo,"Product Owner , Engenheiro de Qualidade de Software"
16142,Sr. Luigi das Neves,Desenvolvedor Arquiteto .NET
16143,Sra. Ana Montenegro,
16144,Sr. Fernando Correia,
16145,Murilo Melo,
16146,João Miguel da Paz,
16147,Dra. Eduarda Lima,Atuar na área de tecnologia.
16151,Isabel Vieira,
16152,Ana Liz Brito,
16154,Dr. Luiz Miguel Marques,
16155,Ana Vitória Pimenta,
16156,Alana Barros,
16157,Nina Ramos,
16160,Maria Helena da Rocha,
16161,Rhavi Rios,Analista Desenvolvedor SOA
16162,Maria Helena Guerra,Analista de Processos. Gerenciamento Projetos
16163,Mariana Araújo,
16164,Sr. Gustavo Henrique Vargas,
16166,Gael Ramos,
16169,Ian Casa Grande,
16170,Mirella Moura,
16171,Emanuella Guerra,Analista de teste
16172,Manuela Novaes,
16175,Bruna Aragão,
16176,Giovanna Pimenta,
16177,Diego Rocha,
16178,Antonella Barros,
16179,Pedro Cunha,
16181,Davi Luiz Cavalcante,
16182,Dra. Ísis Leão,
16183,Dr. Bernardo Gomes,
16184,Diogo Sampaio,
16185,Sophie Montenegro,
16186,Benicio Mendonça,
16187,Sr. Asafe Santos,
16188,Sabrina Câmara,
16190,Dr. José Castro,
16192,Srta. Ana Liz Dias,
16193,Srta. Luiza Mendes,
16195,Dra. Zoe Andrade,
16196,Maria Eduarda Carvalho,
16199,Vitor Monteiro,
16200,Alícia Costela,
16203,Mariah Gonçalves,
16205,Gael Borges,
16207,Sr. João Pedro Azevedo,
16208,Sra. Pietra da Mata,
16209,Renan Moura,
16210,Dr. Ravi Nogueira,
16213,Dra. Ana Sophia Freitas,Segurança da Informação
16215,Laís Fogaça,
16216,Sr. Rodrigo Farias,
16217,Isabella Macedo,
16218,Raquel Nunes,
16219,Dr. Josué Monteiro,
16220,Maysa Pinto,-
16223,Dr. Enzo Lima,
16224,Lucas Martins,
16227,Josué Jesus,
16228,Sra. Antonella Sales,
16229,Sra. Nicole Ramos,
16230,Dr. Isaque Guerra,Gestor - TI
16231,Ayla Rodrigues,
16232,Sr. Bryan Machado,
16233,Natália Cavalcante,
16234,Marcos Vinicius Cardoso,
16236,Luana Pimenta,
16237,Sra. Maysa Fernandes,
16239,Beatriz Correia,
16240,Noah Cavalcante,
16242,Ana Mendes,
16243,Maria Alice da Mota,DBA Oracle / SQL Server
16244,Luiza da Luz,
16245,Sarah Ramos,
16247,Dr. Gustavo Gonçalves,
16250,Luiz Henrique Moreira,
16251,Lucas Gabriel da Cunha,CONSULTOR SAP
16254,Sr. José Pedro Souza,CONSULTOR SAP PM
16256,Daniel Alves,Consultor SAP ABAP Fiori
16264,Renan Mendonça,
16266,Ana Liz Rodrigues,
16267,Isis Correia,Atuar como analista desenvolvedor fullstack
16268,Srta. Ana Cecília Novaes,consultor SAP MM
16270,Luan Moraes,
16273,Henry da Rocha,
16274,Melina Casa Grande,
16275,Josué Santos,
16278,Breno Barros,
16279,Luiz Felipe da Rocha,
16280,Benício Jesus,
16281,Benício Moreira,
16282,Maria Liz Ribeiro,
16283,Luiz Henrique Viana,Consultor SAP PM/QM
16284,Stella Barbosa,
16286,Ana Liz Costa,"Aplicar meus conhecimentos e experiência para o desenvolvimento e melhoria de sistemas, hotsites e portais, visando a satisfação do usuário e cliente."
16287,Rebeca Teixeira,CRM
16290,Rafaela Vieira,Programador júnior/Trainee
16291,Dr. Guilherme Pastor,
16292,Mathias Novaes,Análise Programação de Sistemas
16295,Srta. Eloá Silveira,
16296,Leonardo Cunha,
16297,Stella Aragão,Analista de Qualidade / Analista de Suporte / Líder Técnico / Ticket Manager
16298,Sr. Yan Sá,
16299,Dr. Arthur Miguel Cardoso,Consultor SAP MM Sr
16300,Sra. Eduarda Monteiro,
16305,Asafe Fernandes,
16306,Apollo Cavalcanti,"Atuar como desenvolvedor, sempre aprendendo novas tecnologias e enfrentando desafios."
16307,Sophia Dias,
16309,Bruno Vargas,
16310,Luiz Fernando Mendes,
16311,Isaac Albuquerque,
16312,Sra. Fernanda Leão,Atuar como desenvolvedor/arquiteto mobile Xamarin/C#
16314,Pedro Miguel Caldeira,
16315,Lorenzo da Conceição,
16316,Maria Clara Cardoso,
16317,Maria Clara Vargas,
16318,Amanda Dias,
16319,Lavínia Sousa,Suporte Técnico TI
16320,Bruna Pinto,"Retornar ao mercado de trabalho , na aréa que mais gosto"
16322,Ravi Lucca Câmara,
16323,Olivia Pastor,
16324,Marcelo Câmara,
16325,Sr. Gabriel Marques,Consultor SAP ABAP/ FIORI / UI5
16326,Dante Guerra,
16328,Ana Siqueira,
16329,Dra. Milena da Cunha,
16330,Esther Fonseca,
16331,Dr. Luiz Fernando Albuquerque,
16332,Yago Lima,
16333,Dra. Sarah das Neves,Desenvolvimento
16334,Luiz Fernando da Rosa,Analisa de Sistemas - Servicenow
16336,Dr. Alexandre Sá,Consultoria SAP PP e QM
16338,Maysa Costa,
16339,João Montenegro,
16340,Valentina Sales,SAP
16341,Sra. Ana Sophia Nogueira,
16342,Sra. Isabela Alves,CONSULTOR SAP ABAP SENIOR
16344,Manuela Brito,Desenvolvimento e Arquitetura de Software
16345,Júlia Ramos,Líder de Equipe e Arquiteto FullStack Sênior
16346,Maya Lima,
16347,Diego Albuquerque,
16348,Dr. Matheus Viana,"Atuar na área de TI Analista de Sistema, Desenvolvedor ou Programador."
16350,Dra. Maria Liz da Mata,
16351,Sr. Murilo Moraes,
16352,Sr. Ryan Novais,Marketing
16353,Ana Laura Vasconcelos,
16354,Lorenzo Moreira,
16357,Leandro Freitas,Analista desenvolvedor
16360,Melissa Barbosa,
16361,Camila Leão,Analista de Projetos
16362,Anthony Moura,
16363,Daniela Pimenta,
16367,Eduarda Campos,
16368,Lunna Vasconcelos,
16369,Dra. Anna Liz da Mata,
16370,Augusto da Conceição,Analista
16371,Ana Sousa,
16372,Srta. Ana Laura Barros,
16375,Dr. Theodoro Costela,Consultor PP Senior
16376,Isadora Cavalcante,
16378,Liz Albuquerque,
16379,Sr. Diogo Abreu,Crescimento em TI
16380,Giovanna Rocha,
16381,Sophia da Paz,Analista Desenvolvedor
16382,Vitória Carvalho,
16383,Letícia Rezende,
16384,Dr. Pedro Sá,"Atuar na área de Robótica e no futuro conciliar as duas faculdades, trazendo novas tecnologias para o Brasil"
16385,Luana Cardoso,Tecnologia da Informação
16386,Bento Pacheco,
16387,Caleb Garcia,
16388,Maria Alice Fonseca,
16389,Heitor Fonseca,
16390,Heloisa Gonçalves,
16391,Levi Barros,
16392,Ana Vitória Barbosa,
16395,Sr. Noah Melo,
16396,Ana Beatriz Porto,
16397,Enrico Camargo,
16398,Ísis Abreu,
16399,Daniela Duarte,
16400,Kevin Moreira,
16402,Srta. Ana Dias,Área de Projetos / PMO / Gestão de Projetos / Scrum Master / Product Owner
16404,Yago Souza,Scrum Master
16405,Igor Leão,
16406,Milena Campos,
16407,Ana Cecília Viana,
16408,Raul Andrade,Programador/Consultor RPA
16409,Luiz Fernando Porto,Consultor RPA
16410,Luan Melo,
16411,Gustavo Andrade,
16415,João Borges,
16418,João Marques,
16421,João Miguel Silva,
16423,Dra. Isis Santos,Consultor SAP FI
16424,Emilly Aparecida,
16426,Dra. Alícia Silveira,
16427,Sr. Lucca Jesus,
16428,Heitor Cavalcante,T.I.
16429,Dr. Isaac Câmara,
16430,Dra. Sophie Sampaio,
16431,Danilo Machado,
16432,Stephany Cardoso,Scrum Master
16433,Léo Montenegro,
16434,Sra. Julia Viana,
16435,Enrico Ribeiro,
16436,Dr. Fernando Rios,
16438,Pedro Lucas Silva,Consultor SAP FI CO
16439,Théo das Neves,
16440,Evelyn Macedo,
16441,Dra. Maria Cecília Martins,
16442,Sr. Oliver Fogaça,Agile Coach
16444,Ana Julia da Luz,
16445,Maysa Fonseca,
16446,Rodrigo Fernandes,
16447,Dr. Rhavi Pinto,
16450,Dra. Maria Laura Brito,
16451,Jade da Mota,
16452,Ana Carolina Farias,Gerente de Projetos
16453,Raquel Barros,
16454,Arthur Nascimento,Desenvolvedor de Sistemas
16455,Srta. Liz Abreu,
16456,Ana Vitória Porto,
16457,Melina Cardoso,
16458,Yan Vieira,Desenvolvedor de Software
16459,João Miguel Vieira,
16460,Sra. Luna Nunes,
16461,Amanda Cirino,
16462,Rodrigo Mendes,
16463,Allana Camargo,
16465,Dom Albuquerque,
16466,Srta. Isabela da Cunha,
16467,Dra. Isabel Garcia,
16469,Lara Teixeira,Analista Desenvolvedor Cobol
16470,Maria da Cunha,Desenvolvedora de sistemas / Analista de testes
16471,Sra. Ana Guerra,
16472,Maysa Campos,
16473,Alícia da Cruz,
16474,Nicole Alves,
16475,Gabrielly Nunes,
16480,Sr. Luiz Gustavo da Mata,
16485,Ryan Costela,
16486,Kevin Fernandes,
16487,Srta. Bianca Câmara,
16488,Dr. Emanuel Moraes,
16490,Dr. Liam Pinto,
16491,Dra. Mariane da Mata,Analista de Sistemas
16492,Thales Gomes,Programador COBOL
16493,Dra. Manuella da Rocha,Analista Desenvolvedor Cobol
16495,Ágatha Martins,
16496,Dra. Isis Rodrigues,
16497,Dra. Stephany Castro,
16499,Ana Carolina Rodrigues,
16501,Dr. Rael Fogaça,
16503,Dr. Antônio Cardoso,Atuar como Analista de Sistemas Júnior
16504,Mathias Viana,Desenvolvimento/Analise de Sistemas
16506,Maria Liz Almeida,
16507,Dra. Bianca Araújo,
16509,Luiza Abreu,
16513,Sr. Pedro Miguel das Neves,
16514,Dra. Maria Fernanda da Cunha,
16515,Srta. Amanda Cassiano,
16516,Srta. Ester da Cruz,
16517,Dra. Hellena Lima,
16518,Bianca Rios,
16520,Guilherme Barbosa,
16522,João Miguel Brito,
16523,Felipe da Cruz,Analista
16524,Vicente Brito,
16525,Léo Moura,
16527,Srta. Maitê Andrade,
16528,Sarah Siqueira,
16529,Theodoro Abreu,
16530,Hadassa Nunes,
16531,Stella Casa Grande,
16532,Srta. Maria Sá,
16533,Sra. Clarice Borges,
16537,Felipe Dias,
16539,Sr. Luiz Miguel Camargo,
16540,Dr. Rodrigo Rodrigues,
16541,Pedro Lucas Leão,
16542,Pedro Henrique Nascimento,
16543,Sr. Davi Luiz Oliveira,Desenvolvedor pleno
16546,Isis Cavalcanti,Consultoria e Projetos
16547,Ryan Araújo,
16548,Nina Macedo,Auxiliar Administrativa
16549,Paulo Vasconcelos,
16550,Srta. Ana Aparecida,
16551,Maitê Farias,
16553,Kevin Montenegro,
16554,Dra. Esther Duarte,
16557,Otávio Cardoso,
16558,Dr. Rafael Martins,Recursos Humanos
16560,Srta. Ana Luiza Guerra,
16562,Sra. Maria Júlia da Mota,
16563,Nicole Novais,
16564,Cauã Monteiro,
16565,Benjamim Cirino,
16566,Dra. Esther Casa Grande,
16568,Davi Lucas Cirino,
16569,Larissa Guerra,
16570,Maria Flor Marques,
16571,Ana Júlia Câmara,
16573,João Felipe Rocha,
16575,Davi Miguel Rios,
16576,Sra. Hadassa Mendonça,Desenvolvedor iOS
16577,Alexia da Mata,
16578,Sr. Rodrigo Monteiro,
16580,Maria Isis Cavalcante,
16581,Vitor Gabriel Silveira,
16582,Stella Pereira,
16583,Sabrina Camargo,
16584,Júlia Araújo,
16585,Fernanda Mendes,
16587,Juliana Pacheco,
16588,Dr. Enzo Gabriel Pimenta,
16589,Breno Campos,
16591,Sra. Lorena Costela,
16592,Rael Moura,
16594,Luiz Otávio Machado,Desenvolvedor de Software
16595,Giovanna Nascimento,Analista
16596,Sr. Juan Novais,Atuar como engenheiro de software .net senior em empresas que exijam conhecimentos em arquitetura de software e inglês avançado.
16597,Maria Luísa Cassiano,Analista Desenvolvedor .NET
16599,José Miguel Novaes,Gerente de Projetos/ Vendas/ Consultoria
16601,Brenda Sousa,
16602,Sr. Dom Jesus,
16604,Dr. Mateus Sousa,
16605,Mariah da Conceição,
16606,Ana Julia Ribeiro,
16607,Pedro Henrique Viana,
16608,Dr. Ravy Leão,
16611,Lavínia Costa,Atuar como QA
16612,Ana Júlia Cardoso,
16613,Laura Lima,
16615,Ester Lopes,
16616,Dr. Rael Viana,
16617,Ravi Castro,
16618,Dr. Anthony da Mata,Especialista em Redes WAN e LAN
16619,Anthony Farias,
16620,Stephany Farias,Deselvolvedor SQL & PL/SQL
16624,Sr. Anthony da Cruz,
16625,Dr. Valentim Melo,
16626,Sr. Theodoro Melo,
16628,Sofia Vieira,
16629,Leandro Sá,
16630,Sr. Anthony Ferreira,Atuar como Desenvolvedor .Net C#
16631,Rafael Porto,Consultor SAP ABAP
16633,Sr. Henry Camargo,
16634,Heloísa Pereira,
16635,Dr. Rhavi Fogaça,
16636,Otto Pastor,
16637,Dra. Bárbara da Cunha,
16638,Sr. Luiz Gustavo Gomes,
16642,Ryan Vargas,Desenvolvedor Android
16643,Dra. Ana Luiza Pastor,"Desenvolvimento de Software, Líder Técnico"
16645,Otto Cardoso,Arquiteto ou Engenheiro de Dados
16646,Sra. Maria Eduarda da Cruz,
16648,Alexandre Moreira,Analista de sistema
16657,Antonella da Conceição,
16660,Maria Liz Jesus,Analista de Sistemas
16662,Agatha Moreira,
16663,Dr. Henrique Dias,Consultor SAP ABAP Sr
16664,Joana das Neves,
16665,Pedro Miguel Andrade,
16666,Pietra Santos,
16667,Dra. Maysa Guerra,
16668,Dr. Theodoro Mendes,
16669,Pedro Nogueira,
16670,Dr. João Vitor da Cunha,
16671,Srta. Maitê Castro,
16672,Amanda Rodrigues,
16675,Francisco Albuquerque,
16676,Levi Fogaça,
16677,Marcelo Aparecida,
16678,Ayla Vasconcelos,
16679,João Vitor Cardoso,
16680,Dr. Bernardo Rodrigues,
16681,Sra. Maria Flor Pinto,
16682,André Lopes,
16684,Rafael Rodrigues,
16686,Dra. Clarice Cirino,
16687,Dra. Mariane Barbosa,
16688,Ana Liz Fonseca,
16689,Otto Brito,Administrativa
16691,Dr. Arthur Gabriel Andrade,
16694,Sophia Sousa,Desenvolvimento java
16696,Maria Fernanda Nascimento,
16697,Maria Flor Sales,
16698,Mariah da Costa,
16699,Srta. Mariane Sampaio,
16700,Augusto Sales,
16701,Rafael Cardoso,Recursos Humanos
16702,Kaique da Luz,
16703,Henry Costela,
16705,Pedro Henrique Novaes,
16707,Sr. Anthony Cardoso,
16710,Luiz Felipe Almeida,
16711,Lavínia Sampaio,
16713,Luigi Duarte,
16716,Sr. Arthur Gabriel Alves,
16717,Maria Flor Nascimento,
16721,Alexia da Rocha,
16722,Carlos Eduardo Siqueira,
16724,Sr. Calebe Marques,
16725,Dr. João Gabriel Sá,TI
16726,Alexia Jesus,
16727,Oliver da Mata,
16728,Dra. Maria Liz Cirino,
16729,Augusto Rodrigues,
16730,Caroline Campos,
16731,João Felipe Oliveira,
16736,Srta. Isis Rios,ERP SAP SD
16738,Dr. João Guilherme Ramos,Consultor PP-QM-PM e DMS
16739,Isabela Santos,Analista
16740,Dra. Liz Peixoto,
16744,Srta. Zoe Nascimento,
16745,Bianca Fogaça,Vagas de Nível Superior
16746,Dr. Gustavo Henrique Monteiro,Team Líder Cobol
16747,Sra. Rebeca da Conceição,
16748,Dra. Maria Alice Vasconcelos,
16752,Sr. João Miguel Campos,
16753,Larissa Dias,
16754,Ravy Lopes,
16756,Bianca Pastor,
16757,Lavínia Lopes,Desenvolvedor Cobol
16758,Srta. Esther Moura,
16759,Henry Gabriel da Cunha,
16760,Ana Clara Rios,
16761,Emanuella Pimenta,Especialista de Sistemas/RPA
16762,Rodrigo Viana,
16763,Gabriel Rodrigues,
16764,Paulo Nogueira,Desenvolvedor RPA
16765,Dr. Rodrigo da Mata,Consultor SAP MM/WM Sr.
16766,Maria Helena da Costa,Consultoria no Sistema SAP - SD
16767,Sra. Bella Novaes,
16768,Maya Pinto,
16769,Dra. Ana Liz Brito,
16770,Dra. Larissa Pimenta,Analista de TI
16771,Cecilia da Rocha,
16772,Esther Pastor,Me tornar um excelente Analista de Sistema.
16773,Agatha Fernandes,Programador Pleno
16774,Dr. Enzo Gabriel Nunes,Atar como desnvolvedor me qualificar ainda mais na área
16777,Dr. Francisco da Rocha,
16778,Dra. Maria Sophia Cassiano,
16779,Otávio Costa,
16780,Maria Fernanda Peixoto,analista programador .net
16781,Brenda Pacheco,
16783,Dr. Erick Costela,
16784,Agatha Ribeiro,
16785,Mariane Mendes,
16786,Luiz Felipe Martins,CONSULTOR SAP FI/RE-FX - Gerente de Projetos SAP / PMO / Arquiteto de Soluções
16787,Lucca Mendes,
16788,Stella Vargas,
16790,Kaique Abreu,Gerente de sistemas e projetos
16791,Maria Liz Casa Grande,Analista desenvolvedora COBOL
16792,Srta. Ana Cecília Cirino,Analista de Suporte Infraestrutura Pleno
16793,Marina Melo,
16794,Isaque da Rosa,"Analista de Negocios, Analista de sistemas"
16798,Caio Pires,
16799,Dr. Daniel Pinto,
16801,Emilly Rodrigues,
16802,Dr. Daniel Rocha,
16806,Srta. Marcela Ramos,
16807,Théo da Costa,
16808,Davi Lucca Campos,
16809,Isabella Moreira,Trabalhar como desenvolvedor .Net
16810,Olivia Mendonça,
16812,Sr. Valentim da Mota,
16816,Ana Lívia Costela,Analista de Suporte ou Infraestrutura
16817,Srta. Hadassa Fonseca,Analista de Infraestrutura
16820,Davi Luiz Farias,
16821,Matteo Silva,
16822,Rebeca Mendes,
16824,Esther Pereira,
16826,Isabela Pinto,
16828,Ana Cardoso,
16829,Srta. Alana Montenegro,
16830,Diego Dias,
16831,Catarina Pimenta,
16833,Isadora Mendonça,Engenheiro de Telecomunicações | Gerente de Projetos
16835,Dra. Clara Machado,
16836,Sra. Ana Carolina Cirino,
16837,Nina da Paz,
16838,Vicente Barbosa,
16839,Ana Luiza das Neves,
16840,Alícia Santos,
16841,Ravi Santos,Analista de sistemas
16843,João Dias,
16845,Gabrielly Cavalcanti,
16846,Thales Aparecida,
16847,Srta. Pietra Lopes,
16848,Rafaela Nunes,
16849,Levi Castro,
16850,Lavínia Correia,Programador Pleno C# .Net
16854,Srta. Caroline Castro,
16855,Aurora Macedo,Desenvolvedor .NET Senior
16856,Sr. Breno Siqueira,
16857,Emanuel Macedo,"Consultor de Pré/Pós-venda (infraestrutura, armazenamento e proteção de dados)"
16858,Dr. Levi Sampaio,
16859,Emanuelly Lima,
16860,Sr. João Correia,
16861,Gabrielly Andrade,Consultor SAP TM
16862,Sr. Emanuel Vieira,
16863,Dr. Rael Moreira,
16864,Yan Fernandes,
16866,Dra. Maysa Ferreira,
16867,Maitê Dias,
16868,Cecília Andrade,
16869,Dr. André da Costa,Analista Testes Senior
16871,Heloísa Leão,
16873,Vicente Santos,
16874,Sophia Fogaça,
16875,Sra. Rebeca da Mota,
16876,Srta. Emanuelly Pacheco,
16877,Sr. Igor Brito,
16878,Brenda Lima,"Oportunidade em atuar como desenvolvedor júnior full stack na área de desenvolvimento mobile, web ou hibrido."
16880,Sra. Gabriela da Rosa,Analista de Sistemas RPA
16881,Dr. João Guilherme Moura,Gerente de Projetos
16883,Srta. Ana Luiza Pastor,Consultor SAP SD / TM
16885,Carolina Moreira,
16888,Srta. Antonella das Neves,
16889,Theodoro Rocha,
16890,Ísis Vieira,
16891,João Miguel Camargo,
16893,Isabel das Neves,
16894,Bruno Pacheco,
16895,Lucas Peixoto,
16896,Lorenzo da Mata,
16897,Dra. Agatha Câmara,
16899,Ian Siqueira,
16900,Benicio Macedo,
16901,Maysa Casa Grande,Analista de Sistemas
16902,Théo Nogueira,Lider Tecnico de QA
16903,Mirella Albuquerque,
16904,Caio Melo,
16905,Dra. Maria Flor Freitas,
16906,João Gabriel Rios,
16907,Catarina Almeida,
16908,Camila Casa Grande,
16909,Benjamin Carvalho,
16910,Luiz Henrique Aparecida,
16914,Sofia Machado,Se tornar Arquiteto em TI
16915,Dr. Nicolas Campos,
16916,Enrico Mendonça,
16917,Murilo Araújo,
16918,Manuella Borges,Developer ReactJS | ReactNative | NodeJS
16920,Brenda Souza,
16921,Eloah Lima,Analista de Testes / QA
16922,Dr. Bento Freitas,
16924,Dra. Maria Luiza Caldeira,
16925,Srta. Laura das Neves,
16926,Luiz Felipe Fonseca,
16927,Camila Barros,
16928,Maria Julia Pires,Gestão de Progetos
16929,Dr. Matteo Santos,
16931,Maria Fernanda Campos,
16932,Dra. Maria Vitória Peixoto,
16933,Stella Cavalcanti,
16934,Sr. Juan Cavalcante,
16935,Sr. Asafe Albuquerque,
16938,Pedro Henrique Cassiano,
16939,Beatriz Casa Grande,
16941,Sra. Laura Rodrigues,
16942,Sr. Benício Gonçalves,
16943,Benjamin Pereira,
16945,Júlia Gomes,
16946,Asafe Porto,
16949,Dr. Mateus Siqueira,
16950,Maria Julia Cavalcante,Agile Coach
16951,Davi Lucas Correia,
16953,Dr. Dante Mendes,
16954,Isadora Peixoto,Contribuir para o sucesso do cliente
16955,Benjamin Guerra,
16961,Eloá Pastor,Arquiteto de Sistemas ou Coordenador de Desenvolvimento de Sistemas
16962,Srta. Isis da Costa,Atuar em uma empresa onde eu possa contribuir com os meus conhecimentos adquiridos no Exterior e durante a minha carreira.
16963,Theo Nunes,
16965,Alice Vargas,
16969,Oliver da Cruz,
16971,Heloisa das Neves,
16972,Dr. Enrico Gonçalves,
40482,Sra. Cecília Souza,RH
40483,Srta. Nina Vieira,Arquiteto Cloud
40484,Apollo Pires,Dados
40485,Caroline Brito,Dados
40486,Bento Ribeiro,Dados
40487,Luan Pacheco,Desenvolvedor Pleno
40488,Ester Sá,Desenvolvedor Pleno
40489,Maitê Garcia,Desenvolvedor Pleno
40490,Dra. Gabrielly Barros,Bi ETL Power center
40492,Dr. Dom Melo,Analista de RH
40493,Alícia Pacheco,C#
40494,Gabriel Lopes,Analista de segurança da informação
40495,Sr. Raul Ribeiro,Dados
40496,Mariana Alves,Dados
40497,Hellena Ribeiro,Project Manager /QA Analys
40498,Lorena Rezende,Engenheiro de Dados
40500,Sra. Emanuella Borges,Java
40501,Sr. Renan Pires,Google Cloud Developer
40502,Srta. Stephany Caldeira,C++
40503,Hellena Viana,c++
40504,Sophie Marques,C++
40505,Ana Sophia da Conceição,Dados
40506,Dra. Ana Vitória das Neves,infraestrutura
40507,Benicio Pastor,Analista de Sistemas
40508,Aylla Ramos,Desenvolvedor
40509,Arthur Miguel Novaes,Analista de Sistemas
40510,Mathias da Costa,Analista de Sistemas
40511,Gael Henrique Campos,Assistente ADM/FI
40512,Gabrielly Santos,Assistente ADM/FI
40513,Liam da Costa,SAP MM S/4 Hana
40514,Alana Correia,Desenvolvedor Pleno
40516,Yuri Sampaio,Segurança da Informação & Governança de TI
40518,Sra. Julia da Rocha,Assistente de TI
16973,Amanda Barbosa,CONSULTOR MM
16974,Sabrina Dias,
16975,Ana Júlia Albuquerque,
16976,Joaquim Albuquerque,
16977,Oliver Santos,
16978,Isabelly Silveira,
16979,Sr. Alexandre Barbosa,
16980,Sr. Davi Lucca Pastor,
16981,Dr. Miguel Fonseca,
16982,Sr. Otávio Rodrigues,
16984,Maria Júlia Pacheco,
16986,Lara Ramos,
16989,Mathias Cardoso,
16990,Benjamin Cassiano,
16991,Ravi Rios,
16992,Yan Mendonça,"Estou á procura de novas experiências profissionais e possível estágio, que possam agregar conhecimento e desafios. Sou dinâmica, proativa, de fácil adaptabilidade e grande dedicação."
16993,Eloá Caldeira,
16994,Ana Lívia Rios,
16995,Liam Almeida,
16996,Sr. Thiago Pastor,
16999,Dr. Eduardo Sá,Assistente/Analista/Supervisor/Lider/ Auxiliar
35001,Henrique Nogueira,Recepcionista atendente
35002,Eloá Costa,Assistente administrativo
35004,Sophia Siqueira,ANALISTA DE PROCESSOS
35006,Otávio Leão,Analista de DP
35007,Maria Sophia Novais,Operadora de caixa
35009,Julia Garcia,Forms PL SQL
35010,Sr. Eduardo Pires,Desenvolvedor Full Stack
35012,Lavínia Nascimento,SAP EWM
35014,Rafael Ferreira,Consultor SAP CO
35015,Sra. Zoe Sales,Consultor SAP MDM
35016,Arthur Gabriel Teixeira,Consultor sap tm junior
35017,Dra. Ana Luiza Aragão,ANALISTA DE RH
35019,Clara Câmara,CONTABIL
35020,Alícia Rios,Assistente de RH
35022,Maya Nogueira,Suporte Informatica
35023,Yasmin Albuquerque,Analista de Folha de Pagamento
35026,Alana Aragão,Consultor Security
35027,Sr. João Gabriel Lima,Assistente
35028,Sr. Raul Monteiro,Recepcionista
35030,Henry Leão,Assistente Departamento de pessoal
35031,Emanuelly Cunha,Fiscal de Piso
35032,Dr. Dom Dias,analista dba jr
35033,Thales Carvalho,Controle de acesso
35034,Dra. Evelyn Silva,
35035,Dra. Maria Luiza Rios,DESENVOLVEDOR
35036,Davi Lucca Ferreira,TECH LEAD
35037,Nina Camargo,Assistente de RH
35038,Dr. Felipe da Mata,ARQUITETO JAVA
35039,Murilo Viana,ENGENHEIRO DE DADOS
35040,Cecília Abreu,Técnico
35041,Maria Isis Mendes,
35043,Dr. João Guilherme Moreira,Desenvolvedor Java
35044,Léo Abreu,Analista de Recursos Humanos
35046,Isadora Rios,Nenhuma
35047,André Rezende,Consultor SAP MM
35050,Nicolas Andrade,Controlador de acesso
35054,Sra. Ana Clara Aragão,Analista de Recursos Humanos
35057,Laura Sampaio,Analista Folha de Pagamento
41000,Pietra Moraes,Infraestrutura
41002,Théo Porto,DBA OARACLE
41003,Sra. Melissa Barros,DBA ORACLE
41004,Rodrigo Pereira,DBA ORACLE
41005,João Gabriel da Costa,DBA ORACLE
41006,Valentina Correia,Desenvolvedor de Sistema
41007,Camila Santos,DBA ORACLE
41009,Dr. Enrico Cunha,DBA ORACLE
41010,Sofia Araújo,DBA ORACLE
41011,Dr. Samuel Machado,Consultor SAP SD Jr
41012,Sr. Pietro Barbosa,GP
41013,Bruna Santos,DBA ORACLE
41014,Sr. Anthony Gabriel Brito,DBA Oracle
41015,Manuela Casa Grande,DBA Oracle
41016,Sr. Arthur Nascimento,DBA ORACLE
41017,Sra. Luiza Barbosa,DBA ORACLE
41018,Davi Cavalcanti,SAP SD
41020,Dr. Diego Rodrigues,Python | SQL | Power BI | Tableau | GCP | DataBricks
41021,Carlos Eduardo Pires,Desenvolvedor
41022,Sra. Antonella Nunes,Desenvolvedor jr
41023,Dra. Sofia Alves,DBA Oracle
41024,Aurora Nunes,Tech Lead
41025,Esther Carvalho,Analista de Sistemas
41026,Dra. Jade Pastor,Analista de Sistemas
41027,Gustavo Henrique Silveira,Analista de banco de dados
41028,Guilherme Marques,Oracle
41029,Srta. Maria Eduarda Borges,Analista de Negócios e Processos
41030,Julia Farias,Analista de Negócios Sênior
41031,Stephany Sá,Analista/Assistente Administrativo
41032,Pedro Fogaça,DBA Oracle
41033,Maria Julia Barros,Arquiteto de Soluções Sr
41034,Joaquim Barbosa,Agile
41035,Sr. Rodrigo Azevedo,Net Core
41037,Srta. Alana Porto,Desenvolvedor Pleno
41044,Nathan Aparecida,AWS
41045,Pedro Lucas Jesus,SAP SD
41046,Noah Macedo,DESENVOLVEDOR Sr
41047,Rodrigo Almeida,Desenvolvedor Pleno
41048,Maria Júlia Cavalcanti,Compras
41049,Luana Correia,Compras
41050,Augusto Moraes,Assistente de Estoque Junior
41051,Dr. Augusto Cavalcante,Assistente de Estoque Junior
41052,Sra. Ana Clara Fogaça,Assistente de Estoque Junior
41053,Srta. Ana Julia da Rosa,Assistente de Estoque Junior
41054,Cauã Souza,Net core
41055,Hellena Lima,Procurament
43322,Brenda Fernandes,Network
43323,Caio Sales,Desenvolvedor
43324,Dr. Samuel Pacheco,Network
43326,Marina Novaes,SAP CO
43329,Srta. Beatriz Vasconcelos,"Especialista em Segurança da Informação com ênfase em Governança, Riscos e Compliance"
43330,Ágatha Alves,analista de contas médicas senior
43331,Dante Campos,Desenvolvedor Java
43332,Apollo Vasconcelos,Especialista em redes
43333,Srta. Maria Vitória Novaes,Analista de infraestrutura
43334,Maria Liz Melo,Devops
43335,Lavínia Casa Grande,Especialista em redes
43336,Sr. Noah Alves,Java
43338,Melissa das Neves,Projetista
43339,Dra. Larissa Peixoto,Engenheiro
43340,Caroline Almeida,Engeheiro
43341,Hadassa Duarte,Engenheiro
43342,Srta. Emanuelly Jesus,Engenheiro
43344,Sr. Luigi Almeida,Engenheiro
43347,Paulo Campos,Projetos
43348,Srta. Ana Carolina Santos,comercial
43349,Daniel Lopes,Controller
43350,Bruna Leão,Engenheiro
43351,Nicole Vargas,Consultora SAP FI-CA
43355,Rhavi Silva,Gerente de Projeto
43356,Dra. Yasmin Ferreira,CONSULTOR DE PROCESSOS
43357,Benício Brito,Controller/ Gerente Financeiro
43358,Heitor Ferreira,Consultor SAP IBP
43365,Maria Eduarda Lima,Consultor SAP FI
43366,Bárbara Siqueira,Analista Jurídico Crédito Imobiliár
43368,Srta. Ágatha Garcia,Analista de Suporte| Banco de Dados
43369,Dra. Antonella Freitas,Scrum
43370,Isabela Macedo,DBA
43372,Dra. Maria Helena Ferreira,DBA
43373,Dr. Fernando Monteiro,Analista de operações
43374,Dra. Bruna das Neves,DBA
43375,Henry Gabriel Campos,Consulor SAP FI-CO
43376,Dr. Bryan Porto,Gerente de projetos
43377,Cauã da Mata,Analista de Operações
43380,Sr. Isaque Andrade,Gestor de demandas SAP
43381,Dr. Bryan Guerra,Devops
43383,Maya Azevedo,AMS
43385,Carolina Martins,Analista
43386,Sr. André Fogaça,Analista
43393,Sr. Yuri da Conceição,Compras
43394,Dr. Breno Aparecida,Compras
43396,Sr. Lorenzo Jesus,Consultor SAP SD com ingles
43400,Enzo Gabriel Souza,Analista Administrativo
43401,João Lucas Vargas,Desenvolvedor Power Build
43402,Dr. Benjamim Macedo,CONSULTOR DE PROCESSOS
43403,Matheus Rocha,Power Bild
43410,Mariana Pastor,NOC
43411,Theodoro Cavalcanti,NOC
43412,Ryan Pacheco,NOC
43416,Srta. Bella Caldeira,NOC
43417,Sra. Larissa Barros,
43418,Camila Guerra,Consultora de Projetos de ERP
43419,Sr. Gustavo Henrique Novais,Analista Power
43421,Sr. Juan Campos,Consultora PowerBuilder
43423,Sr. Anthony Gabriel Fonseca,SAP GRC / BASIS
43424,Sr. João Guilherme Lima,NOC
43427,Srta. Maria Sophia Rezende,Técnico de Monitoramento
43428,Heloisa da Rosa,NOC | Analista de Monitoramento
43430,Srta. Sophia Aragão,PLSQL
43431,Sr. Caleb Gomes,Suporte
43432,Sra. Camila Aparecida,SAP FI AA
43433,Srta. Bárbara da Rocha,Tecnico de Monitoramento
43434,Liz Vargas,Analista de Suporte Técnico e Monitoramento - NOC
43435,Ágatha Barros,NOC
43437,Danilo da Cruz,NOC
43438,Mariah Rodrigues,NOC
43439,Alexandre Rios,NOC
43441,Dr. Theo Moura,NOC
43445,Cauê da Rocha,Coordenador de Operações
43446,Marcela Azevedo,NOC
43447,José Pedro Fernandes,Tecnico de Monitoramento
43448,Isabel Almeida,NOC
43449,Srta. Heloisa da Mata,NOC
43451,Ana Lívia da Mota,NOC
43452,Sr. Breno Carvalho,Monitoramento
43453,Léo Duarte,NOC
43454,Dra. Heloísa Campos,Vendedor
43455,Srta. Letícia Pires,NOC
43456,Benjamin Melo,NOC
43457,Arthur Miguel Ferreira,NOC
43458,Vinícius Aparecida,Analista
43459,Srta. Sarah Oliveira,NOC
43460,Erick Moraes,NOC
43461,Sra. Isadora Costa,NOC
43462,Luna Brito,NOC
43463,Hellena Sales,Consultora GMO
43464,Dra. Maria Helena Ramos,Consultor SAP TDF
43466,Theo Aparecida,Vendedor
43467,Luísa Santos,Vendedor externo
43468,Dr. Emanuel Novais,Vendedor
43470,Isaque Silveira,Noc
43471,Sr. Thales Martins,Noc
43472,Otto Pacheco,Noc
43473,Kamilly Barbosa,Noc
43474,Dr. Anthony Castro,Arquiteto de Soluções
43475,Srta. Maria Alice Caldeira,SAp CO
43477,Fernanda Aparecida,Segurança do trabalho
43478,Valentina Machado,Segurança do trabalho
43479,Sr. Léo Araújo,Segurança do trabalho
43480,Sra. Manuela Monteiro,Consultor SAP SD
43481,Clarice Fernandes,Segurança do trabalho
43482,Dr. Léo Barbosa,Segurança do trabalho
43483,Luiz Fernando Casa Grande,Segurança do trabalho
43484,Sra. Lívia Alves,Vendedor
43485,Anthony Gabriel Costa,Líder de Procurement em Projetos
43486,Sr. Igor Melo,Gerente de Supply Chain
43487,Brenda da Mota,Técnico em Segurança do Trabalho
43488,Sra. Maria Eduarda Araújo,Técnico de segurança do trabalho
43489,Dr. Isaque Silveira,Técnico de segurança do trabalho
43490,Henry Gabriel Oliveira,Técnico em Segurança do Trabalho
43492,Srta. Rebeca Mendonça,Tecnico de Monitoramento
43493,Alana Cirino,NOC
43494,Zoe Moura,Vendedor
43495,Sra. Daniela Montenegro,Vendedor
43496,Bryan Gonçalves,Vendedor
43497,Davi Miguel Novais,Vendedor
43498,Dra. Ana Sophia Machado,Vendedor
43499,Sr. Rael Caldeira,Analista de BI
43500,Pietra Pires,Supply Chain | SCM | S&OP
43501,Dra. Heloisa Vasconcelos,Analista de BI
43502,Ana Liz Lopes,Assistente de Estoque Junior
43503,Dr. Carlos Eduardo Sales,Coordenador de Compras & Procurement Intelligence
43506,Dr. Rael Vieira,SAP MM
43507,Dr. Thiago Barbosa,SAP SUCCES SFACTORS SENIOR
43508,Ana Júlia Ferreira,SuccessFactors LMS Sr
43510,Ana Ferreira,Consultor SAP MM Jr
43511,Antonella Moura,Analista
43516,Diogo Casa Grande,Engenheiro de Dados Sênior
43517,Srta. Elisa Borges,SAP MM WM
43518,Fernanda Machado,Desenvolvedor .Net Sênior
43519,Agatha Câmara,Programador java senior
43521,Maria Isis Alves,SAP MM; PM; Business One
25150,Pietra Nunes,Analista de marketing digital
25151,Henry Camargo,
25152,Otávio Pastor,
25153,Ana Carolina Pacheco,
25154,Sra. Sofia Cirino,
25155,Mariah Câmara,
25156,Lunna Macedo,
25157,Lucas Gabriel Vieira,
25158,Igor da Cruz,
25159,Gustavo Campos,
25160,Vitor Oliveira,Scrum Master
25161,Sr. Henrique Novaes,PMO | Gerente de Projetos | Scrum | Agile
25162,Dra. Sarah Moura,"Com as experiências adquiridas, busco oportunidade de realocação, afim de colaborar forma eficiente e eficaz junto a organização."
25163,Dr. Isaque da Mata,
25165,Juliana Cavalcanti,
25166,Maria Sophia Ramos,
25167,Levi Campos,
25169,Srta. Esther Andrade,
25170,Brayan Azevedo,Analista Desenvolvedor
25171,Arthur Gabriel Cavalcante,Auxiliar / Assistente Administrativo
25172,Sr. João Guilherme Fonseca,
25173,Sra. Bruna Vieira,
25175,Brenda da Cruz,
25176,Benjamim Viana,
25177,Sr. Davi Luiz Ramos,
25180,Cecilia Leão,
25181,Brenda Cavalcante,
25182,João Cirino,
25183,Srta. Valentina Camargo,
25185,Kamilly Albuquerque,
25186,Srta. Maria Alice Ferreira,
25187,Sr. Henry Gabriel Gomes,
25188,Lívia Gomes,
25189,Dra. Manuella Leão,
25190,Dr. João Pedro Pacheco,
25191,Thomas Mendes,
25194,Liz Carvalho,
25197,Dr. Breno Borges,"Atuar como auxiliar administrativo/vendas, arquivista ou recepcionista."
25198,Sr. Otávio Sá,Analista
25199,Sr. Ian Aparecida,
25200,Luiz Felipe Mendonça,
25202,Srta. Ana Vitória da Cunha,Analyst Service Now / CA Service
25203,Miguel da Costa,
25204,Olivia Garcia,Analista Financeiro
25205,Maria Isis Rodrigues,
25206,Bryan Fogaça,SAP ABAP Junior
25207,Mirella Marques,
25208,Helena da Costa,
25209,José Miguel Freitas,Analista de Sistemas e Desenvolvedor
25210,Marcos Vinicius Mendes,
25211,Sr. José Miguel Oliveira,
25212,Antônio Carvalho,Analista
25214,Laura Correia,
25220,Giovanna da Luz,
25228,Vinícius Jesus,Assistente Administrativo
25229,Isabelly da Rocha,
25231,Isabelly Pastor,Auxiliar / Assistente Administrativo
25232,Dr. Nathan Novais,
25233,Erick Melo,Analista
25234,Sr. Théo Casa Grande,
25235,Srta. Valentina Alves,
25236,Srta. Bianca da Rocha,Analista Sênior – Contábil/Controladoria/Custos/Financeiro
25238,Gabriel Rios,
25239,Heloísa Peixoto,
25241,Dr. Luiz Fernando Fernandes,
25251,Davi Lucca Gonçalves,Analista de projetos - Gerente de projetos
25252,Josué Moreira,
25253,Valentina das Neves,
25255,Enzo Farias,
25257,Isaac Peixoto,
25258,Davi Lucas Machado,
25260,Ana Vitória Viana,
25262,Srta. Eloá Barros,
25264,Nicolas Cavalcante,
25265,Brayan Vasconcelos,
25266,Sra. Juliana Cassiano,
25267,Srta. Maria Liz Vieira,
25268,Pietra Sá,Desenvolvedor Java Senior
25269,Sr. Davi Lucca Lima,
25274,Dra. Ana Clara Cirino,
25275,Sra. Isabelly Garcia,
25280,Brenda Pires,
25282,Elisa Fonseca,
25283,Bárbara Nascimento,Gerenciamento de Projetos / SAP MM
25303,Sra. Heloisa Martins,
25304,Juliana Machado,Gerente/Coordenador de Infraestrutura de TI
25305,Dr. Vitor Pimenta,"Adquirir mais conhecimentos em metodologias ágeis, ganhar experiência e me tornar um agile lead com excelência."
25309,Yago Ramos,
25310,Noah Silva,
25317,Juan Ribeiro,
25318,Isabelly Duarte,
25319,Ana Cecília Mendes,
25320,Aurora Gomes,Analista Fiscal
25321,Ísis Sá,
25322,Dr. Pietro Dias,Desenvolvedor Java
25323,Dra. Julia Sampaio,
25324,Ryan Marques,Consultor tributário
25325,Liz Cunha,Product Owner
25326,Dr. Rael Cunha,
25327,Sr. Josué Gomes,
25331,Sr. Ravy Nascimento,testes
25332,Srta. Heloísa Pastor,"Desenvolvedor,suporte tecnico"
25333,Sr. Alexandre Camargo,Gestão de Projetos
25334,João Guilherme Fonseca,
25335,Otávio Silveira,Consultor
25336,Hadassa da Cruz,
25338,Mariana Teixeira,Product Owner
25339,Aurora Jesus,
25340,Guilherme Nogueira,
25343,Rodrigo Camargo,
25344,Benjamin Ribeiro,
25346,Dr. Rhavi Freitas,
25347,Ravy da Mota,
25348,Sr. Davi Lucca Montenegro,Desenvolvimento e Manutenção de Sistemas
25349,Srta. Alana Sousa,DBA Oracle
25350,Ana Laura Barros,
25351,Isabella Cassiano,
25352,Dr. Théo Barros,
25355,Heitor Sampaio,
25356,Dr. Gustavo Henrique Viana,Contabilidade / Fiscal
25357,Rafael Brito,
25358,Mathias Rodrigues,ABAP / RECOF
25359,Valentina Fernandes,
25360,Alexia Barbosa,
25361,Hellena Pacheco,
25362,Sr. Cauã Vargas,
25363,Oliver Castro,
25364,Sra. Yasmin Fernandes,Liderança / Desenvolvimento
25365,Sra. Maria Alice Carvalho,Desenvolvedor Android pleno
25368,Maria Liz Aragão,
25369,Srta. Maria Isis Cardoso,
25370,Francisco Lima,
25371,Emilly Teixeira,
25373,Isabelly Rocha,Atuar em projetos que tenham relevância
25374,Cauê Ramos,
25375,Antony Gonçalves,Desenvolvedor .NET COre
25376,Dra. Jade da Mata,GESTÃO DE PROJETOS E PROCESSOS/ Project Manager
25377,Sra. Fernanda da Conceição,
25378,Sra. Elisa Novaes,
25379,Nathan Brito,me especializar cada vez mais em gerenciamento de projetos ágeis
25380,Sr. Marcos Vinicius da Costa,Scrum Master
25381,Kaique da Mota,
25382,Bruna Rios,
25383,Emilly Monteiro,
25384,Dra. Clarice Albuquerque,
25385,Sr. Thomas Teixeira,
25387,Sr. Yuri Rocha,
25388,Maria Luísa Brito,
25389,Ravi Lucca Sampaio,Diretor / Gerente projetos/ compliance/processos/industrual
25390,Dr. Ryan Nogueira,
25391,Paulo Monteiro,
25393,Agatha Caldeira,
25394,Rhavi Cassiano,
25395,Dra. Olívia Rocha,Consultor SAP EWM
25396,Ester Fogaça,
25397,Srta. Amanda Santos,
25398,Srta. Ana Clara Melo,
25399,Dra. Ísis da Paz,
25400,Luana Mendes,
25401,Davi Lucas Câmara,
25402,Yan Pires,Consultor
25403,Dra. Alexia Castro,Consultora SAP - CCS - BILLING
25404,Dr. Mateus Ribeiro,Consultor Senior
25405,Ana Laura Moraes,
25406,Dr. Raul Nascimento,
25407,Júlia Alves,
25408,Ana Clara Cardoso,
25409,Dra. Maria Sales,
25410,Lavínia da Mota,
25411,Helena Duarte,
25445,Sarah da Mota,
25453,Miguel Garcia,
25454,Bárbara Nogueira,
25456,Matheus Brito,
25458,Nina Câmara,
25459,Maitê Azevedo,
25460,Dr. Ravy Moura,
25461,Matteo Moraes,
25462,Mateus Almeida,
25463,Isis Guerra,Busco oportunidades em área administrativa e tecnológica.
25464,Cauê Costela,
25465,Stephany Vieira,
25466,Isabel Campos,
25468,Dr. Raul Oliveira,
25469,Srta. Isabelly Aparecida,
25470,Rodrigo Andrade,Atuar no setor de recursos humanos
25472,Luiz Henrique Dias,
25473,Maria Isis Nogueira,
25474,Dra. Letícia Oliveira,
25475,Dr. Vicente Vargas,
25476,Srta. Eloah Cirino,
25477,Srta. Clara Novais,
25478,Dra. Sophie Alves,
25479,Nicolas Garcia,Analista de Sistemas / Coordenador de TI
25480,Gabriel Sá,Assistente Administrativo
25503,Thales Montenegro,
25504,Gabriela Fernandes,
25506,Sr. João Gabriel Fogaça,
25507,Luigi da Cruz,Estou procurando me realocar no mundo do TI
25509,Dra. Gabrielly Cassiano,
25510,Rafaela Moraes,
25511,Dr. Raul Araújo,
25512,Ana Beatriz Camargo,
25515,Sr. Eduardo Abreu,Auxiliar/Coordenação/Analista
25516,Luiz Gustavo Siqueira,
25517,Leandro Pereira,
25518,Ravi Nascimento,
25519,Pietro Nunes,
25520,Dr. Rhavi Oliveira,
25521,Dr. Heitor da Rosa,
25523,Daniela Marques,
25524,Francisco Cardoso,
25525,Daniela Peixoto,Consultor SAP FI
25526,Leandro Cunha,Analista
25528,Dr. Matheus Monteiro,
25529,Srta. Isabela Cavalcante,ANALISTA DE REDES E TELEPROCESSAMENTO/INFRAESTRUTURA E OPERAÇÕES DE DATA CENTER / Control-M Administrator
25533,Dr. João Felipe Cassiano,Gerente de tecnologia da informação
25534,Sr. Vicente Sá,Suporte Usuários
25535,Yuri Guerra,
25536,Paulo Macedo,
25538,Sr. Miguel Silveira,
25540,Dr. Asafe Costa,Consultor SAP MM Jr
25541,Enrico Casa Grande,
25543,Dra. Pietra Camargo,
25546,Sr. Cauã Pacheco,
25547,Laís Albuquerque,
25550,Carolina Casa Grande,
25552,Sr. Gustavo Henrique Correia,SUPORTE TÉCNICO N1
25553,Maria Julia da Rosa,
25554,Isabelly Guerra,Crescimento Profissional
25555,Srta. Emilly Rocha,Suporte Técnico
25556,Mariane Aragão,
25557,Dra. Maria Cecília Marques,
25558,Valentim Moraes,Me tornar um desenvolvedor Full-stack java
25559,Juliana Garcia,Atuar como desenvolvedor
25560,Ryan Caldeira,
25561,Emilly Camargo,Desenvolvedor Java Jr
25562,Pedro Lucas Campos,
25563,Levi Aragão,
25565,Sra. Rebeca Viana,
25590,Aylla Alves,Tornar-se CIO (Chief Information Officer)
25591,Clarice Teixeira,
25593,Juliana Pastor,
25594,Ana Sophia Sá,
25595,Dante Monteiro,
25597,Benicio Aparecida,
25598,Dra. Sofia Dias,
25599,Mirella Siqueira,
25600,Olívia Moura,
25601,Camila da Cruz,
25603,Olivia Almeida,
25604,Erick Guerra,
25605,Clarice Pires,
25606,Stella Fogaça,
25607,Dra. Maria Isis Alves,
25609,Emanuella Ribeiro,
25610,Dr. Samuel da Rosa,Analista de BI
25612,Anna Liz Cavalcanti,
25613,Sra. Ayla Vieira,
25614,Ana Cecília Pastor,
25615,Dr. Luiz Fernando Novaes,
25616,Dr. Francisco Guerra,"Consultor SAP TMS, GTT e LES-TRA"
25618,João Vitor Guerra,
25619,Diogo Almeida,
25620,Carlos Eduardo Farias,
25622,Sr. Breno Jesus,
25623,Helena da Paz,
25626,Augusto Câmara,
25629,Srta. Vitória Nascimento,Arquiteto Cloud AWS ou Arquiteto de Sistemas
25630,Olivia Sousa,Arquiteto de Soluções AWS
25631,Srta. Luana Correia,Melhor qualidade de vida e flexibilidade de horário
25632,José Vieira,
25633,Dr. Arthur Gabriel Lima,
25634,Asafe Novaes,
25636,Sr. Marcos Vinicius da Rocha,
25637,Maria Júlia Casa Grande,
25639,Anthony Gabriel Sá,
25640,Fernanda Farias,
25641,Dra. Vitória Teixeira,
25642,Theodoro Nogueira,
25643,Srta. Aurora Ramos,
25644,Srta. Jade Freitas,
25645,Dra. Eduarda Mendonça,
25646,Srta. Mariah Casa Grande,
25647,Maysa Guerra,
25648,Dr. Cauê Azevedo,
25649,Ana Liz Montenegro,
25650,Marcelo Siqueira,
25651,Maria Julia das Neves,
25652,Ana Laura Montenegro,
25653,Sr. Isaac Nunes,
25654,Apollo Montenegro,Diretor de segurança
25655,Sra. Ana Andrade,
25656,Sr. João Pedro Câmara,
25657,Dr. Ravy Pinto,
25658,Matteo da Rosa,Analista de Segurança da Informação
25659,Sr. Enrico Costela,Projetos
25660,Maria Caldeira,
25661,Eloah Pacheco,Oracle Developer
25662,Lunna Mendes,
25663,Sr. Enrico Costela,Projetos
25664,Samuel Pastor,
25665,Sr. Gabriel Vieira,
25666,Sra. Helena Sales,
25667,Valentina Caldeira,Advogada Contratos/Analista Jurídico
25668,Dr. João Casa Grande,Analista de Suporte e DevOps Junior
25669,Srta. Helena Leão,
25670,Sra. Sarah Albuquerque,
25671,Maria Dias,
25672,André Sales,
25673,Bruna Caldeira,
25674,Dra. Luiza Freitas,
25675,Leonardo Silva,
25676,Srta. Bella Marques,Consultor/Especialista em Infraestrutura - Gerenciamento e Monitoração
25677,Davi Lucas Castro,Assistente administrativo / Recursos Humanos
25678,Dr. Antony da Cunha,
25679,Sra. Ana Cecília Fernandes,Analista de Sistemas
25681,Carlos Eduardo da Costa,Atuar como técnico de enfermagem
25682,Caroline Ramos,TECNICO DE ENFERMAGEM
25683,Sra. Isabella Brito,Técnica em Enfermagem
25684,Maria Julia Aparecida,
25688,Bernardo Castro,
25689,Enrico Andrade,
25703,Lucca Cassiano,Procurando novas oportunidades
25707,Francisco Azevedo,
25717,Sr. Rael da Mata,
25723,Luiz Fernando Souza,Gerente
25726,Stella Correia,
25754,Guilherme Vieira,assistente administrativo
25755,Vitória Jesus,
25756,Sra. Hellena Lopes,Consulto EWM/MM
25757,Pedro Souza,
25758,Sr. João Gabriel Mendes,
25759,Luna Caldeira,
25760,Dra. Ana Liz Campos,
25761,Vitor Gabriel Pastor,
25763,Luara da Mota,
25764,Davi Lucas Pastor,
25765,Mariana Silveira,
25766,Samuel Cavalcante,
25767,Sr. Rafael Santos,
25768,Josué Nunes,
25769,Dra. Olívia Cavalcante,
25770,Luiza Martins,
25771,Helena Costela,
25772,Maria Luiza Rodrigues,
25773,Sra. Olívia da Mota,Full Stack Ruby e Rails
25774,Mirella Duarte,
25775,Dom Araújo,
25776,Yuri Mendes,Scrum Master
25777,Dra. Maria Liz Alves,Analista Funcional SAP
25778,Diogo Melo,
25779,Marcos Vinicius Barros,Financeiro
25780,Dr. Antônio Sousa,Engenheiro Agrônomo
25781,Yuri Lima,
25782,Anthony Silva,
25783,Dr. Breno Sousa,
25784,João Guilherme Dias,Programador Abap Sênior
25785,Dr. Isaac Fonseca,
25786,Joaquim Novaes,Analise/OPeração
25787,Pietra Camargo,
25788,Maitê Melo,TI - Suporte
25789,Nicole Carvalho,Programador abap
25791,Maria Flor Araújo,
25792,Agatha Cunha,Analista/especialista em monitoramento
25793,Srta. Bella Casa Grande,Atuar como Tec de enfermagem
25794,Danilo Albuquerque,Consultor SAP MM
25795,Stella Brito,
25796,Arthur Lopes,
25797,Marcela Oliveira,"Gestão Order to Cash, Gerente de Crédito e Cobrança , Faturamento , Ciclo de Receitas , Contas a Receber, Tesouraria."
25798,Yan Ferreira,
25799,Sra. Alícia Lima,
25800,Dra. Manuella Oliveira,
25801,Ana Clara Barbosa,Analista de Backup
25802,Sr. João Vitor Mendes,Consultora ABAP
25803,Marina da Mata,Consultor SAP-MM Senior
25805,Sr. Henrique Pereira,Consultor SAP FI
25806,Juliana Costela,Consultor SAP FI Sr
25807,Mirella Guerra,Analista SAP
25808,Sr. Fernando Cavalcanti,
25809,Dr. Henry Gabriel Vasconcelos,
25810,Catarina Ramos,
25811,Laís Pastor,Gerente de TI
25812,Sra. Emanuella Farias,
25814,Davi Miguel da Mata,Consultor SAP SD TM
25815,Theodoro Teixeira,Gerente de Projetos
25816,Yuri Costela,
25818,Theodoro Cavalcante,Fazer a diferença com a aplicação da Ciência de Dados de maneira produtiva para o benefício da empresa e meu crescimento profissional.
25819,Dra. Juliana Vieira,Desenvolvedor Java
25820,Vinícius da Mata,Consultor SAP MM JR / Analista SAP MM JR
25821,Pedro Porto,PLANEJAMENTO | NOVOS NEGÓCIOS | MARKETING DE SERVIÇOS | GESTÃO DE PROJETOS “BUSINESS INTELLIGENCE”| CONSULTORIA TÉCNICO-COMERCIAL |TREINAMENTO TÉCNICO | CIENTISTA DE DADOS
25822,Alexandre Pacheco,
25824,Henry Gabriel Melo,
25825,Brenda da Costa,
25826,Sophia da Rosa,
25827,Matteo Macedo,
25828,Vitor Gabriel Pacheco,UX/UI Designer | Developer
25829,Sra. Ana Liz da Conceição,Técnico Suporte Júnior
25830,Murilo Andrade,"Em busca de uma oportunidade profissional para desenvolver e melhorar meus conhecimentos, além de ter novas perspectivas de futuro e crescimento."
25831,Helena Guerra,
25832,Dra. Maria Julia Dias,
25833,Maria Sophia Lima,
25834,Dr. Mathias Montenegro,
25835,Sra. Emilly Nascimento,
25836,Ana Sophia Cavalcante,
25838,Joana Sá,
25840,Luan Gomes,
25842,Sra. Marcela Souza,
25843,Sr. Breno da Luz,Executivo de Finanças
25844,Zoe Cavalcanti,
25845,Mathias Sampaio,
25846,Maria Luísa Peixoto,Gestão e Consultoria em Controladoria e Finanças
25847,Ágatha Fernandes,
25848,Juan Sampaio,
25849,Sr. Bruno Melo,
25850,Lorena Ramos,
25851,Isabela da Cruz,
25852,Lívia Silveira,
25853,Sr. Ian Novais,
25854,Sr. Breno Araújo,
25855,Sra. Fernanda Aparecida,
25856,Thiago da Cruz,
25857,Luna Rios,
25859,Dr. Theo Cavalcante,
25861,Pedro Miguel Correia,
25862,Bárbara Vasconcelos,
25863,Francisco Sousa,
25864,Kamilly Nogueira,
25866,Luiz Felipe Montenegro,
25867,Maya Aragão,
25868,Pedro Miguel Pacheco,
25869,Maysa Brito,
25872,Ravi Lucca Alves,
25873,Otávio Vieira,CONSULTOR SAP-FI
25874,Sr. Rhavi Camargo,Atuação em Enfermagem
25875,Maria Clara Araújo,
25877,Ryan Barbosa,Analista de negócios
25878,Dra. Kamilly Garcia,
25879,Sr. Alexandre Aparecida,
25881,José Miguel Silveira,
25882,Pedro Miguel Lopes,Analista de sistemas Senior
25883,Luana Mendonça,Analista JAVA
25884,Mateus da Conceição,
25885,Jade Correia,"colocar à serviço da empresa toda a minha experiência na área, para assim beneficiar a empresa, bem como meu próprio crescimento profissional."
25886,Dra. Helena Vieira,
25887,Pedro Lucas Pinto,
25888,Maria Vitória Ferreira,
25889,Sr. Igor Borges,"Analista, supervisor, coordenador ou gerente"
25890,Renan Cunha,
25891,Nina Almeida,
25892,Srta. Maria Luísa Pinto,Departamento pessoal
25893,Allana da Costa,Desenvolvedor Salesforce
25894,Marcelo Costela,
25895,Yuri Melo,Consultor SAP WM
25896,Sarah Barbosa,
25897,Vicente Carvalho,
25898,Sra. Aylla Garcia,
25900,Sarah Garcia,
25901,Cauê Pimenta,Analista de teste
25903,Marcela Ferreira,Analista de Contrato
25904,Sra. Eloá da Costa,Atuar como técnico de enfermagem conforme requisitos da vaga
25905,Vitor Novais,Atuar como Scrum Master.
25906,José Pedro Moreira,
25907,Maria Luísa Costela,"Atuar na Área Técnica ou de Gestão e Governança em TI, nos cargos de Administrador de Redes, Analista de Suporte Microsoft (Cloud e On-Premise), Analista de TI, Analista de Governança de TI, Analista de Processos, Coordenador ou Líder de Suporte e Coorden"
25908,Dr. Pedro Montenegro,Consultor SAP FI
25909,Ravy da Paz,Tecnologia da Informação
25911,Henry Gabriel Souza,Vaga desenvolvedor
25913,Cecilia Barbosa,Analista de BI
25914,Ana Clara Gonçalves,Consultor ABAP
25915,Emanuelly Pires,Analista
25916,Sr. Cauã Brito,
25918,Maria Vitória Siqueira,
25921,Ana Vitória Castro,"Gestão e coordenação de projetos, processos, PMO"
25922,Dr. Theo Melo,
25923,Melina da Rocha,
25924,Arthur Gabriel Sales,
25925,Dr. Gael Leão,"Atuar na área de desenvolvimento, trabalhando com a linguagem de programação ABAP, PI/PO e com desenvolvimentos no S/HANA."
25926,Srta. Mariah da Mota,QA
25927,Sr. Nicolas Gomes,Infraestrutura
25928,Dra. Manuella Vieira,"JAVA (6, 7 e 8), Spring"
25929,Letícia Duarte,
25930,André Novais,
25931,Nathan da Costa,
25932,Dr. Danilo Andrade,
25933,Dr. Isaque Rodrigues,Psicólogo Organizacional
25936,Apollo Nogueira,Técnico de enfermagem
25937,Isaac Borges,
25938,Sr. Renan Cavalcante,
25939,Bruno Vasconcelos,Gerente de Projetos
25941,Dra. Gabrielly Montenegro,
25942,Sr. Erick da Rosa,
25943,Dr. Daniel Rodrigues,
25945,Asafe Cunha,
25946,Dom Correia,
25947,Rodrigo Gomes,
25949,Sra. Eloá Aparecida,
25950,Daniel Freitas,suporte tecnico
25951,Pedro Henrique Alves,
25952,Isabel Caldeira,
25953,Jade Alves,Especialista de Bi
25954,Sr. Luan Albuquerque,
25955,Eduardo Freitas,
25956,Gabrielly Novais,
25959,Nicole Moraes,Analista de Sistemas
25960,Srta. Ana Lívia Jesus,
25961,Manuela da Mata,Analista de Segurança da Informação
25962,Sr. Dom Rios,Gerente de Projetos
25963,Valentim das Neves,Crescimento na área de desenvolvimento de software
25964,Maria Júlia Farias,
25965,João Vitor da Rosa,
25966,Henry Gabriel Ribeiro,
25967,Srta. Maya Moura,ANALISTA DE QUALIDADE SÊNIOR
25968,Diego Cardoso,Gerente de TI
25969,Calebe Lopes,
25972,Caroline Nogueira,Tecnologia da Informação
25973,Thales Cassiano,Atuar na área administrativa
25974,Sr. Danilo Araújo,
25975,Heloísa Almeida,
25977,Dra. Maitê Cassiano,
25979,Luna da Mata,
25980,João Gabriel da Paz,
25982,Davi Luiz Vargas,
25983,Srta. Maria Eduarda Farias,COBOL Microfocus
25984,Sophia Martins,Desenvolvedor
25986,Enrico Silveira,Consultor SAP Ariba
25987,Sr. Breno Lopes,Comercial
25988,Dra. Luísa Monteiro,Project Owner
25989,Mathias Dias,
25990,Dra. Mariah Rocha,
25991,Sr. Benício Monteiro,
25992,Isabella Cavalcanti,
25993,Alice Ferreira,
25994,Vinícius Correia,
25995,Asafe Freitas,
25996,Hellena Cavalcante,Trabalhar na área de suporte e/ou consultoria em implementação de ERP e Sistemas integrados.
25997,Raquel da Mata,
25999,João Felipe Viana,Gerente de Projetos / PMO
20000,Dra. Maria Clara da Conceição,
20004,Maria Sophia Casa Grande,Analista BI
20006,Isaque Fernandes,
20007,Vitor Nunes,
20008,Ana Carolina Abreu,
20011,Srta. Sabrina Porto,
20012,Olivia da Mata,
20013,Dra. Maitê Novaes,
20014,Valentina Rocha,
20015,Sra. Maria Vitória Melo,
20016,Sr. André Melo,
20017,Lívia Cavalcante,
20021,Davi Lucca Alves,
20022,Sra. Ana Sophia Guerra,
20024,Oliver Cassiano,Analisar/programar com linguagens de programação orientadas a objetos. Utilizando-se da engenharia de software para dar qualidade e documentar os projetos.
20025,Asafe Oliveira,Analista programador/implementador
20026,Giovanna Macedo,Desenvolvedor Java Senior
20027,Dra. Lívia Siqueira,Web Designer ou Desenvolvedor
20029,João Lucas Alves,
20030,Thiago Mendonça,
20031,Dr. Arthur Gabriel Novais,
20032,Arthur Miguel Peixoto,
20033,Valentina Nunes,"Analista de Sistemas, Full Stack .Net Core, Angular, inglês avançado"
20035,Davi Miguel da Conceição,
20036,Ravy Silveira,
20037,Marcela Teixeira,
20038,Luan Machado,
20039,Daniel Fernandes,
20040,Lorenzo Albuquerque,
20042,Ester Almeida,Em busca de uma oportunidade na área da Engenharia de Software para poder colaborar com a empresa e também adquirir novos conhecimentos.
20044,Aylla Vasconcelos,
20045,Sr. Vinicius Teixeira,
20046,Maria Julia Viana,Consultor Oracle
20049,Maitê Cirino,
20051,Heloísa da Conceição,
20052,Sara Cunha,
20053,Rebeca Pastor,
20054,Isaac da Cunha,
20055,Vitória Silva,
20057,Augusto Machado,
20061,Heloísa Ribeiro,
20062,Ísis Oliveira,Tornar Desenvolvedor Sênior e Consultor Java
20066,Renan Araújo,
20072,Sra. Sarah Costa,
20077,Sr. Davi Lucas Sousa,
20078,Rhavi Castro,
20079,Sr. Vinícius Brito,Analista de Testes
20080,Henry Ribeiro,Desenvolvedor Microsoft Dynamics AX / 365 F&O
20082,Alícia Garcia,
20083,Eduardo da Costa,Independencia financeira
20084,Beatriz Fernandes,
20086,Oliver Sales,
20087,Sra. Agatha Porto,
20089,Gael Henrique Garcia,Analista de Suporte e Monitoração
20090,Luana Cavalcanti,Gestão
20091,Sr. Enzo das Neves,
20092,Dr. Brayan da Cunha,
20093,João Guilherme Pastor,
20095,Pedro Lucas Garcia,
20096,Srta. Kamilly Moraes,
20097,Davi Lucas Andrade,
20100,Theo Freitas,
20101,Isaque Nascimento,
20102,Otto Andrade,
20103,Enzo Gomes,
20104,Levi Nascimento,Analista de Sistema
20105,Eduarda Alves,
20106,Luigi Siqueira,
20107,Pietro Machado,
20110,Lívia Brito,
20111,Dr. Luiz Henrique Jesus,Desenvolvedor Python
20112,Sara da Luz,Analista de Sistemas Sênior
20113,Benício Andrade,
20114,Sra. Nina Peixoto,
20116,Srta. Carolina Cirino,Desenvolvedor PLSQL
20120,João Miguel Caldeira,
20121,Dr. Caleb Porto,
20122,Luan Caldeira,
20123,Yasmin Almeida,
20125,Ana Clara Vieira,
20126,Sara da Costa,Desenvolvedor
20127,Gabriela Borges,
20128,Theo Vargas,
20129,Heloisa Cardoso,
20130,Srta. Laura Souza,Atuar com Engenheiro Agrônomo e de Engenheiro de Segurança do Trabalho
20131,Sr. Anthony Gabriel da Cruz,
20134,Bárbara da Conceição,Analista Programador Senior
20136,Dr. Yago Melo,
20137,Eloah Pimenta,
20138,Davi Campos,
20140,Antônio Marques,Gestor
20142,Mariane Sá,Desenvolvedor Java
20143,Gustavo Henrique das Neves,
20145,Joaquim Guerra,
20146,Vitória Azevedo,
20147,Srta. Gabriela Oliveira,
20148,Dr. Arthur Pacheco,
20149,Sr. João Miguel Sampaio,Vaga desenvolvedor react
20151,Elisa Ramos,
20152,Sra. Isabelly Viana,Desenvolvedor
20155,Alexia Sales,
20156,Hellena Rocha,
20157,Dr. Nathan Cavalcante,Consultor Agronegócios
20158,Diego Novaes,
20159,Eloah Nunes,Área do TI
20161,Olivia Moura,
20162,Emilly da Mota,
20164,Dra. Hadassa Montenegro,
20165,Mariah Vieira,
20166,Srta. Nina Pastor,Atuar como Desenvolvedor de Software | Engenheiro de Software
20167,Srta. Hadassa Vasconcelos,
20168,Pedro Henrique Mendes,
20169,Thales Sampaio,Analista de Sistemas
20170,Davi Lucca Brito,
20172,Bianca Lima,Consultor Financeiro e Contábil Dynamics AX
20173,Dra. Valentina Vasconcelos,
20174,Dra. Ana Laura Melo,Análise e pesquisa
20175,Dra. Maria Fernanda Costela,
20176,Agatha Pinto,
20179,Enzo Gabriel Siqueira,Analista desenvolvedor
20180,Mariah Carvalho,Analista de Network - Coordenação de TI
20181,Dr. Benício Viana,
20182,Sr. Levi Castro,
20183,Srta. Yasmin Nascimento,
20184,Pietro Vargas,Tecnologia da informação
20187,Cauê Sampaio,
20188,Stephany Macedo,
20189,Isabella Cunha,estabilidade e atuar com projetos a longo prazo.
20190,Raquel Araújo,
20191,Beatriz Siqueira,
20193,Emanuelly Martins,Analista de Infraestrutura
20194,Kamilly Pimenta,
20195,Thales Santos,
20196,Laura Duarte,
20197,Sra. Nicole da Mota,
20198,Aylla Farias,
20199,João Miguel Nunes,
20200,Dra. Daniela Nogueira,
20201,José Pedro Pastor,Analista de Negócios TI
20204,Maria Liz Costa,
20205,Sra. Luiza Rocha,
20208,Theodoro Cassiano,
20209,Bruno Farias,
20210,Maria Luísa Abreu,Sistemas
20211,Srta. Nina Camargo,CONSULTORA SAP SD
20212,Théo Pires,
20213,Catarina Moreira,
20214,Sr. Pedro Henrique Leão,
20215,Yuri Almeida,Arquitetura de Software/Solução
20216,Theo Novais,
20217,Dra. Isis Garcia,
20218,Agatha Silva,
20220,Ana Julia Garcia,
20221,Theodoro Camargo,
20222,Dr. Ryan Freitas,
20223,Ana Julia da Rocha,
20224,Apollo Casa Grande,
20225,Sra. Sara Jesus,
20226,Srta. Mirella Monteiro,
20227,Alexandre Araújo,
20229,Júlia Barbosa,TI
20230,Arthur Gabriel Lopes,
20231,Lucas Gabriel Santos,
20233,Kaique Gomes,Desenvolvedor Front-End
20234,Dr. Brayan Costa,Atuar na área de analise de dados
20235,José Pedro Rodrigues,
20236,Dr. Vinicius Garcia,
20237,Francisco Novais,
20238,Srta. Liz Dias,Administrador de Dados
20239,João Miguel Farias,Consultor
20242,Nicole Barros,
20243,João Guilherme Lopes,
20244,Srta. Evelyn Andrade,
20248,Sr. Dante Carvalho,
20249,Sr. Benicio Andrade,
20250,Nathan Almeida,Oracle Developer
20253,Dr. José Casa Grande,CONSULTOR ABAP
20254,Daniela Pires,Arquitetura Coorporativa | Ciencia de Dados | Lider Tecncio | Consultor TI
20255,Maria Julia Dias,
20256,Isabella Duarte,
20257,Bryan Vargas,
20258,Sabrina Pastor,
20260,Dra. Sophie Rocha,
20261,Sr. Igor Castro,
20262,Sr. Léo Guerra,
20263,Raul Macedo,
20264,José Miguel Dias,Consultoria Sistemas de ERP
20265,Dra. Brenda Novaes,Coordenaçao de Infraestrutura e Segurança
20266,Dra. Maria Fernanda Santos,
20267,Isaac Brito,
20268,Alexandre Viana,
20269,Joaquim Pires,
20270,Pedro Henrique Pires,
20271,Dra. Gabrielly Vasconcelos,Analista Senior / Lider Tecnico / PO
20272,Josué Pires,
20273,João Gabriel da Mata,Analista / Líder de Sistemas .NET
20274,Lucas Gabriel Rodrigues,
20276,Sr. Felipe da Mota,
20277,Sr. João Rodrigues,
20278,Alana Casa Grande,
20279,Sra. Sabrina Martins,
20283,Maria Helena Oliveira,
20284,Dra. Isabela Gomes,
20285,Davi Luiz Duarte,TI - Banco de Dados
20286,Luan da Rocha,
20289,Dr. Nathan Sousa,
20290,João Felipe Gomes,
20291,Sr. Luiz Henrique Cassiano,Engenheiro de infraestrutura
20293,José Pedro Silveira,Analista BI
20294,Heitor Jesus,Analista de Bi
20296,Ian Garcia,Cooperar com o crescimento de Empresas do Agronegócio.
20297,Dr. André Ribeiro,
20298,Sr. Vinícius Rezende,
20299,Heloísa da Luz,
20300,Dr. Vinícius da Costa,
20301,Maria Duarte,Liderança técnica e consultoria
20302,Stephany Ribeiro,
20303,Melissa Cavalcante,
20305,Milena Martins,
20306,Jade Vieira,
20307,Maria Clara Fernandes,
20309,Zoe Câmara,
20310,João Felipe Castro,
20311,Yuri Pacheco,
20313,Dr. Ravi Lucca Vieira,
20314,Vinicius da Luz,Desenvolvimento
20315,Dante Siqueira,
20316,Maria Clara Rios,
20317,Maitê Campos,
20318,Lívia Fonseca,
20320,Valentim Viana,Desenvolvedor
20321,Ana Liz Lima,
20322,Paulo Sampaio,
20323,Marcos Vinicius Jesus,Desenvolvedor
20324,Sra. Ana Cecília da Rosa,adquirir experiencia e conheciimento em desenvolvmento de sistemas no geral
20325,Anna Liz Marques,
20326,Alícia Siqueira,
20327,Dr. Rael Novais,
20329,Theodoro Macedo,
20330,Hellena das Neves,
20331,Sr. João Miguel Silva,
20333,Alexia Gomes,
20334,Sr. Kevin da Luz,
20335,Sra. Manuela Lopes,
20336,Fernanda Freitas,DBA
20338,Clarice Novaes,Desenvolvedor
20339,Sr. Samuel Rezende,
20341,Sra. Giovanna Barros,"Análise e Desenvolvimento de Sistemas COBOL, Análise de Dados, BI, Database Marketing, Pesquisa, CRM, Treinamento, Suporte a Clientes"
20342,Sr. Cauã Caldeira,
20343,Isaque Teixeira,
20344,Oliver Cardoso,
20345,Sra. Maria Clara Brito,
20346,Ravy Pimenta,
20347,Srta. Jade Rocha,
20348,Theo Araújo,
20350,Sra. Isabel Cardoso,Consultor / Coordenador
20351,Dra. Sophia Pastor,Atuar em equipe de Desenvolvimento de Sistemas
20353,Mariane Nascimento,
20355,Caio Mendonça,
20356,Antony Vieira,
20357,Yuri Garcia,
20358,Raul Vieira,
20359,Thomas Santos,
20360,Cauã Farias,
20362,Sra. Gabrielly Rodrigues,
20363,Breno Martins,
20364,Augusto Pires,AGILE COACH | BUSINESS ANALYST
20366,Cecilia Vasconcelos,
20367,Benjamin Mendes,Me especializar cada vez mais na area de desenvolvimento
20368,Manuela Lopes,
20371,Dante Rios,
20372,Maria Luísa Cavalcanti,
20373,Alexia Araújo,
20375,Vitória Almeida,
20376,Antônio da Rosa,Apoiar empresas com infraestrutura de TI
20377,Kevin Siqueira,
20378,Bella Monteiro,Busco novos desafios em minha carreira e desejo continuar me desenvolvendo e contribuindo para a construção de resultados efetivos para os negócios..
20379,Diego da Mata,
20380,Rafaela Cavalcanti,
20381,Giovanna Alves,Atuar como Desenvolvedor Cobol/Mainframe Júnior
20382,Ana Julia Rios,
20383,Dra. Mariana Fogaça,
20384,Stephany Moraes,
20385,Milena Pimenta,
20387,Dra. Liz Azevedo,CONSULTOR SAP SD
20388,Dra. Stella Ribeiro,
20389,Davi Lucca Montenegro,Analista programador
20390,Ísis Camargo,Atuar em áreas da Tecnologia da Informação voltadas para Gestão de Projetos/Processos e métodos ágeis
20391,Guilherme Andrade,Scrum Master
20392,Cecília Casa Grande,
20393,Yasmin da Costa,Analista de Sistemas Desenvolvedor Mainframe
20394,Luara Cavalcante,
20395,Eloá Pinto,
20396,Bryan da Costa,
20398,Aylla Novais,
20399,Srta. Evelyn Porto,Prestar Serviço Remoto e Independente
20400,Sra. Emanuelly Nogueira,
20401,Amanda Aparecida,
20402,Manuela Vieira,Scrum Master
20403,Heloisa Guerra,analista programador
20404,Cecilia Nunes,
20405,Mariana Dias,
20407,Luiz Henrique da Rocha,
20408,Sra. Eloá Silveira,Atuar na área de desenvolvimento de sistemas Web utilizando a linguagem Java e Banco de dados Oracle
20409,Maria Luiza Moura,
20411,Henry Gabriel Cassiano,
20415,Maria Laura Duarte,Arquiteto de Software
20416,Sra. Esther Dias,
20417,Davi Miguel Cavalcanti,Desenvolvedora de Software
20418,Srta. Laura da Rosa,
20419,Dr. Lucca Aragão,Desenvolvedor Front-end
20423,André Moraes,
20425,Sophia Almeida,Atuação com desenvolvimento de software
20426,Sara Guerra,
20427,Allana Nascimento,
20428,Sra. Helena da Paz,
20429,Sr. Alexandre Farias,Lider Tecnico
20430,Dom Rodrigues,
20431,Isabela Marques,Atuar como Analista desenvolvedor interagindo as com as tecnologias web
20432,João Gabriel Barros,
20434,Liam Montenegro,Desenvolvedor Web
20435,Dr. Davi Miguel Camargo,
20436,Arthur Pinto,Atuação como Product Owner
20437,Ana Julia Aragão,
20438,Dr. Benjamin da Paz,Front-End Pleno
20439,Dr. Renan Cavalcanti,
20441,Srta. Cecilia Rezende,Desenvolvimento fullStack
20442,Sr. Luigi Pastor,
20443,Otávio da Costa,Desenvolvedor Front End
20444,Mariana Câmara,
20445,Leonardo Nascimento,Programador / Desenvolvedor
20446,Juan Caldeira,
20447,Dra. Clara Lopes,
20448,Srta. Isis Camargo,
20449,Guilherme Souza,Gestão Comercial
20450,Sr. João Pedro da Costa,
20451,Francisco Cavalcante,"diretor / gerente comercial , canais , alianças e paarcerias"
20452,Srta. Alexia Azevedo,
20453,João Guilherme Cavalcanti,Head Comercial
20454,Dra. Maria Luiza Pereira,Diretor / Gerente
20455,Luigi Vasconcelos,Analista
20456,Bárbara Moura,
20457,Vinícius Costa,
20458,Sr. Benjamin Campos,
20460,Daniel da Rocha,
20462,Ayla Sousa,
20463,Dr. Benjamim Ramos,
20464,Dr. José Miguel Farias,
20466,Júlia Costela,Comercial / Vendas / Marketing
20467,Vitor Moraes,ANALISTA DE SISTEMAS
20470,Maria Júlia Rezende,Analista QA
20471,Sr. Benjamin Campos,"Account Manager, Business Development Manager"
20472,Sr. Davi Rocha,analista de testes
20473,Ana Vitória Correia,Desenvolver em Linguagens que já conheço com disposição para aprender novas tecnologias
20474,Marina Martins,
20477,Renan Pires,Analista de Testes Automação
20478,Luan Ribeiro,
20479,Heloísa Araújo,Analista de Testes QA
20480,Sra. Gabriela Barros,Analista de Sistemas
20481,Sr. Liam Viana,
20482,Dr. Theodoro da Mata,Programador java sênior
20483,Dra. Maria Luiza Camargo,Analista Desenvolvedor .NET
20484,Yago Mendonça,
20485,Sr. Joaquim Camargo,
20486,Laura Moraes,Ser um profissional de destaque na área de T.I
20487,Maitê Fonseca,
20488,Ana Liz Casa Grande,
20489,Emanuelly Cardoso,Líder tecnico
20490,Dra. Joana Abreu,
20492,Sr. Anthony Sampaio,
20493,Luiz Henrique Marques,
20494,Dr. Mateus Fonseca,
20495,Rael Barbosa,
20496,Melina Siqueira,
20497,Srta. Fernanda Rocha,
20498,Srta. Maria Isis Farias,
20499,Anna Liz Carvalho,Analista de Automação de Testes.
20500,Srta. Hadassa Carvalho,ANALISTA ESPECIALISTA ETL / BI / BIG DATA
20501,Yan Vargas,
20502,André Lima,Analista de Sistemas / Programador
20503,Srta. Aylla Borges,Analise de Desenvolvimento de Sistemas
20506,Sr. Bryan Guerra,
20507,Isabelly Ramos,
20509,Lara Dias,
20510,Elisa Rocha,
20511,José Miguel Gonçalves,Desenvolvedor .NET
20512,Melissa Moreira,Analista de Sistemas
20513,Brenda Caldeira,
20514,Bárbara Pereira,
20515,Dr. Cauê Andrade,Desenvolvedor/Programador
20516,Dra. Isis Dias,Desenvolvedor
20517,Luiz Otávio da Conceição,Aprender com os melhores líderes a arte de comandar uma equipe até que eu possa gerenciar a minha própria
20518,Camila Ramos,
20519,Joaquim Nunes,
20520,Kaique Costela,
20521,Srta. Yasmin Cavalcanti,
20522,Murilo Teixeira,
20524,Anthony da Costa,
20525,Ayla Pinto,Crescer profissionalmente como desenvolvedor JAVA
20526,Pietra Freitas,
20527,Lorena Azevedo,Analista de Sistemas
20529,Dra. Ana Luiza Cunha,
20530,Lucca da Cunha,
20532,Dr. Bruno Fogaça,
20534,Anthony da Mota,
20535,Benjamin Araújo,
20536,Stephany Novaes,
20537,Dra. Rebeca Cirino,
20538,Luna Ramos,
20539,Sr. Antony Mendes,
20540,Vinicius das Neves,
20541,Clara Monteiro,
20542,Maria Isis Câmara,
20543,Srta. Maria Flor Mendes,
20544,Mariah Mendes,desenvolvedor front end
20546,Sr. Luiz Miguel Vargas,
20547,João Vitor Freitas,
20548,Hellena Fonseca,
20549,Ravi Lucca Porto,
20550,Dra. Isabella das Neves,Analista Back-End
20551,Lorena Almeida,
20552,Srta. Ana Carolina da Rocha,"Participar de um ambiente de trabalho onde possa colocar em pratica meus conhecimentos em favor da instituição/empresa na qual viso integrar-me, sempre com foco no beneficio e o crescimento da organização e o crescimento profissional."
20553,Dr. Antony Dias,
20554,Sra. Catarina Freitas,
20555,Isabelly Gonçalves,
20558,Isis Abreu,"Estou em busca de uma oportunidade em minha área de atuação, na qual eu possa crescer e me desenvolver ainda mais no futuro."
20559,Alice Gonçalves,Analista Sistemas Programador Especialista
20560,Ana Vitória da Rocha,
20562,Dr. Mateus Cassiano,
20563,Clara Brito,
20564,Amanda Aragão,
20565,Aylla Câmara,
20566,Eloah das Neves,Programador Pleno Mainframe
20568,Maria Alice Cavalcanti,
20571,Srta. Maitê Farias,Analista de Infraestrutura Cloud
20572,Bárbara Cavalcante,
20573,Pedro Lucas Azevedo,Analista de Infraestrutura
20576,Maitê Pastor,
20577,Dra. Yasmin Ramos,Especialista Infraestrutura
20578,Dr. Henry Lopes,
20580,João Pedro Costela,
20581,Ravy Pacheco,
20582,Ayla Pires,
20583,Sr. Pedro Henrique Mendes,
20586,Sr. Miguel Gomes,
20589,Ester Araújo,
20590,Bruna Castro,
20591,Dom da Cunha,
20592,Hellena Melo,
20593,Sr. Théo Rios,
20594,Luna Castro,
20597,Ana Cecília Pimenta,
20599,Larissa Pinto,
20602,Pedro Lucas Siqueira,"Gestão Comercial, Supply Chain e/ou Logística"
20603,Srta. Rebeca Rios,
20604,Sr. Ryan Teixeira,
20605,Dr. Asafe Gomes,
20606,Dra. Sofia Oliveira,
20607,Benicio Dias,
20608,Davi Lucca Barros,
20609,Francisco Costa,
20611,Ester Correia,
20613,Dr. Breno das Neves,Gerente de TI | Infraestrutura | Suporte | Operações | Projetos
20615,Daniel Lima,Liderança técnica ou coordenação de Time
20617,Mathias Sales,
20618,Sra. Sabrina Araújo,
20619,Maria Sophia da Costa,
20620,Dr. Mateus Almeida,
20623,Sr. Pedro Miguel da Costa,
20624,Srta. Maria Alice Moraes,
20627,Dra. Marcela da Luz,
20629,Srta. Pietra Novaes,
20630,Srta. Isabella Castro,
20631,Sr. Caleb Fonseca,Analista de Infraestrutura
20632,Arthur Gabriel Pereira,
20634,Danilo Pereira,
20635,Yuri Machado,"Atuar na área de informática (Suporte a Hardware, Redes e Usuários)"
20636,Dra. Sara Garcia,
20637,Rafael Vasconcelos,Analista de Infraestrutura
20639,Dra. Ísis Aparecida,
20641,Nina Aragão,
20642,Sra. Ana Julia Gonçalves,
20644,Sra. Aurora Lima,Arquitetura
20645,Dr. Isaque da Paz,
20649,Maria Luísa da Rocha,
20650,Luana Borges,
20651,Dr. Caleb Abreu,
20652,Agatha Cassiano,
20653,Dra. Clara Silva,DBA
20654,Ana Cecília Barbosa,
20655,Dr. Apollo Guerra,
20657,Davi Pacheco,
20658,Srta. Luna Jesus,
20660,Sr. Oliver Caldeira,Front end / back end Junior
20661,Alícia Sampaio,
20662,João Vitor Dias,
20663,Nathan Câmara,
20664,Cecília Barros,DATA ENGINEER
20665,Davi Lucas Lima,DATA ENGINEER
20666,Heitor Fernandes,
20667,Dra. Ana Luiza Freitas,
20668,Allana Albuquerque,Engenheiro de Dados
20670,Dra. Bella Dias,
20672,Thiago Leão,
20673,Sra. Maria Clara Costa,"Em Busca de uma oportunidade para desenvolver e melhorar meus conhecimentos, e também algo que possa me instruir de forma crescente e contínua, visando sempre o crescimento entre eu e a empresa."
20674,Luiz Henrique Farias,
20675,Rodrigo Vasconcelos,Consultor SAP Senior FI/FSCM/RE-FX/PSM
20677,Srta. Mariana Siqueira,
20678,Sra. Isabelly da Cruz,
20679,Gabrielly Sampaio,
20680,Danilo Vargas,analista de suporte
20685,Luiz Henrique Sousa,
20688,Heloisa Souza,
20689,Marcela da Paz,
20690,João Guilherme da Conceição,Analista de TI
20692,Srta. Heloísa Casa Grande,Analista de Infraestrutura /TI
20694,Enrico Pires,Analista de Suporte Pleno/Sênior / Analista de TI ou Infra/ Coordenador de TI
20695,Isaque Cavalcanti,
20697,Arthur Gabriel Fonseca,
20698,Sr. Davi Barbosa,Consultor suporte Pleno - REMOTO
20700,João Lucas Campos,
20701,Sr. Cauã Borges,
20706,Enzo Gabriel Rocha,
20707,Bruno Leão,Oracle Developer // Oracle Functional Analyst
20708,Yan Duarte,
20709,Dra. Rebeca Sousa,Atuar como Analista/Desenvolvedor
20711,Igor Gonçalves,
20712,Dra. Maria Helena Jesus,
20713,Dra. Luiza Garcia,
20714,Emanuella Pacheco,
20716,Vitor Gabriel Ferreira,
20717,Dra. Rebeca Rodrigues,
20718,Lucas Gabriel Jesus,Analista Desenvolvedor Java
20720,Dr. Felipe Jesus,
20721,Ana Liz Cardoso,Área da tecnologia.
20722,João Guilherme Souza,Analista de Sistemas
20723,Benjamim Lopes,
20724,Dra. Maitê Aparecida,
20725,Melina Camargo,
20726,Ana Clara Souza,Crescer profissionalmente sempre buscando muito conhecimento.
20727,Dr. Luiz Felipe Silva,Administrador Azure - Microsoft - AWS
20728,Rafaela Ramos,
20729,Antony Gomes,
20730,Dr. Diego Peixoto,
20731,Sra. Isabella Nunes,
20732,Sophia Santos,
20733,Sra. Liz Albuquerque,
20734,Miguel Monteiro,Analista de Sistemas
20735,Valentina Araújo,
20737,Sra. Camila Ramos,
20738,Srta. Manuella da Mata,
35059,Sra. Fernanda Fonseca,auxiliar
35061,Sr. Brayan da Luz,Serviços Gerais
35062,Davi Lucca Novais,Assistente
35064,Joana Ribeiro,Active Directory Specialist
35065,Sr. Luan Pinto,Analista de RH Jr.
35071,Hellena Siqueira,Assistente administrativo
35073,Dra. Melina Casa Grande,Assistente Administrativo
35077,Gabrielly da Paz,Desenvolvedor Angular
35079,Ester da Cunha,Atendimento ao cliente
35081,Gabriela Brito,Desenvolvedor Java Jr
35083,Sr. Samuel Novaes,Auxiliar administrativo
35085,Liz Fonseca,Auxiliar Administrativo
35087,Calebe da Costa,Analista de Folha de Pagamento
35088,Bryan Borges,CONSULTOR PP
35091,Lorena da Mata,Assistente de RH
35092,Davi Miguel Teixeira,Controladora e Acesso
35093,Luiz Fernando Nascimento,cybersegurança
35094,Agatha Moura,Arquiteto Cloud
35095,Ian Cirino,Arquiteto Cloud
35097,Dra. Maria Isis Novaes,Recepção
35101,Dra. Maysa Cassiano,
35102,Sr. Eduardo Freitas,"Auxiliar de logística, auxiliar adm"
35103,Dr. Matteo Montenegro,Auxiliar administrativo
35104,Diego Cunha,teach lead
35107,Diogo Cassiano,back end C#
35108,Dr. Bruno Costa,
35109,Kaique Pereira,Analista de QA
35110,Dra. Maria Flor Leão,Assistente Administrativo
35111,Arthur Monteiro,Analista de RH
35112,João Guilherme Rezende,back end C#
35113,Maria Isis Garcia,teach lead
35114,Daniela Barbosa,Porteiro
35117,Sra. Stephany Fogaça,Profissional
35118,Vinicius Andrade,Analista de Folha de Pagamento
35119,Anna Liz Pimenta,TECH LEAD
35121,Sr. João Borges,back end C#
35122,Dra. Carolina Nogueira,back end C#
35123,Guilherme Caldeira,Analista de Folha de Pagamento
35124,Dr. Valentim Pereira,Consultor SAP MM
35125,Rafael Sá,Assistente Departamento Pessoal/RH
35126,Antônio da Paz,back end C#
35128,Otávio Oliveira,back end C#
35129,Davi Lucas Leão,Scrum Master
35130,Sra. Alana Pinto,Scrum Master
35131,Cauê Pacheco,Scrum Master
35132,Thomas Pastor,Tech Recruiter
35133,Sra. Pietra Brito,Analista Java JR
35134,Srta. Liz Fogaça,DESENVOLVEDOR JAVA
35135,Ana Beatriz Nascimento,DESENVOLVEDOR
35136,Dra. Maria Alice Fonseca,DESENVOLVEDOR C#
35137,Otávio da Cunha,Teach lider Mobile
35138,Sr. Bernardo Cunha,DESENVOLVEDOR C#
35139,Anthony Teixeira,Provac Terceirização de Mão de Obra
35140,Stella Cunha,TECH LEAD
35142,Mirella Santos,DESENVOLVEDOR C#
35145,Srta. Heloisa Gomes,Administrativo Comercial
35146,Maria Eduarda Cirino,ANALISTA CONTABIL JR
35147,Camila das Neves,Soldado EV
35148,Maria Alice Monteiro,ANALISTA CONTABIL JR
35149,Asafe Costa,Auxiliar Técnico de manutenção
35150,Rafael Cavalcanti,
35151,Dante Pires,Porteiro
35152,Josué Gonçalves,Estudante
35154,Antonella Pacheco,Assistente de Recursos Humanos
35156,Maria Laura Sousa,Auxiliar adm/ Controlador de acesso
35160,Murilo Sá,assistente administrativo
35161,Thiago Pastor,Analista Recursos Humanos
35163,Heloisa Carvalho,Analista de Folha de Pagamento
35164,Ísis Martins,ARQUITETO CLOUD
35166,Dra. Emanuella Pires,Controlador de acesso
35167,Matteo Borges,consultor
35170,Sr. Diego Oliveira,Assistente Administrativo
35171,Dr. Vitor Hugo Campos,Analista RH
35172,Dr. Henry Gabriel da Conceição,back end C#
35173,Stephany Siqueira,TECH LEAD
35174,Sra. Maria Eduarda Azevedo,Business Analyst
35175,Dra. Giovanna Araújo,Especialista de Negócios
35176,Hellena Rodrigues,Business Analyst
35179,Dr. Matteo Pastor,Business Analyst
35181,Srta. Jade Ribeiro,Scrum Master
35182,Bento Martins,QA
35183,João Miguel Cardoso,TECH LEAD
35184,Dr. Cauã da Luz,TECH LEAD
35185,Milena Casa Grande,TECH LEAD
35186,Luiz Henrique Santos,TECH LEAD
35187,Davi Luiz Andrade,TECH LEAD
35188,Srta. Sofia Costela,TECH LEAD
35189,Sra. Marina Casa Grande,Security
35193,Théo Câmara,Analista de RH Jr
35194,Maria Vitória Oliveira,Analista de RH Junior
35195,Luiz Fernando Lima,Controlador de acesso
35197,Sr. Paulo Ribeiro,Assistente de vendas
35198,Srta. Luiza da Cruz,Assistente Administrativo / Control
35199,Davi Miguel Cassiano,Auxiliar Administrativo
35200,Dra. Maria Mendes,Analista administrativo
35201,Dr. Lucas Gabriel Pires,Assistente de RH
35202,Caroline Borges,CONSULTOR SAP CO
35204,Sr. Vitor Gabriel Aragão,Desenvolvedor Back end C#
35205,Dr. Lorenzo da Luz,Programador Java Jr.
35208,Pedro Marques,C#
35212,Srta. Ana Lívia Pires,C#
35213,Sra. Melissa Sousa,C#
35217,Mirella Pires,Assistente administrativo
35221,Dr. José Pedro Pimenta,Dados / ETL
35222,Dr. Miguel Cavalcanti,SECRETÁRIA EXECUTIVA
35226,Maria Vitória Casa Grande,Desenvolvedor PLSQL
35227,João Lucas Barros,.net
35228,Daniel Melo,Dados / ETL
35229,Bruno Teixeira,.net
35230,Dr. Matteo Albuquerque,Desenvolvedor PLSQL
35231,Anthony Gabriel Pimenta,.net
35233,Fernanda Moraes,Desenvolvedor
35234,Sr. Diego Souza,.net
35235,Sr. Enzo Gabriel Silveira,Dados / ETL
35236,Dr. Nathan Vieira,Dados / ETL
35238,Dr. Vitor Gabriel Caldeira,Dados / ETL
35239,Dra. Ana Fogaça,Dados / ETL
35240,Pedro Miguel Freitas,Dados / ETL
35241,Sr. Yuri Barbosa,Administrador de Bancos de Dados
35242,Dr. Ian Garcia,C# .net Core
35245,Vitor Hugo Pacheco,DBA
35246,Sara Monteiro,Tech Lead
35248,Julia Carvalho,Tech Lead
35249,Luana da Cruz,DBA SQL e PL/SQL
35250,Sr. Enrico Novaes,Tech Lead
35251,Sra. Maria Laura Pastor,Tech Lead
35252,Valentina Nogueira,Desenvolvedor RPA Junior
35253,Antony Brito,Vendas
35254,Igor Pacheco,Atendente/Vendedor
35255,Srta. Isabel Lima,Assistente administrativo
35256,Sra. Sofia Pinto,Auxiliar administrativo
35257,Heloísa Sá,Auxiliar administrativo
35259,Francisco Dias,Desenvolvedor
35260,Marcos Vinicius da Conceição,Consultor Java
35261,Maria Cecília Abreu,Assistente administrativo
35262,Juliana das Neves,Desenvolvedor
35263,Luara Borges,Auxiliar Administrativo
35264,Ana Julia da Costa,Dados / ETL
35265,Sr. Vitor Pereira,Dados / ETL
35266,Sra. Manuella Pastor,Dados / ETL
35267,Gael Henrique Barbosa,Analista de Service Desk
35268,Sarah Abreu,Desenvolvedor
35269,Dr. Theodoro Cunha,Analista de Service Desk
35270,Dra. Eduarda Santos,Analista de Service Desk
35271,Emanuelly Cassiano,Desenvolvedor
35272,Catarina Aragão,Desenvolvedor
35273,Dra. Maitê Vieira,Analista de DBA
35274,Sr. Asafe da Rosa,
35275,Ana Vitória Ribeiro,Consultor SAP HCM
35276,Dr. Davi Lucas Nascimento,Desenvolvedor
35277,Emanuel da Rocha,back end C#
35279,Lívia Mendes,Desenvolvedor
35280,Caroline da Mata,
35283,Mariana Almeida,Assistente Departamento Pessoal
35285,Sr. João Pedro Araújo,Analista de Dados ETL
35287,Gabriel Viana,BI
35288,Sr. Davi Lucca Albuquerque,Analista de DBA
35289,Sra. Helena da Rosa,Analista de DBA
35290,Sr. Felipe Pinto,Analista de DBA
35292,Henry da Cunha,Desenvolvedor Python
35293,José Miguel Nascimento,back end C#
35294,Maria Liz Mendes,Vigilante
35295,Henrique Santos,DESENVOVEDO ERP
35296,Leandro Cavalcanti,Compras Junior
35297,Carlos Eduardo Nascimento,Administrativo
35298,Augusto Ferreira,Auxiliar Administrativo
35299,Lara Lopes,"PORTEIRO, VIGILANTE"
35300,Sra. Alana Souza,ANALISTA
35301,Sr. Cauã Garcia,Compras Junior
35302,Henry Casa Grande,Consultor MM
35303,Sr. Levi Porto,compras & suprimentos
35304,Leandro Vasconcelos,Desenvolvedor Jr
35305,Allana Siqueira,Técnico Administrativo
35306,Srta. Mariah Siqueira,Recepcionista/Auxiliar administrati
35307,Emanuel Cirino,Encarregado administrativo
35308,Rael Marques,
35309,Laís Silveira,Estagio
35310,Dra. Aylla Pastor,Assistente Administrativo
35311,Allana Pires,Comprador
35312,Gabriel Sales,Desenvolvedor Java
35313,Manuella Caldeira,COMPRADOR SR
35314,Sr. Caio Porto,ORACLE
35315,Lucas Gabriel Sales,Assistente Administrativo
35316,Sra. Sofia Silva,DevOps
35317,Noah Castro,Ass Adm / Atendimento ao Cliente
35318,Henrique Pimenta,Segurança da Informação
35319,Sra. Valentina Pereira,Ass Adm / Atendimento ao Cliente
35320,Leonardo Rezende,
35321,Gael da Conceição,Desenvolvedor
35322,Alice Correia,ANALISTA JAVA
35323,Bruno da Luz,Analista de Recrutamento e Seleção
35324,Srta. Ana Luiza Almeida,Consultor MM
35325,Marcelo Sousa,Consultor MM
35326,Luana Costela,Consultor MM
35327,Sra. Kamilly Viana,Consultor SAP MM
35328,Eloá Pereira,Desenvolvedor Java
35329,Dr. Bento Rodrigues,Assist administrativo contr.de aces
35330,Enzo Fernandes,consultor sabp ariba
35331,Sr. Cauã Costela,Técnico adm de operação
35332,Dr. Apollo Camargo,Desenvolvedor Jr
35333,Sr. Vitor Gabriel da Luz,Desenvolvedor Jr
35334,Ana Júlia Pires,Desenvolvedor PLSQL
35335,Sra. Gabriela Costa,Desenvolvedor Jr
35336,Dra. Yasmin Oliveira,Analista RH
35337,Ana Lívia Melo,Delivery manager
35338,Gael Henrique da Mata,Analista RH
35339,Maria Julia Peixoto,ASSISTENTE ADMINISTRATIVO
35341,Carolina Costela,Forms
35342,Sra. Daniela Pastor,TECH LEAD
35343,Maysa Cunha,Delivery manager
35344,Sr. Gustavo Henrique Melo,SAP ABAP
35345,Lunna Alves,Consultor SAP HR
35346,Alícia da Mota,
35347,Breno Costela,Auxiliar logística
35348,Srta. Lara Machado,Desenvolvedor NET
35349,Liz Moreira,Comprador
35350,Dr. Paulo Viana,Comprador
35351,Sra. Maria Vitória Duarte,Comprador
35352,Nathan da Rosa,Comprador
35353,Bruna da Rocha,ANALISTA DE DADOS
35354,Sra. Marina Andrade,ANALISTA DE DADOS/ DESENVOLVEDOR ORACLE
35355,Sabrina Aparecida,Analista RH
35356,Sr. Ravy Andrade,Gerente de Projetos de Sustentabilidade
35357,Guilherme Abreu,Jr
35358,Dr. Carlos Eduardo Teixeira,Consultor SAP MM
35359,Sra. Elisa Silva,DESENVOLVEDOR ORACLE
35360,Diego Aparecida,ANALISTA DE DADOS
35361,Luiz Gustavo Barros,Assistente de importação
35362,Marina Gomes,Desenvolvedor
35363,Caroline Vieira,Assistente de importação
35366,Mathias Mendonça,desenvolvedor
35367,Raul Rezende,SAP ABAP
35368,Maria Vitória Abreu,SAP SD
35369,Srta. Amanda Melo,consultor SAP SD
35370,Dra. Aylla da Mata,Consultor SAP MM
35372,Maria Isis Cunha,desenvolvedor
35374,Theodoro Marques,"Consultora Sênior de Segurança, Privacidade e Riscos"
35375,Dante Cirino,Engenheiro de dados
35376,Luna Cardoso,UX
35377,Samuel Costela,SAP SD
35378,Luiz Fernando Andrade,Dados / ETL
35379,Dr. João Gabriel Nunes,SAP HR/HCM/HXM PY ECP
35382,Srta. Caroline Sá,Scrum
35383,Dra. Emanuelly Gomes,Analista de Suporte
35384,Sr. Cauê Pacheco,SCRUM MASTER
35385,Dr. Gabriel Vieira,Product Owner
35386,Dra. Emilly Cassiano,UX/UI Designer
35387,Dra. Ana Sophia Nunes,Desenvolvedor c#
35388,Gustavo Henrique da Rocha,UX/UI Designer
35389,Calebe Leão,UX/UI Designer
35390,Manuella Garcia,UX/UI Designer
35391,Vitor Abreu,Python
35393,Sra. Maria Luiza Ribeiro,SAP ABAP
35395,Rafaela Pinto,Auxiliar Administrativo Atendimento
35396,Dra. Heloísa da Rosa,UX Designer
35397,Lorenzo Nascimento,Comim
35398,Matteo da Cunha,Product Owner
35399,Manuella Brito,DBA
35400,Dr. Arthur Miguel Macedo,Product Owner
35402,Henry Alves,Python
35404,Maria Helena Alves,BI DADOS
35405,Luan Nogueira,Consultor SAP SD
35406,Clara da Rocha,Consultor sap TM senior
35407,Luara Lima,Assistente
35408,Fernanda Teixeira,Consultor SAP SD / Key User SAP SD
35409,Vitor Gabriel Rocha,Desenvolvedor web frontend Junior
35410,Ravi Cirino,Analista de Performance SR
35411,Marcelo da Cunha,Auxiliar de Ti
35412,Dra. Luana Pacheco,Consultor SAP SD Jr
35413,Vicente das Neves,Estagiário
35414,Enzo Dias,
35415,Dr. Matheus Fonseca,Forms / PLSQL
35416,Sr. Henry Leão,Consultor SAP SD Jr
35417,Srta. Ana Lívia Brito,Consultor PS
35418,Sr. Francisco Mendonça,UX Designer
35419,Sra. Brenda Farias,Forms / PLSQL
35420,Alícia Farias,UX UI
35421,Brenda Moreira,Forms / PLSQL
35422,Srta. Ana Beatriz Nascimento,UX/UI Designer
35423,Ana Beatriz Carvalho,UX Designer
35424,Kamilly Nunes,Forms / PLSQL
35425,Sra. Mariana Andrade,SAP MM EWM
35426,Pedro Pimenta,Forms / PLSQL
35427,Maria Cirino,Forms / PLSQL
35428,Stephany Lopes,UX Designer
35429,Diogo da Rosa,UX Designer
35430,Dr. Raul Farias,Desenvolvedor PLSQL
35431,Mateus Albuquerque,Consultor SAP SD JR
35433,Dr. Levi Silva,Analista RH
35434,Sra. Esther Farias,Assistente de Loja
35435,Ana Júlia Casa Grande,Desenvolvedor
35436,Caroline Martins,Forms / PLSQL
35437,Marcela Aparecida,ANALISTA DE PROJETOS
35438,Aurora Câmara,Desenvolvedor Python
35439,Sra. Ana Luiza Castro,Dev Android
35441,Dr. Bernardo das Neves,Forms / PLSQL
35444,Melissa Pires,Forms / PLSQL
35446,Sra. Jade Ramos,SAP SD
35448,Dr. Breno Moura,Desenvolvedor Python
35449,Daniela Fonseca,Desenvolvedor PLSQL
35450,Leonardo Pacheco,SAP SD
35451,Dr. Pietro Guerra,Analista de Processos de TI
35452,Ana Laura Moura,Analista de Processos de TI
35453,Sra. Ana Sophia Campos,Analista de Processos de TI
35454,Luiz Otávio Costa,Analista de Suporte de Sistemas
35456,Sophie Jesus,Analista de Sistemas Junior
35457,Sr. Henry Nascimento,SAP ABAP
35458,Luiz Gustavo Alves,QA
35459,Thiago da Conceição,Assistente de Fraude
35460,Luiz Henrique Nunes,UX Designer
35461,Sr. Dante da Cruz,UX Designer
35463,Rodrigo da Rosa,Consultor SAP CRM
35464,João Felipe Nogueira,CONSULTOR ÁGIL
35466,Dra. Ana Laura da Paz,CONSULTOR ÁGIL
35467,Sr. Davi Lucas Câmara,CONSULTOR ÁGIL
35468,Sr. Enrico Gomes,CONSULTOR AGIL
35470,Valentina Lima,CONSULTOR AGIL
35473,Valentim Freitas,Python
35474,Sr. Heitor Fonseca,QA
35475,Laura Montenegro,QA
35476,Dra. Ana Vitória Borges,Segurança da Informação
35478,Eduarda Vargas,NET.
35480,Sra. Stella Fogaça,dba
35481,Olívia Ferreira,TECH LEAD
35482,Dr. Henry Porto,TECH LEAD
35486,Caroline Dias,Analista de Processos de TI
35487,Dra. Isabella Cunha,Analista de Processos de TI
35488,Elisa Casa Grande,SAP BASIS
35491,Esther Garcia,DBA
35494,Dra. Cecília Nascimento,Assist. Adm. / Controlador de Acess
35497,Dra. Sofia Farias,Analista ITSM|Analista de Mudanças
35500,Sr. Antônio da Rocha,Técnico em redes de computadores
35501,Sra. Isabela Brito,Assistente administrativo
35502,Sra. Luiza Montenegro,www.linkedin.com/in/breno-amaral-9106515b
35503,Rafaela Borges,Assistente Administrativo Senai
35504,Ana Beatriz Ramos,Gerente de TI
35505,Ana Beatriz Sá,Dados
35506,Enzo Garcia,SAP
35507,Gael Henrique Pires,RH
35508,Aylla Macedo,RH
35509,Mariana Nogueira,RH
35510,Mateus Garcia,RH
35511,Eduarda Moraes,RH
35512,Antônio Nogueira,RH
35513,Ian Carvalho,RH
35514,João Felipe Mendonça,RH
35515,Kaique Ferreira,Acesso
35516,Bárbara Sá,Gerente de Projetos
35517,Dra. Marcela Guerra,Acesso
35518,Dr. Luan Lima,Acesso
35519,Sra. Ester Novaes,Acesso
35520,Dr. Benício Moura,UX UI
35524,Sra. Joana da Mota,Scrum Master
35525,Pietro Casa Grande,Analista de Service Desk
35526,Vitor Gabriel Barros,Analista de Service Desk
35527,Antony Siqueira,Analista de Processos de TI
35528,Ian Montenegro,Desenvolvedor Front end
35531,Daniela da Conceição,Desenvolvedor RPA
35532,Zoe Marques,Arquivista
35533,Sra. Ana Laura Aparecida,Arquivista
35534,Maria Albuquerque,Arquivista
35535,Helena Peixoto,Arquivista
35536,Manuella Aparecida,Arquivista
35537,Sra. Stephany Lima,Arquivista
35538,Sr. Diego Mendonça,Arquivista
35539,Anthony Gabriel Melo,Gerente de Projetos
35543,João Miguel Novaes,Sócio Proprietário
35546,Srta. Ana Machado,QA
35547,Liam Carvalho,DEV
35548,Sra. Luísa Nascimento,DEV PYTHON
35550,Alice Albuquerque,Gerente de Contas
35551,Pedro Cirino,UX/UI Designer
35552,Luiza Cirino,FORMS
35553,Srta. Laura Novaes,Desenvolvedor Full Stack Python
35554,Isabel Machado,UX
35555,Luiz Otávio Camargo,Consultor Agile
35556,Dr. Theo Aparecida,Consultor Agil
35559,Théo da Mota,QA
35560,João Gabriel Siqueira,UX Designer
35562,Heitor Farias,UX
35563,Emanuel Vargas,Tech Lead
35564,Vitor Gabriel Novaes,QA
35565,Breno Farias,Scrum Master
35568,Allana Peixoto,DESENVOLVEDOR Sr
35570,Helena Aparecida,Desenvolvedor Pleno
35571,Cauê Duarte,Gerente de Projetos / Mudanças
35572,Dr. Apollo Ramos,Desenvolvedor MOBILE
35573,Clara Rezende,UX/UI
35574,Gabrielly Sales,Desenvolvedor MOBILE
35575,Julia Câmara,UX/UI
35576,Marcos Vinicius Melo,PL SQL Forms
35578,Sra. Olívia Abreu,DESENVOLVEDOR
35579,Raquel Peixoto,Consultor Agil
35580,Mariane Castro,UX Designer
35581,Sr. Otto Vieira,QA
35582,Dr. Pedro Lucas Cavalcante,UX/UI
35583,Sra. Emilly Lopes,QA PL
35584,Sr. Valentim Cirino,UX/UI
35586,Catarina das Neves,Gestor
35587,Henry Carvalho,consultora HCM
35588,Ana Lívia Casa Grande,devops
35589,Davi Miguel Borges,devops
35590,Sr. Lucca Costa,DBA
35591,Srta. Maysa Pacheco,Especialista SAP
35592,Elisa Gomes,DBA
35593,Dr. Lucas Gabriel Garcia,DBA
35595,Sr. Gustavo Henrique Sousa,Analista de Importação
35596,Maria Liz da Paz,SAP EWM
35598,Srta. Clara Macedo,QA
35600,Alice Costela,TECH LEAD
35601,Sr. José Pedro Rios,DEVOPS
35603,Dra. Mariana Nascimento,SAP TM
35604,Sra. Isadora Rodrigues,QA
35605,Vitor Câmara,Consultor SAP MM WN
35606,Helena Cassiano,QA
35607,Yasmin Peixoto,QA
35608,João Vitor Souza,Desenvolvedor
35609,Ana Beatriz Sales,Comprador
35610,Luigi Moreira,Desenvolvedor
35611,Maria Isis Lopes,Desenvolvedor
35612,Sr. Asafe Sampaio,CyberSecurity
35613,Ana Sophia Araújo,Desenvolvedor
35615,Matteo da Conceição,Desenvolvedor JAVA
35616,Dra. Isabella da Conceição,DBA SQL SERVER
35617,Isaque Souza,analista de testes
35618,Levi Cassiano,PMO
35619,Vitor Hugo Garcia,Analista de Sistemas e/ou Funcional
35620,Fernanda Silveira,Consultor SAP ABAP
35621,Anthony Gabriel Porto,Consultor
35622,Isaque Albuquerque,Consultor SAP SD
35623,Dr. Nathan Almeida,consultor sap HCM SF
35624,Luan Duarte,desenvolvedor JDE
35625,Nicole Rocha,Consultor SAP FI
35626,Dr. Antony da Costa,RPA Sênior
35627,Guilherme Câmara,Desenvolvedor PLSQL
35629,Emanuella Freitas,Devops
35630,Diogo Castro,RH
35631,Emilly Araújo,SAP BASIS
35633,Dr. Carlos Eduardo Rezende,Consultor SAP PM QM
35634,Ana Luiza Sousa,Developer Java
35635,Sr. Lucca Barbosa,UX
35636,Dra. Esther Correia,Desenvolvedor PLSQL
35637,Francisco Vargas,FORMS
35638,Théo Machado,FORMS
35639,Sr. Isaque Novaes,FORMS
35640,Otávio Pinto,FORMS
35641,Srta. Olívia Nunes,FORMS
35642,Henry Gabriel Brito,FORMS
35643,Dra. Luísa Caldeira,cybersegurança
35644,Sr. Gustavo Fogaça,cybersegurança
35645,Sra. Amanda Ribeiro,DEV PLSQL
35647,Sr. André Oliveira,QA
35648,Bernardo Martins,Desenvolvedor Pleno
35649,Ana Vitória Martins,Scrum Mater Senior/Project Manager
35650,Luísa Lima,Consultor Oracle OM
35651,Luiz Gustavo Abreu,Consultor SAP ABAP
35652,Pietro Cunha,"Agilista, Scrum Master"
35653,Maria Luísa Almeida,Gestão de Projetos
35656,Daniel Silveira,Scrum master
35658,Dra. Alice das Neves,Scrum Master
35659,Milena Teixeira,Desenvolvedor Java
35660,Ana Carolina Rios,Arquiteto de Soluções
35661,Maria Júlia Costela,Scrum master
35662,Isabel da Mata,Arquiteto de Soluções
35663,Esther Pacheco,Analista de T.I.
35664,Caroline Barbosa,Consultor MM junior
35666,Sr. Vitor Hugo Ribeiro,Scrum master
35667,Sara Freitas,Desenvolvedor PLSQL
35669,Dr. Alexandre Andrade,Desenvolvedor PLSQL
35670,Marcos Vinicius da Rosa,
35671,Maria Julia Monteiro,Auxiliar de Tráfego
35672,Alexandre Nascimento,QA PL
35676,Isaac Leão,Consultor SAP PM
35678,Sr. Pedro Lucas Moraes,"Engenheiro de TI, Suporte, Infra"
35680,Alexandre Barbosa,DBA ORACLE / SQL
35681,Fernanda Carvalho,Desenvolvedor PLSQL
35682,Dr. Rhavi da Costa,Analista Suporte de Sistemas Jr
35683,Dra. Marcela Cassiano,Atendimento Backoffice
35684,Sra. Bruna Fogaça,Atendimento Backoffice
35685,Cecilia Correia,Analista de Sistemas Junior
35686,Joaquim Pacheco,Atendimento Backoffice
35687,Ana Sophia Camargo,Analista de Sistemas Junior
35688,Mateus Porto,Atendimento Backoffice
35689,Gabriel Montenegro,Atendimento Backoffice
35690,Liz Azevedo,Atendimento Backoffice
35691,Maria Luísa Fonseca,Product Owner
35692,Sr. Erick Silveira,Desenvolvedor react
35694,Srta. Hellena Novaes,Scrum Master
35697,Sr. Yago Mendonça,Scrum Master
35699,José Ribeiro,Agile Coach
35700,Clara Fogaça,DEVOPS
35701,Anna Liz Fonseca,DEVOPS
35704,Srta. Yasmin Moura,DEVOPS
35706,Dr. Lucca Araújo,Tech Lead
35709,Dr. Yago Almeida,Product Owner
35710,Cauã Novais,UX / UI
35711,Sr. Francisco Oliveira,Analista TI
35712,Ana Julia da Mata,Devops
35713,Luigi Alves,Agilista
35714,Luigi Costa,Network / Infra
35715,Daniela Vasconcelos,Consultor
35716,Dra. Sabrina da Cunha,PMO
35717,Calebe Carvalho,Release Manager
35719,Lunna Santos,Release Train Engineer
35720,Dra. Beatriz Pereira,Analista de QA
35721,Yan da Conceição,Product Owner
35722,Allana Guerra,Analista de QA
35723,Dr. Vinicius Machado,Gerente de Projetos
35725,Dra. Rebeca Fernandes,analista de projetos
35726,Dra. Ana Beatriz Barros,analista projetos PMO
35729,Maria Júlia Cardoso,Analista de telecomunicações
35731,Enzo Gabriel Pereira,Suporte Júnior
35732,Eloah Andrade,Analista
35733,Clarice Moraes,Estagiário/assistente de TI
35735,Evelyn Cavalcante,CONSULTOR SAP FI-CO
35736,Daniela Almeida,Analista de Suporte
35737,Maria Costa,Analista de Suporte
35738,Dr. José Pastor,Arquiteto
35739,Sra. Mirella Pimenta,Suporte
35740,Miguel Vargas,Arquiteto de Sistema
35741,Juan Jesus,Arquiteto
35742,Bryan Leão,Agile Delivery Manager
35743,Thiago Brito,Consultor Agil
35744,Ana Liz Campos,Analista de QA
35745,Isabela Rezende,Analista de QA
35750,Sr. Ravy Casa Grande,Business Analyst
35752,Ana Freitas,Analista de Projetos
35753,Davi Lucas Alves,Assistente Administrativo
35754,Manuela Moura,Analista de Suporte de Sistemas
35755,Melissa Leão,Analista de Suporte de Sistemas
35756,Rebeca Montenegro,Analista de Sistemas Junior
35758,Dra. Maria Liz Carvalho,Power BI
35759,Kevin Silveira,UX
35760,Thomas Nunes,Desenvolvedor
35761,Isabela Peixoto,DBA
35762,Sr. Matteo Azevedo,QA PL/SR
35763,Erick Cassiano,.NET
35770,Dr. Otto Lima,QA
35772,Maria Júlia Lopes,Analista de Negocios
35775,Srta. Maria Alice Novaes,Consultor SAP
35776,Maria Flor Moraes,consultor sap security
35778,Arthur Gabriel Cavalcanti,Gestor da qualidade TI
35779,Yasmin Garcia,Desenvolvedor . net
35780,Gabriel Sampaio,SUPORTE
35783,Dr. Davi Lucas Correia,Administrativa
35784,Dr. Yago Gonçalves,Analista SR – Auditoria
35786,Maria Luísa Cirino,SAP SD
35787,Mateus Novais,REDES
35788,Pedro das Neves,REDES
35789,Jade das Neves,DBA
35790,Sra. Helena Aparecida,Desenvolvedor .net
35792,Ryan Andrade,Desenvolvedor . net
35793,Felipe Santos,Analista de QA
35795,Dr. Dante Gomes,Analista de indicadores / qualidade
35796,Srta. Maria Luísa da Cunha,Desenvolvedor . net
35798,Dra. Carolina das Neves,PLSQL
35799,Heloisa Barros,.NET
35800,Lavínia Novaes,Auditoria
35801,Maria Alice Correia,Analista de Testes
34694,Dra. Letícia Sampaio,
34697,Sr. Samuel Moraes,MM jr
34699,Yuri Caldeira,Aprendiz- Ocupações Administrativas
34701,Calebe Camargo,FRONT‑END DEVELOPER
34702,Maria Liz Brito,Consultor de Negócios
34704,Henrique Camargo,Assistente logistico
34708,Ian Macedo,Atendimento
34709,Ana Lívia Barros,SAP MM
34710,Matheus Marques,Assistente administrativo
34712,Renan Fogaça,Vigilante
34717,Dra. Mariah Aparecida,SAP MM
34718,Luan Vasconcelos,Jovem Aprendiz
34719,Maya Barbosa,SAP MM
34720,Oliver Andrade,
34721,Ana Julia Ramos,Assistente Administrativo
34724,Dra. Ísis Costela,SAP MM
34727,Vitor Carvalho,ALMOXARIFE / SAP
34730,Sr. João Pedro da Cruz,SAP MM
34732,Bárbara Araújo,Controlador de Acesso
34733,Dra. Isabela da Mota,Porteiro Controlador de Acesso
34736,Maria Clara Cavalcanti,
34738,Maria Luísa Casa Grande,SAP SD
34745,Eloah Borges,Operador logístico II (Almoxarife)
34748,Marcelo Pacheco,Assistente administrativo
34749,Srta. Lara Dias,225253535
34755,Isabel Monteiro,SAP SD
34759,Luara Siqueira,Analista de Processos Jr
34763,Sr. Davi Costa,FRONT‑END DEVELOPER
34765,Ísis Melo,
34783,Srta. Olivia Alves,desenvolvedor
34787,Sra. Julia Alves,Atedente
34788,Sr. Igor da Paz,Consultor SAP MM
34799,Sr. Cauã Carvalho,
34801,Luiz Otávio Castro,Auxiliar administrativo
34808,Vitória da Costa,Auxiliar Administrativo
34822,Giovanna Silveira,Atendimento ao cliente
34823,Ágatha Moraes,Auxiliar administrativo
34824,Olívia Sousa,Auxiliar de produção
34829,Vinicius Macedo,Vendedor
34834,Dr. Benicio Rios,assistente administrativo
34842,Dra. Ágatha da Costa,
34843,Enrico Melo,Aux Administrativo
35803,Dr. Rael Melo,Analista Administrativo
35804,Dr. Bernardo da Rocha,ANALISTA DE SUPORTE
35806,Diego Fernandes,Auditoria
35807,Dra. Nina Novais,ANALISTA DE SUPORTE
35808,Sr. Caleb Fogaça,Consultor SAP FI
35809,Sra. Maria Laura da Costa,ANALISTA DE SUPORTE
35810,Fernanda Vasconcelos,Auditoria
35811,Nina da Mata,Auditoria
35812,Dra. Kamilly Rezende,Qualidade
35813,Dra. Aurora Cirino,Projetos
35814,Sra. Alice Sousa,ANALISTA DE SUPORTE
35815,Milena da Conceição,Java Senior
35816,Luiz Henrique Pacheco,Dev Java SR
35817,Sra. Luana Borges,Java
35819,Clara Barros,ANALISTA DE PROJETOS
35820,Srta. Nina Rezende,Mastersaf
35821,Dr. Vitor Hugo Montenegro,Consultor SAP BI/BW/BO | SAC
35822,Rael da Paz,UX Designer
35823,Sra. Laura da Conceição,Cybersecurity
35824,Rhavi da Mota,Agile
35825,Caio Dias,Agile
35826,Dr. Brayan Farias,Delivery Manager
35827,Lavínia Sales,Delivery Manager
35828,Hellena Silveira,Delivery manager
35829,Dante Cardoso,Consultor Ágil
35830,Srta. Valentina da Paz,Segurança da Informação
35831,Dr. Rafael Vargas,Desenvolvedor PLSQL
35832,Dr. Lucca Porto,Consultor SAP MM
35833,Dr. Antônio Nascimento,Atendimento Backoffice
35834,Lucas Andrade,Agile Coach
35835,Letícia Santos,Analista de Projetos
35836,Alexia Santos,Analista de Suporte
35837,Matheus da Costa,C# .net Core
35838,Matheus da Rosa,acesso
35839,Ana Laura da Paz,acesso
35840,Srta. Aylla Mendonça,acesso
35843,Dr. Heitor Santos,acesso
35844,Davi Miguel Lima,Desenvolvedor
35846,Sabrina Vieira,Consultor Security Operations
35847,José Pedro Cunha,acesso
35848,Lucas Mendonça,Recrutamento e Seleção
35849,Dr. João Vitor Melo,Desenvolvedor . net
35850,Yan Abreu,Agile Coach
35851,Vinicius Santos,Gerente de Projetos
35855,Bernardo Andrade,Desenvolvedor Python
35858,Ágatha Silveira,Analista de Auditoria
35862,Luna Abreu,Gerente de Projetos
35868,Sr. Murilo Barbosa,Gerente de Projetos
35871,Srta. Manuela Ferreira,Gerente de Projetos
35873,Brenda Nunes,Dev Python
35876,Dr. Gael Henrique Alves,Desenvolvedor . net
35877,Valentina Casa Grande,Analista de QA
35879,Sr. Benicio das Neves,Desenvolvedor . net
35885,Marina Rodrigues,DESENVOLVEDOR
35886,Dr. Davi Lucca da Mota,Designer de Produtos UX
35887,Sr. José Miguel Brito,HOMOLOGADOR
35888,Léo Dias,Jr.
35889,Joaquim Freitas,Gerente
35890,Dr. Bernardo da Paz,Gerente
35891,Melina Pereira,Java
35892,Sr. Vitor Hugo Macedo,Java
35893,Bruna Rocha,QA PL/SR
35894,Bruno Sá,Producter Ower
35895,Gael Henrique Machado,Designer de Produto
35896,Sabrina Montenegro,Designer de Produto
35897,Hadassa Sampaio,Aplicação
35899,Vitória da Rosa,Designer de Produto
35900,Sr. Lorenzo Cassiano,UX/UI
35901,Dr. Davi Miguel Rodrigues,Monitoramento
35902,Rebeca Vargas,Especialista em Monitoramento
35903,Dr. Renan Brito,Monitoramento
35904,Luana Melo,Monitoramento
35905,Srta. Lunna Farias,UX/UI
35907,Bruno Azevedo,UX/UI
35908,Jade Novaes,UX/UI
35909,Carlos Eduardo Santos,UX/UI
35910,Ryan Novais,UX/UI
35911,Dr. Enrico Duarte,UX/UI
35912,Dra. Ana Carolina Ramos,Homologador
35913,Juan Rios,UX/UI
35914,Jade Araújo,Homologador
35915,Dr. Henry Gabriel Andrade,Homologador
35916,Ana Laura Casa Grande,PO
35917,Sra. Stella Nascimento,TeamCenter
35918,Dr. Benjamim Leão,Tech Lead
35919,Bernardo Campos,TeamCenter
35920,Srta. Laís Caldeira,Homologador
35921,Dr. Luiz Otávio Marques,Homologador
35922,Sr. Cauã Abreu,Homologador
35924,Dr. João Gabriel Albuquerque,Agile Coach
35926,Theodoro Lima,Analista Financeiro
35927,Marina Azevedo,Analista Financeiro
35928,Gustavo Henrique Cunha,TELECOM
35929,Mathias Barbosa,Analista de QA
35930,Giovanna Cirino,Desenvolvedor . net
35931,Sr. Yago Azevedo,Desenvolvedor . net
35932,Noah Caldeira,Analista de QA
35933,Ravy Brito,Consultor CO/ FI Sênior
35934,Sr. Igor Farias,Senior Security Administrador
35935,Esther Cavalcante,Desenvolvedor react
35937,Joaquim Andrade,Suporte Tecnico
35939,Igor Rios,Suporte Técnico
35940,Dra. Antonella da Cunha,Homologador
35941,Srta. Sophia Sales,Analista RPA
35943,Sr. André Souza,Administrador Linux
35944,Leandro Ferreira,Analista de Suporte
35945,Luan da Cruz,UX
35946,Dr. Arthur Caldeira,Consultor SAP ABAP
35947,Dr. Luiz Gustavo Pires,C# .net Core
35949,Dr. Davi Barros,QA PL/SR
35956,Antônio Silva,Analista de indicadores / qualidade
35957,Paulo Caldeira,Desenvolvedor
35961,Samuel Melo,PMO
35962,Manuella Azevedo,LIDER DE EQUIPE
35963,Maria Cecília Dias,Analista PL de Projetos - Gestão de Acessos
35964,Mateus Abreu,CONSULTOR ABAP WORKLOW
35966,Murilo Rezende,Analista Pleno de Projetos - Gestão de Acessos
35972,Eduardo Carvalho,Analista PL de Projetos - Gestão de Acessos
35973,Josué Pimenta,Qualidade
35974,Dra. Sara Vasconcelos,QA
35975,Sr. Enzo Almeida,Qualidade
35976,Dra. Valentina Mendonça,Analista de Projetos / gestão de acessos
35977,Eduarda Oliveira,JDE
35978,Sr. Dom Sales,Analista de QA
35979,Rafael Moraes,Homologador
35980,Srta. Alice Câmara,Desenvolvedor
35984,Sra. Eloá Novaes,Qualidade
35985,Heloísa Mendonça,Qualidade
35988,Anthony Gabriel Teixeira,Forms / PLSQL
35989,Mariah Viana,Qualidade
35990,Cecília Rezende,Qualidade
35991,Srta. Carolina da Cunha,Java
35992,Laura Cunha,Java
35993,Levi Peixoto,Consultor
35994,Bianca Teixeira,SAP ABAP FIORI
35996,Liam das Neves,Engenheiro de Dados
35998,Aurora da Rosa,Security Administrador
35999,Dr. Anthony Monteiro,Consultor SAP SD
38291,Sr. Francisco Sampaio,Analista De Recrutamento E Seleção Senior
38292,Dr. Juan Azevedo,R&S
38293,Dr. Lorenzo Novais,QA Enginner
38294,Dr. Antony da Mota,Analista DBA Oracle
38297,Heloisa Sá,Analista De Recrutamento E Seleção Senior
38298,Sr. Isaac Rodrigues,PO
38300,Ana Julia Sá,Analista De Recrutamento E Seleção Senior
38302,Bernardo Marques,PO
38303,Dra. Hellena Araújo,Analista De Recrutamento E Seleção Senior
38304,Sra. Gabrielly Porto,DBA ORACLE
38305,Ian Gonçalves,Analista de RH
38306,Dra. Luara Barros,RH
38307,Isadora Machado,Analista de Recrutamento e Seleção
38308,Fernando Guerra,rh
38310,Guilherme Correia,Analista de Recrutamento e Seleção
38311,Sra. Juliana Abreu,Desenvolvedor
38312,Sr. Thiago Lopes,BI
38313,Sr. André Rodrigues,consultor SAP ABAP PI
38314,Benício Correia,Analista de Recrutamento e Seleção Sênior
38315,Maria Sophia Albuquerque,Analista de Recrutamento e Seleção Sênior
38316,Antony Pastor,Desenvolvedor
38317,Sra. Ester da Paz,Expansão
38318,Sr. Enzo Gabriel Fernandes,Expansão
38319,Sr. Eduardo Cardoso,Oracle PL/SQL
38320,Eduarda Castro,Suporte
38321,Isadora Aparecida,Suporte
38322,Leandro Peixoto,Expansão
38323,Dr. Matteo da Rocha,Suporte
38324,Ian Sousa,Oracle PL/SQL
38325,Dra. Sabrina Campos,ABAP
38326,Liz da Cruz,Expansão
38327,Theo Martins,Oracle PL/SQL
38328,Bianca Pereira,Analista Linux
38329,Sr. Benjamim Fonseca,Analista Linux
38330,Dr. Kevin Farias,Suporte
38331,Sra. Aurora Pacheco,Analista Linux
38332,Dr. Ryan Nogueira,Product Owner PL
38333,Dra. Maria Luísa Montenegro,Programador ABAP SEM INGLES
38334,Gustavo Melo,Suporte
38335,Anthony Cardoso,Suporte
38336,Isaque Macedo,Desenvolvedora Salesforce
38337,Lucas Gabriel da Conceição,Analista de Expansão
38338,Marina Mendes,Consultor SAP Hybris
38339,Sara Vargas,Consultor SAP Hybris
38341,Dra. Bruna da Conceição,Consultor SAP Hybris
38342,Manuella Albuquerque,Desenvolvedor
38343,Davi Lucca Cardoso,Desenvolvedor Salesforce
38344,Theodoro Ribeiro,Arquiteto Java
38345,Sr. Fernando Pires,Fraude
38346,Dr. Davi Lucas Sá,Oracle PL/SQL
38347,Diogo Pimenta,Oracle PL/SQL
38348,Antony Câmara,Oracle PL/SQL
38349,Maria Fernanda Carvalho,Desenvolvedor
38350,Dr. Ian Montenegro,Desenvolvedor Pleno
38351,Dr. Gael Mendonça,Desenvolvedor Pleno
38352,Alice Caldeira,Desenvolvedor Pleno
38353,Srta. Larissa Moura,Desenvolvedor
38354,Maria Sophia Jesus,Desenvolvedor Pleno
38355,Maria Clara Sousa,Consultor sap FI
38356,Sr. José Campos,Teste
38357,Heloisa Porto,Dados Python
38358,Clara da Luz,Desenvolvedor
38359,Dra. Jade Machado,Analista de Processos
38360,Isabel Casa Grande,Consultor de soluções digitais
38361,Dra. Helena Cassiano,Desenvolvedor
38362,Luara Fogaça,Dados
38363,Olivia Melo,Financeiro
38364,Srta. Fernanda Marques,Analista de bancos de dados
38365,Luiza Nunes,Arquiteto de Soluções – SOA/EAI/BPM
38366,Sarah Brito,Analista de banco de dados
38367,Davi Lucca Viana,Consultor SAP Utilities
38368,Srta. Ana Cecília Dias,Financeiro
38369,Carolina Cunha,Arquiteto
38370,Cauã Cavalcante,Fraude
38372,Anthony Gabriel Câmara,Desenvolvedor
38374,Dra. Maria Liz Borges,sharepoint
38376,Sra. Sophie Aparecida,Analista Network
38377,Renan Abreu,Analista de Expansão
38379,Lucas Gabriel Moreira,Analista de Network
38380,Srta. Sarah Novais,Analista de Network
38381,Pietro Santos,Financeiro
38382,Matheus Moraes,Financeiro
38383,Heitor Nascimento,Financeiro
38384,Bárbara da Luz,Financeiro
38385,Stephany Albuquerque,Financeiro
38386,Dom da Rosa,Analista Network
38388,Liam Cirino,Desenvolvedor
38389,Hellena Abreu,Infraestrutura
38390,Fernando Novaes,Desenvolvedor java e .net
38391,Srta. Isis Monteiro,Assistente de Cobrança
38392,Sr. Arthur Miguel Fonseca,Compras
38393,Ana Liz Azevedo,Desenvolvedor
38395,Dra. Rafaela Ribeiro,Assistente de Cobrança
38396,Luiz Otávio Martins,Desenvolvedor
38398,Dr. Bryan da Luz,Assistente de Cobrança
38399,Luiz Fernando Moraes,Infraestrutura
38400,Eloá Vieira,Infraestrutura
38401,Vitória Nascimento,Assistente de Cobrança
38402,Sr. Raul Pimenta,Analista de Operações
38403,Beatriz Mendes,Analista de Operações
38404,Helena da Conceição,Analista de Operações - Compras
38405,Nicolas Fonseca,Desenvolvedor Senior
38406,Sr. Joaquim da Costa,Consutor SAP ARIBA
38409,Isaque Lima,Genexus
38410,Sr. Benjamin Moraes,Consultor SAP HYBRIS
38411,Maria Laura Ramos,Desenvolvedor salesforce
39000,Larissa da Conceição,big data
39002,Srta. Maya Rezende,Big Data Lead
39003,Dr. Bryan Costela,Big data
39006,Dr. Davi Luiz Silveira,Governança/suporte
39008,Camila Rocha,Governança/suporte
39009,Letícia Sá,Governança/suporte
39010,Srta. Júlia Lopes,big data
39012,Srta. Maria Julia Pacheco,big data
39014,Dra. Luiza Moraes,Governança/suporte
39015,Sr. João Miguel Mendonça,DBA
39016,Henry Araújo,big data
39017,Theo Costela,DBA
39022,Dra. Marina Rios,Arquiteto Cloud | MultiCloud | 3x Azure Certified - MCT | 1x GCP Certified | 1x OCI Certified
39023,Sr. Noah Dias,Arquiteto Cloud
39024,Thales Sales,Cloud | DevOps | Virtualização | Infraestrutura
39026,Arthur Vasconcelos,Analista de governança de Segurança da informação
39028,Sra. Maria Eduarda da Rosa,Suporte
39029,Dr. Miguel da Mata,cloud aws
39030,Isaac Santos,Desenvolvedor Java - PL/SR ( Fuul Stack )
39031,Sra. Caroline das Neves,consultor sap SD
39032,Sr. Luan Cavalcanti,Arquiteto de Soluções | DevOps | Linux | Cloud | AWS | Azure | GCP | OCI ☁️
39033,Apollo Fernandes,Arquiteto Cloud
39035,Eloah Azevedo,Analista de Telecomunicações
39037,Miguel Mendes,Analista de Sistemas
39038,Camila da Rocha,Analista de Testes
39039,Daniel Silva,Governança
39043,Sra. Bruna Costela,Telecom
39044,Dra. Alana Fonseca,governança
39045,Maria Clara Siqueira,Analista de telecomunicações
39046,Liam Nogueira,Analista de Telecomunicações PL
39047,Isaac Cassiano,Telecom
39048,Lara Abreu,Analista de telecomunicações
39049,Dr. Diego Fogaça,Analista de Telecomunicações
39050,André Carvalho,CX | Customer Experience | TI | Analista | Suporte | Telecomunicações | Técnico | Atendimento | Cliente | Success | Assistente | Tecnologia | Logística | Experience |
39051,Sra. Bella Silveira,Analista de Telecomunicações
39055,Maria Vitória Sá,Analista de Telecomunicações
39056,Maria Flor Correia,Analista de Redes e Telecomunicações
39057,Maysa Guerra,Analista de Telecomunicações
39058,Sr. Yan Cavalcanti,Analista de Telecomunicações
39059,Maya Albuquerque,Administrador Salesforce
39060,Srta. Ana Sophia Porto,Analista de telecomunicações
39061,Ravi Rocha,Analista de Telecomunicações
39062,Augusto Andrade,Arquiteto
39063,Maitê Novais,Analista de Telecomunicações • Analista de Redes • Engenharia Telecomunicações • Engenharia Elétrica • Enganhria de Redes e Sistemas de Telcomunicações
39064,Ana Clara da Cruz,Analista Java
39065,Davi Luiz Sá,Analista Java
39066,Ana Sophia da Mota,Analista de Telecomunicações
39067,Sr. Isaac Lopes,"Analista de Redes, Administrador de Servidores Linux, DevOps"
39068,Maria Julia Duarte,Analista de telecomunicações
39069,Srta. Luiza Ribeiro,Full Stack Developer
39070,Luiz Felipe Rios,Analista de Telecomunicações | Operações de Rede
39071,Davi Lucas Rios,Engenheiro SW
39072,Luiz Henrique da Cunha,Analista Funcional e Tecnico Oracle Retail Xstore
39073,Luiz Otávio Melo,Analista Funcional e Tecnico Oracle Retail Xstore
39074,Elisa Ribeiro,Analista Funcional e Tecnico Oracle Retail Xstore
39075,Sr. Apollo Mendonça,Desenvolvedor de Software C#
39076,Davi Luiz Garcia,Desenvolvedor de Software C#
39078,Anthony Gabriel Freitas,Big Data Lead
39079,Dr. Ravi da Conceição,
39081,Sra. Kamilly Ferreira,Devops
39082,Dra. Ágatha Cassiano,Homologador
39083,Lunna Araújo,TESTE
39084,Ana Luiza Garcia,Teste
39085,Sara Sales,Desenvolvedor C# com C++ Senior
39086,Sr. Matteo Martins,Suporte
39087,Dra. Gabriela Silveira,Gerente de Projetos SAP
39088,Valentina Dias,Analista de Sistemas
39089,Srta. Evelyn Lima,Desenvolvedor C# com C++ Senior
39090,Sr. Juan Jesus,Suporte
39091,João Pedro Macedo,Desenvolvedor C# com C++ Senior
39092,Guilherme Araújo,Analista de Sistemas
39093,Sra. Luana Teixeira,Analista de Sistemas
39095,Sr. Guilherme Pinto,Oracle Architect
39096,Gael Henrique Nogueira,Analista de Sistemas
39097,Maria Sophia Nogueira,Infraestrutura
39098,Srta. Clara Vargas,Full Stack Developer at Wiley
39099,Laura Novaes,Consultor SD
39100,Dr. Noah Mendes,Engenheiro de Software - Java | C# | Go | Javascript | Typescript | React
39101,Nicolas Teixeira,big data
39102,Sra. Natália Farias,SAP MES
39103,Sra. Melina Casa Grande,Cloud
39104,André Cunha,"GERENTE DE TI (SISTEMAS, PROJETOS, INFRAESTRUTURA"
39106,Rafael Almeida,Selenium + Cypress
39107,Mariane Macedo,React
39108,Sr. Breno Casa Grande,Selenium + Cypress
39110,Sra. Luiza Ramos,Selenium + Cypress
39111,Marcos Vinicius Andrade,Selenium + Cypress
39112,Dr. Ravi Jesus,Frontend Developer
39113,Lívia da Conceição,"Software Developer, Full Stack, C#, .Net, TypeScript, Javascript, React, Angular"
39114,João Miguel Rezende,Selenium + Cypress
39115,Paulo Mendonça,JAVA
39116,Sra. Maria Flor Lima,Desenvolvedor
39118,Dr. Vitor Gabriel Ferreira,Oracle HCM
39119,Francisco Pereira,Oracle HCM
39120,Sr. Caio Nascimento,SAP SD
39122,Sr. Carlos Eduardo Borges,Desenvolvedor Java - PL/SR ( Fuul Stack)
39123,Hadassa Porto,Desenvolvedor
39125,Léo Cardoso,Oracle HCM
39126,Eloah Fernandes,Oracle HCM
39127,João Guilherme Porto,Oracle HCM
39128,Dr. João Costela,Oracle HCM
39129,Dr. Alexandre Guerra,Analista Java
39130,Rafaela Silveira,React
39131,Oliver Duarte,Desenvolvedor
39132,Luiz Felipe Rocha,Desenvolvedor Pleno
39133,Luiz Gustavo Mendonça,NOC
39136,Srta. Ísis Caldeira,NOC
39142,Lavínia Gonçalves,Selenium + Cypress
39144,Maria Luiza Moraes,Atendente
39152,Asafe Lima,infra
39153,Dr. Luiz Otávio Câmara,Atendente
39160,Henrique Barros,Analista NOC
39172,Sophia Peixoto,Analista Técnico de Suporte – NOC
39176,Anna Liz Leão,Eng Dados
47000,Sr. Cauê Borges,SAP MM
47001,Sra. Maya Araújo,Gerente de Logistica
47002,Giovanna Costela,Desenvolvedor Front-end
47003,Emanuel Farias,Desenvolvedora
47004,Liam Duarte,Gerente de Logistica
47006,Lucas Ribeiro,Desenvolvedor Web Fullstack
47008,Joaquim Pimenta,Gerente de Logistica
47009,Antonella Vasconcelos,Gerente de Operações Logísticas
47010,Gabriela Rios,Gerente de Logistica
47011,Larissa Costa,Salesforce B2B
47012,Olivia Nunes,Estoquista Júnior
47013,Srta. Hellena Siqueira,Estoquista Júnior
47014,Bruna Correia,Consultor SAP SD
47015,Arthur Miguel Aparecida,Desenvolvedor FrontEnd Jr
47016,Theo Pimenta,Encarregada do Departamento Fiscal
47017,Dra. Ana Vitória Costela,Desenvolvedor Front-end Pleno
47018,Sra. Helena Rios,Engenheiro de Dados
47019,Maria Liz da Mota,SAP MM
47020,Pedro Miguel Peixoto,Analista Funcional Salesforce
47021,Manuela Cirino,Gerente de Logística
47023,Antony Duarte,SAP ABAP
47024,Stella Ramos,Desenvolvedor fullstack
47025,Dra. Heloísa Pastor,Jr
47026,Bárbara Farias,Desenvolvedor Front End
47027,Srta. Maria Júlia da Conceição,Engenheiro de Dados
47028,Marcos Vinicius Vargas,Gerente de Logística
47029,Caleb Rodrigues,Gerente Projetos Supply Chain
47030,Srta. Isabela Castro,Estoquista Júnior
47031,Luana da Mata,Estoquista Júnior
47032,Daniel da Paz,Gestor da Cadeia de Suprimentos
47034,Dra. Liz Rezende,SD Sênior com Abap
47035,Maria Flor Campos,Analista de sistemas Mainframe
47038,Lívia Nunes,Analista Financeiro Fiscal Sênior
47043,Mateus Aragão,Consultor SAP PS
47044,Isabelly Vieira,Consultor SAP SD
47046,Sara Gomes,Analista Programador Mainframe
47049,Miguel da Luz,Analista de Governança
47055,Ana Clara Vasconcelos,Desenvolvedor Frontend
47057,Alexia Fernandes,Consultor SAP SD Jr
47058,Amanda Nunes,Android
47059,Isabelly Moreira,SAP MM
47060,Sr. Diogo Siqueira,Salesforce
47061,Maya Aparecida,Desenvolvedor Web
47063,Bryan da Luz,Salesforce
47064,Mathias da Cruz,Desenvolvedora Salesforce
47070,Murilo Camargo,Desenvolvedor Salesforce
47071,Dr. João Felipe Lima,Desenvolvedor FullStack Pleno
47072,Ana Laura Araújo,Consultor técnico Mastersaf PLSQL S
47074,Dr. José Miguel da Cruz,Consultor SAP FI
47075,Diogo Sousa,Salesforce
47076,Breno Cirino,Android
47077,Ana Sophia da Costa,Salesforce Developer
47078,Dom Guerra,Salesforce
47079,Benjamin Almeida,Android
47080,Gael Moraes,Estagiario Integração OSGT SAP
47081,Enzo Gabriel Costela,Salesforce
47082,Sra. Helena Aragão,Desenvolvedor Android
47083,Kevin Castro,Salesforce
47084,José Pedro Machado,salesforce
47085,Bruna Siqueira,salesforce
47088,Dra. Evelyn Borges,Salesforce
47089,Dr. Dante Sá,Salesforce
47090,Ísis Mendonça,Salesforce
47091,Sr. Valentim Azevedo,Analista Financeiro
47093,Nathan Ramos,Desenvolvedor de Software
47094,Maysa Lima,analista
47095,Sr. João Felipe Mendes,Analista Sênios Contábil
47096,Cauê Casa Grande,Analista de Teste / QA
47097,Ayla Nogueira,Salesforce
47098,Srta. Sophia Vargas,Consultor SAP FI
47099,Camila Machado,Tester QA
47100,Bianca Almeida,Desenvolvedor Android
47101,Otto Cavalcante,Teste QA
47102,Brenda Lopes,Analista de Dados
47103,Dra. Nina da Luz,Analista de Dados Sênior
47104,Srta. Alícia Nunes,JAVA ANgular AWS
47105,Mariah da Cunha,Especialista de Seg da Informação
47106,Laís Casa Grande,Analista de Segurança
47107,Sr. Liam da Rosa,Analista de Segurança
47108,Dr. Luiz Otávio Fernandes,Analista Financeiro
47109,Brayan Barros,Controlador Administrativo
47110,Lorena Costela,FINANCEIRO
47113,Sr. Luan Brito,Product Owner - Coordenadora
47114,Srta. Alice Pacheco,Product Owner - GP
47115,Dra. Maria Luiza Cardoso,Consultor SAP CRM
47116,Lucas Guerra,Projetos de RH - Product Owner
47117,Sr. Gael Sampaio,Android Engineer
47118,Lívia da Luz,Android Engineer
47119,Dr. Leandro Abreu,Analista de Segurança da Informaçao
47122,Heitor Costela,Angular
47123,Yago Garcia,Fiscal
21000,Ana Júlia Carvalho,
21002,Valentim Casa Grande,Análise de Dados para Processos e Negócios
21005,Dr. Thales Novaes,
21006,Sra. Ana Laura Gomes,Infraestrutura - DBA - Suporte
21007,José Macedo,
21014,Dra. Emanuella da Mata,
21020,Luiz Felipe Araújo,SAP PS
21022,Cecília Vieira,
21023,Isaac Oliveira,
21024,Luiz Felipe Pastor,
21025,Dr. Lorenzo Novaes,
21026,Dra. Luna Câmara,
21028,Ana Cecília Cavalcanti,
21029,Sr. Vitor Hugo Albuquerque,
21030,Oliver Sousa,
21031,Maitê da Conceição,
21032,Heitor Pacheco,
21033,Brenda Fogaça,
21036,Ana Correia,DESENVOLVEDOR PL/SQL
21037,Matteo Cavalcanti,Desenvolvedor Sênior
21039,Ana Luiza Nogueira,
21040,Heloísa Pimenta,
21041,Evelyn Freitas,"Analista de ti, Analista SAP, Consultor e Gerente de Projetos"
21042,Leonardo Camargo,
21043,André Cirino,
21044,Alice Pereira,
21045,Emanuella Castro,
21046,Dra. Stella Mendes,
21049,Ana Cecília Santos,
21050,Maitê Aragão,
21051,Srta. Eloá Rios,
21052,Theo Peixoto,
21055,Maria Flor Viana,Consultor SAP HCM
21056,Raul Costa,Desenvolvedor PHP
21057,Vitória Costela,Analista/Programador
21058,Cauã Cassiano,Desenvolvedor
21059,Lunna Camargo,
21060,Dra. Isis Aragão,
21062,Dr. Valentim Gomes,
21063,Vitor das Neves,
21064,Gustavo Henrique Fogaça,
21065,Miguel Correia,Analista de Suporte
21066,Nina Mendonça,
21070,Lucas Gabriel Mendonça,
21071,Maria Clara Pastor,
21074,Sr. Arthur Oliveira,
21075,Aurora Duarte,
21077,Alexia Martins,
21079,Dr. Nicolas Machado,
21080,Nicolas Novais,
21081,Murilo Novais,Consultor SAP Basis
21082,Maria Júlia da Costa,
21083,Dr. Carlos Eduardo Cavalcanti,
21084,Benício Fonseca,
21085,Larissa Caldeira,
21086,Dra. Evelyn Santos,
21087,Isis Sampaio,
21089,Dr. Rael Cirino,ser um bom desenvolvedor com enfase em java
21090,Dra. Clara Castro,
21092,Raquel Fonseca,
21093,Mirella Barros,
21094,Stephany Machado,
21095,Bárbara Gonçalves,
21096,Dr. Luiz Gustavo Gonçalves,
21097,Kamilly Rios,
21098,Mariana Camargo,
21100,Sr. Bernardo da Cruz,"Analista de Sistemas, Analista de MIS, Analista de Projetos"
21101,Renan Rocha,
21102,Sophia Montenegro,
21103,Sr. Benjamim Almeida,
21104,Marcela Cavalcanti,
21105,Dr. Samuel Andrade,Tecnologia da Informação
21106,Ravi Lucca Siqueira,
21107,Sara Azevedo,
21108,Luna Novaes,C# .NET
21109,Pedro da Mota,
21110,Sra. Luísa Nogueira,
21111,Pedro Lucas Castro,
21112,Ana Luiza Almeida,
21113,Leandro Santos,Eng. de Desenvolvimento de Software
21115,Srta. Helena Cirino,
21116,Isaque das Neves,Desenvolvedor
21117,Isis Silveira,
21118,Isaque Viana,
21119,Eloá Cunha,
21120,Dr. Gabriel Costa,
21121,Noah Pimenta,
21123,Ísis Mendes,
21124,Sra. Ayla Sousa,Arquiteto de Software
21125,Sr. Igor da Mota,
21126,Ana Lívia Peixoto,Desenvolvedor .NET
21127,Brayan Aparecida,
21128,Vitor Hugo Rezende,Desenvolvedor Java Junior
21129,Sr. Breno Duarte,Arquiteto de Software
21131,Antony Pereira,
21132,Sr. João Miguel Mendes,
21134,Sr. Raul Dias,
21136,Eloá Rodrigues,
21138,Antonella Nascimento,
21139,Maria Liz da Cunha,Gerente de Projetos
21143,Vitor Guerra,
21144,Dr. João Miguel Rezende,Analista/Desenvolvedor JAVA
21145,Dom Castro,
21146,Dr. Gael Melo,Desenvolvedor
21149,Alana Albuquerque,Arquitetura de Soluções e Corporativa
21150,Giovanna Pereira,Atuar na área de Tecnologia como Desenvolvedor
21151,Olivia Pinto,
21152,Sr. Nathan da Cruz,Desenvolvedor Java Jr.
21153,Olivia Pacheco,
21154,Evelyn Fonseca,
21155,Lorenzo Vasconcelos,
21156,Natália Nunes,Profissional em busca de uma oportunidade para adquirir experiência.
21157,Sra. Esther Cavalcante,Gestão de Projetos
21160,Dra. Larissa Casa Grande,
21161,Sr. Mathias Pereira,
21162,Dr. Rodrigo Machado,
21164,Maria Cecília Correia,
21166,Jade Rezende,
21167,Srta. Vitória Campos,"Participar de projetos interessantes e inovadores, Atuar na área de gestão de projetos."
21168,Srta. Camila Cavalcante,
21170,Eduardo Aragão,
21174,Sr. Luiz Fernando Silva,
21175,Raquel Machado,Servir a empresa da melhor forma possivel
21176,Sra. Maria Sophia Melo,Técnica Automotiva
21178,Sr. Samuel Oliveira,Programador ou Projetista de Sistemas Embarcados
21179,Sra. Emanuelly Porto,
21182,Lucas Rodrigues,
21183,Dra. Melissa Monteiro,
21184,Arthur Miguel Sampaio,
21185,Ana Luiza Albuquerque,Analista / Consultor / Scrum
21186,Ryan da Mota,
21187,Olívia Borges,Nova colocação como Engenheiro de Redes \ Administrador de Sistema.
21188,Otto Silveira,Business Intelligence | Data Science | Machine Learning
21189,Luara Ribeiro,
21190,Maria Julia Rios,
21191,Manuela Barros,
21193,Srta. Maria Liz Nunes,Analista Suporte
21195,Sarah Rezende,
21196,Sra. Bella Dias,
21197,Dr. João Felipe Costela,
21198,Dra. Fernanda Machado,Desenvolvedor FULL STACK Java
21199,Jade Sampaio,
21200,Gabriel Peixoto,Desenvolvedor Java
21201,Dra. Maria Liz Garcia,
21202,Arthur da Cruz,
21203,Mateus Nunes,
21205,Sra. Gabriela Cardoso,
21206,Murilo da Paz,
21208,Emilly Mendonça,
21209,Kevin da Rocha,
21213,Ravi Lucca Casa Grande,
21215,Maria Luiza Ferreira,Coordenador
21217,Ana Carolina Martins,Analista Infra Netbackup
21218,Evelyn Casa Grande,
21219,Sr. Davi Miguel Pinto,TI
21220,Srta. Ana Clara Sampaio,"Ser desafiado, crescer pelo aprendizado intenso e liderar pessoas."
21221,Srta. Maria Eduarda Pimenta,
21222,Alícia da Conceição,
21223,Srta. Liz Pastor,
21224,Esther Moreira,FACILIITES
21227,Ana Julia Peixoto,Gerente de Projetos / Scrum Master
21228,Sra. Sofia Mendonça,
21229,Lucas Gabriel Aparecida,
21230,Sra. Isabela Sousa,Gerente de Projetos
21232,Raquel Souza,
21233,Joaquim da Cunha,
21234,Dr. Bernardo Rocha,
21235,Maria Luísa Ferreira,
21236,Sr. Davi Souza,
21237,Dr. Luan Silva,
21238,Alexia Dias,
21239,Dra. Mariana Sampaio,Analista Linux
21240,Isis Vieira,Gerente Senior de Projetos SAP
21241,Sra. Ágatha Casa Grande,
21243,Kevin Vargas,
21244,Isadora Novais,
21249,Ísis Pacheco,
21250,Pedro Miguel Fernandes,
21253,Gustavo Henrique Montenegro,Especialista em T.I.C. com mais de 20 anos de experiencia
21256,Dra. Maya da Luz,"Atuar na área de infraestrutura em TI. Experiência de mais de 7 anos como analista de suporte, infraestrutura, hardwares, auditorias e projetos relacionados a TI. Formado em técnico de Telecomunicações e graduado em Administração de Redes de Computadores."
21257,Daniel Rezende,
21258,Sr. Oliver Camargo,
21263,Sra. Bruna da Cruz,
21264,Sr. Isaque Carvalho,Analista Sr Unix
21266,Sra. Emilly Montenegro,Analista de BI Trainee/Júnior
21268,Sra. Ana Júlia Fonseca,
21269,Luan da Luz,
21270,Emanuella da Conceição,Especialista Infraestrutura
21271,Bento Leão,
21272,Zoe Cassiano,
21275,José Mendes,Crescimento profissional
21276,Jade da Luz,
21279,Aylla Nascimento,
21281,Diogo Sá,
21282,José Pedro Pires,
21283,Maria Vitória Aragão,
21284,Lorena Aparecida,
21285,Srta. Raquel Santos,
21286,Dra. Olívia Duarte,Analista de Suporte ou funções correlatas na área de Tecnologia da informação
21287,Srta. Maria Vitória Barros,
21289,Aylla Leão,
21290,Dr. Gabriel Siqueira,
21291,Sara Araújo,
21292,Hadassa Ribeiro,
21294,Maria Sophia Camargo,
21295,Bryan Rios,
21296,Davi Miguel Guerra,
21298,Dr. Davi Campos,
21299,Luiz Otávio Guerra,
21300,Sr. Felipe Aragão,
21301,Caio Ribeiro,
21302,Rebeca Machado,
21303,Clara Peixoto,
21304,Sr. Pedro Lucas Pacheco,
21305,Dr. Brayan Sá,
21307,Antony Ribeiro,Analista de Segurança da Informação
21308,Luiza Brito,
21309,João Vitor Ribeiro,
21310,Sra. Amanda Novaes,Consultor SAP SD TM LES
21311,Cecília Pinto,
21312,Lucas Nogueira,Analista de infraestrutura
21313,Arthur Gabriel Pastor,
21314,Marcela Vasconcelos,
21315,Maria Sophia da Luz,
21317,Carolina da Mota,
21318,Srta. Jade Guerra,
21319,Marcelo Carvalho,
21320,Clarice Camargo,
21321,Mathias Fogaça,
21324,Emanuel Nogueira,
21326,Amanda Lima,
21327,Juliana Santos,Analista de Crédito Imobiliário
21328,Helena Rezende,
21329,Benjamim Farias,TI
21330,Henrique Peixoto,Analista de suporte Pleno-senior
21331,Dra. Zoe Pimenta,
21332,Srta. Giovanna Caldeira,
21333,Dr. José Miguel Rios,
21334,Allana Barros,
21335,Henry Gabriel Andrade,Analista de Credito Imobiliário
21336,Ian Ferreira,Analista de contas a receber
21337,Daniel Mendonça,
21338,Sr. Raul Alves,Operacional
21339,Srta. Stella Moreira,
21340,Vinicius Costela,Desenvolvedor Salesforce
21341,Dr. Henry Barbosa,
21343,Sr. João Guilherme Porto,
21346,Ágatha Barbosa,
21347,Laís Siqueira,
21348,Lucas Gabriel Ferreira,
21349,Sr. Vinícius Guerra,Analista de Segurança da Informação
21350,Dr. Asafe Vargas,
21351,Dra. Maria Júlia Santos,CONSULTOR BI/ETL
21352,Maria Liz Novais,Analista Financeiro
21353,Sr. Emanuel Gonçalves,
21354,Ryan Rocha,
21355,Nicole Rodrigues,
21356,Sra. Maria Sophia Pires,
21357,Rafael Macedo,
21358,Dr. Enrico Sousa,
21359,Anthony Castro,
21360,Sarah Lima,Analista
21362,Hellena Caldeira,
21363,Sr. Rodrigo Sousa,
21364,Srta. Emilly Gonçalves,Consultor SAP ABAP
21365,Allana das Neves,Designer
21366,Luiz Gustavo Pires,
21367,Sr. Augusto Alves,
21368,Srta. Stella Andrade,
21369,Isaque Costa,Administrador Salesforce/Gerente de T.I
21371,Alexia das Neves,
21372,Sr. Luigi da Mota,UX/UI Design
21373,Srta. Ana Cecília da Cruz,Desejo ocupar esta vaga para colocar em prática todo o aprendizado obtido em meu estágio e assim obter uma oportunidade de efetivação em minha área.
21374,Pedro Miguel da Conceição,Design UX
21375,Dr. Luigi Moreira,
21376,Srta. Maria Julia Rodrigues,
21377,Srta. Gabrielly Macedo,
21378,Noah Correia,Gestão de Projetos
21379,Eduarda Azevedo,
21380,Fernando Nascimento,
21381,Ester da Mata,
21382,Heloísa Fogaça,Senior Business Analyst
21384,Bella Mendonça,
21385,Srta. Maria Fernanda Porto,
21386,Dr. Ryan Lopes,
21387,Liz Garcia,
21388,Sra. Yasmin Martins,Atuar com agilidade ajudando a organização e os times no desenvolvimento de soluções .
21389,Isabella Brito,
21390,Vinícius Azevedo,
21391,Sr. Bryan Câmara,Área de Dados
21392,Rafael Santos,
21393,João Lucas da Rocha,
21394,Elisa Sampaio,
21396,Luigi Sousa,
21398,Srta. Sarah Sales,
21399,Dr. Luiz Otávio Oliveira, Atuar em equipe de gerenciamento de projetos  Atuar na área de BI  Atuar na área de Testes  Trabalhar em equipe de forma comunicativa e ágil.
21400,Maria Flor Cirino,
21401,Laís da Rosa,
21404,Diego Barros,Analista Qualidade Software
21405,Sr. Benjamin da Conceição,
21406,Dr. Yan Barros,Analista de Testes
21408,Júlia Borges,
21409,Dr. Benício Rocha,
21410,Dra. Gabriela Pinto,"TI, Analista de Sistemas/SQA"
21411,Dr. Bruno da Luz,
21413,Srta. Olivia Machado,CONSULTOR SAP MM
21415,Maria Cecília Rios,
21416,Dra. Alexia Rodrigues,
21417,João Macedo,Administrador; Analista
21418,Dra. Stella Vasconcelos,
21419,Maria Isis da Mata,Analista de Bussines Intelligence - Analista de Dados - BI
21420,Bruna Moura,CONSULTOR PI/PO
21421,Maria Sophia da Cruz,
21422,Júlia Caldeira,
21423,Dra. Manuela Vieira,
21424,Agatha Pimenta,Desenvolvedor de sistemas
21425,Sr. Isaac Almeida,
21426,Davi Miguel Rezende,Analista de Gerenciamento de Identidade e Acessos
21427,Dra. Manuella Castro,
21428,Emanuelly Porto,
21429,Manuella Sales,
21430,João Felipe Sampaio,"Analista ou Gestor de Suporte, Analista ou Gerente de Infraestrutura e Telecom"
21431,Srta. Hellena Mendes,
21432,Sr. Eduardo Moraes,Desenvolvimento de Software
21433,Dr. Lucas Gabriel Aragão,
21434,Sr. Breno Correia,
21438,Kevin Oliveira,Administrador Linux
21440,Apollo Peixoto,
21441,Dra. Maria Clara Pastor,
21442,Sr. José Correia,
21443,Dr. Lucca Pinto,
21444,Lavínia Campos,
21445,Dra. Maria Eduarda Cavalcante,Analista desenvolvedor
21446,Catarina Montenegro,
21447,Dra. Elisa Lopes,"Analista de Crédito e Cobrança , Analista Financeiro"
21448,Gabrielly Cassiano,
21449,Sr. Josué Costa,
21450,Dra. Ana Beatriz Rezende,
21452,Sr. Rodrigo Souza,
21453,Mariane da Paz,
21454,Laura Dias,Web Developer
21455,Ravi Pereira,
21456,Luna Costa,
21457,Laís da Paz,
21458,Eloá da Mota,
21461,Sr. Benjamim Aparecida,
21462,Dra. Isadora Andrade,
21463,Sr. Thales Andrade,Desenvolvedor Web Jr
21464,Olivia Rodrigues,
21466,Gabriela Rezende,Back-End Node JS
21467,Sr. Noah Casa Grande,Crescimento em conhecimento e Skill de trabalho com consequência de sucesso.
21468,Sr. Enrico da Cruz,
21470,Théo Farias,"Como objetivo principal possuo a ideia de expandir meu conhecimento e experiência tanto profissional como acadêmica, desta forma, gerando resultados positivos para a empresa e pessoais."
21472,Sr. Augusto Abreu,
21474,Ana Júlia Campos,
21476,Matteo Cirino,
21481,Sra. Beatriz Cunha,Desenvolvedor de software
21483,Isabela Alves,Crédito imobiliário
21484,José Miguel Pimenta,
21485,Isabela Vasconcelos,
21486,Henrique da Cruz,Desenvolvedor WEB e Mobile
21487,Pedro Cavalcante,
21488,Srta. Mariah Albuquerque,
21489,Noah Marques,
21490,Dr. Marcelo Mendes,Desenvolvedor Java
21491,Dra. Alice Pimenta,
21492,Ana Clara Ribeiro,Desenvolvedor Backend Java
21493,Dr. Thales Pastor,
21494,Mateus Peixoto,
21495,Dr. Diego Moreira,Desenvolvimento Profissional
21496,Hellena Vargas,SAP ABAP
21497,Enzo Montenegro,
21498,Bryan Pires,
21499,Sr. Bernardo Mendes,
21500,Sr. Pedro Henrique Guerra,
21501,Lucas Albuquerque,Adquirir experiência e participar de muitos projetos de relevância
21502,Enzo Gabriel Mendonça,Desenvolvedora Web
21503,Felipe Viana,Tecnologia da Informação
21504,Dr. Cauê Melo,"Coordenador, Segurança da Informação, Infraestrutura e Suporte"
21506,Srta. Alana Lima,
21507,Agatha Aparecida,
21508,Maria Laura Câmara,Emprego na área de TI
21509,Daniel Sá,
21511,Dr. Valentim Pacheco,Analista de Sistemas | Desenvolvimento
21512,Fernando Aragão,
21513,Vitor Gabriel Aragão,TI
21514,Otávio Caldeira,
21516,Isaque Cunha,Desenvolvimento .Net / Analista de requisitos/Negócios
21517,Ayla Farias,Atuar no planejamento e desenvolvimento de sistemas em .NET ou PHP
21518,Luiz Gustavo da Cunha,
21519,Renan Duarte,
21520,Maitê Sampaio,Infraestrutura
21521,Dr. Luiz Miguel Sales,Gerente de Projetos
21522,Emilly Siqueira,
21523,Ester Peixoto,
21524,Eloah Castro,
21525,Ana Clara Araújo,Me tornar um desenvolvedor Sênior e contribuir para o crescimento da organização.
21526,Dr. Diego Costela,Desenvolvedor Java
21528,Luana Peixoto,
21529,Dra. Rafaela Barbosa,
21530,Maria Alice Ramos,ANALISTA DE CREDITO IMOBILIÁRIO
21532,Arthur Silva,
21533,Srta. Carolina das Neves,Desenvolvedor Java
21534,Yasmin da Mata,
21535,Srta. Ana Lívia Sampaio,Estabelecer carreira profissional
21536,Luiz Fernando da Paz,
21537,Rafaela Castro,ANALISTA DE CREDITO E COBRANÇA
21538,Srta. Larissa Montenegro,Analista de Crédito imobiliário
21539,Stella Pires,
21542,Marcela Montenegro,Analista de Negócio em Sustentação / Infraestrutura em TI
21543,Maitê Jesus,
21544,Dr. Otávio Campos,
21546,Sr. André Fonseca,administrativa e ou financeira
21547,Ana Beatriz da Conceição,
21548,Maria Eduarda da Costa,Administração
21550,Ravi Sampaio,
21551,Natália Rezende,
21552,Mathias Moraes,Especialista
21553,Maria Vitória Farias,
21554,Hadassa da Rocha,Arquiteto / Desenvolvedor
21555,Letícia Dias,
21557,Sra. Rebeca Fogaça,
21558,Ana Sophia Pereira,
21560,Clara Oliveira,"Colaborar em um ambiente de trabalho onde possa colocar em pratica meus conhecimentos em favor da instituição na qual viso integrar, focando sempre o beneficio e o crescimento da organização e o crescimento profissional."
21561,Bruna Montenegro,
21562,Emanuelly Araújo,
21565,Liz Peixoto,Desenvolvedor mobile
21567,Srta. Giovanna Novais,
21568,Srta. Carolina Montenegro,Desenvolvimento de software
21569,Dra. Letícia Abreu,Analista de Sistemas
21573,Sabrina Porto,
21576,Hadassa Cardoso,Administrativo / Gestão
21578,Srta. Maria Helena Moreira,Desenvolvedor Java Jr
21579,Sr. Benjamin Duarte,
21583,Lunna Pinto,"Meu objetivo é aprender, com rapidez, todas as atribuições relacionadas ao cargo em questão e, dessa maneira, mostrar os resultados que a empresa espera de mim."
21585,Alana Vasconcelos,Analista de Suporte
21587,Otto Fogaça,Financeiro/ Atendimento
21588,Sra. Maitê Siqueira,Ajudar organizoes a desenvolverem projetos que tragam valor para seus clientes
21589,Dra. Lara Fogaça,
21590,Camila Almeida,
21591,Luiz Henrique Freitas,
21594,João Felipe Cunha,
21597,Sr. João Pedro Almeida,Programador | Desenvolvedor Full Stack
21598,Sr. Ravi Lucca Borges,Consultor SAP FI CO / TRM
21599,Alice Sampaio,
21600,Sra. Maria Júlia Costela,
21601,Eloah Cavalcante,
21602,Dr. Renan Marques,
21603,Srta. Mariana Novais,
21604,Dr. Théo Mendes,
21605,Vitor Hugo da Paz,
21608,Srta. Isabelly Jesus,
21609,Sr. Anthony Gabriel Cavalcanti,Administrador de Redes
21610,Ana Liz Sampaio,
21611,Dra. Sofia Camargo,
21612,Dr. Guilherme Lima,Desenvolvedor
21613,Benício Cavalcante,
21614,Srta. Aylla Sampaio,Desenvolvimento de Software
21615,Dr. Lucas Gabriel Oliveira,
21616,Ana Sophia da Luz,Arquiteto de Software
21617,Sr. Thales Abreu,"Ingressar na empresa na área de TI, Desenvolvimento Java"
21618,Thiago Vieira,Analista Desenvolvedor
21619,Davi Vasconcelos,
21620,Valentim da Mota,
21621,Sra. Maria Isis Silveira,Dev
21622,Davi Miguel Pereira,Programador/Desenvolvedor
21623,Antônio Nascimento,
21624,Dr. Cauã Machado,Desenvolvedor de Software
21625,Anthony Gabriel Viana,
21626,Maitê Siqueira,Desenvolvedor Java Jr
21627,Sr. Benicio Cassiano,
21628,Sra. Ana Lívia Vargas,
21629,Gabrielly Nogueira,
21630,Emanuella Pinto,
21633,Ana Lívia Aparecida,
21634,Yan Porto,Gerente de TI
21636,Letícia Oliveira,
21637,Nicolas Borges,
21639,Leandro Martins,
21640,Dr. Kaique Caldeira,
21641,Olivia Silva,
21642,Srta. Ana Clara Santos,
21643,Sra. Aurora Novais,Analista Desenvolvedor Senior / Devops
21644,Eduardo Monteiro,Desenvolvedor Java
21645,João Lucas Mendes,Atuar como Desenvolvedor
21647,Bryan Carvalho,Analista de Suporte
21649,Matteo Lopes,
21650,Joana Araújo,
21651,Dr. Lorenzo Pereira,Líder/Especialista na área de Dados
21652,Sra. Yasmin Montenegro,
21654,Sra. Maria Vieira,
21657,Arthur Miguel Silveira,
21658,Sr. Renan Campos,Atuar na área de Desenvolvimento web/mobile
21659,Evelyn Dias,
21661,Dr. Kaique Camargo,
21662,Sra. Heloisa Novaes,
21664,Lorena Caldeira,
21668,Isabelly da Mota,Desenvolvedor Front End Senior (Angular)
21669,Dr. Gustavo Henrique Costela,Desenvolvedor de Software
21671,Melissa Vieira,
21673,Mateus Rios,
21674,Ayla Lima,
21675,Camila Peixoto,TI
21676,Maria Sophia Cassiano,Consultor SAP Success Factors
21678,Dra. Letícia da Costa,
21679,Henry Gabriel Albuquerque,
21680,Marcelo Porto,
21683,Theo Gomes,
21684,Marina Cavalcante,
21686,Dr. Matteo Vieira,
21689,Sra. Ana Cecília Novais,
21690,Arthur das Neves,Programador Java
21691,Sra. Bella Nogueira,Desenvolvimento de sistemas
21693,Dr. Francisco Costa,
21694,Dr. Miguel Camargo,
21695,Sr. Isaque Leão,
21696,Isaque Andrade,
21699,Maria Vieira,Gerente de Projetos
21700,Maria Fernanda Barros,
21701,Luana Moreira,
21702,Brenda da Conceição,
21703,Joana Vieira,
21704,Bruno Costa,
21705,Dra. Maria Luísa Aragão,
21706,Sra. Cecilia Machado,
21707,Dra. Luana Gomes,
21708,Isadora Monteiro,
21709,Maria Fernanda Ramos,
21710,Laís Cirino,
21711,Ana Rios,
21712,Srta. Melissa Vasconcelos,Área administrativa
21713,Lorenzo Sá,
21714,João Lucas Teixeira,Analista/Assistente Financeiro
21715,Sra. Maria Alice Monteiro,
21716,Sra. Cecilia da Paz,
21719,Samuel Nunes,
21720,José Miguel Carvalho,
21721,Natália Mendonça,
21725,Danilo Vasconcelos,
21726,Dra. Maria Helena Machado,
21727,Dr. Anthony Pastor,
21728,Caio Santos,
21729,Dra. Marina Moreira,
21730,Lucas Gabriel Pinto,"Oportunidades em Bancos de Dados, crescer e me desenvolver profissionalmente"
21732,Valentim Mendonça,
21733,Henry Gabriel Pires,
21734,Sr. Thales Câmara,
21737,Emanuel Porto,
21738,Hadassa Montenegro,Colaborar para construção de ferramentas de forma mais simples e objetiva.
21739,Vitória Mendonça,
21740,Marina Barbosa,
21741,Gabriel Pereira,
21742,Srta. Isabella Brito,
21743,Dra. Ana Beatriz Ribeiro,
21744,Luísa Cardoso,Product owner | Scrum Master | Agilista
21746,Srta. Isabella Nascimento,
21747,Arthur Gabriel Mendes,
21748,Davi Luiz Cirino,Analista de Suporte a Sistemas e Infraestrutura
21749,Bianca Martins,
21750,Benjamin Martins,
21751,Joaquim Marques,
21752,José Correia,
21753,Sra. Joana Monteiro,"Obter conhecimento, experiência e ter reconhecimento no mercado de trabalho"
21754,Pietro Gonçalves,
21756,Maria Cecília Araújo,Desenvolvedor
21757,Asafe Costela,Analise e desenvolvimento de sistemas
21758,Srta. Esther Costela,
21759,José Pedro Farias,
21760,Aylla Azevedo,
21761,Sra. Helena Nunes,
21762,Sr. Nathan Freitas,
21763,Danilo Viana,Avançar conhecimento
21766,Dr. Davi Miguel Nascimento,
21769,Cauã da Costa,
21770,Ana Liz Sousa,
21772,Enrico Barros,
21773,Dra. Maya Vieira,
21775,Stephany Araújo,
21776,Luan Gonçalves,
21777,Cauã Pimenta,
21778,Enzo Gabriel Sá,
21779,Srta. Luana Sá,Desenvolvedor Back-End
21780,Maria Fernanda Martins,Consultor ABAP Sr.
21781,Larissa Sousa,Programador/Desenvolvedor PHP(Laravel) ou .Net core
21782,Larissa Pacheco,
21783,Maria Alice Campos,Desenvolvedor backend Java
21786,Sra. Laís da Cruz,
21787,Srta. Maria Souza,Analista de Projetos
21788,Allana Pimenta,Agile Coach
21789,Dra. Emilly da Rocha,
21791,Maria Flor Azevedo,
21792,Ana Carolina Sá,
21794,Dr. Théo Ribeiro,
21796,João Pedro Porto,
21797,Levi Cunha,Analista de Projetos
21798,Noah Fonseca,
21800,Fernanda Caldeira,
21801,Sr. Murilo Fernandes,
21802,Dra. Maria Sophia Rodrigues,Desenvolvedor .Net Core Pleno
21803,Maria Luiza Cavalcante,
21804,Dra. Ana Beatriz Aparecida,
21805,Carolina Farias,
21806,Sra. Ana Cecília Leão,"Crescer profissionalmente cada vez mais para que possa ofertar aos meus contratantes as melhores opções de criação de softwares em termos de qualidade, segurança, robustez e escalabilidade."
21807,Matteo Barbosa,
21810,Melissa Monteiro,
21811,Dra. Melissa Albuquerque,
21813,Maria Cecília Freitas,Tech Lead
21814,Helena Carvalho,
21815,Pietra da Rocha,
21818,Maria Fernanda Sá,TI/Processos/Projetos/Logística
21819,André Abreu,
21820,Luiz Otávio Montenegro,
21821,Sra. Olívia da Cruz,
21825,Sr. Yuri Leão,Projetos
21826,Caio Campos,"Automatizar tarefas manuais, gerenciar base de dados e criar indicadores."
21827,Marcela da Mata,Analista de QA
21828,Srta. Lunna Castro,
21829,Dr. Bruno da Conceição,
21832,Yago Leão,
21833,Anthony Gabriel Fernandes,
21834,Sra. Ayla da Conceição,
21835,Dr. Léo Pimenta,Java developer
21836,Yan Leão,Area de Tecnologia
21837,Dr. João da Mata,Desenvolvedor
21839,Dr. Anthony Gabriel da Cruz,
21841,Sra. Mirella Sales,
21843,Dr. Otto Aparecida,
21845,Bruna Costa,
21846,Rafael Marques,
21847,Gabriel Pires,Tecnologia da Informação
21848,Dr. Pedro Henrique Moura,Evolução profissional
21849,Marina Araújo,
21850,Sra. Gabriela Marques,
21851,Milena Vargas,Gerente de Projetos/Scrum Master
21852,Sr. Eduardo Araújo,
21853,Dr. Vitor Machado,
21855,Apollo Albuquerque,
21856,Sra. Manuella da Rosa,
21857,Alexia Fonseca,
21858,Fernando Rocha,
21859,Matteo Pastor,
21860,Gustavo Gonçalves,
21861,Ravy Andrade,
21862,Isabela da Cunha,
21863,Isis Montenegro,
21864,Enzo Gabriel Cardoso,
21865,Dr. Thomas Cunha,
21866,Léo Monteiro,
21867,Ana Clara Guerra,Aumentar minha experiência e treinar minhas capacidades
21868,Dra. Sophie Sousa,
21869,Hadassa Pires,Gestão e Alocação de Recursos de TI
21870,Rael Rezende,Analista de Scheduling
21871,Sr. Guilherme Azevedo,
21872,Brenda Rodrigues,
21874,Enrico Freitas,
21875,Ana Vitória Nascimento,Recursos Humanos l Recrutamento e Seleção l Gestão de Pessoas
21876,Gabrielly Cirino,
21877,Luana Cavalcante,Engenharia de Dados e Ciência de Dados
21879,Pedro Miguel Sales,
21880,Brenda Sales,
21881,Calebe Costela,
21882,Sra. Ana Cecília Nogueira,
21883,André Barros,Analista Desenvolvedor SQL
21885,Alexia Teixeira,
21886,Hellena Freitas,
21887,Dra. Cecilia Aparecida,
21888,Juliana Brito,
21889,Asafe da Paz,
21890,Otto da Cruz,
21893,Heloisa Cavalcante,Desenvolvedor
21894,José Miguel Novais,
21895,Ana Clara Cunha,Desenvolvimento de Sistemas
21896,Sr. Calebe da Rocha,Desenvolvimento - Segurança
21897,Sra. Kamilly Ferreira,
21898,Sr. João Guilherme da Mata,Experiência profissional
21899,Nathan Sá,
21900,Apollo Mendes,
21902,Clara Cassiano,
21903,Fernando Dias,
21904,Sofia das Neves,Analista\Engenharia de Dados
21905,Francisco Moura,Consultor Funcional Oracle Cloud / Pré-Vendas Oracle Cloud e On Premisse
21906,João Vitor Mendes,
21907,Levi Azevedo,Desenvolvedor de Software
21908,Luigi Albuquerque,
21909,Anthony Gabriel Jesus,
21910,Dr. Anthony Sousa,
21915,Dr. Francisco Gonçalves,
21916,Alice Moreira,Arquiteto Cloud
21917,Sra. Sophie Casa Grande,
21918,Dr. Vinícius Garcia,
21919,Sra. Vitória Mendes,Analista de Sistemas / Oracle / PLSQL
21921,Ravy Teixeira,
21922,Sra. Maria Liz Castro,Consultor
21927,Davi Miguel Nogueira,
21928,Isadora Pacheco,
21929,Nathan Sales,
21930,Dr. Enzo Ramos,Desenvolvedor Full Stack
21931,Dra. Allana Melo,
21932,Dr. Luiz Otávio Lopes,"Analista De Automação, Desenvolvedor Java Jr"
21933,Kaique Lima,
21935,Sr. José Pedro Santos,
21936,Vinícius da Luz,CONSULTOR SAP BASIS
21937,Dra. Sofia Nogueira,
21938,Joaquim da Luz,
21941,Srta. Ana Luiza Jesus,Ser referência técnica
21942,Theo Casa Grande,
21943,Srta. Marina Lopes,
21944,Elisa Mendonça,
21945,Sr. Henry Gabriel Abreu,
21946,Sr. Calebe Brito,Atuar com desenvolvimento de sistemas com microsserviços
21947,Srta. Ana Lívia Abreu,
21948,Dr. Kevin Borges,
21949,Davi Lucas Rocha,
21950,Dra. Alexia Pastor,
21951,Sra. Cecilia Castro,
21952,Amanda Martins,Analista de Infraestrutura ou Suporte Redes
21953,Apollo Pacheco,
21954,Srta. Ana Luiza da Mata,
21955,Sr. Bento Costa,Analista de Sistemas/Líder Técnico
21958,Sr. Gustavo Camargo,
21959,Mateus Silveira,
21960,Sra. Maria Sophia Barros,
21961,Sra. Maria Laura Santos,
21962,Pedro Henrique Ribeiro,
21963,Emanuel das Neves,
21964,Dr. Cauã Silva,Ser um profissional dedicado para ajudar minha família.
21966,Sr. Benjamim Costa,
21967,Maria Luiza Rocha,
21968,Sr. Vitor Hugo Camargo,
21969,Gael Jesus,
21970,Dr. Luiz Gustavo Santos,Atuar na área de TI com sistema SAP FI e CO
21971,Milena Rezende,Análise de Sistemas
21977,Sra. Maria Sophia Montenegro,
21979,Dr. Vitor Gabriel Almeida,It Project Manager / Agile Project Manager / IT Manager
21980,Antonella Correia,
21981,Gabriela Abreu,
21982,Sr. Cauê Casa Grande,Atuar como desenvolvedor .NET Jr. ou desenvolvedor fullstack Jr.
21983,Dr. Gael Henrique Nascimento,Programador Junior Node.js
21987,Lunna Cunha,
21990,Alexandre Barros,
21993,José Miguel Viana,
21994,Lorena Gomes,
21996,Dr. Luan Casa Grande,
21997,Sra. Gabriela Garcia,
7000,Dra. Maria Cecília Rocha,Gerente de Projetos / Natural-Adabas
7007,Sr. Yuri Mendes,Gerente de Projetos
7038,Vitor Moreira,Gerente de projetos
7044,João Vitor da Luz,Gerente de projetos
7048,Ana Liz Novais,Gerente de Projetos
7073,Breno Novais,Gerente de projetos
7082,Samuel Marques,Gerente de Projetos / Outsourcing
7084,Vitória Vargas,CONSULTOR ABAP
7087,Davi Moraes,Consultor de Processos
7090,Ana Beatriz Mendonça,Consultor
7099,Dra. Ana Vitória Porto,Diretora/Gerente
7101,Dra. Lorena Correia,"Projetos, Infra estrutura"
7104,Enzo Gabriel Albuquerque,Analista Senior de Negocios
7116,Dr. Henrique Correia,Consultor Abap Junior
7119,Sabrina Machado,Analista de BI Analytics - SAP BO / SAP Analytics Cloud
7142,Sr. Henry Mendes,Gerente de Projetos
7151,Sra. Ana Luiza Leão,Gerente de projetos
7166,Maitê Aparecida,CWF - CTAS PAGAR
7178,Diogo da Mata,Gerente de projetos
7201,Sr. Benjamin Dias,Gerente de projetos
7236,Dr. José Mendes,Gerente de projetos
7251,Ana Liz Leão,Gerente de projetos
7255,Srta. Nicole Lopes,Gerente de projetos
7260,Luara Macedo,Gerente de projetos
7280,Sra. Raquel Marques,Gerente de projetos
7289,Cauê Abreu,Consultor PeopleCode
7300,Maya Machado,Gerente de Projetos
7303,Alexandre Mendes,Delivery manager - Service Manager
7358,Arthur Miguel Fernandes,"Oracle EBS, Oracle EBS ( AP, AR, GL, PO, INV, RI ), Oracle Cloud ( AP, AR, GL, PO, INV, RI ), Oracle NetSuite,"
7370,Marina Vasconcelos,Arquivista
7375,Liam da Cruz,Web developer
7386,Maysa Nascimento,Gerente de Projetos
7392,Yago Almeida,Gerente de Projetos
7396,Dr. Henrique Ribeiro,Gerente de Projetos
7417,Srta. Júlia Sales,desenvolvedor web
7433,Joana Barbosa,Gerente de Projetos / Gestão de TI / Infraestrutura / Storage
7437,Marcela Sales,Gerente de Projetos
7441,Ana Júlia Sousa,Gerente de Projetos
7444,Isis Marques,Gerente de Projetos
23000,Lavínia da Cruz,
23001,João Pedro Ferreira,Analista de Negocios/Requisitos
23002,Dra. Juliana Rodrigues,
23004,Theo Andrade,
23005,Cauã Campos,CONSULTORSAP SD/ARQUITETO DE SOLUÇÃO
23006,Larissa Santos,
23007,Luara da Cunha,CONSULTORA SAP SD/LES
23008,Srta. Alice Castro,
23009,Renan Macedo,
23010,Dra. Camila Borges,
23012,Julia Peixoto,
23013,Benício Araújo,
23014,Luana Guerra,
23015,Dr. Lucas Gabriel Ramos,
23017,Bruna Vargas,
23018,Dom Machado,
23019,Luiza Peixoto,
23021,Juan Pereira,
23022,Sr. Matteo Mendes,SAP Hana BW / SAC
23023,Elisa da Rosa,
23024,Theodoro Barbosa,
23025,Ísis Monteiro,
23026,Sr. Rhavi Barbosa,
23027,Dra. Olivia Casa Grande,
23028,Maria Luísa Ribeiro,
23029,Heloísa Melo,
23035,Alana Fernandes,"Analista de Redes, Telecomunicações e Infraestrutura"
23036,Sr. Noah Gonçalves,Sempre dar meu máximo para ajudar a empresa
23037,Heloisa da Mata,Desenvolvedor Salesforce / Dev FullStack .net
23038,Bárbara da Cruz,
23039,José Pedro Porto,
23040,Srta. Bárbara Leão,
23041,João Pedro Câmara,
23042,Dra. Ana Sophia Rodrigues,
23043,Luiza Silva,
23044,Antônio Cavalcanti,
23048,Gabriela Santos,
23049,Sra. Emanuelly Costela,
23050,Maria Laura Vargas,
23051,Sra. Cecilia da Luz,
23052,Lunna Pires,Certificacoes e futuramente gerência
23053,Arthur Barros,
23055,Dr. Caio Guerra,
23056,Liam Guerra,Desenvolvedor .NET
23057,Maria Fernanda Aragão,
23058,Carlos Eduardo Moreira,
23059,Sr. Arthur Gabriel Vasconcelos,
23060,Evelyn Mendonça,
23061,Srta. Rafaela da Cunha,OPORTUNIDADE DE CRESCIMENTO
23062,Dra. Maria Vitória Sousa,
23063,Dra. Giovanna da Cruz,
23064,Fernando Cirino,
23067,Manuella da Rocha,Desenvolvedor JDE
23068,Vinícius da Rocha,
23069,Caleb Pimenta,
23072,Théo Ramos,
23075,Raul Costela,
23076,Sr. Bento Novais,"Buscar projetos novos e desafiadores, trabalhar com pessoas de diferentes expertises e aprender com elas"
23077,Luiz Gustavo Araújo,
23078,João Felipe Pires,
23079,Dr. Daniel das Neves,
23080,Luiz Felipe Azevedo,
23081,Sr. Lucca Borges,
23082,Thomas Fogaça,
23084,Noah Farias,
23085,Dr. Ian da Luz,
23086,Dra. Maria Isis Brito,
23087,Srta. Olivia Fernandes,
23088,Milena Moreira,Líder QA
23089,Cauã Abreu,Fazer Pós-Graduação e Inglês
23090,Dr. Ravi Silva,
23091,Carlos Eduardo Câmara,
23092,Sra. Stephany Albuquerque,
23093,Valentina Aparecida,
23094,João Felipe Fernandes,
23095,Benício Alves,SCRUM MASTER
23096,Isaque da Luz,
23097,Vitória Dias,
23098,Maria Eduarda da Cunha,Assistente de Marketing Digital ou Analista de Suporte Bilíngue
23099,Danilo Costela,
23100,Srta. Bruna Caldeira,
23102,Fernando Sousa,
23103,Sra. Nicole Novais,Scrum Master
23104,Davi Lucca Castro,
23106,Ana Cecília da Luz,
23107,Yasmin Alves,Analista de Sistemas/Programador COBOL Mainframe
23108,Henrique Sampaio,
23109,Cecília Ribeiro,
23110,Sra. Maria Júlia Camargo,
23111,Maya Nunes,
23112,Enzo Gabriel Nunes,
23113,Danilo Fonseca,
23114,Maria Laura Moreira,
23115,Catarina Duarte,Trabalhar com Psicologia Organizacional
23116,Rodrigo Silva,
23117,Dr. Thomas Camargo,
23118,Gabrielly Costela,
23119,Alana Cavalcante,Desenvolvedor Java
23122,Dra. Stephany Gonçalves,
23123,Emanuel Costela,
23124,Ana Luiza Siqueira,Analista de Sistemas Sênior
23126,Esther das Neves,
23127,Sr. Rhavi das Neves,
23128,Sr. Ravi Lucca Martins,
23129,Dra. Maitê Carvalho,Desenvolvedor Front-end / Back-end
23130,João Pedro Silveira,CONSULTOR SAP BW
23131,Dra. Giovanna das Neves,
23132,Maysa Rocha,
23134,Letícia Fonseca,
23135,Theo Barbosa,
23136,Dra. Ana Garcia,Auxiliar Administrativo
23137,Ana Viana,
23138,Dra. Alana Gonçalves,
23140,Lorena Campos,
23142,Dra. Bianca Pacheco,
23143,Maria Almeida,
23145,Murilo da Luz,Atuar em posições relacionadas ao suporte e implementação de Oracle Fusion Cloud Applications.
23146,Rael Novaes,
23147,Srta. Isabela Alves,Analista de Sistemas e Métricas de Software
23148,Srta. Bella Moreira,
23149,Heitor Cardoso,
23151,Sr. Luiz Felipe da Cruz,
23152,Erick Leão,
23153,Sr. Bento da Mota,
23154,Davi Lucca Barbosa,
23155,Dr. Nicolas Monteiro,
23156,Erick Pimenta,
23158,Cauã Vieira,
23159,João Vitor Rios,
23161,Sr. Mathias da Mota,
23162,Luiza Cassiano,
23163,Valentina Rezende,
23165,Otto Fernandes,
23166,Dra. Aurora Nogueira,
23167,Daniela Barros,
23169,Zoe Nogueira,
23170,Ana Clara Sales,
23171,Sr. Kevin Camargo,
23172,Srta. Hellena Azevedo,
23174,Sra. Larissa Aparecida,Área Fiscal e Tributária
23178,Srta. Evelyn Castro,Fulstack .NET - Líder
23179,Raquel Gomes,
23181,Davi Luiz Gomes,
23182,Ana Carvalho,Desenvolvedor Python (com foco em dados)
23184,Srta. Melina Pimenta,
23185,Sra. Heloísa da Rocha,
23187,Maria Cecília Monteiro,
23188,Dr. Samuel Martins,
23189,Joana Viana,
23190,Ana Clara Borges,Analista de Sistemas
23192,Sr. Kaique Sá,
23193,Sra. Isabelly Gonçalves,
23194,Juliana da Rosa,Consultora SAP PS e IM Sênior
23196,José Miguel Jesus,
23197,Henry Cunha,Analista Financeiro
23198,Sophie Costa,
23199,Jade Macedo,
23200,Dra. Marcela Cirino,
23201,Gustavo Henrique Nascimento,"Assistente de Faturamento, Assistente Administrativo e Assistente Financeiro."
23202,Sra. Caroline Sales,
23205,Sr. João Miguel Nunes,
23207,Sr. Apollo Pereira,
23208,Srta. Marcela Rios,Consultor SAP FI
23210,Pedro Henrique Caldeira,
23211,Igor Peixoto,
23215,Anthony Ferreira,Assistente
23216,Rafael da Luz,
23217,Sra. Bianca Nascimento,
23219,João Vitor Cirino,Desenvolvedor ABAP/Fiori
23220,Srta. Melina Carvalho,
23221,Dra. Olívia Andrade,
23222,Ana Júlia Rocha,
23223,Ágatha Oliveira,Busco novas oportunidades de aprendizagem e crescimento no mercado de trabalho .
23224,Olívia Andrade,
23225,Vicente da Mata,
23226,Maria Júlia Moura,Colocar em prática meus conhecimentos em uma empresa com oportunidades de crescimento.
23227,Thiago Camargo,
23228,Bento Costa,
23230,Srta. Sofia Peixoto,
23231,Dr. Caleb Cunha,Administração de Empresas
23232,Dr. Thiago Porto,Analista de Suporte / Administração de Redes / Analista de Infraestrutura
23233,Ravy Gomes,
23234,Vitor Gabriel Aparecida,"Meu objetivo é integrar a equipe de colaboradores da empresa em que eu tenha a oportunidade de desenvolver minhas habilidades e competências, para assim, contribuir com o crescimento da organização."
23236,Sra. Ana Vitória Alves,
23237,Maitê Gonçalves,
23238,Sra. Lívia da Conceição,Desenvolvedor Power Center
23239,Murilo Pastor,
23240,Benjamim Nunes,
23241,Aylla Pereira,
23242,Liz da Mata,
23243,Cauê Fogaça,Engenheiro mecanico
23244,Dr. Ravi Lucca Cirino,
23245,Sr. Samuel Vieira,
23246,Manuella Novais,
23247,Maria Sophia Câmara,
23249,Otávio Rios,Administração de Redes de Computadores
23250,Evelyn Pires,Desenvolvedor Web
23251,Larissa Nogueira,
23253,Ayla Marques,
23255,Dra. Stephany Dias,
23258,Lavínia Nogueira,
23259,Henry Gabriel Garcia,
23260,Sr. Leonardo Correia,Engenheiro Mecânico
23261,Daniela Ribeiro,Atuar em vagas estratégicas
23262,Sr. Pedro Lucas Almeida,
23263,Sra. Kamilly Rodrigues,Analista de Processos / Projetos
23265,Dra. Luiza Borges,
23266,Mariane Pastor,
23267,Sra. Liz Lopes,
23268,Leandro Silva,Consultor SAP FI/ CO e MM
23270,Sra. Melissa Dias,
23271,Ana Lívia Nogueira,Gerente de Projetos
23272,Dr. Oliver Cirino,
23274,Sr. Benicio Vasconcelos,
23275,Agatha Nascimento,
23277,Srta. Isadora Pimenta,Coordenador de projetos
23278,Nathan Andrade,
23279,Asafe da Mata,
23280,Dr. Lorenzo Barros,
23281,Theo Pastor,
23282,Joaquim Cardoso,"Machine Learning, Engenheiro de Dados, Cientista de Dados, Power BI"
23283,Luara Leão,
23284,José Miguel Leão,
23285,Alice Câmara,
23287,Sr. Isaque Rezende,Analista Mainframe
23288,Sr. Enzo Cavalcante,
23290,Olívia Nogueira,
23291,Kamilly Ferreira,Aplicar meus conhecimentos em prol da empresa para acrescentar maior experiência e aprendizado
23292,Leonardo da Paz,
23293,Luiz Miguel Souza,
23294,Dra. Antonella da Conceição,
23295,Lucas Gabriel Marques,
23296,Gael Henrique Souza,
23297,Dra. Luísa Teixeira,Carreira Internacional em Tecnologia
23298,Dr. João Lucas das Neves,
23299,Dr. Murilo Rios,
23300,Dra. Anna Liz Borges,
23301,Srta. Olivia Jesus,Arquiteto de Software
23302,Srta. Valentina da Rosa,
23303,Luara Rodrigues,
23304,Ana Julia Dias,Desenvolvimento Senior
23306,Augusto Novaes,
23307,Bruno Gonçalves,
23308,Danilo da Cunha,
23309,Caroline Pacheco,
23310,Lívia Garcia,
23311,Ravi Lucca Novais,Gestão
23312,Heloísa Fernandes,Tecnologia da Informação
23313,Alice Novais,
23314,Sr. Ravi Almeida,NOVOS DESAFIOS
23316,Olivia Novaes,Analista Administrativo
23317,Beatriz Nogueira,Analista Funcional de Sistemas
23318,Mariana Ribeiro,
23319,Olívia Campos,
23320,Sra. Larissa da Cunha,CONSULTOR SAP PM
23321,Sr. Rafael Barros,
23322,Luigi Sales,
23323,Dr. Vinícius Pastor,
23324,Dr. Juan Lopes,
23325,Dr. Vitor Gabriel Nunes,Gerente de TI
23326,Sra. Maria Flor Moura,
23328,Sr. Ian Cirino,
23329,Benicio Câmara,
23331,Maria Camargo,
23332,Camila Cirino,
23334,Dr. Heitor Cardoso,
23335,Dra. Stephany Ramos,
23337,Dr. Marcelo Oliveira,
23339,Sr. Davi Lucca Cavalcante,
23340,Dra. Isabelly Casa Grande,
23341,Ana Ramos,ciência de dados
23342,Milena Aparecida,
23343,Ian Rocha,
23344,Matteo Rios,
23345,Dr. Daniel Aragão,
23346,Emanuel Novaes,
23347,Hellena Nogueira,
23348,Sra. Ana Laura Cunha,
23351,Sr. João Lucas Sá,
23352,Srta. Maria Eduarda Marques,
23353,Dr. Theo Vargas,
23354,Sr. Vitor Hugo Sales,Consultor Sap MM Retail
23355,Sr. Luiz Gustavo Ribeiro,Agile Coach
23356,Catarina Nascimento,Analista Programador Java
23357,Srta. Hellena Nascimento,
23358,Maysa Melo,
23359,Dr. Ravi Santos,CONSULTOR SAP PS PM
23361,João Pedro Fonseca,"Logística, Operação e BI"
23363,Dr. Ian Araújo,Analista de Segurança
23364,Lucca Cirino,
23365,Amanda Moreira,Administrativo/comercial/BI
23369,Sra. Zoe Ribeiro,
23370,Dra. Maria Sophia Camargo,
23371,Sr. Davi Lucas Costa,Gerenciamento de Projetos
23373,Ísis Moura,Cientista de Dados
23375,Dr. Samuel da Rocha,
23376,Sr. Cauã Siqueira,
23377,Carolina Sousa,Atuar com análise e desenvolvimento de sistemas na plataforma Pega
23378,Srta. Ester Leão,
23379,Sr. Juan Moura,
23380,Dr. Lucca Cunha,
23381,Maria Júlia Pastor,
23382,Dra. Mariah Marques,
23383,Luísa Costa,
23384,Srta. Mariah Moraes,Cientista de dados
23385,Valentina Macedo,
23386,Maria Campos,Analista
23387,Brenda Azevedo,
23388,Brenda Rezende,
23390,Isabella Nunes,
23391,Nicole Pinto,"Analista de Sistemas, Segurança da Informação, Suporte, Programação"
23392,Olívia Fernandes,
23393,Yan Aparecida,
23394,Ana Júlia Nascimento,Área de testes de software e futuramente desenvolvimento
23396,Ayla Melo,
23397,Maria Liz Santos,
23399,Dra. Maria Fernanda Costa,
23400,Sophie Melo,
23401,Pedro Lucas da Mota,
23402,Julia Vasconcelos,Analista de Teste
23403,Matteo Oliveira,
23404,Ana Carolina Costa,
23405,Sr. João Gabriel Abreu,Gerente de Projetos
23406,Melina Novaes,
23407,Dr. Ryan Moreira,
23408,Zoe Aparecida,
23409,Dra. Maria Alice Monteiro,
23410,Luiz Miguel Rocha,
23411,Maria Flor Duarte,
23412,Theodoro Gomes,Analista Projetos TI e Implantação / Coordenador de Equipe
23413,Matteo Ferreira,Change Management Consultant
23414,Melina Araújo,
23415,Sra. Mirella da Paz,
23417,Evelyn Cassiano,CRESCIMENTO
23418,Srta. Marina Porto,
23419,Bruna Teixeira,
23420,Sra. Nina Albuquerque,
23421,Maitê Cardoso,
23422,Sra. Gabriela Cavalcanti,.
23423,Isaac da Luz,
23425,Dra. Maria Luiza da Paz,
23426,Srta. Sara Vasconcelos,
23427,Srta. Catarina Marques,
23428,Matheus Gonçalves,Analista
23430,João Felipe da Rocha,Ataur na Área de Seleção
23431,Camila Dias,
23432,Asafe Leão,
23433,Dr. Antony Jesus,"Administração e Implementações (Redes, Firewall)"
23434,Paulo Gomes,
23435,Sra. Giovanna Azevedo,
23436,Asafe Teixeira,
23437,Sr. Lucas Gabriel da Costa,
23438,Otávio Moreira,
23439,Maria Julia Silva,
23440,Sr. José Miguel Moraes,
23441,Sr. Paulo Jesus,Consultor SAP MM
23442,Sr. Caio Alves,
23443,Dr. Raul Castro,
23445,Maria Clara Barbosa,Analista de Testes
23446,Dra. Ana Luiza Rezende,
23448,Theo Sampaio,
23449,Dr. Thiago Vasconcelos,
23450,Ísis Duarte,
23451,Dra. Maria Alice Pinto,"SAP SAC, BI, BW"
23452,Rafael Nunes,
23453,Gustavo Azevedo,Comprador
23454,Evelyn Pastor,
23455,Davi Lucca Sousa,
23456,Sr. Pietro Vargas,Analista/Coordenador/Gerente
23457,Sophie Pinto,
23458,Sr. Rhavi Macedo,Consultor Oracle Cloud
23459,Gustavo Henrique Monteiro,Analista de redes
23460,Sarah Silva,
23461,Dra. Ana Sá,
23462,João Guilherme Castro,
23463,Srta. Heloisa da Cunha,
23464,Dr. Isaque Sampaio,
23465,Ryan Ramos,
23466,Sr. Arthur Gonçalves,
23467,Antony Novaes,Desenvolvimento de sistemas
23469,Srta. Valentina Novais,
23470,Ana Carolina Rezende,
23471,Anna Liz Dias,Desenvolvedor Java Jr
23474,Murilo Fonseca,
23475,Ester da Paz,
23484,Sr. José Pedro Correia,Jurídico
23489,Mathias Montenegro,
23490,Gael Henrique Leão,Analista de Segurança da Informação / TI
23491,Bella Moura,
23492,Isaque Sales,Analista de segurança
23493,Lavínia Cunha,Analista de Segurança da Informação
23496,Benício Pastor,
23497,João Lucas Pacheco,
23498,Sophia Vasconcelos,
23499,Srta. Agatha Aragão,
23500,Dra. Esther Pacheco,ATUAR COMO ANALISTA DE TESTES / QA
23501,Emanuella Vargas,
23502,Paulo Montenegro,
23503,Srta. Ana Júlia Sá,
23504,Carolina da Cruz,
23505,Sr. Gabriel Viana,
23506,Sabrina Lima,
23507,Dr. Yuri Montenegro,
23508,Ryan Montenegro,"Analista DevOps, especialista DevOps, DevSecOps"
23509,Srta. Gabrielly Santos,Atuação na area de qualidade de Software
23510,Sra. Julia Leão,
23511,Sra. Joana Sousa,
23512,Daniel Sales,
23513,Lorenzo Rocha,
23514,Bianca Pacheco,
23515,Dra. Maria Julia Mendes,Analista de Testes ou Requisitos
23516,Vitor Gabriel Jesus,
23517,Dr. Yago Alves,
23518,Sr. Bernardo Pastor,
23519,Kevin da Costa,SAP Basis Hana Netweaver Sênior
23520,Ana Clara Moreira,Auxiliar administrativo recepcionista telemarketing assistente comercial
23523,Henrique Sá,Administrativa/ Recursos Humanos
23524,Dr. Thomas Araújo,
23527,Marcela Pereira,Atuar na gestão de pessoas
23528,Dom Porto,Coordenador de TI
23530,Dra. Luiza Gonçalves,
23531,Agatha Casa Grande,
23534,Théo da Cunha,
23535,João Lucas Gomes,Desenvolvedor ABAP
23536,Maria Clara Campos,
23539,Igor Casa Grande,
23540,Vicente Fernandes,"Gerente de Projetos, Gerente de Processos e Consultor de processos"
23541,Isabelly Barros,
23542,Dra. Laura Nunes,
23543,Ísis Cavalcanti,Coordenação Contabilidade
23544,Dr. Vinicius Barros,
23545,Rhavi Pacheco,Contabilidade Gerencial
23546,Srta. Luiza Moreira,
23547,Esther Camargo,
23548,Sr. Antônio Alves,CONSULTORA SAP SD
23549,Anthony Gabriel Cardoso,CONSULTORA SAP SD
23550,Srta. Mirella da Luz,
23551,Benicio Carvalho,
23552,Henry Cirino,"CONTABILIDADE, ADMINISTRATIVO E FINANCEIRO"
23553,Emanuel Leão,
23554,Enzo Rodrigues,
23555,Erick Pastor,
23556,Srta. Carolina Rezende,
23557,Bárbara Carvalho,Atuar como Desenvolvedor de softwares com foco para Web
23559,Sra. Ayla Gonçalves,
23560,Henrique Cassiano,
23561,Ian da Rocha,"Integrar a equipe de colaboradores da empresa, através de novos desafios, onde eu tenha a oportunidade de desenvolver minhas habilidades e competências, além de contribuir para a construção de resultados efetivos e o crescimento da organização."
23563,Maria Julia Cirino,
23564,Ana Cecília Freitas,Atuar na área Fiscal e Tributária
23565,Marina Carvalho,Atuar com a cultura DevOps
23566,Srta. Luiza Sá,Analista de teste de software
23567,João Pedro Albuquerque,
23569,Henry Gabriel Pereira,"Administração, comercial"
23570,Dr. Diogo Melo,
23571,Paulo Aparecida,
23572,Benício da Paz,
23573,Joana Cardoso,
23574,Sr. Henry Gabriel Camargo,Analista de crédito imobiliário
23575,João Felipe Costa,
23576,Nina Marques,Desenvolvedor/Programador
23577,Srta. Raquel Pereira,"Comercial, Auxiliar, assistente administrativo"
23578,Lorena das Neves,
23579,Sr. Thiago da Rosa,
23580,Maya Sá,Assintente Administrativo
23582,Dra. Ana Cecília Brito,
23583,Sr. Matheus Mendonça,
23584,Kaique Pastor,
23585,Luiz Henrique Rocha,
23587,Dr. André Cardoso,Analista de RH
23589,Dra. Carolina Castro,
23591,Nicole Souza,
23592,Diego Silveira,"Tecnologia da Informação, Data Analytics, Power BI, SQL Server, Office 365, SharePoint e S&OP"
23593,Maria Flor Borges,Assistente Administrativo
23595,Isis Nunes,
23596,Srta. Maria Eduarda Mendes,Auxiliar Administravivo
23597,Dr. Luiz Gustavo Jesus,Área Administrativa
23599,Marina Sampaio,
23600,Srta. Aylla da Paz,
23601,Francisco Rocha,
23602,Dr. Luan Barbosa,
23603,Hadassa Costela,
23604,Sra. Ayla da Mota,
23605,Sra. Stephany Nunes,
23606,Liz Moura,
23607,Sr. Luiz Henrique Freitas,
23609,José Dias,
23610,Maya Macedo,ADMINISTRATIVA / FINANCEIRA
23612,Rael Pimenta,
23613,Bernardo das Neves,
23614,Zoe da Mata,
23615,Ana Sá,CONSULTOR ABAP/WEBDYNPRO
23616,Lorenzo Azevedo,
23617,Dr. Enrico Ramos,
23618,Gael Farias,CONSULTOR SAP PI SENIOR
23619,Sr. João Vitor Ramos,CONSULTOR ABAP/ PI/GRC
23620,Dr. Vicente Silveira,
23621,Allana Carvalho,
23622,Carolina Jesus,Engenheiro de Software Sênior
23623,Maria Helena Casa Grande,
23624,Dr. Henry Gabriel Nogueira,
23625,Heloísa Camargo,Analise de sitemas\ requisitos
23626,Hellena Moreira,
23627,Pedro Miguel Barros,Crescimento Profissional
23628,Dr. Enzo da Mota,
23629,Luara da Rocha,
23631,Dr. Henry Moreira,
23632,Diego Vieira,
23633,Sr. Noah Correia,
23634,Dr. André Dias,
23635,Luiz Miguel Oliveira,
23636,Srta. Olivia Pereira,
23637,Ana Sales,
23638,Sr. Ravi das Neves,
23639,Joana da Costa,
23641,Heitor Macedo,
23643,Srta. Olívia Porto,Administrativo
23644,Srta. Luana Rezende,à disposição da empresa
23645,Sr. Gael Henrique Marques,TI
23647,Srta. Luísa Montenegro,
23648,Erick da Rosa,
23649,Luara da Conceição,Lider Tecnico Hybris / Arquitetura
23650,Sr. Levi Viana,Crescimento profissional
23651,Benjamim Ribeiro,
23652,Sra. Isabel Sousa,Analista de Infraestrutura.
23653,Sr. Lucca Dias,
23654,Alícia Cardoso,
23655,Cecilia das Neves,
23656,Ravi da Rocha,Comprador
23657,Matheus Melo,
23658,Henrique Macedo,
23659,Sra. Sofia Moura,
23660,Srta. Ana Vitória Sales,
23661,Srta. Mirella Campos,
23662,Luigi Borges,
23663,Dra. Ana Júlia Brito,
23664,Ana Cecília Cavalcante,
23665,Sra. Rafaela Siqueira,
23666,Cauã Garcia,
23667,Lorena Vieira,
23668,Guilherme Fogaça,
23669,Pedro Novaes,
23670,Dra. Maya Fernandes,
23671,Dra. Giovanna Pinto,
23672,Sr. Ravi Machado,
23673,Sra. Letícia Pires,
23674,Dr. João Miguel Pires,
23675,Maria Liz Gonçalves,
23676,Théo Vargas,Analista Infraestrutura
23677,Joaquim Santos,Analista de Compras; Comprador
23678,Dra. Natália Novaes,
23679,Vinicius Casa Grande,Analista programador
23680,Dr. Valentim Silveira,
23681,Sra. Isadora Camargo,
23682,Benjamim Pinto,Analista fiscal
23683,Sr. Dom Cavalcante,
23684,Isabel Cirino,Desenvolvedor FullStack e UX/UI Designer
23685,Dr. João Vitor Sousa,Recursos Humanos
23686,Dra. Beatriz da Rosa,
23687,Srta. Sabrina Santos,
23688,Sr. Pedro Henrique Nogueira,
23689,Sr. Ian Gomes,
23690,Dra. Agatha Siqueira,Analista de Testes
23691,Dr. Breno Vieira,
23693,Srta. Isis Macedo,Analista de Rh
23694,Maria Cecília Novais,Analista de Recrutamento e Seleção
23695,Mirella Mendonça,Programação
23696,Yago Moraes,
23697,Srta. Melina Barros,Analista de Projetos e Tributos
23698,Igor da Rocha,
23699,Sr. Gabriel Freitas,Desenvolvimento das minhas habilidades profissionais
23700,Sr. Samuel Moreira,Analista Automação
23701,Catarina Sales,
23702,Sra. Joana Vieira,
23703,Dra. Laís Gonçalves,
23705,Dr. Diogo Machado,
23707,Luara Barros,
23708,Dra. Antonella Silveira,
23709,Sra. Nicole Silva,
23710,Pedro Miguel Castro,
23711,Srta. Lorena Cunha,
23712,Dr. Noah Gomes,Atuar na área de compras.
23713,Dr. Ravi Castro,Desenvolvendor Java
23714,Dr. Alexandre Aparecida,
23715,Sra. Nicole da Mata,
23716,Dr. Henrique Siqueira,
23718,Ana Liz Nogueira,CONSULTORA SAP SD
23719,Gabriel Nascimento,
23720,Brayan Moreira,ANALISTA DE RH
23721,Sr. Kevin Aragão,
23722,Dr. Marcos Vinicius Moreira,
23723,Dra. Isabelly Oliveira,
23724,Sr. Thomas Rodrigues,Atuar com análise e desenvolvimento de sistemas
23725,Ana Sophia Silva,
23726,Sra. Gabriela Cassiano,
23727,Dr. Marcos Vinicius Machado,
23728,Augusto Lopes,
23730,Sr. Felipe Cavalcante,
23731,Dr. João Miguel Vasconcelos,
23732,Zoe Pacheco,
23733,Sra. Emanuelly Aparecida,
23734,Ravy Rodrigues,CONSULTORA SAP SD
23735,Clara da Conceição,
23736,Sr. Bento Viana,vendas
23737,Matheus Pires,
23738,Kaique Duarte,
23739,Francisco Pinto,
23740,Alice Machado,
23741,Sr. Carlos Eduardo Silveira,
23743,Henrique Silva,
23744,Mirella Ferreira,
23745,Dr. Lucca Brito,Compras
23746,Giovanna Leão,
23747,Liz Barros,
23748,Ana Júlia Oliveira,
23749,Dr. Lorenzo Teixeira,
23750,Davi Miguel Vieira,
23751,Rhavi Pimenta,
23752,Sr. Vitor Gabriel Souza,
23753,Dra. Pietra Vargas,
23754,Cauã Andrade,
23755,Lorenzo Vargas,Atuar na área de Recrutamento e Seleção
23756,Sr. Pedro Viana,
23757,Otto Sampaio,Scrum Master / Gerente de Projetos
23758,Sra. Rafaela Novais,Recrutamento e Selecão
23759,Srta. Luna Aragão,
23760,Nathan Moura,
23761,Agatha Leão,
23762,Sophie da Rocha,
23763,Dr. Ravi Lucca Lopes,Crescimento Profissional
23764,Dr. Pedro Henrique Peixoto,Desenvolvedor PL/SQL
23765,Liz Farias,
23766,Dra. Isabela Cassiano,
23767,Marcelo Leão,
23769,Gabriela Pacheco,Estágio ou Dev.
23770,Sra. Ester Ramos,
23771,Sra. Beatriz Nogueira,CONSULTOR SAP BASIS
23772,Anthony Gabriel Vieira,
23774,Maria Liz Siqueira,
23775,Matheus Freitas,
23776,Valentim da Cunha,
23777,Ester Lima,
23778,Luiz Felipe Pereira,
23779,Nicole Teixeira,
23780,Ayla Carvalho,Desenvolvedor Pleno
23781,Mirella da Mota,
23782,Srta. Lavínia Pacheco,
23783,Igor Sá,Desenvolvedor Júnior
23784,Helena da Mata,
23785,Dra. Rafaela da Paz,Trabalhar como Sysadmin Linux
23786,Mateus Souza,
23788,Dr. Gabriel Brito,
23789,Dr. Leonardo Sousa,Engenheiro de Software
23790,Maria Julia Fonseca,
23791,Benjamin Aragão,
23792,Srta. Mariah Sá,
23793,Dr. Henry Gabriel Fogaça,Desenvolvimento e crescimento profissional
23794,Dr. Asafe Andrade,
23795,Dr. Mathias Ferreira,
23796,Nicole Nunes,
23797,Caio Aragão,
23798,Bento Cardoso,
23799,Dra. Sophia Moura,
23800,Sra. Ana Vitória Macedo,
23801,João Vitor Novaes,
23802,Murilo Cassiano,
23803,Bella Azevedo,
23804,Maria Clara da Rocha,Consultor SAP PP QM PM
23805,Théo Barros,
23806,Henry Gabriel Gonçalves,
23807,Isadora Araújo,
23808,Dr. Kevin Aragão,
23809,Dra. Emanuelly Nascimento,
23811,Dr. Luiz Fernando Pinto,
23812,Dr. Bruno Pereira,
23813,Beatriz da Mota,
23814,Srta. Manuela Almeida,
23815,Bryan Guerra,
23816,Sra. Nicole Camargo,
23817,Beatriz Sá,
23818,Maria Luísa Albuquerque,
23820,Juan Andrade,Analista Funcional ou Product Owner ou Analista de Negócios
23821,Sra. Sofia Marques,
23823,Ryan Pereira,
23824,Dr. Rhavi Cassiano,
23825,Dr. Luiz Miguel Leão,
23826,Sr. Benício Freitas,Desenvolvedor
23827,Catarina Santos,
23828,Sr. João Pedro Pacheco,
23829,Sr. Leandro Novais,Atuar na área de Sistemas
23830,Paulo Pinto,Gestão de Projetos
23831,Josué Fernandes,
23832,Dr. Theo Câmara,
23833,Sr. Luiz Miguel Câmara,
23834,Dr. Benicio Barros,
23835,Lucca Souza,
23836,Srta. Isadora Silva,
23837,Dra. Manuella Alves,
23838,Luiz Fernando Sampaio,
23839,Yago Brito,Desenvolvedor Front End
23840,Brenda Montenegro,
23842,Clarice Lopes,
23843,Leandro Novais,
23845,Sophia Borges,Crescimento na área e junto a empresa
23846,Gael Henrique Costa,
23847,Dr. Cauã Rezende,
23848,Maria Luísa Oliveira,
23849,Isaque da Costa,
23850,Pedro Henrique da Mata,
23851,Sofia Nascimento,
23852,Ian Marques,"Analista Financeira, Analista de Compras"
23853,Sr. Davi Lucca da Mota,
23854,Dra. Maria Eduarda da Mota,Analista de Compras
23855,Cauã Pacheco,Crescimento constante na área financeira
23856,Sr. Mateus Garcia,Farmacêutica
23858,Srta. Mariana Costa,
23859,João Gabriel Pinto,
23862,Bernardo Alves,
23863,Sra. Luiza Moura,
23864,Renan Almeida,
23865,Maysa Pimenta,
23866,Sra. Zoe Pinto,
23867,Lucca da Cruz,
23868,Sr. Arthur Gabriel Rodrigues,
23869,João Lucas Costela,
23870,Sr. Isaque Silveira,
23871,Sra. Julia Nogueira,Administrativa/Financeiro/Processos BPM
23872,Aylla Cassiano,Desenvolvedor .NET
23873,Sr. Asafe Sá,
23874,Dra. Juliana Cardoso,
23875,Otto Cavalcanti,
23876,Sara Santos,Oleo e Gas
23877,Bárbara Mendonça,
23878,Thales da Mota,
23879,Mariah Gomes,
23880,Dr. Marcos Vinicius Souza,
23881,Benício Novais,Consultor Sistemas Manufatura - MES Apriso
23882,Aurora Novaes,
23883,Benicio Correia,
23884,Murilo Pimenta,
23885,Antônio Gonçalves,
23886,Gael Henrique Carvalho,Desenvolver atividades na área da saúde
23887,Ravi Farias,
23889,Srta. Maria Alice Fernandes,
23890,Clara Cardoso,
23891,Antonella Duarte,
23892,Joaquim Peixoto,SAP MM WM
23893,Sr. Miguel Costela,
23894,Maria Isis Aparecida,Analista de InfraEstrutura
23895,Augusto das Neves,
23897,Luiz Fernando Sousa,
23898,Dr. Enzo Gabriel Melo,
23900,Sra. Larissa Rezende,
23901,Renan das Neves,
23902,Dr. Enzo Gabriel da Cunha,
23903,Sr. Davi Lucca Teixeira,
23904,Srta. Aylla Sampaio,
23906,Dr. Antony Mendes,DEVOPS
23907,Felipe Lima,
23908,Dr. Otávio Andrade,DevOps
23909,Murilo Azevedo,
23910,Antônio Peixoto,
23911,Marina Garcia,
23912,Sra. Nina Moreira,
23913,Sra. Maria Sophia Sampaio,Qualidade de Software
23914,Theodoro da Rosa,
23915,Esther Ribeiro,
23916,Theo Rios,
23917,Sr. Miguel da Rocha,
23918,Mirella da Rosa,Scrum master
23919,Emilly Castro,Consultor pi/po/grc
23920,Isabela da Mata,
23921,Arthur Gabriel Nunes,
23922,Brenda Ribeiro,
23923,Amanda Jesus,
23924,Dr. Henry Ribeiro,
23925,Sr. Pedro Novaes,
23926,Fernanda Pereira,Gerente de Projetos
23927,Sr. Dom Cavalcante,Analista de Segurança da Informação/Controle de Acessos
23928,Oliver Sampaio,Desenvolvedor Front-End
23929,Hellena Porto,
23930,Cecília da Rocha,
23931,Dra. Giovanna Monteiro,Atuar em Projetos de Redes/Network
23932,Murilo Lopes,
23933,Fernanda Garcia,
23934,Maria Laura Novaes,
23935,Sr. Lucca Rios,
23936,Dr. Thomas Abreu,
23937,Sr. Dante Lopes,
23939,Thales Costela,DevOPS
23940,Sra. Luísa Moreira,Coordenação de Sustentação / Projetos
23941,Yuri Oliveira,
23942,Valentim Moura,
23943,João Lucas Cavalcanti,
23944,Gael Henrique Cunha,
23945,Dr. José Pedro Leão,
23946,Sr. Anthony Camargo,
23947,Catarina Dias,
23949,Renan Dias,
23951,Yago Moura,
23952,Joana Brito,
23953,Joaquim da Mata,
23954,Cauã Cunha,
23955,Srta. Valentina Aparecida,
23956,Sr. Benjamim Vasconcelos,
23957,Sr. Ryan Sousa,
23958,Dr. Theodoro da Paz,
23959,Ana Júlia Machado,
23960,João Gabriel Andrade,
23961,Dra. Ana Almeida,Analista TI
23962,Josué Aragão,Consultor SAP BI
23963,Giovanna Vasconcelos,
23964,Thiago da Mata,
23965,Breno Pereira,"Analista de Negócios, Processos, DBA, Sistemas e Telecomunicações"
23966,Isabella Rezende,
23967,Augusto Vasconcelos,
23968,Sr. Brayan Vieira,
23969,Dr. Daniel Alves,
23970,Luiz Gustavo Cunha,
23971,Sra. Allana da Cruz,
23972,Sr. Bento Pimenta,
23974,Dra. Daniela Ramos,
23975,Pedro Lucas Novaes,
23976,Sr. André Casa Grande,
23977,Eduardo Guerra,
23978,Alexandre Borges,
23979,Luigi Souza,Atuar como Desenvolvedor-Analista de sistemas.
23980,Sr. Luan Ribeiro,
23981,Anna Liz Cardoso,Consultor TI SAP Oracle EBS
23982,Sra. Ana Júlia Pimenta,Àrea Comercial e Negócios
23983,Renan Carvalho,
23984,Maria Flor Carvalho,
23985,Sr. Rhavi Vieira,
23986,Srta. Beatriz Moura,
23988,Ana Luiza Guerra,
23989,Sarah da Cruz,Analista de Farmacovigilância
23991,Ravi Monteiro,
23992,Emilly Nunes,
23993,Carolina Vasconcelos,Analista de Recursos Humanos
23995,Dr. Vicente Farias,
23996,Daniel Porto,
23997,Sra. Valentina Pastor,
23999,Alana da Rosa,Compras
22000,Matteo Nunes,
22001,Marina Cassiano,
22002,João Vitor Pimenta,Analista de Cloud Computing
22003,Yago Teixeira,
22004,Dra. Ana Beatriz da Cunha,Ser um bom Desenvolvedor em diversas linguagens
22005,Eduarda Sampaio,Project Manager/Scrum Master/Gestão de pessoas/ Customer Success
22006,Marcelo Silva,
22007,Ana Liz Abreu,
22009,Raquel Rezende,
22011,Dr. Otto Mendes,
22012,Dra. Emanuella da Conceição,Analista de Sistemas e Desenvolvedor Java
22014,Bernardo Borges,
22015,Murilo Ramos,Poder contribuir com meus conhecimentos técnicos e também aprender com a empresa
22016,Dra. Isabelly Caldeira,
22017,Isaque Campos,
22018,Sra. Larissa Casa Grande,
22019,Sra. Maria Gonçalves,
22022,José Miguel Nogueira,
22023,Sr. Bento Campos,
22024,Srta. Stella Pinto,
22025,Helena Silva,
22026,Bruno Carvalho,
22029,Gustavo Henrique Rezende,
22030,Sra. Stephany Campos,
22031,Joaquim Jesus,Gestão de TI
22032,João Camargo,Analista CRM e automação de marketing
22033,Dom Casa Grande,Atuar na área de tecnologia.
22034,Caroline Camargo,
22035,Dra. Maria Flor Vasconcelos,
22036,Srta. Elisa Fonseca,Desenvolvedor Full-Stack
22037,Paulo Correia,Desenvolvimento de Softwares
22038,Sra. Lorena Casa Grande,
22039,Liz Porto,Processos e Projetos | Consultor Manufatura e Distribuição Oracle JD Edwards | Head de TI
22040,Mariah Fonseca,Front End
22041,Dra. Amanda Sampaio,"Trabalhar com tecnologia, mas especificamente com desenvolvimento web, onde eu possa me desenvolver como profissional."
22044,Srta. Alícia Silveira,
22045,Lucca Lopes,
22047,Dr. Mateus Montenegro,
22048,Dra. Maria Eduarda Ferreira,
22049,Mariane Casa Grande,
22050,Lorena Cardoso,
22051,Dr. Raul da Cruz,Analista/Engenheiro
22053,Dra. Bruna Mendonça,CONSULTOR SAP FI
22055,André Dias,
22057,Srta. Mirella Lima,
22058,Gustavo da Mota,
22059,Augusto Lima,
22060,Marina Oliveira,
22062,Igor Fernandes,Arquitetura de Soluções
22063,Gabriel da Costa,Gerente de Projetos | Telecomunicações | Operações
22065,Dra. Luísa Ferreira,
22066,Dra. Lívia Vargas,Crescer profissionalmente numa grande empresa.
22067,Arthur Gabriel da Rocha,"Buscar novos desafios, compartilhar conhecimento e eventualmente chegar ao nível Sênior"
22069,Sr. Rael da Cunha,
22070,Heloisa Viana,
22071,Sr. Pedro Miguel Pereira,Arquiteto / Desenvolvedor Java
22072,Sra. Luiza Gonçalves,
22073,Dra. Manuella Cavalcante,
22074,Luan Jesus,R&S
22075,Thales da Luz,
22076,Maria Flor Câmara,
22077,Daniela Rodrigues,Gerente de Projetos
22078,Luiz Henrique Almeida,Analista de Integração/Analista de Negócios
22081,Srta. Emilly Andrade,
22082,Srta. Ana Vitória Moura,
22083,Guilherme Novais,Desenvolvedora Python
22084,Sra. Ayla Pereira,
22085,Srta. Sara da Mota,Data Stage/BI
22086,Sr. João Rios,desenvolvimento/funcional JDE
22088,Dra. Maria Isis Barros,
22090,Dr. Erick Fogaça,
22091,Srta. Alice Fogaça,Analista de Sistemas Sr.
22092,Dr. Henrique Fonseca,
22093,Dr. Thiago da Rocha,Analista Desenvolvedor Java
22094,Dr. João Miguel Barros,
22095,João Vitor Lopes,
22096,Carlos Eduardo Teixeira,Analista de Dados
22097,Olivia Leão,Inovar
22098,Dr. Benjamim Moreira,
22100,Theodoro Dias,
22101,Sr. Davi Lucca da Luz,
22103,Alana Barbosa,
22104,Rebeca Moraes,"Atuar na area de PCP e ou Logística como analista, supervisor ou coordenador"
22105,Sr. Gustavo Henrique Jesus,
22106,Cauê Ferreira,
22108,Luana Viana,
22109,Luiz Gustavo Monteiro,
22110,Gabrielly Duarte,
22112,Gael Guerra,
22113,Bernardo Abreu,
22114,Milena da Cruz,Atuar como full stack
22115,Bianca Cardoso,
22116,Anthony Cavalcanti,
22117,Dr. Davi Lucas da Cruz,
22118,Maria Alice da Rocha,Atuar na área de Recursos Humanos
22119,Maitê Guerra,
22120,Maria Silva,Analista de Projetos
22121,Isaque Vieira,Analista de Recrutamento e Seleção
22122,Sra. Maria Luiza Dias,Analista de Redes
22123,Mathias Cavalcante,
22124,Luigi Cirino,
22125,Dr. Bento Cirino,
22126,Sr. Anthony Gabriel da Paz,
22127,Lucca Machado,
22129,Isadora Silveira,
22130,Gael Abreu,
22135,Sophie Pacheco,
22136,Dra. Juliana Correia,Consultor Dados/CRM
22137,Sr. Pedro Caldeira,
22138,Dr. Pedro Lucas Siqueira,
22139,Isadora Leão,Desenvolver-se na área de TI com tendência para governança
22140,Dr. João Pedro Pinto,Gerente de projetos
22141,Nathan Cassiano,
22142,Sr. Gustavo Henrique Nunes,
22143,Srta. Lavínia Gomes,
22144,Dra. Melissa Cunha,
22145,Caleb Almeida,
22146,Ágatha Macedo,
22147,Emanuelly Monteiro,Consultor SAP FI
22148,Dra. Nicole Guerra,
22149,Isaac Costa,
22150,Dr. Joaquim Lima,
22151,Sra. Maria Isis da Mata,
22152,Dra. Brenda Leão,Analista BI
22153,Ana Carolina Cassiano,
22154,Enzo Gabriel da Rosa,
22155,Sr. Vicente Moura,
22156,Bruno Mendonça,
22157,Mariana Cavalcanti,Arquitetura e desenvolvimento para SAP Cloud Platform
22158,Srta. Yasmin Câmara,
22164,Sr. Marcelo Fogaça,
22165,Ravi Lucca Ribeiro,
22166,Marina Silva,
22167,Gabriel Oliveira,
22168,Ágatha Ramos,
22169,Nicole Pereira,Assistente Administrativo / Secretária
22171,Yago Silva,
22172,Matheus Abreu,
22173,Arthur Gabriel da Mata,
22174,Sabrina Gomes,
22175,Dra. Ana Júlia Pires,
22176,Maria Laura Barbosa,
22177,Amanda Pires,
22178,Asafe Souza,
22179,Cecília Ramos,
22180,Isaque Alves,
22181,Maya Oliveira,
22182,Dr. Calebe Aragão,
22183,Otto Martins,Gerente de TI ou Gerente de Telecom
22185,Théo Leão,
22186,Marcela Alves,Analista de negócios
22187,Sr. Guilherme Ramos,Gerente Projetos
22188,Sarah Ribeiro,
22189,Dra. Lunna Oliveira,"Gestão de Tecnologia, Analista de Sistemas, Gerente Projetos"
22190,Dr. João Lucas Garcia,
22191,Cecilia Siqueira,
22192,Miguel Cardoso,
22193,Pietro Sousa,"Desenvolver melhor meus conhecimentos e habilidades, e me adaptar ao mercado com a finalidade de contribuir ao máximo com quem quiser contar com o meu trabalho"
22196,Dra. Maria Liz Cassiano,
22197,Srta. Melissa Viana,Chegar lá
22199,Sra. Ester Santos,Assistente
22200,Srta. Allana Sales,
22201,Srta. Ana Liz Correia,
22202,Laura Silva,
22203,Dra. Ana Carolina Dias,Tecnologia da Informação
22204,João Costela,
22205,Dr. Yan da Rocha,
22206,Daniel Duarte,
22207,Rodrigo Azevedo,Gerente de Projetos
22208,Arthur Nunes,
22209,Sr. Vitor Rocha,
22210,Isaque Camargo,
22211,Dra. Olívia Monteiro,
22212,Srta. Ana Carolina Casa Grande,
22213,Maria Eduarda da Conceição,
22214,Sra. Maria Flor Casa Grande,"Cargos de Analista de QA, Testador de QA, Analista de teste/QA e Quality Assurance Test Engineer"
22216,Isabela Cavalcanti,
22217,Sra. Maya Ribeiro,Analista QA – Pleno
22220,Benício Gonçalves,"Analista QA, Coordenador QA, Especialista QA"
22222,Joana da Cruz,DBA SQL Server sr ou Engenheiro de Dados sr
22224,Sara Novaes,
22226,Dra. Aylla Campos,
22228,Sra. Melina Pinto,
22229,Dr. Thomas Cassiano,
22230,Milena da Mata,
22232,Julia Sales,
22234,Sabrina Mendonça,
22235,Sra. Heloísa Cassiano,Gerente de Projetos
22236,Srta. Emanuelly Peixoto,Programar
17000,Sara Camargo,
17003,Leandro Vargas,Pretendo trabalhar como Assistente de Estoque Pleno.
17004,Sr. Kaique Pacheco,Administrativo Estoque
17005,Dra. Hellena Pereira,administrativo
17006,Dra. Aylla Cunha,Assistente/Analista em Recursos Humanos/Áreas Administrativas/Atendimento ao cliente.
17007,Dra. Melissa Araújo,
17008,Sra. Kamilly Garcia,Construir carreira na empresa
17009,Sra. Emanuella Campos,
17010,Laís Nogueira,
17011,Lorena Correia,
17012,Gael Melo,Administrativo financeiro
17013,Srta. Manuela Machado,Auxiliar de Faturamento – Recepção – Auxiliar Administrativo – Assistente Financeiro
17014,Aylla Gonçalves,Estoque
17015,José Pedro Rezende,
17017,João Pedro Melo,
17018,Dra. Maria Cecília Azevedo,
17019,Sr. Enzo Gabriel Mendonça,
17021,Dom Fonseca,Atuar como analista de testes en TI
17023,Dra. Agatha Montenegro,
17024,Sr. Caio Cassiano,
17025,Clara Pires,
17026,Dr. Rael da Mata,
17027,Kaique Lopes,Gestor de Orçamento Contratos e Custos (cód: 1380)
17028,Sr. Yan da Mata,
17030,Sr. Isaac Ribeiro,Cargo de Liderança em empresa de técnologia
17032,Dra. Manuella Rios,Analista SAP FI Pleno ou Junior
17033,Lorena Carvalho,
17034,Sra. Antonella Cavalcante,
17035,Dr. Brayan Pimenta,
17036,Luigi Moura,
17037,Dra. Vitória Barros,
17038,Lucas Leão,
17039,Srta. Ana Laura Araújo,Analista Desenvolvedor Java
17040,Luan Rios,
17042,Isadora Vasconcelos,
17043,Mariah Sampaio,
17044,Evelyn Monteiro,
17045,Anthony Gabriel Andrade,
17047,José Farias,
17048,Nicole Castro,Solution Architect | Full Stack Developer
17050,Sra. Amanda Silveira,Analista de Teste
17051,Augusto Montenegro,
17052,Melissa Duarte,
17053,Paulo da Costa,
17054,Raul Rios,Coordenador de TI
17055,Dr. Emanuel Guerra,
17058,Dr. Bruno Guerra,
17059,Aylla Aragão,
17060,Sra. Maria Eduarda Ramos,
17062,Srta. Bianca Guerra,
17065,Dr. Felipe Nascimento,
17068,Srta. Ana Sophia Moreira,
17071,Bryan Mendes,
17072,Sra. Maria Liz Aparecida,
17073,Davi Lucca Gomes,
17074,Luiz Gustavo Farias,
17075,Josué Azevedo,Analista
17078,Thomas Almeida,
17079,Mariana Pacheco,"Líder Técnico, Desenvolvedor, Arquiteto"
17080,Dra. Natália Barros,
17081,Srta. Olivia Novais,
17083,Ravy Moreira,Analista/desenvolvimento
17084,Brenda Pinto,
17085,Ravy Castro,Desenvolvedor .Net
17086,Dr. Luiz Fernando Moraes,
17087,Gustavo Santos,
17088,Dr. Léo Mendonça,
17089,Maria Pimenta,
17090,Sra. Isabel da Luz,
17091,Srta. Ana Cecília Nogueira,
17092,Cauã Caldeira,
17093,Valentina Carvalho,
17094,Sr. Pedro Lucas Campos,
17095,Davi Lucca Porto,
17096,Sra. Sabrina Monteiro,
17097,Vinícius Barbosa,Desenvolvedor
17098,Sra. Heloisa Nogueira,
17099,Dr. João Guilherme Cirino,
17100,Emanuel Cardoso,
17102,Fernando Dias,
17103,Levi da Mata,
17104,José da Mota,
17105,Sr. Apollo Pimenta,
17107,Leonardo Vieira,
17108,Maria Laura Sampaio,
17109,Eduarda Barbosa,
17111,Sra. Sophia Pinto,
17112,Dra. Emanuelly Abreu,
17113,Hadassa Lima,
17114,Sra. Maria Julia Camargo,
17115,Sr. Carlos Eduardo Sampaio,
17117,Pedro Lucas Viana,
17118,Dr. Enzo Gabriel Pereira,Aperfeiçoamento constante na área de desenvolvimento de sistemas e desejo de enfrentar um desafio que seria lecionar matérias na minha área de conhecimento
17119,Levi Lima,Programador C#
17120,Ana Júlia Cassiano,
17122,Srta. Natália Garcia,
17123,Dr. Kaique Nascimento,CONSULTOR ORACLE EPM
17124,Ana Lívia Gonçalves,
17125,Henrique Brito,
17126,Sra. Jade Camargo,
17127,Pedro Henrique Garcia,
17128,Hadassa Rocha,
17130,Pietro Jesus,
17131,Sra. Ana Pastor,
17132,Dr. Luiz Miguel da Luz,
17133,Milena Monteiro,
17134,Dr. Antônio Campos,
17135,Luna Peixoto,
17137,Oliver Almeida,
17138,Srta. Amanda Moura,
17139,Raquel Abreu,
17141,Brayan Ribeiro,
17142,Asafe Fonseca,
17143,Beatriz Rezende,Gerente de Projetos / Gerente de Sistemas
17144,Ravy Farias,
17145,Sra. Maitê Vargas,Analista
17146,Enzo Gabriel Andrade,
17148,Luna Freitas,
17151,Lucas Gabriel Guerra,
17152,Melissa Costela,
17153,Maria Alice Santos,
17154,Otávio Albuquerque,
17155,Natália Albuquerque,Cargos de especialista ou Coordenação de equipe
17156,Sr. Vinicius Dias,Líder de Desenvolvimento Mobile
17157,Júlia Vieira,
17158,Maria Flor Barbosa,Garantir o máximo de qualidade nas minhas entregas
17160,Carlos Eduardo Borges,
17161,Srta. Cecilia Costela,
17162,Dr. Pedro Dias,Dados ou BI
17164,Lavínia Jesus,
17166,Kevin Sampaio,
17167,Enzo Gabriel da Cunha,
17168,Ana Lívia Nascimento,
17169,Kamilly Siqueira,Arquiteto de Soluções em TI/Consultoria/Coordenação
17170,Rael Fonseca,Analista de Sistemas
17171,Noah Albuquerque,
17172,Vitor Gabriel Nunes,
17173,Carlos Eduardo da Rosa,
17174,Isabel Camargo,Atuar como Analista Desenvolvedor .NET Fullstack Sr
17175,Melissa Fonseca,
17176,Mariane Araújo,Especialista de Infraestrutura
17178,Srta. Olívia Nogueira,
17179,Pedro Henrique Gomes,
17180,Antony da Conceição,Analista de BI
17182,Dra. Carolina Fernandes,
17183,Dra. Caroline Lima,
17184,Maria Vitória da Mata,Business Intelligence / Finanças
17186,Sr. Bernardo Pimenta,
17189,Caio Monteiro,
17190,João Guilherme Silveira,
17191,Marcela Sampaio,
17192,Isaac Pacheco,
17193,Alícia Marques,
17194,Luísa Azevedo,
17195,Bryan das Neves,
17196,Danilo Peixoto,Analista de teste
17197,Matheus Pinto,
17198,Benjamin Pastor,
17199,Nina da Cunha,
17200,Sr. Juan Gonçalves,
17201,Sra. Maria Fernanda Garcia,
17202,Theo Moura,
17203,Elisa Moraes,
17204,Dra. Maya Peixoto,
17205,Srta. Luara Sousa,
17208,Sr. Gustavo Leão,
17209,Lorena Oliveira,
17210,Srta. Ágatha Rios,
17211,Sara Souza,
17212,Sra. Ana Laura Nunes,
17213,Dr. Diogo Nunes,
17214,Mariah Porto,
17216,Ana Luiza Ribeiro,
17217,Aylla Teixeira,
17218,Dra. Ana Júlia das Neves,
17219,Dra. Marina Gonçalves,
17221,Dr. Antônio Sampaio,
17222,Maria Sophia Azevedo,
17223,Isabelly Leão,
17224,Jade Moura,Atuar na área de Projetos/ Comercial
17225,Dr. Otávio Teixeira,
17227,Lara Aparecida,Analista de Sistemas / Programador
17228,Ravy Moura,
17229,Thales Porto,
17230,Srta. Nicole Nogueira,consultor sap hcm
17231,Anna Liz Novais,Especialista em Business Intelligence (BI) / Analytics
17233,Dr. Dante Montenegro,
17234,Gabriela Macedo,Me tornar um profissional certificado e especializado em Segurança da Informação.
17235,Felipe da Luz,
17236,Sr. João Felipe Moura,
17238,Milena Araújo,
17239,Isis da Paz,
17242,Srta. Maria Flor Lopes,
17243,Camila Barbosa,Negocios / Projetos
17244,Ísis Albuquerque,
17245,Melissa Gonçalves,
17247,Rafaela Marques,
17248,Sra. Eduarda Caldeira,
17250,Srta. Amanda Sampaio,
17251,Isadora Albuquerque,
17253,Dr. Lucas Gabriel Farias,
17256,Sr. Lucca Moura,
17257,Bárbara Lima,Analista de Negócios
17258,Giovanna Marques,
17259,Maysa Correia,analista
17260,Srta. Laís Costela,
17261,Enzo Gabriel Araújo,Crescimento e aprendizado na área de tecnologia
17262,Sr. José Pedro Farias,
17263,Bruno Monteiro,
17264,Gustavo Barbosa,
17265,Antônio Garcia,Desenvolvedor full-stack web e mobile
17266,Alexia Leão,
17267,Maria Cecília Martins,
17269,Ana Cecília Jesus,
17270,Sr. Lorenzo Cirino,Coordenadora de Folha de Pagamento
17273,Léo Alves,CRM Siebel
17274,Isadora da Costa,Consultor Técnico Peoplesoft
17279,Sr. Emanuel Oliveira,
17280,Dra. Eduarda Porto,Analista de Sistema
17281,Dra. Vitória Moraes,Analista de Sistemas
17283,Dra. Maria Eduarda Pereira,
17285,Benjamin Vieira,
17286,Dra. Ana Júlia Moura,
17287,Dra. Lívia Monteiro,
17289,Sr. Davi Monteiro,"Analista de suporte, Help ou Service desk, Atendimento ao cliente"
17290,Sr. Ryan Pereira,Crescimento junto a empresa
17291,Dr. Lucas Campos,Desenvolvimento Web
17292,Dr. Luiz Otávio Ribeiro,Recolocação
17294,Melina Santos,
17296,Sra. Allana Araújo,
17297,Emanuelly Guerra,
17298,Dr. Kevin Silveira,
17299,Sra. Bella Pacheco,
17300,Ana Vitória Vargas,Analista de T.I
17301,Sr. Marcelo da Rosa,
17302,Dra. Maria Isis Ferreira,
17303,Sr. Felipe Jesus,Consultor Dynamics CRM
17304,Marcelo Pimenta,
17305,Dr. Danilo Barros,
17306,Dra. Laura Camargo,
17307,Dr. Theodoro Gomes,
17309,Srta. Olívia da Mata,Cargo na Área da Tecnologia da Informação
17310,Srta. Hadassa Leão,
17312,Sr. Davi Luiz Cunha,
17313,Sr. Davi Luiz da Rocha,
17315,Sra. Isis da Luz,Gerente de Projetos
17316,Sra. Manuella Viana,
17317,Dr. Luiz Miguel Barbosa,
17318,Henrique Ferreira,
17319,Kaique Nascimento,
17320,Dra. Ísis Campos,
17322,Sra. Maria Luísa Brito,
17324,Sra. Liz Porto,
17325,Dr. Liam Albuquerque,
17327,Maria Eduarda Barbosa,
17328,Gustavo Henrique Cavalcante,
17330,Raul Gomes,
17331,Dr. Guilherme Santos,
17332,Melina Marques,
17334,Dr. João Vitor Mendonça,
17336,Dr. Felipe Siqueira,
17337,Srta. Amanda Farias,Designer
17338,Sra. Rafaela Ribeiro,"Estabilidade, crescimento profissional, desafios."
17339,Heloísa da Cruz,
17341,Rebeca Fogaça,
17343,Srta. Luara Pereira,
17344,Murilo Fogaça,
17348,Juan Castro,
17349,Vinicius Carvalho,IT Consultant
17350,Vitor Hugo Montenegro,
17352,Sr. Vitor Hugo Costela,
17353,Srta. Aurora Machado,
17359,Joaquim Vieira,
17360,Helena Monteiro,Analista Administrativo
17361,Rodrigo Moura,
17362,Larissa Albuquerque,
17364,Enrico Lopes,
17366,Dr. Otávio Casa Grande,
17367,Sra. Jade Barbosa,
17368,Dra. Heloísa Carvalho,
17369,Sr. Rafael Brito,
17371,Srta. Maysa Macedo,"Trabalhar na área de estratégia, análise de dados como especialista, desenvolvedor ou gestor."
17372,Arthur Gabriel Albuquerque,
17373,Dr. Lucas Gabriel Aparecida,UX Designer
17374,Dr. Luigi da Mota,
17375,Ian Sá,
17377,Srta. Maria Vitória Pastor,
17381,Igor Costa,
17382,Mariana Mendes,
17383,Srta. Ana Lívia Alves,
17384,Sra. Allana Jesus,
17388,Ana Laura Rocha,
17389,Caio Cunha,
17390,Levi Porto,Análise de negócios
17391,Dra. Valentina da Costa,
17392,Ana Vitória Carvalho,
17393,Sr. Thales Duarte,Desenvolvedor Fullstack
17394,Dra. Luara Brito,Consultor SAP SD and IA By Vistex
17395,Srta. Maria Júlia Dias,PMO; Gerente; Coordenador; Líder de Projetos
17396,Raul das Neves,Analista de infraestrutura
17397,Gustavo Freitas,Consultor de TI (SAP HCM e Succesfactors
17398,Ágatha Moura,
17399,Dra. Anna Liz Duarte,
17400,Dra. Alícia Moura,
17402,Enzo Macedo,
17404,Dra. Sofia Montenegro,
17405,Rebeca Vieira,
17407,Alana Martins,
17409,Marcela Souza,"Crescer e desenvolver junto à Empresa, visando aprendizado e crescimento profissional."
17410,Dr. Davi Lucas Martins,Especialista e/ou Analista de Testes
17413,Srta. Heloisa Sousa,Analista de Suporte
17414,Sr. Breno da Mota,
17415,Sr. Isaque da Paz,
17416,Isabela Lima,
17417,Sr. Isaque da Paz,Liderança Técnica
17419,Pedro Henrique Rezende,Poder agregar valores a empresa e desenvolver minhas habilidades .
17420,Dr. Nicolas Vieira,
17421,Marina Sales,Analista de infraestrutura
17422,Ana Clara Cirino,
17424,João Vitor Marques,
17425,Dr. Bryan Rios,
17428,Ana Gonçalves,Posição profissional na área de informática no suporte em sistemas.
17430,Srta. Stephany da Costa,Analista Power BI
17431,Srta. Natália Lima,Área de suporte e infraestrutura de TI
17433,Srta. Evelyn Lopes,
17434,Thomas Vieira,
17435,Anna Liz Sales,
17436,Pietro Albuquerque,
17437,Heloisa Lopes,
17438,Dra. Ana Cecília Cirino,
17440,Ísis Siqueira,
17441,Sr. Luiz Henrique Casa Grande,Analista Desenvolvedor de Sistemas/Analista de Integração e BI
17443,Sr. Eduardo Machado,
17444,Sr. Yuri Nascimento,Líder Técnico; Desenvolvedor .net
17445,Thiago Casa Grande,
17447,Manuella da Cunha,Agregar valor para empresas nas áreas de Analytics e Educação
17452,Sr. Guilherme Pimenta,
17453,João Miguel Correia,
17454,Renan Caldeira,Atuar na área administrativa visando crescimento profissional e da empresa.
17455,Srta. Maya Moreira,
17458,Jade Fernandes,
17461,Hellena da Cunha,
17462,Alice Leão,
17464,Sra. Maya Azevedo,Analista de Suporte
17465,Apollo Macedo,
17466,Sra. Maria Clara Barbosa,
17467,Eloá Melo,Atua na até de T.I
17468,Sr. Liam Sá,
17469,Pedro Henrique Vieira,
17470,Alana Monteiro,
17471,Dra. Maysa Leão,
17472,Sr. Benício Viana,Developer RPA
17473,Ravi Lucca Costa,Coordenador/Engenheiro de Telecomunicações/TI
17474,Sr. Pedro Lucas Silveira,Engenheiro de Telecomunicações
17475,Srta. Laís Melo,
17476,Srta. Gabrielly Teixeira,
17477,João Pedro Rios,
17478,Dr. Henry Gabriel Pimenta,
17479,Dom Pacheco,
17480,Josué Vasconcelos,Analista Jr
17483,Dr. Pedro Lucas Melo,DEV FULL STACK/JAVA
17485,Vitor Gabriel Marques,agile coach / scrum master
17486,Dr. Rael da Costa,
17488,Ana Julia Albuquerque,
17489,Augusto da Luz,
17490,Vinícius Marques,Scrum Master
17491,Natália Oliveira,
17492,Sra. Stephany Camargo,
17493,Samuel Câmara,
17494,Vinícius Sampaio,
17495,Guilherme Brito,
17496,Emanuel Teixeira,Ser Referência em minha área de Atuação: Tecnologia da Informação e Projetos
17499,Cauê Borges,
17501,Dr. Rael Araújo,
17503,Francisco Porto,Atuar com suporte ao sistema SAP
17505,Sra. Sophia Cardoso,
17506,Aurora Cardoso,
17507,Theo Almeida,
17508,João Vitor Araújo,Adquirir mais conhecimento técnico
17509,Sr. João Vitor Novaes,Desenvolver na área de ti e infraestrutura
17510,Heitor Rodrigues,Analista de Testes
17512,Dr. Luiz Felipe Cirino,
17513,Valentina Silva,
17514,Sr. Breno Fonseca,
17515,Srta. Maria Clara Casa Grande,"Atuar na área de Tecnologia da Informação. Com objetivo de desenvolver-se com a empresa, com fins de aperfeiçoar conhecimentos adquiridos anteriormente e desenvolver novos"
17516,Dante Moraes,
17517,Sra. Brenda Machado,SAP MM PM funcional e consultoria; Gestão Operacional em Logística e Suprimentos; Gestão Empresarial.
17518,Dr. Leonardo Sales,
17519,Maya Casa Grande,
17520,Dra. Isabella Martins,
17521,Beatriz Cunha,SAP - ABAP PI / CPI Sênior
17523,Mariana Vasconcelos,
17524,Dr. Valentim Ribeiro,
17525,Daniela Moraes,
17526,Gabriel Novaes,
17528,Ester Moraes,
17529,Ana Beatriz Abreu,
17530,Otávio Lima,
17531,Dra. Alícia Leão,
17532,Valentina da Luz,"Trabalhar na área de Tecnologia da Informação, atuando na área de redes de computadores e infraestrutura de TI, Sistemas Operacionais Linux e Windows, segurança, configuração e administração de servidores, conectividade e configuração de switches e router"
17533,Maria Helena Araújo,Atuar na área de Infraestrutura de TI e Aplicações
17534,Sra. Luana Silva,
17535,Rafaela Teixeira,
17536,Dra. Cecilia Caldeira,
17537,Srta. Ana Liz Marques,Trabalhar como Desenvolvedor .Net
17540,Arthur Miguel Macedo,
17542,Diogo Rezende,SAP Junior
17544,Erick Albuquerque,
17545,Maria Isis Viana,
17546,Srta. Eloá Vasconcelos,
17549,Rodrigo Rocha,
17550,Sr. Davi Silva,
17551,Sr. José Novaes,
17553,Esther Pimenta,
17555,Dr. João Vitor Gomes,Arquiteto de Software
17556,Sra. Amanda Gonçalves,Tecnico Funcional
17557,Srta. Raquel Martins,
17558,Danilo Cunha,
17559,Cecilia Cassiano,
17560,Dr. Apollo Porto,
17562,Maria Helena Nogueira,
17563,Vitor Gabriel Cavalcanti,
17567,Caio Teixeira,
17569,Sra. Eloá Farias,
17572,Sra. Emilly Albuquerque,
17573,Dr. Arthur Miguel da Rosa,
17576,Dr. Ravi Souza,CONSULTOR SAP PM
17577,Sr. João Gabriel Dias,
17578,Henry Gabriel da Luz,
17579,Gabriela Teixeira,Retornar ao Mercado para completar a atualização en novas tecnologias
17580,Sr. Bernardo Albuquerque,
17581,Sr. Pedro Henrique Monteiro,Engenharia de Dados
17582,Lorena Macedo,
17583,Dr. Nathan Moura,
17584,Dra. Maria Ribeiro,
17585,Dra. Evelyn Mendes,Analista de Testes - Automação
17586,Calebe da Rocha,
17588,Erick Martins,Consultor
17589,Dr. Dante Campos,
17590,Dr. Lorenzo Cunha,
17592,Sr. João Mendonça,
17593,Dr. Henry Gabriel Silva,
17594,Sra. Marina da Cruz,
17598,Sra. Luara Brito,
17599,Sr. Isaque Freitas,
17602,Luna Silva,CONSULTOR SAP MM
17605,Dr. Miguel Mendonça,Analista de Sistema ou Desenvolvedor java
17606,Olívia Barros,
17608,Vinicius Rios,Consultor SAP SD ou CS (Customer Service)
17611,Antonella da Costa,Consultoria
17612,Ryan Lopes,
17617,Sr. Isaac Melo,
17618,Lucca Cardoso,Consultor SAP MM JUNIOR
17619,Vitor Gabriel Brito,
17620,Laís Garcia,
17621,Srta. Melissa Rezende,
17622,Aurora Lopes,
17623,Sr. Diego Moreira,"em busca de uma oportunidade para desenvolver e melhorar meus conhecimentos, e também algo que possa me instruir de forma crescente e contínua, visando sempre o crescimento entre eu e a empresa e mercado."
17624,Isis Ferreira,TI
17625,Dr. Davi Luiz Nogueira,Analista Dynamics
17626,Ravi Gonçalves,
17627,Théo da Luz,
17628,Rebeca Nogueira,
17629,Isaac Siqueira,SAP TDF
17630,Sra. Maria Eduarda Siqueira,Analista de Sistemas
17631,Lavínia Fonseca,
17632,Benicio Siqueira,
17633,Bernardo Mendes,Técnico Administrativo
17636,Davi Luiz Melo,Analista de TI
17637,Rodrigo Farias,
17639,Lucca Costela,Desenvolver de Sistemas Sr
17641,Dra. Alícia da Rosa,
17642,Clara Guerra,
17643,Ágatha Freitas,
17644,Srta. Ágatha da Conceição,
17645,Srta. Nina Rezende,
17646,Sr. Bento Rocha,
17647,Luiz Felipe Silveira,
17648,Allana Campos,
17650,Ana Beatriz Casa Grande,Analista Desenvolvedor
17652,Sr. Marcos Vinicius Cardoso,
17653,Anna Liz Nogueira,
17654,Dr. Anthony Pires,
17655,Mirella Almeida,
17656,Joaquim das Neves,
17657,Sra. Maria Clara Vargas,
17658,Dr. Dante Mendes,
17660,Dr. José Pedro Vargas,
17662,Bento Ferreira,
17663,Dra. Valentina Almeida,Analista
17664,Emanuel Guerra,
17666,Sra. Hellena Machado,
17667,Kevin Câmara,
17668,Dr. Benício Andrade,Analista de Sistemas
17670,Sr. Ryan Gonçalves,Analista SAP Solman - 21842318
17672,Thiago Montenegro,Analista de Suporte
17673,Isabelly Correia,
17675,Samuel da Paz,
17680,Ravi da Cunha,
17681,Dr. Luiz Henrique Abreu,Design
17682,Maria Laura Nascimento,
17684,Gabrielly Vieira,
17685,Yago Nunes,Programador Júnior
17686,Dra. Rebeca Fonseca,
17687,Maria Clara Carvalho,
17688,Dr. Luiz Henrique Cunha,Desenvolvedor RPA
17689,Bárbara Garcia,
17690,Srta. Maria Fernanda Campos,Analista de Sistemas Java
17691,Sr. Enrico Dias,SAP Abap
17693,Sra. Marina Pinto,Atuar como consultor RPA
17694,João Miguel Campos,
17695,Dr. Nicolas Azevedo,
17697,Dra. Anna Liz Porto,Me tornar um lider de sucesso
17698,Matteo Fernandes,
17699,Miguel Novais,
17700,Sr. João Guilherme Marques,Analista desenvolvedor/Arquiteto de software/Lider Técnico
17701,Ana Laura da Rosa,
17702,Sr. Dom Nunes,
17703,Dr. Vitor Silveira,Consultoria Técnica e Gerenciamento de Produto
17704,André Brito,
17705,Dr. Apollo Câmara,
17706,Srta. Agatha da Cunha,
17707,Lavínia Santos,Analista Programador NodeJS
17708,Marcela Gonçalves,xxx
17709,Isaac Marques,SAP Basis Security / GRC AC
17712,Luísa Duarte,CONSULTOR SAP BASIS/SECURITY
17718,Sra. Isabelly Cunha,Executivo de Conta
17719,Srta. Isabelly Porto,
17720,Nathan da Conceição,
17722,Dra. Beatriz Melo,
17723,Cecília Pastor,
17724,Eduarda Cardoso,
17734,Luiza Siqueira,
17735,Sr. Fernando Cunha,Programador
17738,Dr. Breno Castro,
17739,Sr. Davi Luiz Aparecida,
17741,Srta. Maria Luísa Ramos,
17742,Raul Melo,
17744,Elisa Sá,
17745,Srta. Maria Clara Rezende,CONSULTORA SAP FI/ GP
17747,Ana Aragão,Atuar como Analista Consultor em CA PPM e Ferramentas de Gestão de Projetos
17748,Sra. Lara Abreu,Analista de Sistemas Desenvolvedor - Analista de Requisitos
17749,Antonella Andrade,
17750,Dr. Bento Sampaio,
17751,João Lucas Camargo,
17752,Maria Isis Siqueira,
17753,Lorena Peixoto,
17754,Dr. Gabriel Castro,
17755,Dr. Luiz Fernando Jesus,
17757,Srta. Mariane Novais,
17760,Sr. Gael Henrique Correia,
17761,Sr. Dom Gonçalves,
17762,Dra. Jade Cirino,
17763,Dr. Ravi Lucca Marques,Finanças
17764,Dra. Laura Nogueira,
17765,Ana Luiza Fernandes,
17767,Amanda Costela,
17768,Maria Clara Pinto,Desenvolvedor Java
17769,Dra. Mariana Melo,
17771,Dra. Jade Costela,Área de TI
17773,Sra. Allana da Mota,Analista Desenvolvedor Delphi
17774,Lucca Ribeiro,
17775,Ian Gomes,Programador Delphi Trainee ou Jr
17776,Vitor Correia,
17778,Ryan Castro,Analista de Sistemas
17779,Dr. Diogo Marques,ECM/BPM
17784,João Lucas Cavalcante,Voltar a atura na área de projetos
17785,Sr. Samuel Abreu,Consultor SAP SD Sr
17787,Dr. Noah Guerra,
17788,Ana Carolina Vieira,
17789,Marcelo Monteiro,
17790,Clara Almeida,
17791,Sr. Davi Andrade,
17792,Dr. Dante Martins,
17795,Davi Pinto,
17796,Eduardo Martins,
17797,Dr. Danilo Moreira,
17798,Dra. Mirella Castro,Analista de segurança da informação
17799,Srta. Clarice Rios,
17800,Manuella Moraes,
17801,Carlos Eduardo Casa Grande,
17802,Otávio Sousa,
17803,Dr. Enrico Martins,
17804,Sr. Rael Almeida,
17806,Sr. Juan da Mata,Analista Arquiteto Mainframe Cobol Rexx
17807,Antony Ferreira,
17808,Dr. Anthony Moraes,
17809,Srta. Maya Camargo,
17810,Vitor Barbosa,"Governança de TI, Gerência de TI"
17811,Sra. Heloísa Nascimento,Especialista de Segurança da Informação.
17812,Sr. Gael Henrique Campos,
17813,Vinicius Cardoso,Prestar Serviço como Consultor PJ
17814,Agatha Dias,Analista de TI
17815,Isabella Montenegro,
17819,Ravy da Costa,
17820,Ana Júlia Silveira,
17821,Pedro Henrique Fogaça,
17822,Vicente Pires,
17823,Theodoro Vieira,Analista de BI
17825,Dra. Anna Liz Cunha,Desenvolvedor Front-End
17826,Dr. Vinícius Sá,
29000,Dr. Valentim Moraes,Programador
29001,Pedro Lucas da Conceição,Assistente administrativo
29002,Dra. Maria Cecília Ramos,Analista QA
29003,Dr. Davi Luiz Nunes,
29004,Fernanda Moreira,
29005,Sr. Bruno Nascimento,
29006,Srta. Julia Oliveira,
29007,Diego Duarte,
29008,Sra. Lívia Macedo,
29010,Ana Lívia Dias,Analista SAP GRC
29011,Bryan Albuquerque,
29012,Rebeca da Rosa,
29013,Lorena Mendonça,
29014,Dr. Marcelo Cassiano,
29015,Benjamin Macedo,
29016,Julia Silveira,
29017,Srta. Ana Vitória Câmara,
29018,Sarah Câmara,
29019,Maria Julia Abreu,
29020,Rafaela Rocha,
29021,Allana Cavalcante,
29022,Eloá Rios,Infrastructure Analyst | Virtualization Analyst | System Administrator Windows |
29023,Ana Beatriz Ferreira,
29025,Gustavo da Cruz,
29028,Elisa Castro,
29030,Sra. Nina Abreu,
29031,Srta. Aylla Sales,Gerente de TI
29032,Arthur Vargas,
29035,Ana Liz Cunha,
29037,Sr. Paulo Garcia,
29038,Dr. Arthur Gabriel Freitas,
29039,Caio da Conceição,
29040,Theodoro da Paz,
29041,Srta. Aylla Brito,
29043,Vitor Siqueira,
29044,Liam Nunes,Posição Executiva na area de TI
29045,Dr. Pietro Porto,"ANALISTA, SUPORTE"
29046,Sr. João Ferreira,
29047,Eduarda Aragão,
29048,Sra. Maria Sophia Aparecida,Secretaria/Office Manager/ Financeiro
29049,Dr. Mateus Rios,
29050,Dr. Luiz Felipe Sousa,
29052,Srta. Cecília Porto,
29053,Sr. Théo da Mata,Analista Financeiro
29054,Renan Garcia,
29055,Dra. Jade Gomes,
29056,Rafaela Pastor,
29057,Gabrielly Pereira,
29058,Dr. Dom Oliveira,
29059,Dr. Yan Dias,
29060,Asafe Garcia,
29061,Sr. José Miguel Mendes,
29062,Isadora Montenegro,
29063,Dra. Bárbara Monteiro,
29064,Sr. José Miguel Mendes,Ingressar no Mercado para colocar em prática a teoria adquirida.
29065,Leandro Barbosa,
29066,Gustavo Henrique Pinto,
29068,Ana Liz da Luz,
29070,Esther Barbosa,Recursos Humanos
29072,Dra. Sophia Fernandes,
29073,Srta. Maria Porto,
29074,Catarina Oliveira,
29075,Raul Montenegro,
29076,Stephany Nogueira,
29077,Samuel Novaes,
29078,Ayla Correia,Desenvolvedor C# .NET
29079,João Miguel Mendes,
29080,Marcos Vinicius Albuquerque,Atuar como Analista de Sistemas
29081,Dr. Apollo Lima,
29082,Antônio Novais,Analista programador
29083,Luiz Fernando Borges,
29084,Dr. Davi Miguel Rios,Desenvolver Web
29085,Davi Lucca da Cunha,Programador Android
29086,Benjamim Araújo,Consultor SAP SD
29089,Sra. Catarina Castro,
29090,Dra. Clara da Cruz,
29091,Sr. Rael Pires,Recursos Humanos /Administrativo
29092,Sr. João Lucas Ferreira,
29097,Dr. Henry Andrade,
29098,Nicolas Sousa,Analista Financeiro
29099,Pietro Almeida,
29100,Arthur Miguel Correia,
29101,Maria Julia Andrade,
29102,Lucas Gabriel Lopes,
29103,João Felipe Almeida,
29104,Julia Pacheco,ser reconhecido e bem sucedido na minha carreira
29105,Sr. Mateus Barbosa,
29106,Oliver Rios,
29107,Sr. Apollo da Paz,
29109,Srta. Marina Novaes,"Profissional qualificada nas áreas de RH, produção, almoxarifado e manutenção"
29111,Lorenzo Abreu,
29113,Dr. Luigi Moura,ANALISTA ADMINISTRATIVO
29114,Sra. Ana Julia Gomes,Profissional com qualidade de vida
29115,Laís Borges,Back End Developer Java/Spring Boot
29116,Rafael Barbosa,Desempenhar atividades na Área Administrativa.
29117,Srta. Eloá Cardoso,
29118,Brayan Ferreira,
29119,Sr. Emanuel Santos,
29120,Lucca Rios,
29122,Srta. Olivia da Costa,
29123,Maria Helena Aparecida,
29124,Sr. Vitor Hugo Moura,Analista de Atendimento RH
29126,Dr. Davi Lucas da Cunha,
29127,Luan Leão,
29128,Benicio Dias,
29129,Sr. José Cardoso,
29130,Rafaela Andrade,
29131,Dra. Maria Helena Moura,Projetos SAP Security e GRC AC
29132,Bernardo da Cruz,
29133,Dra. Luna Sousa,
29134,Sr. João Vitor Porto,"Ingressar no mercado de trabalho de maneira formal, para que eu possa vivenciar e aprender sobre a profissão, bem como contribuir não só para a Empresa e colaboradores mas também deixar marcas positivas na sociedade."
29135,Srta. Rebeca Jesus,Atuar na Área Rh
29137,Srta. Joana Cassiano,
29138,Sr. Breno Pereira,
29139,Evelyn Araújo,
29140,Dra. Eduarda Guerra,Auxiliar/assitente administrativo
29142,Srta. Liz Cavalcanti,Analista de RH
29143,Caleb Ribeiro,
29144,Melissa Novais,
29145,Dr. Pedro Guerra,Analista de Recursos Humanos
29146,Gabriela Pires,
29148,Dr. Paulo Melo,
29149,Samuel Cardoso,
29150,Sr. Augusto Pinto,
29152,Dra. Ana Luiza da Mata,
29153,Dra. Natália Campos,
29154,Dr. Rafael Pereira,
29157,Sr. Matteo Sales,
29158,Dra. Beatriz da Rocha,
29159,Julia Lopes,
29160,Ágatha Pinto,Atuar como desenvolvedor de sistemas
29161,Srta. Eloah Sá,
29162,Apollo Gomes,Atuar na área administrativa da empresa.
29163,Clarice da Cruz,
29164,Maria Isis Macedo,
29165,Helena Pastor,
29166,Sophia Nogueira,
29167,Dr. Alexandre Borges,
29168,Ana Cecília Monteiro,
29170,Sr. Anthony Vargas,Analista de RH
29171,Stephany Camargo,
29172,Sra. Sophie Moraes,Recursos Humanoa
29173,Marcelo Alves,
29174,Sra. Antonella Guerra,Analista de RH
29175,Eduardo Sampaio,
29176,Sr. Rhavi Albuquerque,Analista administrativo
29177,Dr. Miguel Vargas,ATUAR NA AREA DE RH
29178,Eloá Monteiro,
29179,Bryan Barbosa,
29180,Igor Cavalcanti,
29181,Sr. Mathias Rezende,
29182,Sr. Murilo Araújo,
29183,Sr. Liam Santos,"CIO, CISO"
29184,Ana Sophia Fogaça,Analista de Operações
29185,Sr. Alexandre Montenegro,
29186,Sr. Anthony Martins,
29187,Dr. Antônio Aparecida,Consultoria SAP Módulo FI
29188,Lavínia da Cunha,
29189,Maria Julia da Rocha,
29190,Ana Liz Dias,
29191,Yuri Aparecida,
29192,Srta. Emilly Machado,Gerente de Projetos
29193,Júlia Pinto,
29195,Alice Montenegro,
29196,Sara Teixeira,
29197,Dr. Gustavo Sales,
29198,Raul Carvalho,
29199,Francisco Machado,
29201,Srta. Lorena Sampaio,
29202,Luiz Felipe Marques,
29203,Sr. Pedro Henrique Sampaio,
29204,Danilo Borges,
29206,Sr. Davi Lucca Souza,
29207,Ana Clara Rocha,
29208,Laura da Rocha,Analista Financeiro
29209,Heitor Abreu,
29210,Matheus Peixoto,
29211,Sr. Kevin da Mota,Administrador de banco de dados
29213,João Pedro Peixoto,Desenvolvedor
29214,Srta. Bruna Costela,
29215,Vitor Gabriel Ribeiro,
29218,Ana Lívia Fernandes,Atuar na área de Departamento Pessoal / Gestão de Pessoas / Recursos Humanos
29219,Dra. Stella Lima,Gerente de projetos /Gerente de TI / Telecom
29220,Dra. Stephany Caldeira,
29221,Sr. Marcelo Rezende,
29222,Sra. Ana Júlia Abreu,
29223,Dra. Maria Sá,
29224,Lorenzo Jesus,
29225,Cecilia Câmara,
29226,Dr. João Alves,
29227,Pietra Caldeira,
29228,Dr. Lucas Gabriel Azevedo,Desenvolvedor Front-End
29229,Dr. Vitor Gabriel Araújo,Trabalhar como analista de contratos e operações
29230,Marina Rocha,
29231,Lavínia Vargas,
29233,Manuella Silveira,ANALISTA
29234,Srta. Maitê Vasconcelos,
29236,Enzo Correia,
29237,Sr. Luiz Miguel Ramos,
29239,Valentina Ribeiro,Gestão em TI
29240,Dr. Gael Guerra,
29243,Dra. Elisa Gomes,
29245,Otávio Rocha,Logística - administrativo - Qualidade - Compras
29246,Yuri Moraes,
29248,Augusto Macedo,
29249,Sr. Dante Rocha,
29250,Dr. Kevin Pires,Analista Desenvolvedor Sênior
29251,Gabriel Borges,
29252,Dr. Paulo Rios,"técnico, auxiliar ou estagiário nas áreas de eletrônica e computação"
29255,Dra. Alícia Fonseca,
29257,Valentina da Cruz,Power BI Analyst
29261,Luan Pimenta,PMO
29262,Srta. Maria Vasconcelos,Business Partner RH
29263,Antonella Machado,
29264,Dra. Maysa Dias,Analista de Suprimentos
29265,Sophia Gomes,
29266,Srta. Bruna da Cunha,
29268,Srta. Maria Luiza da Paz,
29269,Marcos Vinicius Freitas,
29270,Sr. Luiz Miguel Monteiro,
29272,Dra. Lívia Mendonça,
29273,Sra. Milena da Luz,
29276,Dra. Ana Beatriz Fonseca,
29277,Dr. Davi Lucca Almeida,Consultor Oracle Applications Funcional e Oracle Cloud
29279,Yasmin Jesus,Administração
29280,Sra. Rafaela Alves,
29281,Matheus Pimenta,Analista de BI
29282,Mateus Cirino,
29285,Luna Guerra,Gestão de Projetos
29287,José Pedro da Costa,Analista Middleware/Websphere e MQ
29289,Brayan Moraes,
29291,Dr. Davi Moraes,
29292,Sra. Clara Viana,
29294,Apollo Ramos,
29295,Paulo Pereira,
29296,Aylla Albuquerque,Gerente de Projetos SAP
29297,Benjamim Sampaio,
29298,Dra. Zoe Fogaça,
29299,Dra. Bruna Barros,
29300,Sr. Benjamim Marques,
29301,Benjamin Borges,Consultor SAP FI
29302,Sara Correia,
29304,Srta. Manuella Silva,
29305,Ravi Lucca Garcia,
29306,Dra. Beatriz Lopes,"Boa tarde, meu o objetivo é uma recolocação dentro daquilo que atuo melhor, atuar com gente, pessoas e conhecimento. Quero poder fazer a diferença na área de RH em especial RECRUITER,"
29307,Sra. Aurora Sousa,
29308,Dra. Evelyn Pires,
29309,Sr. Davi Miguel Sousa,
29310,Cecília Barbosa,
29311,Nathan Abreu,
29312,Olívia Freitas,
29313,Bento Macedo,
29314,Srta. Manuella Andrade,
29315,Sr. Francisco Pacheco,
29316,Dra. Maria Júlia Jesus,Programador / Desenvolvedor
29317,Arthur Gabriel Casa Grande,
29320,Maria Flor da Mota,
29321,Brenda Nascimento,
29322,Dra. Laura Câmara,
29323,Oliver Dias,
29324,Sr. Bento Cassiano,
29325,Gael Cunha,
29326,Sra. Milena Gonçalves,
29327,Sra. Isabela Teixeira,Consultor SAP FI
29328,Sra. Maria Fernanda Duarte,
29329,Antony da Mota,
29330,Kamilly das Neves,
29332,Sr. Lucca Santos,Gerência
29333,João Pedro Fernandes,
29334,Dra. Milena Viana,
29335,Paulo Andrade,
29336,Cecilia Pacheco,
29338,Heloisa Rios,
29339,Sra. Allana Silveira,
29340,Dra. Stella Albuquerque,
29343,Aurora Monteiro,
29345,Melissa Castro,
29346,Enrico Oliveira,
29347,Liam Rezende,Consultor SAP
29349,Srta. Lavínia Barbosa,
29350,Sra. Rebeca Lopes,
29351,Aurora Pereira,Analista
29352,Heitor Dias,Banco de Dados
29353,Erick Almeida,
29354,Caio Carvalho,
29355,Srta. Alice Ramos,
29356,Stella Moura,
29358,Sra. Agatha Costela,
29359,Léo Pacheco,
29360,Srta. Maria Sophia Sampaio,
29361,Oliver Albuquerque,
29362,Levi Nogueira,
29364,Carlos Eduardo Cavalcante,
29365,Sophia Campos,
29368,Sra. Amanda Moura,
29370,Enzo das Neves,
29371,Thales Viana,
29372,Dra. Lunna da Costa,
29374,Marina Fernandes,Atendente de Atendimento
29375,Vicente Correia,Analista de Recursos Humanos
29376,Gustavo Oliveira,
29377,João Lucas Ribeiro,
29378,Sra. Ana Carolina Barbosa,Desenvolvedor ou coordenador
29379,Dr. Marcelo Monteiro,
29380,Srta. Hellena da Rocha,
29381,Diogo Cirino,
29382,Dra. Lívia Machado,
29383,Anthony Gabriel Borges,
29384,Dr. Pedro Vieira,
29385,Davi Miguel Sá,
29386,Srta. Emilly Jesus,
29387,Ana Lívia da Luz,
29388,Zoe Costa,
29389,Dr. Luiz Henrique Costela,
29390,Dr. Pedro Miguel Rezende,
29391,Dr. Erick Teixeira,
29392,Sr. Benício Cirino,
29395,Dr. Davi Sampaio,
29396,Sr. João Felipe Silva,
29398,Caroline Sousa,
29399,Heloisa da Rocha,
29404,Rhavi Peixoto,Trabalhar como analista
29406,Ana Vitória Lima,
29407,Sr. João Lucas Ramos,
29408,Henry Aparecida,
29409,Ana da Mata,
29411,Eduardo da Mota,Analista de DP
29414,Dr. Matteo Jesus,Atuar na área de Recursos Humanos e contribuir com meus conhecimentos no crescimento desta empresa.
29415,Isaac Gonçalves,
29416,Amanda Novaes,
29417,Dr. Alexandre da Mata,
29418,Liam Cunha,
29419,Sr. Brayan Sousa,
29420,Sra. Ana Cecília Freitas,
29421,Sra. Ana Luiza Borges,
29422,Dr. Diego Ramos,
29424,Alexandre Rocha,
29425,Srta. Rafaela Fogaça,
29429,Pietro Montenegro,
29432,Srta. Mirella Correia,
29434,Sra. Alexia Rodrigues,
29436,Dra. Maria Clara Gonçalves,
29437,Clarice Cardoso,
29438,Yago Costela,
29439,Sr. Anthony Lopes,
29440,Luana Jesus,Especialização MM/WM/EWM
29441,Leonardo Carvalho,
29442,Dr. Thales Garcia,
29443,Dr. Henry Nogueira,
29447,Asafe Aragão,
29448,Sabrina Rios,
29449,Davi Miguel Gonçalves,
29450,Dra. Luiza Fernandes,· Secretariado · Administração · Rotinas editoriais · Assessoria Operacional e Pedagógica
29451,Maria Luiza Silveira,Coordenação
29452,Dra. Gabriela Lopes,
29453,Vinícius Ribeiro,DBA
29454,Sr. Danilo Gonçalves,
29455,Sophie Gomes,
29456,Raquel Andrade,
29458,Srta. Joana Vasconcelos,
29460,Dr. Gustavo Henrique da Costa,Analista de recursos humanos
29461,Leandro Fogaça,
29463,Dr. Benjamin Nascimento,Desenvolvedor Front-End
29464,Ana Sophia Montenegro,
29465,Sra. Maria Flor Pastor,Gestor BI
29466,Gael Henrique da Costa,Engenharia
29467,Antônio Abreu,Analista de TI Infraestrutura e Segurança
29468,Alexandre Campos,Atuar diretamente com com TI em áreas como CLOUD e ROUTER e SWITCH
29470,Matheus Ramos,UX/UI Designer Jr.
29471,Dra. Anna Liz Moreira,
29472,Alexandre Silva,
29473,Sr. Josué da Cruz,
29475,Dr. Heitor Pacheco,
29476,Lucas Gabriel Viana,
29477,Dra. Luiza Pereira,
29478,José Miguel Aparecida,
29479,Heitor Cirino,
29480,Sra. Ana Liz Lopes,
29481,Anthony Gabriel Gonçalves,
29483,Lucas Gabriel Albuquerque,
29484,Vinicius Marques,
29485,Theo da Conceição,
29486,Maria Eduarda Peixoto,
29487,Davi Luiz Cardoso,
29488,Eduardo Gonçalves,
29489,Dra. Milena Macedo,
29490,Lunna Pereira,
29491,Sra. Stella Oliveira,
29492,Laura Siqueira,
29493,Gustavo Pereira,
29494,Dr. Fernando Mendes,
29495,Laura Santos,
29497,Dra. Maria Alice Guerra,
29498,Olívia Correia,
29499,Erick Brito,
29501,Catarina Araújo,"Desenvolvimento, DBA"
29503,Sra. Marina Duarte,
29504,Dr. Arthur Miguel Novaes,
29505,Luana Campos,
29507,Pedro Miguel Nogueira,
29508,Ryan da Cunha,
29509,Sr. Leandro Pires,
29510,Benicio Ferreira,
29511,Cauã Pastor,
29512,Sr. Rodrigo Caldeira,
29513,Rael Ramos,
29514,Lunna Sampaio,
29515,Srta. Olívia Carvalho,
29516,Juan Mendonça,
29517,Guilherme Oliveira,
29518,Fernanda Rios,Atuar como Programador
29519,Srta. Mariana Cunha,
29520,Maria Fernanda da Rosa,
29521,Catarina da Conceição,Atuar nas áreas de análise e desenvolvimento de sistemas back-end (tecnologias Node.js - PHP) ou como Desenvolvedor Oracle.
29522,Joana Nascimento,
29523,Fernando Peixoto,
29524,Liz Sá,
29525,Olivia Jesus,
29526,Sra. Isis Dias,CONSULTOR ABAP
29527,Levi Alves,Projetos SAP
29528,João Vitor Pastor,
29529,Ana Carolina Silva,
29531,Emanuelly Freitas,Qualidade e crescimento
29532,Sr. Dante Rios,
29533,Dr. Gabriel Albuquerque,
29534,Sr. Apollo Nogueira,
29535,Isis da Luz,
29537,Sr. Ravi Cavalcante,
29539,Mateus Gomes,
29540,Ana Carolina Cunha,
29541,Dr. Ian Teixeira,"Atuar na área elétrica, recepção, compras, orçamentos, designer e atendimento."
29543,Dr. Ian Pastor,
29544,Juliana Castro,
29545,Sra. Emanuella Silveira,
29546,Dra. Isabella Campos,
29547,Bianca Mendonça,Logística/Supply chain
29548,Dr. Pietro Duarte,UX Design
29549,Bella Alves,
29551,Sr. Davi Lucas Aragão,
29553,Sr. Matteo das Neves,
29554,Sra. Nina Pereira,
29556,Maria Eduarda Cunha,
29557,Dra. Laís Silva,
29558,Enzo Gabriel da Rocha,Administrativo/Logística/Comercial
29559,Sra. Ágatha Caldeira,
29560,Sr. Luiz Fernando Camargo,
29561,Maria Laura Machado,
29562,Dr. Théo Machado,
29563,Luiza Melo,
29564,Sra. Nicole Cavalcanti,
29565,Dra. Mariane Novaes,
29566,Arthur Pimenta,Infra Cloud
29567,Benicio Duarte,
29568,Olívia Silva,Área financeira e/ou administrativa
29569,Josué Melo,
29570,Sr. Henry Gabriel Sampaio,PL/SQL Oracle
29571,Sr. Ravy Porto,
29572,João Lucas Duarte,
29573,Otávio Borges,
29574,Sr. João Vitor Sales,
29575,João Lucas Sales,
29576,Mateus Santos,Atuar na area de Tecnologia da Informacao
29577,Hellena Aparecida,
29578,Dra. Maitê Pereira,
29579,Theo da Paz,
29580,Lunna Caldeira,
29582,Stella da Mata,
29583,João Vitor Camargo,
29584,Sra. Milena Cavalcanti,
29585,Henry Gabriel Sousa,
29586,Sr. Samuel Castro,
29587,Raquel Jesus,
29588,Larissa Martins,
29590,Gustavo Henrique da Cunha,
29591,Sra. Eloah Cassiano,
29592,Ana Liz da Mota,
29594,Dr. Lorenzo Nascimento,Call center receptivo
29595,Maria Luiza Dias,Analista de Negócios e Requisitos | Product Owner
29596,Sra. Heloísa Vargas,Atuar como Coordenador / Gerente de Projetos
29597,Bianca Dias,Pretendo desenvolver meus conhecimentos e ajudar a empresa a crescer cada vez mais
29599,Srta. Jade Santos,
29600,Dra. Manuela Barbosa,
29601,Marina Alves,
29602,Dr. Josué Caldeira,
29603,Dr. Marcelo da Mota,tecnico telecom
29604,Emanuelly Cavalcanti,analista
29605,Benjamim Rodrigues,
29606,Renan Andrade,
29607,Evelyn Costela,
29608,Vitor Gabriel Martins,
29609,Emanuelly Sá,Desenvolvedor VBA EXCEL VB6 RPA MYSQL SQLSERVER
29610,Dra. Maria Luiza Lima,
29611,Dra. Laís Garcia,
29612,Dr. André Rocha,
29613,Dr. Calebe Dias,
29614,Sr. Vicente Marques,
29615,Eloah Vieira,
29616,Melissa Araújo,
29617,Luana Sá,
29618,Sr. Théo Fonseca,Programador C#
29619,Dra. Daniela Machado,
29620,Sra. Zoe Sampaio,
29621,Sr. Kevin Rezende,
29622,Evelyn Costela,Analista de Supply Chain
29623,Srta. Maria Flor Correia,
29625,Sra. Esther Camargo,Analista de testes
29626,Dra. Isadora Barros,
29627,João da Mota,
29628,Sr. Luiz Gustavo Borges,
29631,Sr. Pedro Ramos,
29632,Leonardo Ramos,
29633,José Miguel Macedo,
29634,Rebeca da Cruz,
29635,Srta. Stella Cunha,
29636,Heloisa Ramos,Consultor SAP MM GRC
29637,Dr. Brayan Moreira,
29638,Sr. Josué Marques,
29639,Mariana da Costa,
29641,Thomas Alves,
29642,Henrique Siqueira,
29643,Dra. Bella Souza,Tecnologia da Informação
29644,Thiago Rocha,
29645,Maria Eduarda Machado,Consultor Inovação / Gerente de Projetos
29646,Isabelly Monteiro,
29647,Dra. Luana Andrade,
29648,Dr. Leandro Cavalcante,
29650,Sr. Apollo Vieira,
29651,Henry Pinto,
29652,Lucas Gabriel Machado,Coordenador de Telecom
29653,Sr. Ian Pimenta,
29654,João Lucas Viana,
29655,Mathias Oliveira,
29656,Dr. Yago Carvalho,
29657,Dr. Theo Lopes,Administração de Rede/Infraestrutura
29659,Sr. Luiz Otávio Cavalcanti,
29660,Sra. Clara Camargo,
29661,Srta. Maysa Gonçalves,
29662,Sra. Maria Flor Abreu,
29663,Srta. Esther Monteiro,
29664,Sra. Maria Laura Montenegro,
29665,Juan Cavalcanti,
29666,Guilherme Novaes,
29667,Dr. Arthur Miguel Porto,
29668,Sr. Antônio Moreira,
29669,Bella da Paz,
29670,Agatha Gonçalves,
29671,Srta. Marcela Mendonça,
29672,Dra. Hadassa da Conceição,
29673,Luiz Otávio Leão,
29674,Sr. Samuel Lopes,Tecnico projetos Senior II
29675,Ana Laura da Conceição,
29676,Dr. Ian Cavalcante,Analista de Cloud e Infra
29677,Breno Pinto,
29678,Sara Siqueira,Vaga de Analista de Departamento Pessoal
29679,Srta. Ana Beatriz da Conceição,
29680,Alexia Oliveira,
29681,Thomas Pires,
29682,Vitória Pimenta,
29683,Beatriz da Luz,
29684,Dr. Leandro Fonseca,
29685,Rafael Ramos,
29686,Henrique Gomes,
29687,Maria Eduarda Campos,
29689,Sra. Lavínia Peixoto,
29691,Juliana Correia,evoluir
29692,Dr. João Martins,
29693,Srta. Valentina Brito,
29694,Guilherme Lopes,Trabalhar como Engenheiro de Software até chegar a ser um arquiteto de sotware
29695,Yago Castro,
29697,Pedro Henrique Macedo,Adm Redes Cisco Pleno
29698,Pietro Rios,
29699,Vitória Albuquerque,
29700,Ana Cecília Cunha,Analista de Suporte
29701,Sr. Oliver da Rocha,Analista de Dados; Analista de BI
29702,Ana Liz Souza,
29703,Sra. Maria Eduarda Peixoto,Tecnologia da Informação
29704,Dr. Levi Viana,
29705,Carolina Cardoso,
29706,Sara Fogaça,
29707,Maria Julia Gomes,
29708,Sr. Gustavo Montenegro,
29709,Gustavo Henrique Araújo,
29710,Maria Machado,Trabalhar em uma empresa multinacional
29711,Mariana Nunes,
29712,Sra. Alícia Pimenta,Prestação de serviços de TI
29713,Sra. Laís Azevedo,
29714,Agatha Costa,
29715,Dra. Amanda Guerra,
29716,Sabrina Brito,
29718,Dr. Yago Rios,Desenvolvimento de software
29719,Dr. Luiz Fernando Correia,Consumer Insights | Brand Content | Marketing
29720,Dr. Guilherme Freitas,
29721,Davi Lucca Pimenta,
29722,Heloísa Vargas,
29723,Sr. Mathias Albuquerque,
29726,Caroline Fonseca,
29727,Srta. Catarina Costela,Service Design e Product Design
29728,Maria Liz Machado,
29730,Sr. Henrique Azevedo,
29731,João Guilherme Duarte,Development Coordinator · Project Manager · Information Technology Support Specialist · Technical Support Manager · Information Technology Manager
29732,Luiz Gustavo Azevedo,Desenvolvedor Web
29733,Lunna da Rosa,
29734,Sra. Sophie da Rocha,
29735,Sr. Davi Lucas Montenegro,
29736,Larissa Fogaça,
29737,Sr. Brayan Costela,
29738,Dr. Otávio Azevedo,
29739,Igor da Conceição,
29740,João Vitor Sales,
29741,Pedro Miguel Lima,
29742,Sophia Fernandes,
29743,Evelyn Marques,
29744,Sr. Diogo Silveira,
29745,Anthony Camargo,
29746,Sra. Alana Carvalho,
29747,Miguel Ribeiro,
29748,Sr. José Aragão,
29749,Luiz Gustavo Jesus,
29750,Sr. Caleb Teixeira,
29752,Dr. João Vitor Fogaça,
29754,Sr. Otávio Correia,
29755,Pedro Miguel da Cruz,
29756,Srta. Ísis Fernandes,Consultor SAP MM
29757,Srta. Maria Cecília Brito,Consultor SAP Abap Hana
29758,Erick Alves,
29759,Nicole Siqueira,
29760,Renan da Mota,
29762,Vinicius Almeida,
29763,Sr. Nathan Ferreira,
29764,Samuel Garcia,
29765,Leandro Albuquerque,
29766,Agatha Novaes,
29767,Dra. Ana Carolina Santos,
29768,Agatha da Costa,
29769,Sr. Breno Caldeira,
29770,Dom Ferreira,
29771,Pedro Miguel Rocha,
29772,Dra. Maria Flor Sá,
29773,Arthur Miguel Garcia,
29775,Sr. Pedro Miguel Moreira,
29776,Breno da Paz,
29777,Esther da Luz,
29778,Sr. Daniel Souza,"ananlista,secretaria"
29779,Julia Ramos,
29780,Davi Luiz Porto,
29781,Sr. Luiz Otávio Silveira,
29782,Elisa Sousa,
29783,Dra. Maria Clara Pires,
29784,Nathan Santos,
29785,Asafe Casa Grande,
29786,Dra. Alana Aparecida,
29787,Gustavo Moraes,
29788,Srta. Luara Fonseca,
29789,Melina Rezende,
29790,João Felipe Vasconcelos,
29791,Bruna Dias,
29792,Dr. Ravi Mendonça,
29793,Sra. Manuela Peixoto,
29794,Danilo Oliveira,
29795,Isadora Pimenta,
29796,Luara Cavalcanti,
29797,Dra. Maria Júlia Lopes,
29798,Ana Liz da Costa,Engenheiro de Dados
29799,Mariana Gomes,
29800,Sra. Clara Costela,
29803,Ana Carolina Nogueira,Analista Suporte SAP
29804,Manuella Peixoto,
29805,Giovanna Silva,Consultor SAP FI
29806,Sr. Thomas Siqueira,
29807,Daniel Nogueira,
29808,Dra. Bárbara Caldeira,
29809,Srta. Ana Sophia Alves,
29810,Srta. Maria Luiza Carvalho,
29811,Sr. Augusto Monteiro,
29812,Srta. Luiza Nunes,
29813,Maria Julia Costa,
29814,Apollo Lima,
29815,Maria Araújo,
29816,Amanda Ferreira,
29817,Sra. Maria Isis Ferreira,Consultor SAP QM PM PP
29818,Dr. Kevin Souza,
29819,Srta. Sabrina Moura,
29820,Kaique Melo,
29821,Samuel Moraes,
29822,Sra. Julia Costela,
29823,Luna Carvalho,
29824,Sr. Liam Silva,
29825,Mirella Garcia,
29827,Sr. Pedro Lucas Pimenta,
29828,Miguel Rios,
29829,Maria Júlia Azevedo,
29830,Sra. Maria Alice da Mata,Atuar na área de Recursos Humanos
29831,Srta. Maitê Cirino,
29832,Dr. Carlos Eduardo da Mota,
29833,Liam Ribeiro,
29834,Sr. Asafe Aragão,
29835,Pietro Silveira,
29836,Dra. Alice Teixeira,
29837,Beatriz Novaes,
29839,Sra. Julia Ramos,"Atuar como consultora de tecnologia ABAP, desenvolver soluções às atividades propostas e contribuir com meus valores e experiências anteriores."
29840,Anthony Almeida,"Atuar com Scrum Master, Product Owner ou Analista de Sistema"
29841,Arthur Miguel Siqueira,
29842,Dr. Gabriel Leão,Atuar na área de TI
29843,Sr. Arthur Gabriel Pereira,
29844,Théo Araújo,"Analista de Sistemas, Desenvolvedor"
29846,Isadora Campos,
29847,Sra. Julia Mendes,
29848,Lara Rezende,
29849,Isaac Cavalcante,
29851,Dr. Theodoro Peixoto,
29852,Sra. Maria Luiza Porto,
29853,José Miguel Garcia,
29854,Letícia Silveira,
29856,Maitê da Rosa,Analista de Marketing
29857,Anthony Gabriel Albuquerque,
29858,Pedro Henrique Marques,
29859,Milena Barbosa,analista de marketing
29860,Miguel Vasconcelos,
29861,Dra. Maria Sophia Pacheco,Salesforce Jr
29862,Maya Dias,
29863,Dra. Maria Laura Cardoso,
29864,Sra. Ana Lívia Porto,ANALISTA DE REQUISITOS / AGILE
29866,Marcela Albuquerque,Praticar e expandir meus conhecimentos e aprendizados juntamente com os interesses da empresa.
29868,José Pedro Sá,Scrum Master
29870,André Abreu,
29872,Sr. Eduardo Lima,"Desenvolver e conhecer cada vez mais tecnologias, vendo sempre como objetivo novos desafios."
29873,Dra. Valentina das Neves,Analista de Crédito Imobiliário Auxiliar de Recursos Humanos Recepcionista Assistente / Atendente
29874,Caio Lima,
29875,Srta. Julia Fernandes,Coordenação de equipe
29876,Lucas Moreira,
29877,Sra. Heloisa Azevedo,
29879,Dr. Léo Novais,
29880,Eloah Aparecida,
29881,Liam Ramos,
29882,Diogo Dias,
29883,Danilo Costa,Arquiteto de soluções
29884,Dra. Heloisa Marques,
29885,Sr. Gael Porto,
29886,Dra. Alícia da Mota,SECRETÁRIA EXECUTIVA BILÍNGUE
29887,Sra. Laura Carvalho,"Áreas Administrativa, Financeira e Fiscal"
29888,Dr. Thomas Carvalho,
29889,José Moraes,
29891,Alexandre Marques,
29893,Dra. Antonella Novaes,
29894,Vitória Barros,
29895,Sr. Noah Pinto,
29896,Luiza Costa,
29897,Dr. Bernardo Mendes,
29898,Sr. Lucas Pacheco,
29899,Srta. Juliana Nascimento,
29900,Pedro Henrique Farias,
29902,Natália Câmara,
29903,Isaac da Cruz,Scrum Master / Project manager
29906,Luara Freitas,Gerente
29907,Sr. Gustavo da Paz,estágio
29908,Yan da Costa,Gerente de projetos
29909,Davi Luiz da Cruz,
29910,Maria Laura Andrade,
29911,Sra. Agatha das Neves,
29912,Dra. Lunna Dias,
29913,Dr. Breno Moreira,
29914,Yan Dias,
29915,Arthur Gabriel Cardoso,
29916,Eloah Oliveira,
29917,Bruno Sampaio,Analista de RH
29918,João Felipe Campos,
29919,Bento Campos,
29920,Sr. Rhavi Pinto,
29922,Srta. Daniela Pacheco,
29923,Sr. Danilo Vargas,
29924,Sra. Amanda Fernandes,"Trabalhar, aprender e contribuir com o time desta empresa"
29925,Srta. Eloah Machado,Aprimorar meus conhecimento para obter crescimento profissional e sucesso a empressa
29926,Dr. Gabriel Cardoso,
29927,Sra. Liz Leão,uma vaga para consultor SAP EWM
29928,Dr. André Câmara,
29930,Stella Cirino,
29931,Sra. Emanuelly Silva,
29932,Vinicius Fernandes,
29934,Dra. Ana Laura das Neves,
29935,Dr. Brayan Oliveira,
29936,Dra. Hellena Pimenta,Gerente de Projetos ou SDM
29937,Sr. Léo Cavalcante,
29938,Luísa Pimenta,Atuar na área de DP / RH
29939,Vitor Borges,
29940,Sr. Isaque Pinto,
29941,Dra. Maria Alice Sousa,
29942,Dr. Yuri Melo,Crescimento e aprendizado
29943,Luiz Miguel Cavalcante,ANALISTA DE ATENDIMENTO RH
29944,Sra. Sarah da Mata,
29947,Sra. Maria Sophia Cardoso,
29948,Cecília Gomes,
29949,Kevin Abreu,
29950,Gabrielly Cunha,
29951,Dr. Matteo Oliveira,
29953,Dr. João Vitor Mendes,
29954,Murilo Oliveira,
29955,Ravy Pastor,
29956,Rafaela da Rocha,
29957,Ana Vitória Farias,
29958,Sra. Olivia da Mata,Engenharia Civil
29959,Dra. Eduarda Moraes,Atuar como Tech Recruiter
29960,Luiz Miguel Lima,
29961,Mateus da Costa,
29963,Dra. Juliana Fernandes,
29964,Dr. Daniel Cunha,
29965,Dr. Anthony Andrade,
29966,Srta. Ayla Gomes,
29967,Maria Luísa Sales,
29968,Dr. Enzo Cavalcanti,Desenvolver minhas habilidades através da entrega de tarefas na empresa
29969,Isis Pastor,
29970,Alice Macedo,
29971,Nathan Mendonça,
29972,Ísis Fogaça,
29973,Dr. Nathan Dias,
29974,Sra. Eloá Pimenta,
29976,Dr. Mateus Rezende,
29977,Carolina Alves,
29978,Danilo Freitas,
29979,Dra. Cecilia Alves,
29982,Srta. Camila da Mota,
29983,Sra. Eduarda Borges,"Meu grande objetivo é crescer profissionalmente, ser reconhecida como uma excelente profissional e poder chegar cada vez mais longe!"
29984,Srta. Emanuelly Sá,
29985,Caroline Silva,
29986,Dr. Luigi Silveira,
29987,Raul Rodrigues,Gerente Financeiro | Tesouraria | Controller
29988,Srta. Luna Porto,
29989,Srta. Maria Liz Albuquerque,
29990,Dr. Ian Duarte,
29991,Bárbara da Paz,
29992,Dra. Luna Pinto,Project Portfolio Manager / PMO
29993,Luiz Miguel Carvalho,
29994,Agatha Martins,
29995,Sr. Miguel Souza,
29996,Théo Novaes,
29997,Sra. Lívia Pires,Desenvolvedor Mobile
29998,Dra. Agatha Pastor,
29999,Cecilia da Mata,
26000,Dr. Guilherme Souza,
26001,Srta. Esther Mendonça,Entrar no mercado de TI
26002,Srta. Joana Pereira,
26003,Maria Helena Peixoto,
26005,Dr. Luiz Miguel Casa Grande,
26006,Sr. José Pedro Pires,
26007,Dra. Isabelly Araújo,Analista de infraestrutura e sustentação windows
26008,Ágatha Ribeiro,
26010,Ana Clara Vargas,
26012,Oliver Nascimento,Consultor SAP MM
26013,Dr. Marcos Vinicius da Luz,
26015,Maysa Aparecida,
26016,Agatha da Cruz,Crescimento e estabilidade financeira
26017,Sr. Davi Santos,
26018,Sra. Júlia Garcia,
26019,Oliver Rocha,
26020,Sra. Juliana Barbosa,
26021,Léo Silveira,
26022,Sra. Júlia Moura,
26023,Yasmin Cavalcanti,
26024,Emilly Machado,
26025,Natália da Rosa,Designer UX e UI
26027,Isadora Azevedo,
26028,Sra. Maria Isis Peixoto,Contratação
26029,Davi Miguel Brito,UX/UI Designer
26030,Camila Câmara,
26031,Sr. Rodrigo Oliveira,
26032,Murilo Rodrigues,
26033,Ryan Silveira,
26035,Sra. Lívia da Rosa,
12006,Sra. Alana Silva,programador .net
12012,Dr. Pedro Lucas Moraes,consultor basis
12026,Isadora Gonçalves,CONSULTOR MM SR
12032,Dr. Asafe Guerra,Consultor MM
12033,Ana Julia Pires,Desenvolvedor .NET
12038,Ana Beatriz da Cruz,Analista de testes
12042,Eloá Sampaio,CONSULTOR MM SENIOR
12050,Otto Porto,programador ABAP
12056,Sr. Vitor Hugo Santos,Web designer
12074,Dr. Caleb Garcia,CONSULTOR SAP MMWM
12075,Sr. Benjamim Câmara,CONSULTOR SAP MMWM SR
12088,Dra. Vitória Rodrigues,Sistemas Plataformas de B2B
12095,Sr. Ryan Lopes,Analista de Teste
12097,Sr. Anthony Gomes,CWF - SANTANDER INDICAÇÃO SUBST
12101,Yasmin da Mota,CONSULTOR ABAP SR
12102,Nicolas Cavalcanti,CONSULTOR ABAP SR
12104,Sr. Léo da Costa,ARQUITETO JAVA
12112,Isadora Fernandes,Analista de testes
12114,Ana Liz Oliveira,consultor oracle
12127,Sr. Alexandre Carvalho,Consultor SAP FI
12129,Camila Fernandes,CWF - CONTAS DOW
12147,Emilly Costa,Analista de Teste - Ingles Fluente
12172,Caroline Silveira,SD LES Sênior
12173,Felipe Pimenta,Consultor Senior SAP (Módulo: PP/PM/QM)
12174,Carlos Eduardo da Paz,"Consultor SAP PP, PM, QM"
12175,Sr. Vitor Gabriel Carvalho,Change Management
12181,Milena Cardoso,SAP FICO SR.
12183,Dr. Vinicius Marques,SAP FICO SR
12197,Luiz Otávio Ramos,Assistente administrativo
12205,Théo Teixeira,Desenvolvedor web
12219,Liz Castro,Programador .net PL
12221,Sra. Maria Flor Mendonça,Programador java
12226,Cauã Ramos,cobol
12238,Gabriel Moraes,Consultor Sênior SD/LES
12242,Carlos Eduardo Nunes,Desenvolvedor Sterling Integrator
12259,Sophia Cirino,Programador .net
12281,Paulo Barros,Compras - cwf
12282,Luiz Otávio Sales,Analista de Testes
12303,Sr. Yago Sales,SAP FI
12314,Sr. Gael Dias,Consultor OEBS
12319,Gustavo Montenegro,SAP SD
12330,Leandro Monteiro,ABAP/PI
12335,Dra. Ayla Almeida,SAP FI
12341,Sr. Carlos Eduardo Correia,SAP MM
12343,Sr. Fernando Abreu,Sharepoint
12350,Srta. Maria Julia Siqueira,sap MM
12353,Ágatha Pacheco,DBA
12356,Sr. Nicolas Pacheco,Analista de testes
12367,Dra. Manuella Gonçalves,Consultor SAP ABAP HANA with PI
12374,Luigi Pereira,Consultor ABAP
12376,Luiz Otávio Aparecida,Programador Abap
12377,Caroline Gomes,"Consultor BW / Abap (FSCD, MM, FI e CO)"
12383,Benjamim da Paz,SAP MM WM
12384,Melissa Cunha,CONSULTOR SAP MM WM
12386,Danilo Nascimento,ABAP
12388,Eduarda Sá,ABAP FICO
12396,Sr. Henry Melo,Consultora Abap
12415,Srta. Maria Eduarda da Cunha,CONSULTOR MASTERSAF
12416,Emilly Correia,CONSULTOR MASTERSAF
12420,Srta. Maria Júlia Albuquerque,CONSULTOR ABAP
12423,Brayan Siqueira,Process Analyst BPM na iCreate Consulting
12426,Dra. Sara Martins,analista de testes
12428,Sra. Ana Carolina Ferreira,Consultor PM
12429,Dr. João Pedro da Luz,Consultor PM Sênior
12433,Dra. Cecilia Brito,Consultor FI
12434,Sr. Henrique Nascimento,PMO - PROJETOS
12439,Henry Gabriel Casa Grande,Desenvolvedor .NET SR
12443,Luiz Miguel Silveira,Consultor Basis Netweaver HANA
12446,Sr. Renan Alves,CONSULTOR SAP ABAP BW BO
12450,Manuella Cunha,CONSULTOR SD_LES/TRA SENIOR
12452,Dra. Mariah Vieira,PMO - Líder - CONSULTORA SAP
12455,Dra. Clara Borges,CONSULTOR MMWM
12457,João Pedro Caldeira,CONSULTOR MMWM
12470,Sra. Maria Luísa Alves,CONSULTOR MM
12473,Dr. Vitor Vieira,CONSULTOR SD
12476,Maria Alice da Luz,CONSULTOR BI
12480,Dra. Brenda Montenegro,Web design
12483,Srta. Mariane Macedo,CWF - DOW
12492,Sra. Ana Júlia Sampaio,Consultora SD
12499,João Guilherme Barros,Plataforma Java/J2EE
12504,Dr. Luiz Miguel Azevedo,CONSULTOR SAP
12505,Sr. Rael da Conceição,Desenvolvedor .NET- full stack
12508,Luiz Gustavo Nascimento,CONSULTOR BI
12513,Davi Miguel Sampaio,Consultor SD Sênior
15000,Pietra Peixoto,Analista de Sistemas
15003,Kamilly Mendes,
15004,Vitor Hugo Brito,
15005,Srta. Laís Machado,
15006,Srta. Marcela Pereira,
15008,Sr. André da Mota,
15009,Sra. Maitê Santos,Segurança da Informação
15010,Dra. Maria Fernanda Monteiro,
15011,Sra. Maria Cecília Costa,
15012,Dr. Henry Gabriel Santos,
15013,Augusto Sampaio,
15014,Srta. Stella Caldeira,Analista Programador Mainframe
15015,Bernardo Nascimento,Coordenador de Qualidade / Auditor Interno
15016,Sra. Júlia Alves,
15017,Daniel Costa,Analista desenvolvedor
15018,Maria Helena Mendes,Auditoria/ Qualidade/ Processos/ Compliance/ Consultoria
15019,Gael Henrique Pastor,Consultor Funcional PeopleSoft HCM
15020,Sra. Agatha Barbosa,Analista Funcional
15021,Dra. Eloah Aparecida,
15022,Rael Casa Grande,
15023,Sra. Hadassa Cunha,SAP ABAP
15024,Dra. Heloísa Siqueira,
15025,Srta. Alícia Gonçalves,
15026,Ayla Sampaio,Analista de Sistemas Cobol Mainframe
15027,Dr. Ian Macedo,
15028,Heitor Caldeira,Consultor Solman 7.2
15029,Renan Fernandes,
15030,Sr. Otto da Conceição,CONSULTOR SAP SOLMAN / CHARM
15031,Oliver Gomes,
15033,Noah Montenegro,
15034,Lívia Albuquerque,PO - Scrum Master
15035,Léo Almeida,
15038,Lucas da Mota,
15039,Luiz Miguel Duarte,
15040,Dra. Sabrina da Mata,
15041,Sr. Enzo Gabriel Mendes,
15042,Pedro Lucas das Neves,
15045,Sra. Lara Duarte,
15046,Agatha da Conceição,
15047,Srta. Joana Araújo,
15048,Alexandre Moraes,
15049,Dra. Lavínia Pinto,
15052,Ana Júlia Caldeira,
15053,Sabrina da Cruz,
15054,Sr. Luigi Gomes,
15057,Dr. Dante Alves,"SAP BW, BI, Dados"
15058,Maria Cecília Moura,
15059,Maria Eduarda Gonçalves,
15061,Srta. Amanda Fogaça,
15062,Melissa Caldeira,
15066,Dra. Manuela da Mota,
15069,Heloisa Pastor,
15070,Dr. Luiz Gustavo Vieira,
15073,Dr. Levi da Paz,Tecnologia da Informação
15074,Fernando Montenegro,
15075,Cauê Silveira,
15076,Allana Montenegro,
15079,Nathan Pires,
15084,Sr. Liam Novais,
15085,Dra. Luana da Cruz,
15086,Dra. Ana Cecília Nogueira,
15087,Anthony Gabriel da Rosa,
15089,Sr. João Miguel Fonseca,
15090,Maria Jesus,Desenvolvedor de software
15091,Renan Cavalcanti,
15092,Dra. Catarina Costa,
15093,Maria Eduarda Costela,Atuação em projetos de Consultoria
15095,Luísa da Cruz,Especialista de Dados
15096,Mathias Melo,SAP Basis/Hana Administrator
15097,Esther da Cunha,Atuar como Consultor SAP Basis
15098,Dr. Luiz Gustavo Nunes,
15100,Sr. Kaique Campos,Analista de Infraestrutura
15101,Sra. Laís Gomes,Desenvolvimento de software na area financeira
15102,Dra. Agatha Vasconcelos,"Analista de Sistemas, Analista Programadora MAINFRAME ou Desenvolvedora Cobol"
15103,Antony Souza,Analista de sistemas sênior
15104,Manuela Gomes,Analista Sr. ou Líder técnico
15106,Sr. Matheus Azevedo,
15107,Maysa Lopes,
15108,Helena Nogueira,Analista de suporte
15111,Dr. Lucca da Mata,SAP MM
15112,Maria Helena Pimenta,Área de negócios/ testes/ desenvolvimento TI
15113,Sr. Lucas Gabriel Borges,Consultor SAP PM/QM Sr
15114,Melissa Nascimento,
15115,Eduarda Ribeiro,
15116,Sra. Elisa Peixoto,Assistente Administrativa
15123,Lara Fernandes,Atuar na área de tecnologia da informação como desenvolvedora ABAP
15124,Luna Costela,
15125,Antony Oliveira,
15126,Dr. Bernardo Câmara,
15127,Srta. Letícia Souza,Analista/desenvolvedor de sistemas sênior
15128,Sr. Theo Garcia,
15129,Melissa Campos,
15130,Srta. Maria Luiza Alves,
15131,Ana Cecília Silveira,
15132,Sra. Lívia das Neves,
15133,Ravy Macedo,DBA ORACLE
15135,Dr. Benjamin Lima,Analista de Testes
15136,Amanda Peixoto,Analista de Testes
15137,Francisco Monteiro,
15138,Levi Santos,DBA / Analista de Banco de Dados
15139,Emanuel Jesus,SAP ABAP
15140,Sra. Natália Novaes,Consultor ABAP
15142,Srta. Cecília Cavalcanti,
15143,Lara Santos,Consultor ABAP SR.
15145,Paulo Lima,Desenvolvedor ABAP
15147,Bruno Camargo,consultor SAP SD Sênior
15148,Vitória Martins,
15149,Sra. Maria Clara Gonçalves,Analista de Testes
15150,Dra. Alice Sá,
15151,Sra. Ester da Cunha,Programação/Desenvolvimento
15152,Maria Julia Pastor,
15154,Allana da Cruz,
15155,Stella da Conceição,
15156,Isaac Nascimento,
15157,Vinícius Peixoto,
15158,Maria Isis Pires,
15159,Sra. Milena Viana,
15162,Dr. Levi Costela,DBA ORACLE EXATADA SENIOR
15163,Igor da Rosa,
15166,Sra. Ana Luiza Azevedo,
15167,Benjamin Marques,
15168,Dra. Nicole Sá,
15169,Dra. Allana Casa Grande,
15170,Maria Sophia Cavalcante,
15171,Sr. Murilo Leão,Arquiteto de Soluções
15172,Laura Brito,
15173,Srta. Joana Rezende,
15174,Benjamin Fogaça,
15176,Sr. Theodoro Rezende,
15178,Leandro Marques,CONSULTOR SAP ABAP – Netweaver / PI / XI / PO - GRC
15182,Manuella Freitas,Consultor ou Analista SAP HR / HCM
15183,Dra. Gabrielly Aparecida,
15184,Maria Sophia Sá,
15186,Guilherme Azevedo,Desenvolvedor de software
15187,Srta. Maria Luiza Melo,
15188,Olívia Vieira,
15189,Dra. Mariane da Conceição,
15190,Dr. Murilo da Luz,
15191,Dr. Enzo Gabriel Aparecida,
15194,Maitê Vasconcelos,
15196,Gabriel Leão,
15198,Ana Cecília Pires,
15199,Sra. Valentina Machado,
15202,Luísa Pires,
15203,Sra. Allana Porto,
15204,Sra. Antonella Novais,
15207,Sra. Joana Casa Grande,CONSULTOR MM / WM-EWM / PS S4/HANA Logistic
15208,Gael Henrique Sampaio,
15210,Elisa Alves,
15213,Sofia Cunha,
15214,Pietra Cavalcanti,
15215,Felipe Fonseca,
15216,Isaac Moreira,Atuar com RPA
15217,Isabel da Rosa,Analista de Desenvolvimento Sênior
15218,Srta. Lunna Rocha,
15219,Sr. Dom Garcia,
15220,Dr. Luan Melo,
15221,Erick Aragão,
15222,Valentim Leão,
15223,Sr. Bernardo Souza,CONSULTORA SAP SD
15224,Sophia Teixeira,
15226,Maria Santos,
15227,Noah da Cruz,Gerente de projetos
15228,Sr. Benjamim Leão,
15229,Davi Miguel Moura,
15230,Sra. Ana Liz Macedo,
15231,Dra. Olivia Farias,
15232,Hadassa Fonseca,
15233,Sra. Luara Novais,"Comunicação, Eventos e Marketing"
15234,Sra. Aylla Sá,Analista de Marketing
15235,Dra. Marcela Casa Grande,Recepcionista Bilíngue / Secretariado Executivo / Marketing
15236,Dr. Yago Nunes,Supervisor / Analista
15237,Eduarda Câmara,
15238,Sra. Maya Aragão,
15241,Sr. Dom Azevedo,
15243,Gael Fogaça,
15244,Srta. Giovanna Peixoto,
15245,Vitor Mendes,Analista
15246,Hadassa Cassiano,
15247,Maria Cecília Brito,
15248,Sr. Raul Azevedo,
15250,Ryan Farias,
15251,Dr. Luiz Henrique Marques,DBA SQL Server
15252,Srta. Hadassa Silva,TI
15255,Dr. Caio Nogueira,
15257,Sr. Vinícius Gomes,Assistente Financeiro
15258,Sra. Lunna da Cruz,
15259,Sra. Ayla Martins,
15260,Srta. Maria Clara Aragão,
15261,Kamilly Fogaça,
15262,Dra. Fernanda Lopes,
15263,Dr. Kevin Gonçalves,Gestão de Serviços de TI / ITSM / ServiceNow
15264,Ísis da Costa,Desenvolvedor de Software
15265,Ayla Macedo,
15266,Dr. Otto Peixoto,
15268,Yan da Paz,
15271,Lorena da Cunha,Consultor SAP SD
15272,Anthony Gabriel da Mata,
15273,Leonardo Cirino,
15275,Maria Júlia da Mata,
15276,Sr. Ian da Mota,
15277,Sr. Murilo Freitas,
15280,Dr. Léo Cavalcanti,
15282,Dr. Thomas Sampaio,
15287,Sr. Nathan da Mata,Analista de Suporte
15288,Gustavo Henrique da Rosa,
15289,Lucas Fogaça,
15290,Dra. Cecilia Rezende,
15294,Ana Beatriz Alves,
15296,Ana Vitória das Neves,
15297,Sra. Emanuelly Brito,
15298,Emanuelly Novais,
15299,Sr. Vitor Gabriel Vargas,
15300,Dr. Diego Barros,
15302,Lorenzo Novaes,
15303,Gustavo Cunha,
15306,João Gabriel Moreira,
15309,Sr. João Pereira,
15310,Agatha Nunes,Gerente Analytics
15315,Thales da Cunha,
15316,Dr. Ryan Castro,
15317,João Miguel Azevedo,
15318,Ryan da Mata,
15319,Henrique Cirino,Gerente de Projetos
15320,Srta. Emanuelly Viana,
15321,Sr. Isaque Caldeira,
15322,Dr. João Miguel Ferreira,"Scrum Master, PO, PMO, Gerente de Projetos"
15323,Dr. Ravi Lucca Castro,
15324,Dra. Pietra Cirino,
15326,Sr. Daniel da Cunha,
15338,Ágatha Carvalho,
15339,Dr. Henry Gabriel Brito,
15340,Dra. Maya Porto,Analista Desenvolvedor
15342,Dra. Mariane da Rocha,
15348,Sra. Bruna Ferreira,
15349,Davi Lucas Campos,
15350,Brayan Sampaio,Projetos de Segurança da Informação
15351,Sra. Luiza Pastor,
15352,Bernardo Pastor,
15353,Srta. Milena da Cruz,Analista de Infraestrutura
15354,Cecilia Pastor,
15355,Vitória Lima,
15356,Sra. Fernanda Machado,Programador C# - ASP NET
15358,Matheus Cunha,
15360,Júlia Aragão,
15362,Sra. Rebeca Aparecida,
15363,Marcela Macedo,
15364,Arthur Miguel Barros,
15365,Vinícius Gomes,
15366,Maria Sophia Sampaio,
15367,Sara Macedo,
15368,Sra. Bruna Mendes,
15369,Srta. Laís Borges,
15371,Dr. Diego Borges,
15372,Dr. Pedro Henrique Aragão,
15373,Sra. Maria Correia,Consultoria SAP MM
15375,Valentina Marques,SAP TM
15376,Sra. Marcela da Cunha,
15377,João Lucas Sousa,
15379,Srta. Maya Leão,
15381,Bernardo Sampaio,Analista funcional
15383,Carolina Monteiro,
15385,Ana Júlia Barbosa,
15386,Léo Porto,Agile Coach; Scrum Master; Gerente de Projetos Sênior
15389,Srta. Bárbara Freitas,
15390,Daniel Rios,Consultor de integrações
15393,Laís da Luz,
15394,Dr. Gael Henrique Mendes,
15395,Srta. Olivia Martins,Evolução e crescimento profissional com competência e qualidade
15397,Sra. Maitê Campos,
15398,Raquel Pinto,
15400,Srta. Beatriz Freitas,
15401,Marcos Vinicius da Costa,
15402,Srta. Maria Sampaio,
15403,Sr. Theo Farias,
15404,Rafael da Cruz,
15405,Luara Gonçalves,
15406,Yan Pereira,
15407,Eloá Cavalcante,Administrador e Desenvolvedor de Sistemas
15408,Thales Rocha,Consultor SAP FI/CO Sênior
15409,Srta. Raquel da Rocha,CONSULTOR SAP MM
15411,Maria Isis Ferreira,"Desenvolvedor C# , Informix-4gl"
15414,Vinicius Cavalcante,
15415,Dr. Anthony Gabriel da Rosa,Desenvolvedor júnior
15416,Sr. Diego Aragão,Analista de Sistemas; Gerente de Projetos; Scrum Master
15417,Dra. Lara Nascimento,
15418,Dr. Raul Brito,
15421,José Miguel da Luz,
15422,Emanuella Martins,
15423,Dra. Sabrina Costela,
15424,Dra. Eloá Monteiro,
15425,Dra. Olivia Teixeira,
15426,Dr. Vitor Hugo Araújo,
15428,Liz Ferreira,
15429,Anthony Gabriel Campos,
15430,Sr. Theodoro Fonseca,
15431,Sr. Mathias Moura,
15432,Dr. Guilherme Mendes,Atuar na área de desenvolvimento
15433,Isabella Silveira,
15435,Hellena Castro,
15436,Fernanda Lima,Compras Supply Chain Comex
15437,Davi Lucas Novaes,
15438,Sra. Ayla Santos,
15439,Laís Almeida,
15440,Dr. Mathias Rocha,
15441,Joana Pastor,
15446,Lorena Machado,Designer Digital
15447,Srta. Maria Luiza da Cruz,Lidar de Equipe de QA / Analista de Processos e Compliance / Analista de Requisitos
15448,Olivia Correia,
15449,Gael Henrique Sousa,UX Design/Research
15450,Heloísa Moraes,
15451,Sr. Benicio Montenegro,
15453,Liam Souza,Especialista em TI - Gerente de Projetos - Coordenação
15454,Kamilly Oliveira,
15455,Arthur da Luz,
15456,Bryan Abreu,
15457,Dra. Vitória Rocha,
15458,Sr. Mateus Mendes,
15459,Igor Mendes,
15462,Dr. Felipe Fonseca,
15463,Leandro Camargo,
15464,Alana Souza,
15466,Dr. Asafe da Paz,Analista Programador
15467,Srta. Bárbara Abreu,
15468,Srta. Ana Júlia Azevedo,
15469,Sophie da Luz,crescimento
15470,Dr. Yago Aparecida,
15471,Dra. Nicole Vargas,
15472,Valentim Fogaça,
15474,Maria Fernanda Cassiano,
15475,Matheus da Luz,
15476,Dr. Enzo das Neves,
15477,Cauã Silva,
15478,Sr. Luiz Fernando Abreu,
15480,Raul da Cunha,
15481,Sr. Rael Fogaça,Desenvolvedor de software
15483,Sr. Nicolas das Neves,Gerente de Projetos / PMO / Test Manager Consultor Senior SAP PS / DMS / FI / CO / MM / PM
15484,Srta. Ana Vitória Andrade,
15485,Valentina Moreira,
15487,Sr. Davi Miguel Camargo,
15489,Luiz Fernando Santos,
15494,Benicio Melo,SAP SD
15496,Luiz Henrique Mendes,
15497,Dra. Sara Alves,
15498,Dr. Emanuel Nascimento,
15500,Sr. Benjamim Camargo,
15502,Dra. Maria Laura Oliveira,
15504,Sr. Lucca Costela,
15505,Sra. Clara Barbosa,
15506,Bryan Rezende,Analista Técnico Funcional
15507,Rafaela da Cunha,
15509,Sra. Emanuelly Farias,
15512,Apollo Vargas,
15513,Dra. Alana Barbosa,
15514,Sra. Maria Helena Melo,
15515,Rafael Siqueira,Experiência em análise e desenvolvimento de sistemas bancários “Bradesco” e meu objetivo é ser indispensável para qualquer empresa
15516,Anna Liz Sousa,
15519,Dr. Bryan Pires,
15520,Srta. Mirella Rocha,
15523,José Pedro Albuquerque,
15525,Sra. Heloisa Porto,
15528,Clarice Nunes,
15529,Dr. José Pedro Cardoso,
15530,Sr. Heitor da Rosa,
15531,Sra. Ana Cecília Novais,
15532,Srta. Maria Alice Correia,
15533,Maria Eduarda da Rocha,analista de teste
15534,Emanuel Camargo,
15535,Aurora Andrade,QA Teste
15536,Bárbara Sampaio,
15539,Anthony Gabriel Nunes,
15540,Sr. Bryan Ramos,
15541,Ayla Monteiro,
15542,Maria Fernanda Silveira,
15549,Francisco Andrade,
15550,Igor Moreira,
15551,Vinícius Castro,Analista de Sistemas
15553,Beatriz da Cunha,Programador Android
15554,Enrico Fogaça,Desenvolvimento de sistemas
15555,Dr. Pedro Miguel Casa Grande,
15558,Arthur Gabriel Cassiano,Consultor Funcional FI Senior
15560,Maria Laura Rodrigues,
15561,Srta. Zoe das Neves,
15562,Olívia Barbosa,
15563,Isabella Pacheco,
15564,Lara da Cruz,
15565,Henry Fogaça,
15566,Caleb Câmara,
15567,Natália Sales,
15570,Benício Carvalho,Expandir conhecimento sobre desenvolvimento
15572,Dra. Lara Ramos,Analista Funcional Salesforce
15573,Davi da Luz,Analista Salesforce Pleno
15574,Sra. Ana Vitória Rios,
15575,Sra. Lunna Aragão,
15576,Maria Laura Martins,
15577,Pietra Correia,Desenvolvedor Android Jr.
15578,Evelyn Siqueira,
15579,Dr. Pedro Miguel Camargo,
15580,Thomas Barros,
15581,Dra. Maria Vitória Farias,Analista de Testes
15582,José Miguel Martins,
15583,Srta. Aurora Nunes,
15584,Dr. João Miguel da Paz,Psicóloga
15588,Kevin Vieira,Desenvolvedor Android/Java
15589,Davi Miguel Lopes,
15590,Cecilia Fernandes,"RH, DP, R&S, T&D, SMS"
15591,Sr. Luiz Felipe Montenegro,
15592,Sra. Melina Machado,CONSULTORA SAP TDF
15593,Dante da Costa,Desenvolvedor Android Nativo
15594,Dr. Yago Rocha,
15595,Yuri da Rocha,
15598,Ana Beatriz Sá,Atuação em Recursos Humanos
15599,Dr. Bryan Cavalcante,
15600,Eduarda Lopes,Analista de Treinamento
15601,Maria Laura da Costa,Desenvolvedor de TI Trainee
15602,Kamilly Melo,
15603,Isis Teixeira,
15604,Sra. Isis Garcia,
15605,Sr. Heitor Ribeiro,
15606,Sra. Maria Vitória Silva,
15607,Sr. Thiago Cavalcante,Marketing
15608,Luiza da Cruz,
15609,Calebe Fogaça,
15610,Sra. Ana Luiza Cirino,
15611,Arthur Miguel Mendonça,
15612,Bella Carvalho,
15613,Lívia Montenegro,
15614,Sra. Marcela Camargo,Analista de Sistemas
15616,Sr. Dante da Rocha,Analista
15617,Dr. Caio da Rosa,Recursos Humanos
15618,Dr. Lucca da Rosa,
15619,Dr. Vinicius Pires,Analista Projeto/Processos
15620,Dra. Ana Clara Azevedo,
15621,Olívia Cirino,
15622,Sr. Valentim Martins,
15623,Luara da Costa,Atuar como Arquiteto de Soluções ou Sistemas ou Software
15624,Dra. Luna Ramos,Atuar na área de Gestão de Pessoas
15625,Mariane Rios,
15626,Pietro Cavalcante,
15627,Sr. Lucas Gabriel Marques,
15628,Maria Sophia Mendes,
15629,Mariane Nogueira,
15631,Matteo Cassiano,analista de teste junior
15632,Davi Azevedo,Analista de Testes
15633,Clara Porto,
15634,Alexia Fogaça,Analista Desenvolvedor
15656,Clara Marques,CONSULTOR SAP MM
15657,Srta. Luana Borges,Consultor (a) SAP MM Sênior
15661,Sra. Bárbara da Rosa,Analista de Projetos II
15674,Heloisa Correia,Consultor SAP PS/S4HANA
15732,Luiz Felipe Farias,Analista Recrutamento e Seleção
15768,Dr. Joaquim Teixeira,Consultor SAP FI & Team Leader
15790,Lavínia Garcia,Consultor (a) Oracle
15796,Dra. Alexia Fonseca,Consultor (a) em TI
15826,Maria Júlia Souza,Consultor SAP SD Sênior
15845,Dra. Ana Clara Macedo,Consultor (a) SAP
15846,Maria Julia Martins,Desenvolvedor (a) WEB
15851,Sr. Samuel Albuquerque,Consultor (a) SAP
15852,Samuel Lopes,Consultor (a) SAP
15854,Sr. André da Paz,Analista de Projetos II
15882,Ana Vitória Santos,
15883,Srta. Laís da Mota,Web designer
15884,Luiz Henrique Abreu,Engenheiro de Automação/Desenvolvedor Mobile
15885,Dante Lopes,Analista de Suporte Técnico
15886,Srta. Manuella Brito,Atuar como desenvolvedor
15887,Dra. Aurora Correia,
15888,Oliver Souza,
15890,Gabriel Ramos,
15891,Dra. Ana Vitória da Luz,
15892,José Pedro da Conceição,
15893,Lívia Câmara,
15894,Dr. Yan Ferreira,
15895,Srta. Emilly Cardoso,
15896,Dra. Sarah Aparecida,
15897,Sr. Gabriel Teixeira,
15898,Isabel Jesus,
15899,Sr. Vitor Souza,
15900,Arthur Gabriel Ramos,analista senior- consultor
15901,Dr. Pedro Henrique Mendes,Analista de Negócios SR
15902,Dra. Isabella Siqueira,
15903,Valentim Garcia,Analita de Recrutamento e Seleção
15904,Luiza Câmara,Analista de Sistemas ou Lider Técnico
15905,Srta. Maria Liz Sampaio,Analista de Sistemas
15906,Dr. Caleb Brito,Analista de Sistemas
15908,Miguel da Paz,
15909,Dr. Oliver Ferreira,
15911,Dr. Danilo Peixoto,
15912,Dra. Caroline Campos,
15914,Dra. Alana Moura,
15916,Dr. Juan Cassiano,
15917,Dr. João Lucas Vargas,
15918,Eloá Casa Grande,
15919,Srta. Catarina Fernandes,
15920,Dr. Henrique Albuquerque,
15922,Eloah Rocha,
15923,Davi Lucca Carvalho,
15924,Lorenzo Ramos,
15925,Dr. Theo Farias,Analista de sistemas Mainframe
15927,Dra. Hadassa da Luz,Governança de TI
15928,Sr. Kaique Barros,
15929,Otto Costela,
15930,Maria Julia Camargo,
15932,Dra. Nicole Nogueira,
15933,Dra. Antonella Guerra,
15934,Gabrielly Vargas,
15936,Maria Gomes,
15937,Sr. Gustavo Brito,
15941,Dra. Sofia Souza,
15942,Camila da Conceição,
15943,Sara Cardoso,
15944,Leonardo Pires,
15947,Sr. Marcelo Moura,LIderança técnica
15948,Sra. Bárbara Pimenta,
15950,Dr. Luiz Henrique Pereira,
15952,Dra. Amanda da Paz,Desenvolvimento da carreira como analista e desenvolvedor
15953,Pedro Lucas Rodrigues,
15954,Mirella Peixoto,
15955,Sra. Sofia da Paz,
15956,Josué Aparecida,
15957,Srta. Raquel Pinto,
15958,Emanuella Lopes,
15959,Sr. Apollo Cunha,
15960,Sr. Leonardo Pinto,
15961,Lívia da Mota,Desenvolvedor Front-end
15962,Sr. Benjamin da Mata,Trabalhar com desenvolvimento de soluções web e responsivas
15964,Dr. Liam Castro,
15965,Srta. Maria Julia Teixeira,Gerente ou coordenador de ti
15968,Marcos Vinicius Pinto,CONSULTOR SAP MM
15969,Dra. Larissa Costela,
15970,Sr. Isaque Sales,
15971,Diego Gomes,Se tornar um bom desenvolvedor front end
15976,Sr. Yan Barbosa,
15977,Maria Liz Caldeira,
15978,Sr. Davi Luiz Sousa,
15979,Dr. Caio Camargo,
15980,Carlos Eduardo Moraes,"Suporte Linux Junior , Front-End Junior"
15981,Mateus da Luz,
15984,Sra. Ana Cecília Pimenta,
15985,Thales Pacheco,
15986,Dr. Pedro Miguel Cavalcanti,analista de T.I
15987,João Lucas Andrade,
15988,Alice da Rosa,
15989,Sr. Davi Luiz Sousa,Recursos humanos
15990,Sra. Bella Silva,
15991,Dr. Caio Câmara,Ser líder tecnico
15992,Sr. Rafael Rocha,
15993,Dra. Bella da Rosa,
15994,Sra. Sara Farias,Desenvolvedor
15995,Samuel Dias,
15996,Dr. Luiz Felipe Marques,
15997,Fernanda Nunes,
15999,Fernando Rezende,
3929,Sr. Cauê Melo,DP
3967,Dr. Benjamin da Conceição,Analista de sistemas
3982,Kamilly Castro,Analista de sistemas
3992,Manuella Sampaio,Analista de sistemas
4007,Laura Andrade,Analista de sistemas
4013,Antony Cardoso,Analista de sistemas / File Net
4015,Luísa Alves,Analista de sistemas
4044,Sra. Maria Flor da Luz,Desenvolvedor
4074,Jade Sá,Analista de sistemas
4077,Kaique Albuquerque,Analista de sistemas
4089,Valentina Barros,GERENTE DE PROJETOS SAP
4101,Dra. Isadora Novaes,Analista Linux
4133,Srta. Isis Aparecida,Programador / Desenvolvedor
4144,Cecilia Novaes,Analista de sistemas
4147,Gabriel Pacheco,Analista de sistemas / Cobol
4171,Ana Liz Brito,Analista de sistemas / ERP
4199,Sr. Heitor Brito,Analista de sistemas
4205,Rael Pastor,Analista de sistemas
4230,Elisa Porto,GERENTE DE PROJETOS SAP
4233,Sr. Fernando Barros,Analista de sistemas / Cobol
4248,Ágatha Siqueira,"analista de business inteligence, big data"
4255,Srta. Julia Cavalcante,analista programador cobol / Cobol Microfocus
4260,Brenda Cardoso,Desenvolvedor Cobol / Cobol Microfocus
4277,Dr. Vinícius Fonseca,Analista de Sistemas
4296,Sr. Nathan Lima,Consultor SAP BW/HANA
4302,Dra. Sabrina da Paz,Analista de projetos
4305,Dra. Maysa Melo,Analista de sistemas
4306,Dr. Theodoro Campos,Analista de Sistemas Mainframe
4312,Isadora Correia,Analista Desenvolvedor Cobol
4313,Sr. Benício Carvalho,lider ou gerente de testes
4335,Sr. Bryan Alves,Analista de sistemas / Cobol
4336,Ravy Costa,Analista de sistemas
4361,Pedro da Cunha,Analista programador
4363,Sra. Julia Mendonça,Analista programador
4374,Brenda Rios,Analista programador / Delphi / Oracle PL.SQL
4376,Dra. Ana Carolina Viana,Analista programador
4384,Dr. Léo Cirino,Analista programador
4387,Gustavo Henrique Gomes,Analista programador / Oracle
6025,Pedro Santos,Crm
6031,Benjamin Rocha,CONSULTOR MMWM PLENO
6035,Daniela Gonçalves,GERENTE DE PROJETOS SAP
6048,Dr. João Gabriel da Mata,ABAP
6049,Elisa Correia,CONSULTOR SAP MMWM
6050,Dr. Vitor Gonçalves,Executivo de Negócios // Arquiteto de Soluçõe
6067,Dr. Antônio Siqueira,CONSULTOR SAP: FI/CO/BW/CRM/PS/TDF
6094,Sr. Bryan Fogaça,DA Db2
6098,Laura Nascimento,DA Oracle
6128,Sr. Apollo Martins,Analista de suporte
6216,Sra. Maria Vitória Sales,SAP ABAP
6235,Dra. Ana Oliveira,Datasul / Coordenador de TI/ Infraestrutura
6259,Sra. Lorena Guerra,Dba Db2
6265,Benjamin Sampaio,ABAP JR
6285,Murilo Vargas,"Big Data, BI, Analytics, Cientista de Dados, Cloudera, Power BI, Qlikview, Qlik Sense, Tableau, Python, R"
6296,Elisa Casa Grande,Dba Informix
6305,Sra. Maria Alice Nunes,GERENTE DE INFRAESTRUTURA
6308,Eduardo Fogaça,Dba Oracle
6320,Sra. Maria Alice Costela,Dba Oracle
6330,Luísa Siqueira,CONSULTOR SAP MM SR
6337,Srta. Juliana Viana,Dba Oracle / Oracle PL.SQL / Oracle
6348,Anthony Gabriel da Rocha,Dba Oracle
6351,Maria Alice Duarte,Dba Oracle
6352,Guilherme Rodrigues,Dba Oracle
6367,Benjamim Carvalho,Dba Oracle
6376,Daniel Pastor,Dba Oracle
6377,Dr. Eduardo Câmara,Dba Oracle
6388,Dr. Oliver Azevedo,Dba Oracle
6403,Srta. Olívia Cirino,Dba Oracle
6441,Davi Luiz Duarte,Dba Oracle
6443,Dra. Fernanda Rios,Dba Oracle / Dba Sql Server
6449,Sra. Nicole Nunes,Dba Oracle
6451,Yago da Conceição,CONSULTOR SAP SD SR
6507,Dra. Maria Clara Borges,Dba Oracle
6508,Dr. Dante Viana,Dba Oracle
6521,Hellena Peixoto,Dba Sql Server
6532,João Vitor Peixoto,Dba Sql Server
6543,Raul Jesus,Dba Sql Server
6553,Camila Rios,DBA Sybase
6560,Marina Andrade,DBA Sybase
6582,Leandro Dias,Delphi
6618,Srta. Kamilly Albuquerque,Delphi
6620,Joaquim Brito,CONSULTOR SAP SR LES SENIOR
6623,Mirella Melo,Delphi
6637,Murilo Mendonça,Delphi / Oracle
6648,Sr. Antônio Nogueira,Arquiteto DevOps
6655,Dr. João Guilherme da Conceição,Diretor de Informatica
6669,Léo Castro,Documentador
6689,Otto Marques,Engenheiro de Software
6691,Emilly Garcia,Engenheiro de Software
6729,Marina Peixoto,ERP
6740,Sr. Bruno Nunes,CONSULTORA SAP HCM
6745,Srta. Melissa Pimenta,ERP / Gerente de Projetos
6754,Dra. Zoe Montenegro,Analista de Governança e Segurança de TI
6774,Dr. Nicolas Camargo,ERP
6779,Augusto da Paz,ERP
6786,Srta. Evelyn Peixoto,ERP
6796,Dra. Stephany Cassiano,CONSULTOR SAP FI SENIOR
6797,Nicole Cassiano,Analista de Testes Pleno / Sênior Bilíngue (Português / Espanhol)
6799,Dr. Yago Camargo,CONSULTOR SAP FI
6818,Sra. Maria Clara da Costa,ERP
6826,Dra. Emilly Fonseca,ERP
6880,Kamilly Novaes,G.E.D
6888,Nina Correia,G.E.D
6900,Sr. Pedro Henrique Barbosa,Analista de contas a pagar
6906,Dr. Vitor Macedo,contas a pagar
6910,Dra. Maria Sophia Pires,CONSULTOR ABAP SR
6929,Bernardo Lopes,Genexus
6949,Dra. Maysa Câmara,Gerente de projetos
6950,Srta. Mariana Marques,Gerente de projetos
6989,Dante Albuquerque,CONSULTOR SAP MM WM
186,Sra. Juliana Ribeiro,PHP
195,Dr. Otto Lopes,ABAP
210,Srta. Maria Cecília Garcia,~Consultor SAP MMWM
211,Dra. Ester Pires,Consultor SAP MMWM
232,Isaque Moreira,Assitente ADM
234,Maria Liz Teixeira,Programador Java Sênior
236,Milena das Neves,Programador Java (Front End) Jr
238,Dra. Maria Vitória da Rosa,Assistente Fiscal
252,Dra. Kamilly Rodrigues,CONSULTOR ABAP PI/PO
259,Luiz Fernando Campos,Programador
28000,Dr. Levi Pereira,
28001,Sra. Melina da Rocha,Analista de suporte
28002,Sr. Diego Dias,
28003,Sra. Maitê Sousa,
28004,Henry Gabriel Ferreira,
28005,Arthur Souza,
28006,Dr. Isaac Jesus,
28007,Pietra Rios,
28008,Dra. Sofia Casa Grande,
28009,Srta. Heloisa Rodrigues,
28010,Emanuella Novaes,
28012,Ana Sophia Dias,analista de sistemas sênior
28014,Hadassa da Paz,Analista de recursos humanos senior
28015,Arthur Miguel Sales,Auditor | Consultor de negócios TI
28017,Luana Freitas,
28018,Dr. Davi Lucas Fogaça,
28019,Dr. Diego da Luz,
28020,Srta. Alícia Ferreira,Consultor SAP HANA
28021,João Lucas Guerra,GERENTE PROJETOS | GERENTE DE TECNOLOGIA
28022,Luan das Neves,
28023,Srta. Lara Vargas,
28024,Agatha Vargas,
28026,Sra. Olívia da Rosa,
28027,Sophie Novaes,
28028,Sra. Zoe Fernandes,
28029,Lívia Guerra,
28030,Ana Luiza Pereira,Consultor Sap
28031,Ana Carolina Montenegro,
28032,Dr. Yuri Novaes,
28033,Eloá Andrade,
28034,Sr. Matteo Campos,
28036,Benjamin Silva,
28037,Vinícius Sales,
28038,Sr. Thomas Oliveira,
28039,Joana Sales,
28040,Pietro Ramos,"Administração Geral, Planejamento Estratégico Empresarial, Compras/Supply Chain, Facilities, Finanças (Corporativas, transacionais, Tesouraria e etc.) e Controladoria (Balanços Contábeis, DRE’s Gerenciais e Contábeis)."
28041,Sr. Valentim Ferreira,
28043,Dr. Luigi Leão,
28044,Dra. Juliana Campos,Scrum Master
28045,Ravi Lucca Peixoto,
28046,Dr. Mathias Moraes,Agilidade e Transformação Digital
28047,Dr. Anthony Barbosa,
28048,Dr. Brayan Monteiro,Analista Sistema
28049,Juliana Nascimento,Consultora SAP ABAP WF Senior
28050,Sra. Ísis Pastor,
28051,Dr. Isaque Machado,
28052,Rhavi Correia,
28053,Sra. Olívia Correia,
28054,Sra. Amanda Aparecida,GERÊNCIA DE PROJETOS E PROCESSOS – Administração / Financeira / Negócios e Serviços
28055,Daniel Leão,
28056,Dr. Noah Vargas,
28057,Dra. Stella Vargas,
28058,Dra. Ísis Abreu,
28059,Sr. Joaquim Sales,
28060,Dr. Luigi Monteiro,
28061,Dr. Francisco Mendonça,
28062,Yan Sampaio,
28063,Vinicius Jesus,
28064,Dr. Daniel Sousa,
28065,Lavínia Rodrigues,
28066,Emanuelly Correia,
28067,Sr. João Felipe Borges,
28068,Dr. João Vitor Martins,DBA / Analista de Dados ( Oracle )
28069,Sr. Ravy Costa,
28070,Rafael Cunha,
28071,Pietra Rocha,
28072,Carlos Eduardo Silva,
28073,Hadassa Pinto,
28074,Maria Liz da Costa,Líder Técnico Service Delivery | Consultor Técnico Implantação de Sistemas Infraestrutura | Desenvolvedor Web Front-End em formação
28076,Dr. Luan Câmara,
28078,Dom Vargas,
28079,Laís Moura,
28080,Valentina Freitas,
28081,Clara Casa Grande,DBA/ARQUITETO DE DADOS
28082,Leandro Cassiano,
28083,Eduarda Moreira,
28084,Dra. Natália da Rocha,
28085,Ísis Machado,
28086,Lucas Gabriel Alves,
28090,Dr. Henry Vargas,Atuar na área de Tecnologia em desenvolvimento de software
28091,Anthony Fogaça,
28092,Isaque Ferreira,
28093,Sr. Davi Luiz Correia,
28094,João Vitor Aragão,
28095,Sra. Isadora da Cunha,
28096,Ravi Teixeira,
28098,Augusto Cavalcante,
28100,Sr. Ravi Lucca Caldeira,
28101,Srta. Sophia Costela,
28102,Alexia Nascimento,
28104,Srta. Valentina Pires,
28105,Joaquim Viana,ADMNISTRATIVO - ADMNISTRATIVO OPERACIONAL
28107,Sra. Ana Luiza Cavalcanti,
28108,Srta. Nicole Abreu,
28109,Dra. Marina Cavalcanti,
28110,Ana Clara Ramos,
28111,Lunna Gonçalves,Desenvolvedor Back-end node.js
28112,Srta. Maria Júlia Carvalho,
28114,Dr. Rafael Porto,
28115,Isaac Mendonça,
28117,Dra. Eloá Lopes,
28118,Maria Cecília Carvalho,
28119,Lorenzo Fernandes,
28120,Srta. Clara Vieira,
28121,Dra. Catarina Abreu,Desenvolvedor Front End
28122,Francisco Aragão,
28123,Stella Rocha,
28124,Dra. Bella Ribeiro,
28125,Dr. Alexandre Mendes,
28126,Sra. Camila Araújo,
28128,Brenda Carvalho,
28129,Maria Fernanda Caldeira,
28130,Sr. João Lima,Analise e desenvolvimento de Sistemas
28132,Eloah Gonçalves,
28133,Dr. Marcos Vinicius Sales,Trabalhar com Desenvolvimento COBOL
28134,Sr. Diego Borges,
28135,Caroline Peixoto,
28136,Dr. Asafe Cunha,
28137,Pedro Lucas Sales,
28138,Dr. Otto Silveira,
28139,Sr. Léo da Rocha,Analista de Infraestrutura Sr
28140,Srta. Pietra Pastor,
28142,João Guilherme da Cunha,Analista de Departamento de Pessoal
28143,Sr. Rodrigo da Cunha,Estabelecer uma carreia solida em Data Science e Data Analysis
28145,Sr. Valentim Sá,Analista Infraestrutura Sênior
28146,Stephany Marques,
28147,Sr. Ravy Rocha,Infraestrurta de TI
28148,Ana Sophia Vieira,
28149,Sra. Ester Ribeiro,
28150,Dr. Luan Cavalcanti,Gerente de Projetos | Gerente de Produtos |Consultor de Infraestrutura de TI | Gerente de TI
28151,Sr. Fernando Montenegro,
28152,Dr. Marcos Vinicius da Rosa,
28153,Mathias Ferreira,
28154,Srta. Agatha Abreu,
28155,Isaac da Conceição,
28156,Letícia Souza,Me capacitar a cada dia mais em minha profissão
28157,Rael Moreira,
28158,Apollo Câmara,
28160,Sra. Stephany Cirino,
28161,Dr. Bernardo Alves,
28162,Sr. Liam Carvalho,Gerente de Projetos
28163,Sra. Laura Moreira,
28164,Luiz Otávio Mendes,
28165,Ágatha Rezende,
28167,Melina Viana,
28168,Dr. Nicolas Nunes,
28169,Maria Alice Araújo,
28170,Dr. Fernando Cassiano,
28171,Liam da Cunha,
28172,Pedro Henrique Araújo,
28173,Srta. Alexia Pimenta,
28174,Srta. Sarah Caldeira,Crescimento Profissional na Área de Tecnologia da Informação
28175,Catarina Silveira,
28176,Bento Alves,
28177,Srta. Stephany Nunes,
28178,Dr. Isaque Rezende,
28179,Fernanda Barbosa,Desenvolvedor Java
28182,Dra. Eloah Moraes,
28183,Joaquim Ferreira,
28185,Dr. Théo da Rosa,
28187,Sra. Emanuelly Ramos,Administração/ Recursos Humanos
28188,Dr. Breno Novaes,Atuar na área de marketing
28189,Dr. Henrique Sá,Consultor SAP MM (Fiori/ECC)
28190,Dr. Davi Lucca Caldeira,
28191,Dr. Calebe Barros,Desenvolver meus conhecimentos
28192,Yan Sousa,
28193,Igor Aparecida,
28194,Sra. Isabel da Mota,Em busca de novos desafios na área de desenvolvimento de software para crescimento profissional e pessoal
28195,Sra. Milena Macedo,
28196,Alícia Nunes,
28197,Sra. Clara Oliveira,Analista
28198,Sr. Isaac Ferreira,
28199,Ryan Borges,
28200,Carlos Eduardo Ribeiro,
28201,Dra. Sophia Aragão,Consultor SAP ABAP
28206,Oliver Carvalho,
28207,Clara Sá,
28208,Dra. Alexia Fogaça,Gerenciamento de Projetos e Serviços
28210,Dra. Stella Barbosa,
28211,Dr. Lucas Rios,recursos humanos
28212,Valentim Rocha,Relações Internacionais e afins
28216,Sr. Gustavo Pires,Analista de Recursos Humanos
28219,Manuella Carvalho,Gerente de Projetos - PMO
28220,Sr. Ryan Casa Grande,
28221,Marcos Vinicius Cavalcante,
28222,Julia Cirino,Uma vaga na área de tecnologia da informação
28223,Sr. Rael Azevedo,
28224,Sra. Eloá Martins,Analista de Negócio
28227,Sr. Rodrigo Abreu,
28228,Sr. Raul da Rosa,
28229,Isadora Guerra,
28230,Rafael Novais,ANALISTA DE RH / DP
28232,Dr. Thales Moraes,Analista de Infraestrutura
28233,Beatriz Moreira,
28235,Sr. Anthony Gabriel Pastor,Psicóloga
28239,Dra. Larissa Farias,"Analista de Negócios de TI, Analista de TI, Analista de Processos, Analista de Projetos de TI"
28240,Isaque Cavalcante,
28241,Sara Pacheco,
28242,Srta. Valentina Araújo,Atuar como Tech Recruiter
28243,Dr. Asafe Porto,
28244,Sabrina Albuquerque,TECH RECRUITER
28245,Dr. Luiz Otávio Brito,
28246,Ana Lívia Sampaio,
28248,Laura Pinto,Analista de TI
28249,Dr. João Pedro Castro,
28251,Sr. Pedro Lucas da Luz,
28252,Sr. José Pedro Barbosa,Analista de Segurança da Informação
28253,Lunna Melo,
28254,João Rocha,
28255,Dra. Lívia Brito,
28256,Maria Luísa Duarte,Desenvolvedor Forms Reports Oracle PL SQL
28257,Gabriela Pinto,
28258,Srta. Maysa Cavalcante,
28262,Arthur Miguel Gomes,Consultor SAP S/4HANA EWM / TM
28263,Sra. Bruna Fernandes,
28264,Dra. Lavínia Lopes,
28265,Dr. José Pedro Macedo,
28266,Henry Gabriel Farias,Atuar como Tech Recruiter
28267,Dr. Felipe Vargas,Recursos Humanos
28268,Anna Liz Pastor,
28269,Dra. Maysa Fogaça,Consultor SAP MM
28270,Hadassa Abreu,
28272,Sr. Pedro Camargo,
28273,Anna Liz da Cruz,
28274,Dra. Juliana Cavalcante,
28276,Eloah Barbosa,Analista de Recursos Humanos
28277,Ana Carolina da Costa,SAP Basis
28278,Dr. Benjamin Silveira,
28279,Mateus Brito,Crescer como pessoa e profissional e formar a contriuir com o ambiente em que eu esteja inserido.
28280,Dr. Luiz Felipe Cavalcanti,
28281,Mariane Cirino,
28282,Dr. Gael Henrique da Cunha,Analista de RH
28283,Sr. Luan Viana,Analista de Suporte
28284,Benjamim Freitas,
28285,Nicole Nascimento,
28286,Dr. João das Neves,Analista de Processos
28287,Sr. Levi Pinto,Atuar como Consultor SAP Basis em projetos de implementação e sustentação de sistemas SAP;
28288,Enzo Gabriel Pinto,Analista de Suporte
28289,Yasmin Teixeira,
28290,Dra. Marcela Pastor,Analista de suporte
28292,Dr. João Gabriel Siqueira,Departamento Pessoal
28293,Olívia Sales,
28294,Sr. João Machado,Recursos Humanos / Departamento Pessoal
28297,Sr. Luiz Fernando Viana,
28298,Sr. Eduardo Cunha,
28299,Sr. Bruno Lopes,
28300,Emanuella Silva,"Atuar em em áreas no meu perfil, sempre buscando crescimento junto com a companhia."
28302,Liam Marques,
28303,Srta. Luara Novais,Analista de Projetos
28304,Dr. Bryan Santos,SAP Basis Security
28305,Dra. Isadora Nunes,
28306,Natália Sousa,
28307,Ágatha Ferreira,
28308,Sr. Kevin Melo,
28309,João Gabriel das Neves,Atuar na área de implantação de sistemas ERP
28311,Renan Aragão,
28312,Ágatha Ferreira,"liderança de equipes de alto desempenho voltadas a atingir ou superar metas. Dedicado e esforçado, com determinação em entregar excelência. Agregador de times tático, com experiência em treinamento e desenvolvimento de equipes."
28313,Yago Farias,
28314,Srta. Cecilia Novais,
28315,Srta. Luana Costa,
28316,Dr. Pedro Henrique Nunes,
28317,Dra. Maria Flor Fernandes,Gestão Administrativa e/ou Recursos Humanos
28318,Clarice Azevedo,Basis júnior
28319,Dr. Heitor Silveira,Analista financeiro
28320,Levi Sousa,
28321,Pietro Pimenta,
28322,Sra. Rafaela Peixoto,
28323,Calebe Fernandes,
28324,Felipe Nunes,
28325,Dr. Igor Oliveira,
28327,Sr. Arthur Gabriel Pires,
28329,Marcela Machado,
28330,Sra. Maria Lima,
28331,Dr. Isaac Barros,
28332,Sra. Maria Vitória Moreira,
28333,Dr. Juan Garcia,
28334,Srta. Maria Vitória Vasconcelos,Analista contábil
28336,Kaique Borges,
28338,Srta. Sophia da Cunha,
28339,Dr. Lucas Gabriel Macedo,
28341,Dr. Gael Siqueira,Gerente de TI/Gerente de Projetos
28342,Dr. João Gabriel Souza,
28343,Carlos Eduardo da Mata,
28344,Srta. Brenda Ferreira,
28345,Sr. Josué Alves,
28346,Sr. Arthur Souza,
28347,Lorenzo Ribeiro,
28348,Henry Gabriel Silveira,
28349,Ayla Porto,
28350,Dr. Raul Pereira,
28351,Sr. Vinicius Gonçalves,
28352,Isadora Nogueira,
28353,Sra. Juliana da Rocha,
28354,Lucas Vasconcelos,
28355,Dr. Benício Santos,
28356,Sr. Isaque da Luz,
28357,Samuel da Luz,
28358,Sr. Eduardo Moura,
28362,Sra. Brenda Lima,
28363,Sr. Apollo Casa Grande,
28364,Srta. Catarina Macedo,
28365,Dr. Vitor Hugo Pimenta,
28367,Dr. Pedro da Mata,
28368,Marcela Peixoto,
28369,Ana Cecília da Mata,
28370,Sra. Ana Lívia Farias,
28371,Maria Fernanda Macedo,
28372,Sr. Marcelo Sampaio,
28373,Emanuel Peixoto,"Obras industriais/mineração, planejamento, suprimentos e logística"
28375,Srta. Natália Castro,Fazer a diferença por onde passar.
28376,Sr. Arthur Miguel Pastor,
28377,Sra. Valentina Pires,
28378,Srta. Maria Eduarda Campos,Tech Recruiter
28379,Dr. Luigi Brito,
28380,Luigi da Conceição,Me desenvolver com Projetos Migração S/4HANa e me tornar um gestor SAP
28381,Ísis Novaes,
28383,Rodrigo da Costa,
28384,Ana Liz Pinto,"Consultoria em SAP GRC - Governance, Risk and Compliance"
28385,Dra. Gabrielly Fonseca,Trabalhar com desenvolvimento em Java
28386,Dra. Olivia Aparecida,
28387,José Pedro Melo,
28388,Ravy Sá,
28389,Matheus Garcia,
28390,Sra. Maria Flor Costa,
28391,Sr. Josué Oliveira,
28392,Dom Ribeiro,Consultor SAP Blackline
28393,Dr. Anthony Campos,
28394,Sra. Sofia Pires,
28395,Dra. Ana Clara Moreira,
28396,Sr. Raul Cirino,Consultor SAP FI / Blackline
28397,Raquel Moraes,
28398,Dr. João Guilherme Machado,RH
28399,Ana Cecília Sampaio,analista de redes e seguirança da informação
28400,Sra. Anna Liz Nunes,
28401,Henry Moreira,
28402,Dr. Asafe Câmara,Gerente de PMO
28403,Srta. Antonella Freitas,
28404,Ana Clara Pimenta,Consultor SAP ABAP Sênior
28405,Sr. Daniel Costa,
28406,Dr. Leandro Nascimento,"Consultor/Analista SAP BASIS Pleno, Analista de Suporte Sênior"
28407,Lucas Machado,
28408,João Felipe Silveira,Gestão de TI; Gestão de Projetos
28409,Srta. Ísis da Rocha,
28411,João Miguel Costa,
28412,Yan Garcia,
28413,Sr. Juan Aragão,
28414,Maria Alice Castro,
28415,Emanuella Ramos,
28416,José Machado,
28417,Evelyn Cunha,
28418,Sr. Ravi Novaes,
28420,Cauã Nunes,
28421,Isadora Macedo,
28422,Dr. Kevin Vargas,
28423,Sra. Maria Helena Martins,
28425,Joana da Cunha,
28426,Gustavo Henrique Ferreira,
28427,Ana Clara Marques,Tech Recruiter
28428,Emanuel Alves,
28429,Srta. Sabrina Novais,
28430,Liam Sampaio,
28431,Sra. Ana Clara Azevedo,
28432,Isabella Borges,
28434,Dr. Theo Ramos,
28435,Dr. Gabriel Monteiro,
28436,Sra. Anna Liz Almeida,Desenvolver junior
28437,Sra. Maria Sophia da Rosa,Fazer parte de um time unido e cooperativo como desenvolvedor.
28438,Bernardo Gomes,
28439,Dra. Juliana Macedo,
28440,Dra. Evelyn Vargas,
28441,Pedro da Luz,
28442,Arthur Duarte,
28443,Sabrina da Rosa,
28444,Pedro Henrique Cirino,
28445,Sra. Emilly Barbosa,
28447,Maria Sophia Almeida,Crescer junto com a empresa
28448,Dr. Joaquim Pinto,
28449,Dr. Alexandre Castro,
28450,Benício Azevedo,
28451,Felipe Ramos,
28452,Caleb Araújo,
28453,Marcos Vinicius Borges,
28454,Ana Vitória Guerra,
28455,Agatha Machado,
28456,Sr. Davi Lucas Mendes,
28457,Diogo Albuquerque,
28458,Luan Silveira,
28459,Sr. Samuel Mendonça,"OBJETIVO Busco atuar na área administrativa prestando apoio em atividades de controle financeiro, revisão de documentos e gerência de informações, ou atendimento com prospecção e manutenção de clientes, que haja oportunidade de crescimento a fim de co"
28460,Dra. Pietra Casa Grande,
28461,Otávio Novais,Analista de Implantação
28462,Davi Miguel Leão,
28463,Sr. Mathias Cardoso,
28464,Luiz Fernando Montenegro,
28465,Maria Isis Moraes,Desenvolvimento
28468,Enrico Aparecida,
28469,Dr. Isaac Melo,
28470,Sr. Yago Silveira,Adquirir experiência com desenvolvimento profissional de software
28471,Sarah Novais,
28472,Sra. Lívia Costa,
28473,Benjamin Sá,Analista de TI / Desenvolvedor
28474,Arthur Miguel Pereira,
28475,Sr. José Montenegro,
28476,Sr. João Gabriel Garcia,
28477,Dr. Arthur Miguel Montenegro,
28478,Breno Moreira,
28479,Dr. Fernando Novais,Realizar meu trabalho com responsabilidade
28480,Ana Laura Peixoto,Analista Desenvolvedor
28481,Dr. Ravi Moura,
28482,Maya Porto,
28483,Vicente Freitas,
28484,Sra. Caroline Ribeiro,
28485,Davi Miguel Abreu,
28486,Dr. João Gabriel da Cruz,
28487,Sr. Cauê Campos,
28488,Maria Helena Rios,
28489,José Pedro Barbosa,
28490,Sr. André da Mata,
28491,Sra. Isabella Melo,
28492,Rodrigo Fonseca,
28493,Murilo Ramos,
28494,Olivia Marques,
28495,Dra. Isabel da Conceição,
28496,Sofia Melo,
28497,Dr. Lucas Gabriel Sampaio,
28499,Kaique Rezende,
28500,Maria Vitória Brito,
28503,Dra. Lívia da Cunha,
28504,Gabriela Pimenta,
28505,Dr. Gael Henrique Macedo,
28506,Ian Alves,
28507,Dra. Sabrina Pastor,
28508,Srta. Natália Gonçalves,
28509,Sra. Sophie da Paz,
28510,Thales Azevedo,
28511,João Araújo,
28512,Dr. João Pires,
28513,Dr. Asafe da Rocha,
28514,Daniel Abreu,
28515,Maria Fernanda Silva,
28516,Srta. Maria Cecília Cunha,
28517,Srta. Elisa Martins,
28518,Sra. Emanuella Aragão,Suporte
28519,Júlia Macedo,Analista Contábil
28520,Sra. Milena Andrade,
28522,Maria Liz Costela,
28523,Srta. Julia Ribeiro,
28524,Théo Fernandes,
28525,Leonardo Caldeira,Desenvolvimento
28526,Dr. Pietro Fonseca,
28527,Sr. Arthur Miguel Barbosa,
28528,Asafe Pires,
28529,Gustavo Henrique Melo,
28532,Sr. Bryan Lima,
28533,Srta. Zoe Leão,
28536,Sr. Ravy Campos,
28538,Rafaela Lopes,
28539,Sr. Asafe Mendonça,
28540,Sr. Vinícius Carvalho,PMO
28541,Srta. Milena Andrade,
28542,Sr. Levi Ferreira,
28543,Sra. Nicole Câmara,
28544,Melissa Sampaio,
28545,Ana Vitória Caldeira,
28546,Kaique Sales,"Project Manager, PMO, Change Management"
28547,João Miguel Sampaio,
28549,Eduardo Sales,
28552,João Miguel Leão,
28554,Sr. Bento da Luz,
28555,Erick Barbosa,
28557,Dra. Nina Barros,
28558,Dra. Isabela Dias,
28561,Luiz Gustavo Novaes,Desenvolvedor Cobol
28562,Srta. Zoe Cardoso,
28566,Sr. Diego Marques,
28567,Rafaela Duarte,
28568,Dr. Valentim Guerra,
28569,Sr. Murilo Brito,
28570,Yan Casa Grande,
28572,Dr. Ian Novaes,
28573,Dra. Mariana Cardoso,"GERÊNCIA SÊNIOR DE TI – INFRAESTRUTURA, GOVERNANÇA, PROJETOS E SERVIÇOS"
28574,Dra. Joana das Neves,Consulto SAP FI Jr/Trainee
28575,Srta. Ana Laura Andrade,
28576,Dr. Mateus Aparecida,"Ocupar cargo no setor administrativo, com disponibilidade para atuar em diversas áreas correlatas."
28577,Ana Luiza Melo,
28578,Dr. Leonardo das Neves,
28580,Srta. Giovanna Costa,
28581,Juliana Souza,
28582,Lunna Vargas,Analista de Sistemas
28583,Sra. Stephany da Conceição,SAP Integration Specialist
28584,Sr. Caio Farias,
28585,Daniela Oliveira,
28586,Dr. Levi Sá,Analista de dados
28588,Evelyn Correia,Analista
28589,Henry Mendonça,
28590,Sra. Natália Aparecida,
28591,Srta. Anna Liz Vasconcelos,
28592,Dr. Miguel Sousa,
28593,Enzo Pinto,
28594,Lucas Gabriel Novaes,
28596,Marcela Casa Grande,
28599,Apollo Caldeira,
28601,Carlos Eduardo Camargo,Departamento de Tecnologia
28602,Dr. Anthony Gabriel Pires,
28603,Dr. Bernardo Pereira,
28604,Dr. Anthony Gabriel Cavalcante,Programador SAP ABAP
28605,Sra. Júlia Fonseca,
28607,Sr. José Miguel Garcia,
28610,Srta. Emanuelly Dias,
28612,Dra. Ana Laura Nunes,
28613,Dra. Mirella Pires,
28614,Cauã Marques,
28615,Sra. Ana Beatriz Vasconcelos,
28616,Murilo da Costa,
28617,Calebe Nunes,
28618,Ayla Aragão,
28619,Dra. Raquel Alves,
28620,Srta. Olívia das Neves,
28621,Dr. Gustavo Montenegro,
28623,Sr. Bernardo Fogaça,
28624,Arthur Miguel da Rocha,ANALISTA DE DEPARTAMENTO PESSOAL / RH
28625,Sr. Henry Gabriel da Rosa,
28627,Dra. Ester Rodrigues,Aprendizagem constante e crescimento dentro da organização
28628,Aylla Siqueira,
28629,Sra. Ana Beatriz Machado,
28630,Evelyn Melo,
28631,Dr. Francisco Caldeira,
28632,Luiza Borges,
28633,Bianca Porto,
28634,Dra. Maria Alice Almeida,
28636,Dr. Nathan Costela,Tecnologia da Informação
28637,Eduardo Cirino,
28638,João Miguel Castro,
28639,Sr. Henry Gabriel Azevedo,Recepcionista
28640,Srta. Bárbara Carvalho,
28641,Mariana Garcia,
28642,Ana Vitória da Mota,Analista SAP ABAP
28643,Srta. Ana Vitória Montenegro,
28644,Sr. Samuel Garcia,
28645,Lívia Caldeira,
28646,Heitor Alves,
28647,Sr. João Gabriel Pacheco,
28648,Rodrigo Sampaio,
28649,Sra. Lorena Câmara,
28650,Maria Júlia Nunes,
28652,Maya Pastor,
28653,Dr. Vicente Fernandes,
28654,Rebeca da Luz,Analista de suporte técnico/ Projetos T.I
28655,Dra. Laura Duarte,Analista de Negocios
28656,Elisa Viana,Engenheiro de Dados
28657,Dr. Gael Henrique Siqueira,
28658,Caleb Albuquerque,
28659,Antony Azevedo,
28660,Sr. Antônio Siqueira,
28661,Ana Beatriz da Costa,
28662,Srta. Evelyn Leão,
28663,Sr. Davi Miguel Pastor,
28664,Yan Silveira,
28665,Sr. Vicente Fogaça,Técnico em Automação
28666,Sr. Juan Cardoso,
28667,Dra. Hadassa Pires,
28669,Maria Luiza Câmara,
28670,Dra. Maria Julia da Conceição,
28671,Srta. Ágatha da Cunha,
28673,Isaque Araújo,Segurança da informação
28674,Dra. Maria Luísa Cardoso,
28675,Dra. Luana Carvalho,
28676,Maria Luísa Viana,
28677,Otávio Castro,Gestão em Tecnologia de Informação / Segurança da Informação
28678,Miguel Porto,
28680,Dr. José Miguel Pereira,
28681,João Moura,
28682,Manuela Câmara,
28683,Sra. Maria Flor Ramos,
28684,Sr. Bernardo Fogaça,
28685,Sr. Murilo da Mata,
28686,Srta. Isabela Ferreira,
28687,Srta. Sarah Ferreira,Scrum Master
28688,Srta. Lívia da Mota,Gerente/Diretor TI
28690,Sra. Amanda Cardoso,Gerente / Gestor
28692,Sr. Levi Casa Grande,
28693,Dra. Sabrina Novais,Gerente de TI
28694,Dra. Jade Rodrigues,
28695,Sra. Luna Albuquerque,
28696,Dra. Eloá Nascimento,
28697,Sr. Henry da Rosa,GESTÃO | QUALIDADE | PROJETOS | PROCESSOS | INDICADORES
28699,Antônio Castro,
28700,Dra. Nina Pacheco,
28701,Sr. Samuel Cavalcanti,
28703,Cecília Silveira,Ser Gerente de logística/Operações
28704,Dr. Vicente Ramos,
28705,Davi Miguel Cardoso,
28706,Srta. Maria Vitória Campos,"CIO, Gerente de TI"
28707,Srta. Olívia Sá,Desenvolvedor .net Senior
28708,Sr. Davi Luiz Costa,
28709,Sr. Cauê Araújo,
28710,Sr. Mathias Macedo,
28711,Mariana Rios,Desenvolvedor
28712,Dr. Benicio Albuquerque,"Tenho como objetivo trabalhar como desenvolvedor backend em node.js, para cada vez mais me desenvolver e assim contribuir com a empresa."
28713,Bianca Jesus,"Desenvolvedor Delphi, Banco de Dados"
28714,Sr. José Sousa,
28715,Maria Alice Mendes,Consultor SAP FI
28716,Sr. Lucca Martins,
28717,Sr. Leonardo Costela,Analisa de Backup
28718,Sra. Giovanna da Conceição,
28719,Otávio Siqueira,
28720,Benício Camargo,
28721,Asafe Lopes,
28722,Maria Cecília da Costa,Poder utilizar minha experiência e conhecimento atuando em projetos de TI.
28724,Stephany Rezende,Desenvolvedor Salesforce Pleno
28725,Sra. Kamilly Mendes,Arquiteto
28726,Dr. Leonardo Nunes,
28727,Olívia Pacheco,Analista de Suporte TI
28728,Gael Costela,
28729,Igor da Luz,Assumir um novo desafio e evoluir profissionalmente
28731,Sr. Otto Leão,
28732,Kaique Farias,
28733,Marcos Vinicius Silveira,GERENTE TI
28734,Carolina Pacheco,
28735,Raul Cavalcante,
28736,Mirella Fernandes,"Psicologia, Recrutamento e Seleção, Organizacional"
28737,Sr. Lorenzo Cavalcante,
28738,Olívia Silveira,
28740,Dr. Heitor Pires,
28741,Dra. Maria Luísa Camargo,Líder Técnico
28742,Rebeca Sousa,Continuar atuando na área de Scrum Master/Agile Coach
28743,Heloísa Ramos,Business Intelligence
28744,Sr. Heitor Fernandes,"Analista de Infraestrutura, Administrador de Redes; Analista de Segurança da Informação"
28745,Stella Mendes,
28746,Dra. Olivia Camargo,Scrum Master
28747,Srta. Fernanda Moraes,
28748,Srta. Larissa Sousa,
28749,Ryan Borges,Consultor SAP SD
28751,Sr. Valentim Silva,
28752,Srta. Maria Cecília Farias,
28753,Dr. Vinicius Freitas,
28754,Dra. Bárbara Gomes,
28755,Srta. Mariana Duarte,
28756,Sra. Ana Beatriz da Mata,
28757,Dra. Gabrielly Sampaio,
28758,Lívia da Mata,
28759,Mateus Silva,
28760,Srta. Carolina Albuquerque,
28761,Ravi Costela,
28762,Henrique da Conceição,SAP PI/PO
28763,Sr. Théo Cavalcanti,
28765,Danilo Farias,
28767,Allana Pereira,
28768,Dr. Pedro Henrique Gonçalves,
28769,Sr. Heitor Barros,
28770,Sr. José Almeida,Analista Financeiro
28771,Dra. Rebeca Siqueira,Analista Financeiro / Coordenador Financeiro
28772,Samuel Azevedo,
28773,Dante da Mota,
28774,Dr. André Pereira,Analista De Infra
28776,Sr. Marcelo Pastor,Financeiro
28777,Maysa Pacheco,
28778,Emanuel Correia,"Business Partner, Especialista e Analista de RH"
28779,Dra. Allana Cavalcanti,
28780,Sr. José Almeida,
28781,Sr. João Felipe da Rosa,Analista de Rh
28782,Pedro Miguel Azevedo,Analista administrativa
28783,Dra. Isabelly Mendonça,Atendimento ao cliente
28784,Dra. Gabriela Carvalho,Administrativo / Financeiro
28785,Srta. Daniela Freitas,Analista de BI / negócios / Administrativo
28786,Bernardo Novaes,Engenheiro de dados
28787,Sra. Maria Isis da Rocha,
28788,Aurora Fogaça,
28789,Sr. Otto Abreu,
28790,Ana Julia Lima,
28791,Sophia Aragão,PMO e Projetos
28792,Theodoro Vasconcelos,
28793,Brenda Novaes,
28795,Dr. Isaac Gonçalves,
28796,Valentina Alves,
28797,Dr. Kaique Oliveira,
28798,Ayla Souza,
28799,Srta. Ana Vitória Fogaça,
28800,Dr. Thales Carvalho,
28801,Maria Luísa da Cunha,
28802,Alice Porto,
28804,Dra. Ana Cecília Azevedo,
28806,Srta. Isabella Fernandes,Analista /Coordenador
28807,Isaque Novaes,
28808,João Guilherme Albuquerque,
28809,Srta. Lívia Ribeiro,Analista Financeiro
28810,Dra. Maria Júlia Camargo,
28811,Mateus Borges,
28812,Daniel Farias,
28814,Francisco Duarte,
28816,Emanuelly da Mata,
28817,Emanuel Rodrigues,
28818,Dra. Elisa Santos,
28819,Ana Carolina Vargas,
28820,Dr. Francisco Rocha,Consultor SAP MM
28822,Sr. Caio Cavalcanti,
28823,Lavínia da Rosa,Trabalhar com SAP e me tornar um gestor futuramente
28824,Dra. Ísis Lopes,Engenheiro de Dados
28826,Maria Luísa Barbosa,
28827,Ravy da Cruz,
28832,Dra. Maitê Caldeira,
28833,Dr. João Pedro Moura,
28834,Srta. Luana Mendonça,
28835,Luiz Felipe Brito,
28836,Dr. José Miguel Viana,
28837,Srta. Clara Rocha,
28838,Sra. Ana Laura Correia,
28839,Sr. Ravi Oliveira,Analista de Sistemas
28840,Srta. Laís Carvalho,
28841,Sr. Renan Cunha,
28842,Arthur Machado,
28843,Dra. Mariane Vargas,
28844,Sr. João Peixoto,
28845,Vitor Gabriel Cunha,
28846,Benício Sá,
28847,João Gabriel Vargas,Atuar como analista de sistemas oracle
28848,Sra. Agatha Garcia,
28849,Srta. Juliana Almeida,
28850,Srta. Bárbara Campos,Delivery Manager / Project Manager
28851,Bárbara Jesus,
28852,Arthur Miguel Martins,
28853,Sra. Eduarda Pereira,
28854,Sra. Laís Costa,CONSULTOR PEOPLESOFT SR
28855,Sr. Emanuel Pastor,Analista Salesforce/desenvolvedor
28857,Dra. Raquel Barbosa,
28858,Sra. Pietra da Luz,
28859,Dra. Heloisa Monteiro,
28860,Agatha da Paz,
28862,Dra. Fernanda Peixoto,
28864,Dra. Liz Sousa,
28865,Pedro Miguel da Costa,
28867,Gabriel Fonseca,
28868,Srta. Aurora Duarte,Consultor/analista em gerenciamento de projetos
28869,Srta. Ana Clara Sousa,
28870,Dra. Vitória Campos,
28871,Srta. Sophie Fernandes,"Area Financeira, Administrativo e Contábil"
28872,Dr. João Gabriel Cardoso,
28873,Dra. Heloísa Montenegro,
28875,Dr. Yuri Nunes,
28876,Eduardo Araújo,
28877,Dra. Liz Silva,
28878,Yan Camargo,
28879,Ayla Cassiano,
28880,Luiz Felipe Oliveira,
28881,Ana Lívia Brito,
28882,Miguel das Neves,
28883,Rhavi Rocha,"Competente coordenador de processos, com histórico de supervisão em tecnologia nas áreas de TI e otimização de processos."
28884,Dra. Julia Marques,
28885,Dr. Josué Fernandes,
28887,Joana Rezende,
28888,Vitor Gabriel Gomes,
28889,Dr. Levi Cardoso,Gestão de Projetos
28891,Fernando Macedo,
28892,Sr. Joaquim Rodrigues,
28893,Sra. Kamilly Rios,
28894,Maria Clara Oliveira,
28895,Sra. Clara da Paz,Analista em segurança da informação
28896,Srta. Maria Luiza Fonseca,Cargos de Liderança
28897,Dr. Matteo Cassiano,
28898,Luiza Gomes,
28899,Dr. Renan Jesus,
28900,Dra. Alice Viana,
28901,Liz das Neves,
28902,Sra. Antonella Brito,Me tornar um profissional especialista em gestão e arquitetura em TI
28903,Sr. Théo Mendes,
28904,Dra. Esther Viana,
28905,Sra. Mariana Ferreira,Desenvolvedor ODI Sênior
28906,Sra. Jade Fonseca,SAP MM
28907,Dr. Anthony Cavalcanti,Consultoria SAP PS MM FI e CO
28909,Sra. Maysa Correia,Analista
28910,Sr. Vitor Hugo Lopes,Administrativa
28911,Sr. Davi Lucca Barbosa,
28912,Dra. Heloisa Caldeira,Analista de Teste QA
28913,Sr. Marcelo das Neves,
28914,Dr. José Pedro Pacheco,
28915,Felipe Gomes,
28916,Isadora Monteiro,Analista de Teste Júnior
28917,Henrique Teixeira,
28918,Srta. Alícia Andrade,Analista de Sistemas / Gestor de testes QA
28919,Milena Gomes,
28920,Maria Luiza Aragão,
28921,Dr. Vinícius Gomes,
28922,Lara Cardoso,
28923,Srta. Ayla Moura,Consultoria Administrativa/Estratégica
28924,Dr. Josué da Mata,Desenvolvimento de sistemas em Salesforce.
28925,Dr. Leandro Teixeira,Consultoria SAP MM - GRC
28927,Aurora Pastor,Consultor SAP
28928,Enzo Gabriel Casa Grande,
28929,Dr. João Gabriel Rodrigues,
28930,Dra. Larissa Alves,
28931,Dr. Emanuel Lopes,
28932,Ana Carolina Lima,
28933,Anthony Gabriel Duarte,
28934,Clarice Farias,
28935,Sabrina Gonçalves,
28936,Juan Lopes,
28937,Raquel Pimenta,
28938,Srta. Juliana Rocha,Gestão de Projetos e Processos
28939,Olívia Fogaça,Entrar no mercado de trabalho
28940,Benjamin Monteiro,
28941,Valentim Cirino,
28942,Sra. Lunna da Conceição,
28943,Sra. Bárbara Dias,
28944,Agatha Mendonça,
28945,Ravi Lucca Azevedo,Analista de T.I Senior/Pleno
28946,Sr. Renan Pacheco,
28947,Enzo Gabriel Moraes,
28948,Ana Luiza Cunha,
28949,Heitor Aparecida,
28950,Mirella Aragão,
28951,Lucas Pinto,DBA
28952,Calebe Teixeira,
28953,Sra. Maria Vitória Freitas,
28954,Vitor Gabriel Casa Grande,
28955,Srta. Isabelly Rios,TI
28956,Leandro Moreira,
28957,João Gabriel Novais,Salesforce
28958,Valentina Oliveira,Project Manager
28959,Enzo Araújo,"Redes, Telecom, Gestao"
28960,Maya Garcia,Atuar como gerente de projetos
28961,Sr. Luiz Fernando Jesus,"Posição nas áres de Projetos, Processos ou TI"
28962,Arthur Gabriel Vargas,Analista Fiscal Sênior
28963,Dr. Francisco Montenegro,Analista Fiscal
28964,Srta. Manuella Costela,
28965,Dr. Pedro Lucas Vasconcelos,
28966,Maria Clara Câmara,
28967,Dr. Gustavo Henrique Abreu,Analista Fiscal sênior
28968,Sra. Júlia Novaes,
28969,Dr. Bento Ramos,Focar e avançar em bancos de dados e suas evoluções
28970,Nicolas Ferreira,Gerente de Projetos
28971,Isabella Rocha,Gerente de Projetos
28972,Ana Beatriz Caldeira,Gerente de Projetos
28973,Sr. Carlos Eduardo Barbosa,
28974,Sra. Caroline Alves,
28975,Amanda Viana,
28976,Heloísa Machado,
28977,Sr. André Araújo,"Analista de Sistemas, Coordenador"
28978,Sr. Pedro Henrique Duarte,
28979,Gael Henrique Mendonça,
28980,Sr. José Andrade,
28981,Juan Mendes,
28982,Felipe da Paz,Desenvolvimento profissional como DBA / Desenvolvedor .NET
28983,Matteo Vieira,
28985,Sra. Helena Leão,
28986,Srta. Isabella Castro,Analista de Infraestrutura
28987,Sr. Caleb Câmara,Infraestrutura | Cloud | Redes | Sistemas Operacionais
28988,Rafaela Garcia,Gerenciamento de Projetos
28990,Manuella Macedo,
28991,Heitor Cavalcanti,
28993,Dra. Esther Nascimento,
28994,Isabela Campos,
28995,Sra. Ana Luiza Costa,
28996,Dr. João Pedro Dias,
28997,Srta. Bruna das Neves,
28998,Breno Camargo,
28999,Sara Pimenta,
38412,Ana Vitória Pereira,CONSULTORA SAP ARIBA
38413,Srta. Lara da Rosa,Desenvolvedor
38414,Pietro Fonseca,Desenvolvedor C#
38415,Ana Carolina Casa Grande,Fraude
38416,Sr. Caio Vasconcelos,Desenvolvedor
38417,Sra. Cecília Teixeira,Fraude
38418,Dr. Davi Lucca Fernandes,Desenvolvedor
38419,Dr. Cauã das Neves,Fraude
38420,Dr. Ravy Carvalho,Fraude
38421,Emanuella Mendonça,Fraude
38422,Jade Cavalcante,Fraude
38423,Sr. Dante Ferreira,Fraude
38424,Alícia Abreu,Arquiteto Soluções
38425,Ana Lívia Viana,Desenvolvedor Sênior – JAVA
38426,Sr. Otto Silveira,Associate Operations OTC
38427,Valentim Macedo,Automação
38428,Olívia Cunha,Arquiteto Soluções
38429,Francisco Cassiano,SAP ABAP
38430,Srta. Luara Brito,SAP ABAP
38433,Sr. Cauê Barbosa,Gerente de TI
38434,Sr. Kevin Pereira,Associate Operations OTC
38435,Ana Cecília Moraes,Associate Operations OTC
38436,Srta. Stella Novais,bi
38437,Dr. Arthur Miguel Camargo,Analista de Windows Pleno
38438,Maria Alice Costela,Associate Operations OTC
38440,Dr. Breno Cardoso,Solution Enterprise Architect
38441,Ana Luiza Caldeira,Analista de Windows Pleno
38443,Sra. Ana Luiza Vargas,Consultor SAP ABAP
38447,Dra. Ana Beatriz Casa Grande,Dev Java
38450,Otto Ramos,Dev Angular
38452,Srta. Manuela Costa,C# .net Core
38453,Dra. Stephany Vargas,Consultor SAP FICO
38454,Sra. Carolina Moura,Analista Windows Pleno
38457,Bento Freitas,Desenvolvedor
38460,Sr. Davi Miguel Silva,Desenvolvedor
38471,Dr. Miguel Lopes,Big Data
38483,Fernando Pimenta,big data
38493,Sra. Catarina Barros,Consultor SAP Hybris
38495,Srta. Sara Duarte,Desenvolvedor
38504,Rafael da Paz,DESENVOLVEDOR Sr
38509,Srta. Maria Vitória Gonçalves,Desenvolvedor
38510,Gael Silva,Desenvolvedor
38516,Ísis Cardoso,Fraude
38517,Dr. Luiz Gustavo Cunha,Assistente de operações
38518,Emanuelly Aragão,Fraude
38519,Stephany Oliveira,Fraude
38520,Benjamin Montenegro,Fraude
38521,Oliver Fogaça,Fraude
38522,Sr. Ravi Lucca Castro,Analista
38523,Sr. Nicolas Cunha,Analista de Windows Pleno
38524,Dra. Manuela Pires,Consultor SAP ABAP
38525,Sra. Vitória Ribeiro,Denselvodedor WEB
38526,Dra. Ísis Araújo,Salesforce
38528,Sra. Eduarda Sales,Product Owner
38529,Maria Borges,analista de sistemas
38530,Dra. Maria Guerra,Analista de Windows Pleno
38531,Enrico da Luz,salesforce
38533,Sr. Davi Luiz Rodrigues,Analista de sistemas
38534,Sra. Maysa Jesus,salesforce
38535,Dr. Bryan Fonseca,Desenvolvedor
38536,Sr. Noah da Cruz,Analista de sistemas
38537,Dr. Emanuel Machado,Big Data
38539,Sr. Léo Lima,IFS Supply Chain Senior Consultant
38540,Davi Miguel Cunha,Ticket Maneger
38541,Dra. Alice Melo,Ticket Manager
38542,Luiz Fernando da Conceição,Ticket Manager
38543,Sr. Arthur Gabriel Sá,Ticket Manager
38544,Mariane Pacheco,Ticket Maneger
38546,João Gabriel Leão,Ticket Manager
38547,Sr. Dante das Neves,Ticket Maneger
38548,Dr. Leandro Machado,Product Owner
38549,Benjamim Aragão,Solution Enterprise Architect General
38550,Sra. Cecília Azevedo,Desenvolvedor Python Jr.
38551,Alice Ribeiro,Arquiteto Corporativo de Soluções Geral
38553,Maria Clara Pires,Desenvolvedor Java
38555,Levi Vieira,.NET
38556,Sr. Lucas Leão,Arquiteto Soluções
38557,Ana Vitória da Costa,salesforce
38558,Dra. Valentina Cardoso,Desenvolvedor Web
38559,Luna Duarte,IFS Supply Chain Senior Consultant
38562,Isis Fonseca,Engenheiro Pleno
38564,Dra. Juliana Garcia,Analista
38567,Srta. Eduarda Aragão,Analista
38568,Evelyn Rios,Analista
38569,Ísis Mendes,Analista
38570,Sr. Raul Machado,Analista
38571,Srta. Antonella Araújo,Desenvolvedor RPA
38572,Dr. Paulo Novais,Consultor Abap Sênior Inglês Fluent
38573,Leonardo da Costa,IFS Supply Chain Senior Consultant
38575,Mateus Sá,Desenvolvedor RPA
38576,Mathias Machado,Desenvolvedor RPA
38577,Dr. Ian Lopes,Desenvolvedor RPA
38578,Bernardo Silva,Ticket Manager - Service Desk
38579,Vitória Ferreira,Ticket Manager - Service Desk
38580,Raul Oliveira,Analista Facilities
38581,Isadora da Rosa,Desenvolvedor Angular
38582,Maria Sophia Andrade,Ticket Manager - Service Desk
38583,Dr. Benjamin Souza,SAP
38584,Maya Ramos,Consultor SAP IS-U WM / WorkFlow Senior.
38585,Catarina Aragão,Analista de Sistemas
38586,Hellena da Costa,Ticket
38587,Davi Miguel Farias,Desenvolvedor Java
38588,José Miguel da Cruz,Ticket
38589,Dra. Julia Correia,Desenvolvedor
38590,Ana Montenegro,Ticket
38591,Dr. Marcos Vinicius Novaes,Tech Lead
38592,Heloisa da Cruz,Desenvolvedor
38593,Dra. Catarina Cassiano,Salesforce Consultant
38594,Pedro Henrique Silveira,Desenvolvedor
38595,Bruno da Cunha,Desenvolvedor
38596,Evelyn Costa,Desenvolvedor
38598,Sra. Stella Jesus,linux
38600,Júlia Santos,Ticket Manager - Service Desk
38601,Antony Sousa,Quality Assurance
38602,Alícia Pires,Desenvolvedor
38603,Dr. Pedro Lucas Rios,Suporte
38604,Sra. Ana Cecília Moreira,Analista Facilities
38605,Francisco Ferreira,Infraestrutura
38606,Isadora Barros,Quality Assurance Analyst | Zup Innovation
38608,Sra. Gabrielly Fernandes,Quality Assurance Analyst | Zup Innovation
38609,Sr. Murilo Montenegro,Analista DP
38611,Hellena Araújo,Analista Linux
38614,Luiz Otávio Sá,Oracle PL/SQL
38618,Gabriela Silveira,Software Engineering
38623,Srta. Joana Azevedo,Infraestrutura
38624,Dr. Diego Abreu,Analista de Segurança da Informação
38625,Pedro Almeida,Quality Assurance Senior
38627,Dr. Mathias Monteiro,SAP SD Especialista
38628,Alice Pimenta,Desenvolvedor Ruby on Rails
38629,Pedro Miguel Moreira,SAP
38630,Pedro Miguel Rodrigues,ADM
38631,Srta. Isabel da Mota,Assistente Adm
38632,Yago Montenegro,Big Data Lead
38633,Alice Nascimento,Desenvolvedor de software
38634,Benicio Pires,Assistente Adm
38635,Sr. Anthony Gabriel das Neves,SAP
38637,Srta. Eduarda Santos,consultor sap abap
38638,Manuella da Rosa,Java
38640,Sra. Mariane Garcia,Desenvolvedor de software
38641,Sra. Olívia Leão,"Desenvolvedor Backend | PHP, Python, JavaScript"
38642,Emanuel da Cruz,Software Engineer | DevOps | Docker | GO | PHP | Javascript | Java | .Net | SFPC | DEPC
38643,Laís Martins,DevOps
38645,Sr. João Vitor da Cunha,SRE | DevOps | Cloud | AWS | Terraform | Ansible | Prometheus | Kubernetes
38646,Dr. João Pedro Pereira,Devops Engineer | Linux Specialist | AWS Cloud | Azure Cloud | VMware 5G telco platform
38647,Antony Correia,Financeiro
38648,Sr. Davi Luiz Mendes,Financeiro
38649,Cauê Mendonça,Oracle Architect
38650,Ana Laura Gomes,Fraude
38651,Dr. Pietro da Rocha,Data Analyst | SQL | Python | ETL | Cloud | Tableau | GCP | Azure
38652,Caio da Rosa,Atendimento Backoffice
38653,João Lucas Cardoso,Analista Devops | Datadog | Google Cloud Plataform | Kubernetes | Azure DevOps
38654,Dr. Ian Almeida,SRE/DevOps Pleno | Jenkins | Azure | AWS | Google Cloud Plataform | Apigee | Sentry | Datadog
38655,Dr. Pedro Henrique Cardoso,Desenvolvedor Liferay
38657,Sr. Vitor Hugo da Mata,Financeiro
38658,Dra. Júlia da Mata,Atendimento Backoffice
38659,Srta. Ágatha Rezende,Desenvolvedor Liferay
38660,Dr. Matteo Cavalcanti,Financeiro
38661,Calebe Silva,Financeiro
38662,Dra. Sarah Silva,Atendimento Backoffice
38663,Maria Júlia Pimenta,Atendimento Backoffice
39179,Sofia Azevedo,Analista NOC
39186,Dr. Antony Sá,consultor sap SD junior
39189,Luan Pires,Gerente
39194,Srta. Yasmin Castro,noc
39195,Davi Luiz Silveira,Consultor SAP SD Sênior
39196,Cauã Melo,NOC
39197,Danilo Sá,NOC
39198,Sra. Daniela Oliveira,Analista ETL
39199,Júlia Almeida,noc
39200,Bruna da Cruz,NOC
39202,Jade Moreira,NOC
39203,Kevin Brito,Analista de NOC
39204,Dr. Bernardo Silva,Analista de Suporte Técnico
39205,Sr. Josué Barros,Analista NOC
39206,Srta. Alícia da Costa,Analista de Monitoramento
39207,Ísis Cunha,NOC
39208,Dra. Juliana Jesus,NOC
39209,Dra. Helena Sousa,consultor sap sd
39210,Sr. Samuel Monteiro,NOC
39211,Srta. Heloisa Albuquerque,NOC
39212,Pietra Novais,NOC
39213,José Vargas,NOC
39214,Dra. Alice Pereira,NOC
39215,Mirella Leão,NOC
39218,Dra. Natália Almeida,Desenvolvedor Dot Net C# Angular
39219,Srta. Aurora Fogaça,Desenvolvedor Dot Net C# Angular
39222,Enrico Novais,consultor sap sd
39224,João Vitor Barbosa,Infraestrutura; linuz
39226,Sr. Diogo da Mata,Consultoria SAP FSCD/FICA
39227,Maria Vitória Ribeiro,Analista de Monitoramento
39228,Hellena Vasconcelos,Analista de monitoramento
39229,Dr. Théo Costa,Analista de NOC
39232,Dr. Vinicius Souza,Financeiro | Contábil | Contas a Pagar | Contas a Receber | Controles Internos | Planejamento | Gestão | Conciliação Bancária | Fluxo de Caixa
39233,Dra. Raquel Nunes,Engenheiro Dados
39234,Elisa Oliveira,Engenheiro Dados
40826,Kaique Campos,Front End
40827,Arthur Gabriel Nascimento,PMO
40830,Sr. Marcos Vinicius Azevedo,PMO
40831,Dr. Mateus Barbosa,Gerente de Projetos
40832,Luiz Otávio Teixeira,PMO
40833,Dra. Maria Luiza Silva,QA
40839,Allana Machado,QA & UI Designer
40842,Emanuelly Barros,SAP MM WM
40845,Dr. João Guilherme da Mota,QA com ingles
40847,Sarah Cunha,Gerente
40852,Sr. Lucas Ramos,consultoria sap TM
40853,Sra. Melina da Rocha,SAP MM
40854,Matheus da Paz,Instrutor
40855,Ana Beatriz Vieira,Instrutor
40856,Carolina Cavalcanti,Instrutor
40857,Sra. Alice Garcia,Instrutor
40858,Luiz Fernando Azevedo,Data Entry Analyst
40860,Fernando Cavalcanti,Analista ETL
40862,Dra. Melina Rodrigues,Analista ETL
40863,Sr. Matteo Vasconcelos,Analista
40865,Dr. Davi Lucas Almeida,Analista de Dados e ETL
40866,Davi Santos,Dev Java
40868,Camila Freitas,Consultor SAP TMS
40869,Laís Sampaio,Consultor SAP BTP
40870,Srta. Antonella Mendes,Consultor SAP BTP
40871,Sra. Sophia Melo,Consultor SAP BTP
40872,Lunna Duarte,Consultor SAP VMS
40873,Ísis Sá,Analista de Dados ETL
40874,Juliana Ramos,Analista de Dados e ETL
40875,Dra. Ana Sophia da Luz,Analista de Dados e ETL
40876,Vitor Hugo da Rocha,Analista de Dados e ETL
40877,Sr. Murilo Cunha,Compras
40878,Bruna Barros,Analista de Dados e ETL
40879,Emanuella Machado,Consultor de Implantação ERP
40881,Sra. Hadassa da Rocha,Compras
40882,Srta. Maysa Araújo,abap junior
40883,Srta. Elisa Araújo,DESENVOLVEDOR Sr
40885,Srta. Aurora Araújo,Analista de Dados ETL/Oracle
40887,Sra. Eloá Mendonça,Consultor SAP PM
40888,Isabella Albuquerque,ABAP
40889,Pedro Lucas Dias,Analista de Dados ETL
40892,Bruna Nascimento,Dev Java
40893,Anthony Siqueira,Analista de desenvolvimento de sistemas
40896,Kevin das Neves,ITSM
40897,Sra. Eloá Teixeira,Assistente Agrodigital
40898,Ester Ramos,"Consultor SAP PM, PP, QM e MM"
40899,Sr. Francisco Silveira,Consultor SAP SD JUNIOR
40900,Sr. Arthur Souza,consultoria sap TM junior
40902,Srta. Isadora da Cruz,Desenvolvedor Pleno
40906,Liz Pinto,ITSM
40907,Dr. José Castro,ITSM
40908,Cauê Sousa,SAP SD
40909,Valentim Barros,DBA Oracle
40912,Dr. Otto Moura,DBA
40913,Dr. Thiago Pimenta,ServiceNow
40914,João Fogaça,Expert Contábil
40915,Vitor Pastor,Analista Contábil Especialista
40916,Ayla Castro,Gerente de Projetos
40918,Dra. Ana Clara Ribeiro,Cobol
40920,Dra. Maysa Lima,ITSM
40921,Kamilly Pereira,Infraestrutura
40922,Gael Campos,Analista Contábil
40923,Luiz Miguel Casa Grande,Agile
40924,Dra. Maria Luísa Garcia,Executiva de suporte
40925,Matheus Sá,Executiva de suporte
40926,Ana Liz da Cruz,Analista de dados
40927,Gabrielly Pimenta,Executiva de suporte
40934,Isadora Ramos,Executiva de suporte
40935,Sra. Isabelly Correia,DESENVOLVEDOR Sr
40936,Dante Dias,Engenheiro de dados
40939,Dr. Renan Mendes,Desenvolvedor PL/SQL
40940,Dr. Vinicius Santos,Analista de rede
40942,Sra. Mirella Porto,Desenvolvedor
40943,Sr. Lucca Pinto,Desenvolvedor
40944,Lavínia Viana,Desenvolvedor
40945,Sr. Bernardo Duarte,Desenvolvedor
40946,Juliana Cassiano,Desenvolvedor
40947,Sra. Ísis Mendes,Analista
40948,Sr. Calebe Pastor,Desenvolvedor Pipefy
40949,Sr. Thomas Campos,Secretária
40950,João Vitor da Conceição,SAP FI
40951,Dr. Vitor da Luz,SAP ABAP
40953,Erick Pires,Secretária
40954,Emanuelly Mendonça,Secretária
40956,Sr. João Felipe Novais,Desenvolvedor Jr
40958,Sr. Levi Novaes,Desenvolvedor Jr
40959,Sr. Fernando Rocha,Compras
40961,Otávio da Mata,"DBA, Devops"
40962,Dr. Marcelo das Neves,Desenvolvedor Junior
40965,Murilo Barbosa,Executive Support
40967,Sr. Ian Sales,Consultor Oracle
40969,Dr. Caleb Ramos,BP RH
40971,Natália da Mata,SAP FI CO
40972,Otávio Pimenta,Desenvolvedor
40974,Sr. Benício Brito,Analista Programador
40975,Srta. Luna Lima,Scrum
40976,Laís Aragão,Scrum
40977,Isabel Montenegro,Analista Scrum Master
40979,Srta. Gabriela Cardoso,Analista Unix
40980,Sr. Cauê Leão,Assistente Administrativo
40981,Sra. Alexia Montenegro,Analista de Infra Estrutura
40982,Dr. Pietro Rezende,Analista de Infra Estrutura
40983,Diego Mendes,Desenvolvedor Front End
40987,Eloah Marques,Analista de Sistemas
40988,Bernardo Jesus,Engenheiro de Dados
40990,Dr. João Felipe Ramos,Engenheiro DE SOFTWARE
40991,Dr. João Pedro da Conceição,Engenheiro de Software
40992,Sr. Ryan da Luz,RH BP
40993,João Guilherme Cirino,Analista de Infra Estrutura
40995,Yuri Fonseca,Analista de Negócios Sênior
40996,Dr. Theodoro Duarte,Analista
40997,Lavínia Siqueira,Scrum Master
40998,Luan Costela,Analista de Ti
40999,Gael Rodrigues,Scrum Master
32000,Yago Casa Grande,
32001,Valentim Correia,
32002,Dra. Ísis Duarte,
32003,Laís Aparecida,
32005,Dr. Antônio Camargo,
32006,Sra. Carolina Marques,
32007,Dra. Esther Pereira,Desenvolvimento de Software
32008,Pedro Montenegro,
32009,João Freitas,
32010,Sr. Luiz Gustavo Camargo,
32011,Thales Macedo,
32012,Alícia Mendonça,
32013,Ana Carolina Ribeiro,
32014,Henry Gabriel Nunes,
32015,Sra. Joana Lopes,
32016,Dr. Nicolas Porto,
32017,Caroline Cardoso,"Engenheiro, Coordenador, Gerente."
32018,João Guilherme Teixeira,Engenheiro Mecânico
32019,Maria Vitória Nunes,"Agregar conhecimentos profissionais à empresa promovendo um crescimento recíproco de ambas as partes, a saber, da empresa e pessoal,."
32020,Dr. Léo Souza,Analista administrativo
32021,Benicio Camargo,
32022,Dra. Luiza Leão,
32024,Dra. Maria Fernanda da Paz,
32025,Antonella Rezende,
32027,Camila Rodrigues,Atuar como Analista de RH
32028,Srta. Nina Silva,Assistente administrativo / estágio em programação
32029,Ísis Costela,
32030,Srta. Helena Castro,
32031,Lorena Castro,
32032,Sra. Cecilia Freitas,
32034,Juan Siqueira,
32035,Davi Lucas Barbosa,
32036,Dra. Emanuella Sousa,
32037,Sr. Theodoro Vargas,
32038,José Miguel Mendes,
32039,Felipe Marques,
32040,Srta. Hellena Pacheco,
32041,Sr. Davi Luiz das Neves,
32042,Lucas Cardoso,
32043,Dra. Alana Ramos,
32044,Dr. Joaquim Abreu,
32045,Ana Fogaça,
32046,Maria Flor Casa Grande,
32047,Dra. Rebeca Vasconcelos,
32048,Sr. Rhavi Cunha,
32049,Benjamim Silva,
32050,Daniel Caldeira,
32051,Dr. Fernando Pereira,
32052,Bryan Macedo,Consultor SAP ABAP
32053,Sr. Antônio Garcia,
32054,Bryan Silva,
32055,Srta. Luiza Cassiano,
32056,Sra. Allana da Conceição,
32057,Henry Gabriel Barbosa,
32058,Dr. Cauê Souza,
32059,Sr. Isaac Farias,
32061,Laura Castro,
32064,Ayla da Luz,Analista de Recursos Humanos
32067,João Guilherme Andrade,
32068,Luiz Felipe Andrade,Ganhar dinheiro
32069,Isabela Casa Grande,
32070,Dra. Elisa Monteiro,
32071,Isabel Borges,Buscar conhecimento/experiencia em programação para aumejar um bom cargo.
32072,Sr. Luigi Cavalcanti,
32073,Bella Pires,
32075,Dr. Brayan Alves,
32076,Evelyn Barros,
32077,Arthur Miguel Aragão,
32078,Sra. Anna Liz Vargas,
32079,Sr. Noah Farias,
32080,Bianca da Rocha,
32081,Fernando Pereira,
32082,Sr. José Miguel Cunha,
32083,Maria Teixeira,
32084,Dom Cardoso,
32085,Dr. Pedro Henrique Araújo,
32086,Dra. Aurora Novaes,
32087,Dra. Alice Gonçalves,
32088,Eloah Leão,
32089,Sra. Caroline Sá,
32090,Melissa Cirino,
32091,Valentina Vasconcelos,Atuar como desenvolvedor Júnior
32092,Sr. João Vitor Sousa,
32093,Dra. Maria Alice Cirino,
32095,Arthur Viana,Setor administrativo ou operacional
32096,Sra. Maria Caldeira,
32097,Srta. Luna Monteiro,"Atualmente, busco novos desafios profissionais e acredito que, na empresa, posso me desenvolver profissionalmente, já que se trata de uma grande instituição."
32098,Sr. Erick Vargas,Administrativo
32099,Sarah da Luz,
32100,Maria Sophia Caldeira,
32101,Sr. José Miguel Macedo,
32102,Dr. Théo Gonçalves,
32103,Sra. Maria Helena Mendonça,
32104,Otto Monteiro,
32105,Sr. Murilo Viana,
32106,Bella Sampaio,
32107,Antony Marques,
32108,Lucas da Luz,
32109,Maria Flor da Conceição,
32110,Eloá Mendonça,
32111,Dra. Eloá da Conceição,
32112,Theo Guerra,
32113,Sr. Brayan Marques,
32114,José Garcia,
32115,João Lucas da Luz,
32116,Sr. Rael Abreu,
32117,Srta. Melissa Moura,
32118,Fernando Rios,
32119,Sra. Ísis Cunha,
32120,Sr. Davi Luiz Martins,Trabalhar com tecnologias web developer
32121,Dra. Esther da Cruz,
32123,Pedro Miguel Teixeira,
32124,Dra. Caroline Teixeira,Aperfeiçoamento na área de Departamento Pessoal
32125,André Monteiro,Analista RH/DP
32126,Kaique Rocha,
32127,Josué Oliveira,
32128,Dr. Pedro Henrique Azevedo,Analista de fraude
32129,João Gabriel Pires,
32130,Dr. João Pedro da Cruz,
32131,Stella Albuquerque,
32132,Dra. Maria Gomes,
32133,Augusto Freitas,
32134,Pedro Lucas Nascimento,
32135,Davi Miguel Souza,
32136,Dr. Dom Moraes,"Gestor de TI, Squad Lider, Scrum Master"
32137,Sra. Mariane Melo,
32138,Diogo Rios,
32139,Sr. João Miguel Caldeira,
32141,Lucas Gabriel Pires,
32142,Dra. Lara Martins,Suporte
32143,Amanda Moura,
32144,Sra. Bella Almeida,
32145,Anna Liz Aragão,"Analise de Dados, Consultoria Power BI, Business Intelligence"
32146,Zoe Porto,
32148,Sra. Ana Sophia da Cruz,
32149,Sr. Josué Monteiro,
32150,Dra. Alice Montenegro,
32151,Ana Carolina Barros,
32152,Sra. Ana Lívia Pacheco,Analista de contas a pagar
32153,Thiago Cavalcante,Analista Financeiro
32154,Aurora Silveira,
32155,Maria Isis Fernandes,Analista Financeiro
32157,Josué Cirino,operador de empilhadeira
32158,Sra. Ana Carolina da Cruz,Area Financeira - Contas a Pagar
32159,Srta. Vitória Freitas,Consultor SAP CRM
32160,Sra. Lívia Araújo,Exercer a função designada com excelência.
32162,Alice Ramos,
32163,Henrique Azevedo,Analista Analista de Contas a Pagar
32164,Dra. Juliana Ramos,
32166,Vinícius Martins,Consultor SAP SD
32167,Sra. Valentina da Mota,
32168,Juan Marques,Desenvolvedor SAP
32169,Dr. Vitor Hugo Sales,Coonsultor SAP MM Senior
32170,Rafaela Rodrigues,
32171,Maria Helena da Rosa,
32172,Sr. Anthony Gabriel Melo,Analista Financeiro
32173,José Pedro Castro,
32174,Maria Isis Rocha,Financeiro
32175,Maria Cecília Barros,
32176,Daniel Cavalcante,
32177,Davi Miguel Andrade,
32178,Hadassa Andrade,
32179,Marcos Vinicius Abreu,
32181,Gabriela Duarte,
32182,Maria Sophia Rodrigues,SAP PM – Manutenção
32183,Srta. Melissa Vieira,Analista Financeiro
32184,Srta. Ísis Santos,
32185,Dr. Henrique Abreu,
32186,Sr. Pedro Lucas Santos,
32187,Oliver Moreira,
32188,Luan Ribeiro,
32190,Ian Caldeira,Prestação de Serviços
32192,Theo Camargo,
32193,Sr. Benicio Moura,
32194,Erick Barros,
32195,Vicente Rodrigues,
32196,Maria Julia Campos,
32198,Sr. Carlos Eduardo Almeida,
32199,Eloah Ferreira,gerente de projetos
32200,Sra. Ágatha Vargas,Área de Coordenação / Gerencia de projetos
32201,Sra. Nina Pacheco,
32202,Sra. Aylla Moreira,Engenheiro Mecânico
32203,Sra. Maria Flor Rocha,Consultor SAP MM/WM
32204,Thomas Garcia,
32205,Maria Vitória Sousa,
32206,Sr. João Pedro Souza,
32207,Daniel Casa Grande,
32212,Bárbara Camargo,AnalistanCloud
32213,Sr. Diogo Peixoto,
32214,Sra. Marcela Pinto,Atuar na área administrativa e correlatas.
32215,Dra. Maria Cecília Borges,
32216,Srta. Alícia Sampaio,
32217,Natália Vasconcelos,
32218,Mateus Moraes,
32219,Dra. Kamilly Vargas,
32220,Dr. Josué Nogueira,
32221,Sra. Caroline Pinto,
32222,Srta. Sara Cavalcante,
32223,Laís Cavalcanti,
32224,Luana das Neves,
32225,Matteo Rocha,
32226,Sr. Matheus Oliveira,
32231,Dr. Rafael Rios,
32233,Dr. Anthony da Paz,
32234,Maria Fernanda Jesus,
32235,Dra. Catarina Monteiro,
32236,Sra. Maria Luiza Silveira,
32239,Dante Fogaça,
32240,Dr. Léo Cassiano,area financeira
32241,Leonardo Guerra,Vendedor / Consultor
32242,Sr. Leandro Melo,Lider abap
32244,Srta. Mirella Fonseca,
32245,Sr. Marcelo Leão,
32246,Dr. Marcos Vinicius Freitas,
32247,Dr. Henry Abreu,
32248,Dr. Thomas Martins,
32249,Enzo Freitas,
32250,Henry da Costa,
32251,Melina Castro,
32252,Joaquim Moreira,
32253,Sra. Marina Jesus,
32254,Ana Luiza Rocha,
32255,Dra. Isabela Oliveira,
32256,Nicole Porto,
32257,Antony Novais,"Atuar com prevenção de fraude, análise de crédito, cadastro de clientes"
32258,Sra. Ana Julia Castro,
32259,André Pimenta,
32260,Luiza Costela,
32261,Dr. Davi Lucca Lima,
32262,Dr. Lucca da Paz,Especialista Banco de Dados Oracle
32263,Dr. Augusto Viana,
32264,Francisco Barros,
32265,Amanda Sá,Analista de Infraestrutura
32266,Lavínia Araújo,
32267,Sr. Leonardo Brito,comercial / gestão
32268,Dr. Ryan Câmara,
32269,Henry Gabriel Costela,
32270,Dra. Maria Julia Montenegro,analista coordenador gerente
32271,Sra. Antonella Moreira,
32272,Sr. Luiz Otávio Azevedo,
32273,Dra. Mariana Siqueira,
32274,Davi Sá,
32275,Clarice Fogaça,Gestão e negócios
32277,Dr. Vinicius Costa,
32278,Sra. Esther Costa,dba idms db2
32279,Dr. Noah Barbosa,Tecnologia da Informação
32280,Dr. Arthur Gabriel Sousa,
32281,Sra. Elisa Freitas,
32283,Dr. Gustavo Freitas,
32284,Dra. Isadora Souza,
32285,Lucas Cirino,
32286,Leandro Brito,
32287,Danilo Pires,
32288,Dra. Antonella Porto,Analista de dados
32289,Sr. Vitor Hugo Dias,
32290,Maria Alice Sales,
32291,Sra. Maria Júlia da Rocha,
32292,Dra. Bella Pastor,
32293,Marcos Vinicius Correia,
32294,Dra. Maria Eduarda Castro,
32296,Dra. Elisa Cavalcanti,analista de suporte
32297,Dr. Kevin da Costa,Gerenciamento de Projetos
32298,Srta. Lunna Marques,
32300,Ana Luiza da Luz,
32301,Emanuel Câmara,
32304,Manuella Machado,
32305,Dr. Marcelo da Paz,
32306,Arthur Miguel Silva,"Em busca de oportunidade, experiência e crescimento profissional."
32307,Sra. Alana Porto,
32308,Srta. Daniela Nogueira,
32309,Sr. Caleb da Mata,
32310,Srta. Mirella Castro,
32311,Sra. Amanda Dias,
32312,Júlia Costa,
32313,Srta. Nina Vargas,
32314,Bella Nogueira,
32316,Dr. Pedro Lucas Ramos,
32317,Sr. Eduardo da Paz,Gerente de projetos
32319,Dra. Lorena Leão,
32323,Sr. Heitor Montenegro,
32324,Ísis Dias,
32325,Dr. Dom Cavalcanti,
32326,Laura Jesus,
32327,Dr. Enzo Gabriel Gomes,
32328,Dr. Vitor Oliveira,
32329,Sr. Vitor Hugo Fonseca,
32330,Bernardo Azevedo,À disposição da empresa
32331,Sr. Paulo Azevedo,Gestão de Projetos
32332,Sra. Maria Sophia Cardoso,Administrativo Logistica e Comercial
32333,José Aparecida,Crescimento Profissional
32336,Augusto Correia,
32337,Sra. Emanuelly Abreu,TI
32338,Sra. Pietra Casa Grande,
32339,Emilly Cavalcanti,
32340,Julia Pinto,
32341,Natália Barros,
32342,Dr. Enzo Gabriel Barros,
32343,Sara Pires,
32344,Dr. Davi da Conceição,
32347,Sophia Farias,
32348,Sr. Gael Henrique Fogaça,
32349,Benicio da Rocha,
32350,Srta. Laura Carvalho,
32351,Sr. Ravi Araújo,
32352,Antônio Ribeiro,
32353,Amanda Vieira,
32354,Rafaela Guerra,
18499,Sr. Felipe Pastor,
18502,Dr. Kevin Moura,
18503,Dr. João Pedro Macedo,
18504,Luan Macedo,
18505,Sr. Calebe Silveira,Analista de recrutamento e seleção
18506,Maria Fernandes,
18507,Sr. Gael Henrique Moura,
18508,Sra. Bella Viana,
18509,Srta. Luara Monteiro,
18510,Sra. Bella Martins,
18511,Dr. Enzo Gabriel Gonçalves,
18512,Sr. João Felipe Azevedo,
18513,Mateus Marques,
18514,Vitor Gabriel Borges,Consultor SAP SD Sr.
18515,Sra. Ayla Lopes,
18516,Isaac Pastor,Analista de Suporte e Sistemas / Encarregado de Equipe
18517,Bianca da Cunha,Analista funcional
18518,Sr. João Pedro Correia,Analista de sitemas
18519,Dr. Davi Lucca Costela,
18520,Ana Luiza Leão,
18521,Antônio Lopes,
18522,Dra. Nina Costa,
18523,Sr. Bruno Rodrigues,
18524,Anna Liz Abreu,
18525,Augusto Santos,
18526,Cecília Sales,
18527,Dra. Evelyn da Rosa,
18528,Dr. Bruno Ramos,
18529,Dr. Emanuel Mendonça,
18530,Kevin Rodrigues,
18531,Isis Brito,
18533,Dr. Diogo da Rocha,
18534,Dr. José Miguel Cardoso,Salesforce
18535,Sra. Zoe da Paz,
18536,Sr. Anthony Teixeira,
18537,Bruno da Rosa,
18538,Sr. Gustavo Henrique Mendonça,Analista de Infraestrutura
18541,Dra. Mariane Guerra,
18542,Sra. Aylla Novaes,Analista de sistemas
18543,Sr. Luan Silveira,
18544,Isabelly Sá,
18545,Dr. Arthur Alves,Atuar como Analista de Métricas
18547,Lorena Rodrigues,"Analista de testes, QA, Automação de testes"
18548,Dr. Mathias Moura,Administrativo
18549,Sr. Thales Cardoso,
18550,Isaque Pimenta,"Analista de Testes, Analista de Quality Assurance e demais funções correlatas na área de Testes ou QA"
18551,Dra. Melissa Aragão,"Atuar na área de Tecnologia da Informação, podendo assim desenvolver e aprimorar meus conhecimentos nesta área, agregando valor para a empresa."
18552,Srta. Caroline Cardoso,
18553,Dr. Pietro Andrade,"Analista de Faturamento, Analista de Planejamento Financeiro"
18554,Dra. Sabrina Cirino,
18555,Eduarda Vasconcelos,Gestão Financeira
18556,Dr. Mathias Vasconcelos,Área administrativa e faturamento
18557,Gael Oliveira,
18558,Benicio Cunha,SUPORTE TÉCNICO / REDES
18559,Isaac Jesus,
18562,Mirella da Luz,
18566,Sr. Ian da Cunha,Coordenador TI / Consultor Middleware
18567,Antônio Vargas,
18568,Dra. Laura Sá,Novos desafios e desenvolver habilidades.
18569,Sra. Hadassa Ribeiro,
18570,Bianca Vargas,
18571,Sra. Heloisa Sousa,Analista desenvolvedor
18572,Sra. Julia Araújo,Coordenador de TI
18573,Maysa Ribeiro,
18574,Aylla da Costa,
18575,João Felipe Monteiro,
18576,Dra. Vitória Alves,Desenvolvimento com Sharepoint e Office 365
18577,Sr. Luiz Fernando Barbosa,Vendas
18578,Sr. João Felipe Ramos,
18579,Otávio Ribeiro,DBA Pleno
18580,Sr. Guilherme Freitas,
18582,Fernando Brito,
18583,Sra. Helena Montenegro,
18584,Yago Cirino,
18587,Clarice Casa Grande,
18589,Maitê Casa Grande,
18590,Kaique da Rocha,Analista
18592,Yuri da Paz,
18593,Sra. Luara Costa,
18596,Lucca Almeida,Engenheiro Civl / Engenheiro Trainee / Auxiliar de Engenharia
18598,Srta. Ana Cecília Araújo,
18600,Sra. Sophie Abreu,Business Inteligence
18601,Erick Novais,
18602,Dra. Isabel Aparecida,
18603,Srta. Isabella Porto,
18604,Dra. Esther Leão,
18605,Sr. Rael Nogueira,
18607,Dr. Heitor Cavalcanti,Consultor SAP / Analista SAP
18608,Helena Freitas,
18609,Dra. Ana Laura Souza,
18610,Srta. Heloisa Oliveira,
18611,Isadora Casa Grande,
18612,Srta. Olívia Souza,
18613,Sr. Asafe Dias,
18616,Sr. Noah Jesus,"Trabalhar na área de Recurso Humanos, Financeiro e Administrativa."
18617,Dr. Bryan Garcia,Areas Administrativas
18618,Kevin Pereira,"Auxiliar Administrativo, recepcionista"
18621,Vicente da Costa,
18622,Srta. Ágatha Marques,
18623,Mariana Pires,Analista de recursos humanos
18624,Rafaela Oliveira,Atuar como DBA Oracle e/ou como Arquiteto OCI
18625,Gael da Paz,Analista e Desenvolvedor de Sistemas
18626,Rodrigo Barbosa,Analista de Sistemas
18628,Bruna Câmara,
18631,Sra. Larissa Siqueira,
18635,Arthur Gabriel Machado,
18636,Sr. Augusto Nascimento,
18637,Dra. Bruna Santos,Analista de automação QA
18638,Bella Souza,
18641,José Miguel Moraes,Coordenação / Gerência
18644,Sr. Dante Monteiro,Arquiteto de Soluções/líder Técnico/Coordenador
18647,Elisa Albuquerque,
18649,Marina Monteiro,
18652,Sr. Miguel Melo,Líder Técnico Salesforce
18653,Sr. Enzo Gabriel Azevedo,
18654,Caroline Guerra,
18655,Srta. Mariana Sales,
18656,Dra. Ísis Vieira,
18657,Kamilly da Mata,desenvolvedor
18658,Joana Vargas,Consultor SAP
18659,Antonella Pimenta,
18660,Dra. Heloísa Novais,
18662,Manuella Fernandes,Analista de Recrutamento & Seleção / Recursos Humanos
18664,Srta. Sophia Oliveira,
18665,Dr. Noah da Cunha,
18668,Srta. Beatriz Machado,
18669,Sra. Carolina Aragão,
18670,Sra. Alice Silva,
18672,Sra. Melissa Vasconcelos,Estabilidade e crescimento.
18673,Larissa Gomes,
18674,Sr. Josué Nunes,Atuar como Analista Desenvolvedor
18676,Francisco Marques,Arquiteto de Soluções SAP | SAP Solution Manager |
18679,Sr. Eduardo Teixeira,
18681,Sra. Ana Carolina da Conceição,
18682,Dr. Rodrigo Cardoso,
18683,Gabriel Guerra,
18685,Dra. Maria Luísa Campos,Analista SAP Basis Certified
18686,Caio Freitas,Consultor SAP PS/IM
18689,Sra. Clara Machado,CONSULTOR SAP BASIS
18690,Srta. Heloísa Souza,
18692,Dr. Isaque da Costa,
18693,Ana Nascimento,Full Stack Developer Analyst
18695,Sr. Yan Farias,
18696,Srta. Maria Helena Camargo,
18697,Luiz Miguel Freitas,Analista de R&S - TI
18699,Felipe Pires,
18700,Sr. Gustavo Souza,Diretor Comercial
18707,Dra. Laura Melo,
18709,Dra. Manuela Aparecida,"Analista de sistemas, desenvolvedor, administrador de dados"
18710,Sr. Lorenzo da Luz,Consultor SAP ECC PS e IM
18711,Srta. Aurora Oliveira,Recursos Humanos
18712,Dr. Caleb Pinto,Desenvolvedor Front End
18714,Heloisa Cunha,
18715,Sra. Mariana Gonçalves,
18716,Sr. Yago Barbosa,
18717,Nicolas Azevedo,
18718,Sra. Mariah Pacheco,
18719,Sr. Rael Moreira,
18721,Zoe Freitas,"Diretor de Negócios, de Serviços ou de TI"
18722,Olivia Andrade,
18725,Sr. Henry Teixeira,
18727,Aylla Montenegro,
18729,Srta. Gabriela Brito,
18731,Dra. Lunna Caldeira,Tecnologia da informação
18735,Dra. Larissa Sá,
18736,Agatha Pereira,Gerenciamento a nivel estratégico ou diretoria
18739,Danilo Câmara,
18740,Sr. Paulo da Luz,
18741,Sr. Davi Luiz Moreira,
18742,Maysa da Cruz,
18743,Dra. Sara Camargo,
18744,Gustavo Henrique Guerra,Atual como Analista de testes
18745,Srta. Manuela Pires,
18746,Sr. Luiz Henrique Barros,Atuar com aplicações mobile
18747,Ana Sophia Viana,Programador Mobile Android / iOS
18749,Dra. Jade Cunha,
18751,Dr. Matteo Vieira,
18752,Maria Luiza Ramos,
18753,Aylla Campos,CONSULTOR SAP MM
18754,Sr. Davi Cavalcanti,
18758,Brayan Andrade,
18759,Marina Brito,
18760,Sr. Ryan Viana,Consultoria / Negócios
18762,Ana Clara Garcia,Posição de Gestão de Negócios ou Gestão de Projetos
18764,Sra. Daniela Pereira,
18765,Dr. Oliver Sá,
18767,Vinícius Câmara,
18768,Dra. Alexia Cunha,
18769,Ana Carolina Rocha,
18771,Srta. Maitê Nunes,
18774,Maria Fernanda Montenegro,
18779,Levi Oliveira,
18780,Dr. Liam Vieira,
18782,Bruno Guerra,
18783,Ana Beatriz Fogaça,
18784,Marcelo Borges,
18785,Dr. Luiz Otávio Novais,
18786,Raquel Costela,
18787,Sr. Arthur Miguel Santos,Programador ABAP
18788,Dr. Cauã Aparecida,Trabalhar com foco em inovação.
18790,Dom Carvalho,
18794,Pedro Lucas Pacheco,
18795,Hellena Pires,
18797,Dra. Liz Garcia,
18798,Dr. Asafe Pastor,"Analise de Suporte Tecnico, Consultor de Suporte técnico"
18799,Dra. Agatha Sousa,
18802,Valentina Almeida,
18803,Dra. Maysa da Rocha,Analista Peoplesoft HCM
18807,Srta. Fernanda Ramos,
18808,Dr. Marcelo Carvalho,
18809,Asafe Rodrigues,
18810,Francisco Borges,
18812,Bruno Santos,
18813,Ryan Rios,Analista
18814,Dr. Gustavo Henrique Campos,
18816,Sr. Anthony Gabriel da Costa,
18817,Sr. Vinícius Martins,
18818,Mathias Macedo,Gestão de Negócios
18819,Dr. Caleb Barbosa,
18820,Davi Miguel Ferreira,Atuar na direção de projetos de tecnologia e negócios
18822,Aurora Dias,ADMINISTRATIVO / RECURSOS HUMANOS
18824,Sr. Diogo Pinto,Área de tecnologia
18827,Raul da Paz,
18828,Srta. Mariana Jesus,
18829,Theodoro Duarte,
18830,Maria Eduarda Mendonça,
18831,Maria Clara da Luz,
18832,Ana Gomes,
18835,Dra. Liz Cirino,Analista em Gestão de acessos
18837,Sophie Moraes,Desenvolvedor Java
18838,Dra. Laís Borges,Ser Analista Pleno
18840,Pedro Lucas Barros,CONSULTOR ABAP
18843,Henry Gabriel da Cruz,Recolocar no mercado de trabalho
18846,Isabelly Vasconcelos,TI
18847,Dr. Levi Porto,Suporte
18848,Dr. Emanuel da Cruz,
18849,Luan Aragão,
18850,Noah Cardoso,
18854,Srta. Maria Luísa Pastor,
18856,Dr. Pedro Lucas Caldeira,
18857,Dra. Mariah Castro,Analista
18858,Sr. Lucca Abreu,
18859,Dr. Antônio Correia,
18860,Carlos Eduardo da Luz,Analista
18863,Sra. Lívia Monteiro,
18864,Anthony Gabriel da Cruz,Consultoria SAP PM/CS/QM
18865,Camila Ferreira,
18866,Giovanna Carvalho,
18867,Sr. José Pedro Vieira,
18869,Sra. Maria Sophia Andrade,Tecnologia da informação
18870,Sr. José Cavalcanti,Consultor SAP
18872,Lívia Rocha,
18875,Srta. Helena Peixoto,
18876,Dr. Liam Andrade,
18877,Srta. Ana Laura Novais,
18878,Sr. Caleb Pinto,
18879,Dr. Théo Pires,
18880,Sr. Caio Caldeira,
18882,Sra. Pietra Cardoso,
18883,Manuella Novaes,Monitoramento
18886,Bárbara Nogueira,
18888,Isadora Freitas,
18889,Dr. Léo Costa,
18894,Davi Luiz Santos,Vigilânte ou monitoramento
18896,Dr. Asafe Moura,
18897,Sra. Maria Luiza Guerra,Suporte Técnico
18898,Dra. Ana Julia Sales,
18899,Dr. Caio Freitas,
18900,Srta. Isabela Moura,segurança da informação
18901,Juliana Lima,Analista de Suporte
18902,Luiza da Mota,Analista de teste manuais
18906,Dra. Luiza Andrade,
18907,Ana Teixeira,Assistente de Suporte
18908,Sr. Oliver Teixeira,
18909,Luísa Guerra,
18910,Mirella Montenegro,
18911,Clarice Novais,
18912,Isaque Peixoto,
18914,Srta. Maria Vitória Teixeira,Supervisor de monitoramento
18915,Carlos Eduardo Martins,
18917,Srta. Ana Beatriz Azevedo,
18919,Marcela Siqueira,SAP GRC ACCESS CONTROL
18922,Esther Sá,IT Specialist
18924,Dra. Sophia Ribeiro,
18926,Dra. Manuella Lopes,Anslista
18927,Dr. Benicio Campos,Atuar na área de desenvolvimento web usando a plataforma OutSystems.
18928,Raul Marques,Analista de Sistemas Pleno
18929,Dr. Henrique Cavalcanti,
18930,Ian da Luz,Desenvolvedor OutSystems
18931,Dra. Allana Ramos,Recolocação no mercado
18932,Sra. Cecília Brito,Analista de Suporte
18933,Dr. Dom Duarte,Comercial / TI
18935,Srta. Juliana Pacheco,Unix and Linux systems specialist
18937,Dr. Renan Guerra,ANALISTA DE TESTES
18938,Srta. Melina da Rosa,Administração em geral
18939,Dr. Vinicius Castro,
18941,Eloah Costela,Analista de Suporte
18942,Isabel da Cruz,
18943,Sr. Rael da Paz,ser referência na minha área de atuação
18944,Sr. Valentim Viana,Analista / Advogado
18945,Dr. Ian Gonçalves,"CLT em Desenvolvimento SAP ABAP, SAP Fiori, SAP UI5"
18946,Dr. Leonardo Souza,
18947,Dra. Juliana da Rosa,
18948,Bella Melo,Advogada
18949,Rodrigo Oliveira,
18950,Sr. Noah Rodrigues,Atuar em empresas na área jurídica
18951,Sr. Luiz Miguel Pastor,
18952,Dr. Vitor Fonseca,
18953,Felipe Casa Grande,
18954,Sr. João Felipe Novaes,
18955,Dr. Enrico Nogueira,Atuar na área de Tecnologia da Informação.
18958,Sarah Leão,Analista de desenvolvimento .NET
18959,Dra. Manuela Porto,
18960,Manuella Cirino,
18961,Kamilly Garcia,Tecnico de informatica
18965,Maria Luísa Cunha,Analista Salesforce
18966,Sr. Rodrigo Teixeira,Consultor
18967,Eduarda Aparecida,
18968,Rafaela Campos,
18969,Srta. Luísa Silveira,
18973,Dr. Liam Andrade,"Estagio em TI, Técnico de Informática"
18975,Dra. Camila Barbosa,
18977,Mateus Freitas,
18979,Maria Júlia da Rocha,
18980,Sra. Rebeca Cavalcanti,
18981,Lucca Pimenta,Analista de TI
18985,Arthur Miguel Nunes,Executivo de TI e Operações
18986,Srta. Maria Laura Pereira,
18987,Benício Nunes,
18988,Dra. Isabela Martins,
18991,Léo da Paz,
18992,Srta. Luísa Cassiano,
18994,Dra. Liz Novais,
18998,João Pedro Leão,
18999,Nathan Camargo,Trabalhar com qualidade de software
38045,Sr. Arthur Casa Grande,gerente de implantação
38046,Dr. Otto Alves,Analista DBA Oracle
38047,Benjamin Silveira,Analista de Gestão de Performance
38048,Sra. Cecilia Melo,Analista de Gestão de Performance
38049,Léo Garcia,Analista de Gestão de Performance
38050,Giovanna Abreu,Analista de Gestão de Performance
38052,Dra. Maria Alice da Rocha,Analista de Sistemas
38053,Srta. Rafaela Guerra,IFS Supply Chain Senior Consultant
38055,Paulo da Mata,BI Data Analyst
38056,Dr. Nathan Pereira,Desenvolvedor
38057,Srta. Pietra Silva,Desenvolvedor
38059,Maya Monteiro,Analista Administrativo
38060,Srta. Milena Vieira,Desenvolvedor Web
38062,Dr. Felipe da Cruz,consultor BASIS
38066,Dra. Aylla Moura,Analista
38067,Sr. Felipe Marques,Analista
38068,Dr. Rodrigo Moura,Consultor SAP CCS
38069,Sra. Lara Dias,Arquiteto de Soluções SAP
38070,Sra. Maria Cecília Garcia,Arquiteto de Soluções SAP
38071,Leandro Moura,Arquiteto de Soluções SAP
38072,Dr. Benício Garcia,Arquiteto de Soluções SAP
38073,Ana Júlia da Mata,Analista Linux
38074,Olivia Vasconcelos,QA
38075,Daniel da Conceição,Analista de Infraestrutura
38076,Dr. Yan Nogueira,Analista de Infraestrutura
38077,Maria das Neves,Analista de Infraestrutura
38078,Vitor Gabriel da Cruz,Analista de Infra Estrutura
38079,José Miguel Lopes,Analista de Infra Estrutura
38080,Dra. Isabela Brito,Financeiro
38081,Sr. Oliver Garcia,Analista de Infra Estrutura
38082,Nathan Gomes,Analista de Infra Estrutura
38083,Diego Lima,Analista de Infraestrutura
38084,Daniela Pastor,Desenvolvedor ReactJs
38086,Julia Cardoso,Analista
38087,Bianca Silveira,Analista
38091,João Guilherme Ramos,negócios
38092,Sr. Lorenzo Carvalho,Analista DBA Oracle
38096,Breno Borges,Consultor SAP MM WM
38097,Lucca Melo,Digital Adobe AEM UI Development
38098,Sr. Lucas Gabriel Cavalcanti,Testes
38099,Ana Ribeiro,Analista DBA Oracle
38100,Sr. Arthur da Rocha,Consultor Linux
38101,Arthur Gabriel Peixoto,Desenvolvedor
38104,Davi Miguel Vasconcelos,Ticket Manager
38108,Benício Rios,Ticket Manager
38110,Lorena da Cruz,Analista de banco de dados
38112,Maria Alice Martins,Ticket Manager
38113,Sr. Rodrigo Câmara,Analista de Dados
38114,Luara Pinto,Ticket Manager
38116,Sra. Catarina Nunes,Ticket Manager
38121,Srta. Daniela Carvalho,Analista de Dados
38122,Rodrigo Lopes,Analista de dados
38123,Srta. Ayla Gonçalves,DBA
38124,Dra. Giovanna Costela,Analista de banco de dados
38125,Allana Silva,QA
38126,Srta. Ana Lívia Nascimento,Desenvolvedor
38128,Eloah Aragão,Desenvolvedor Senior
38130,Dra. Maria Vitória Costa,Consultor Especialista em Segurança da Informação
38131,Anthony Gabriel Macedo,Desenvolvedor Senior
38132,Manuella Lima,Banco de Dados
38133,Dr. Joaquim Mendes,Desenvolvedor Senior
38134,Sr. Diogo Caldeira,Desenvolvedor Senior
38135,Valentim Cavalcanti,Desenvolvedor Senior
38136,Pietro da Rocha,Desenvolvedor Senior
38137,Renan Pinto,Desenvolvedor Senior
38138,Dante Porto,Desenvolvedor Pleno
38139,Dr. Liam Pastor,Desenvolvedor
38141,Sra. Evelyn Costa,Desenvolvedor Pleno
38142,Vitória Lopes,Desenvolvedor Pleno
38143,Dra. Alana Almeida,Desenvolvedor Pleno
38144,Luísa Vieira,Desenvolvedor
38145,Valentim Nogueira,Programador
38146,Sr. Gabriel Fogaça,Analista de Banco de Dados Pleno
38147,Matteo Pimenta,Desenvolvedor
38148,Dr. Rafael Cassiano,Analista de Banco de Dados Pleno
38149,Dr. Carlos Eduardo Andrade,dba
38150,Allana Farias,Desenvolvedor
38151,Dra. Maria Laura Guerra,Forms
38152,Dra. Julia Silveira,forms
38153,Bella Fonseca,Forms
38154,Gustavo Henrique Farias,Forms
38155,Sr. José Miguel Campos,forms
38156,Dr. Miguel Oliveira,PLSQL
38158,Dr. Emanuel da Cunha,Analista Desenvolvedor Java Sênior
38159,Sr. Luiz Miguel Mendes,Administrativo
38160,Isis Duarte,Administrativo
38161,Sra. Zoe Cassiano,Administrativo
38162,Bruno Novaes,Administrativo
38163,Sra. Maria Cecília Guerra,Administrativo
38164,Vitória Monteiro,Analista de Infra Estrutura
38165,Srta. Sofia Camargo,Analista de Infra Estrutura
38167,Maria Liz Dias,Desenvolvedor
38168,Srta. Maria Fernanda Cavalcante,Desenvolvedor
38169,Clara Leão,Desenvolvedor Sênior – JAVA
38170,Danilo Pacheco,Desenvolvedor
38171,Dra. Manuella Jesus,Desenvolvedor Java Web
38172,Paulo Sá,Desenvolvedor PL SQL
38175,Enzo Gabriel Montenegro,Desenvolvedor PL SQL
38176,Dr. Marcos Vinicius Ramos,Supply chain analyst
38177,Sr. Otávio Novais,Desenvolvedor
38178,Sra. Maria Helena Camargo,Planejador de manutenção
38179,Dr. João Miguel Siqueira,consultor sap mm
38180,Luiz Gustavo Silveira,Oracle PL/SQL
38181,Dr. Arthur Gabriel Nascimento,consultor sap mm wm
38182,Luiz Fernando Cavalcante,Consultor SAP SD SENIOR
38184,Sr. Gael Henrique Freitas,Analista de Contas a Pagar
38185,Dra. Helena Cassiano,Analista
38188,Liam Garcia,Desenvolvedor de Software
38190,Sr. João Miguel Casa Grande,DEV PL/SQL
38192,Melina Cassiano,DEV PL/SQL
38193,Dra. Maya Fogaça,Analista
38194,Sofia Nunes,Analista
38198,Dr. Kaique da Luz,Analista
38199,Rael Monteiro,SAS Analista
38200,Cecília Dias,Desenvolvedor Sênior Java
38201,Sra. Ana Sophia Barbosa,Desenvolvedor Sênior – JAVA
38203,Dr. João Lucas da Rosa,DESENVOLVEDOR
38204,Sr. Liam Araújo,Desenvolvedor
38205,Maria Eduarda Pereira,Analista Back-End Pl/SQL
38206,Dr. Pedro Lucas Vieira,Consultor SAP Hybris
38207,João Guilherme Araújo,Ticket Manager
38209,Matheus Borges,desenvolvedor
38210,Dr. Kaique Monteiro,Ticket Manager
38211,Alícia da Luz,DESENVOLVEDOR
38212,Sra. Joana Cardoso,Consultor SAP SD com ingles
38213,Ana Carolina Ramos,Consultor Linux
38214,Thiago Albuquerque,Desenvolvedor
38216,Sra. Clara Mendes,Associate Operations PTP
38218,Dra. Amanda Nunes,Desenvolvedor Web
38219,Srta. Gabriela Souza,Analista de Negócios
38220,Caleb Sampaio,Desenvolvedor
38222,Sr. Vitor Hugo Azevedo,Desenvolvedor Pleno
38223,Dante Farias,Analista de sistemas
38224,Dr. Erick Farias,Desenvolvedor Pleno
38225,Luísa Moura,Desenvolvedor Pleno
38226,Dr. Levi Leão,Desenvolvedor Pleno
38227,Dr. Cauê Ribeiro,Financeiro
38228,Dr. Gustavo Pastor,Desenvolvedor
38229,Davi Lucas Caldeira,Desenvolvedor Pleno
38230,Bruna Silveira,Desenvolvedor
38231,Aylla Guerra,Financeiro
38232,Srta. Luana Jesus,Mid-Level Mobile Engineer | React Native Developer
38233,Isaac Nogueira,Assistente Administrativo
38234,Srta. Beatriz Sales,Desenvolvedor Pleno
38235,Augusto da Cunha,Desenvolvedor Pleno
38236,Isabelly Pacheco,Consultor Funcional Dynamics
38237,Luara Aparecida,Phyton
38238,Dr. Caleb Moraes,Analista
38240,Srta. Alícia Mendonça,Analista
38241,Dra. Lívia Rodrigues,Forms
38242,Ana Clara Rezende,PO
38243,Dra. Sophie Melo,Sharepoint
38244,Thiago Sousa,desenvolvedor
38245,Srta. Valentina da Cunha,Analista de Telecomunicações
38246,Milena Dias,Mercado financeiro de investimentos
38247,Davi Leão,PO
38248,Sra. Ayla Pinto,PO
38249,Yuri Siqueira,PO
38250,Emanuel Sousa,PO
38251,Srta. Heloisa Moura,PO
38252,Dr. Benicio Montenegro,Estoquista
38253,Augusto Aparecida,Consultor / Especialista de Segurança da Informação
38254,Enzo Sales,Estoquista
38256,Sra. Natália Castro,Product Owner
38258,Sr. Felipe da Cunha,Product Owner
38259,Ana Júlia Abreu,Product Owner
38260,Sr. Dante Sales,Desenvolvedor
38264,Dr. Fernando Santos,Digital Adobe AEM UI Development
38265,Lívia da Costa,Analista
38266,Dr. Léo Pires,Dev Python
38267,Sra. Lavínia Siqueira,Analyst Operation
38268,Sra. Lara Barbosa,Analista
38269,Dr. Gustavo Cunha,Digital Adobe AEM UI Development
38270,Bento Duarte,Analyst Operation
38271,Sr. Henry Freitas,Digital Adobe AEM UI Development
38272,Sr. Diego Barros,Gerente de Projetos
38274,Thales Pastor,Gerente Financeiro
38275,Sr. Luiz Gustavo Costela,Analyst Operations
38276,Raquel Porto,Analista de Processos
38277,Srta. Clara das Neves,Analista de Processos
38278,Sra. Caroline Fogaça,Desenvolvedor Pleno
38279,Théo Ramos,Desenvolvedor Pleno
38280,Luna Rocha,Analyst Operation
38281,Nicolas da Rocha,Analista de Segurança da Informação
38283,Dr. Bento Moreira,Analista de governança de Segurança da informação
38284,Dr. Isaque Moraes,Tech Recruiter
38285,Srta. Cecilia da Costa,Especialista em Cloud Computing
38286,Sra. Ana Liz Souza,Analista De Recrutamento E Seleção Senior
38287,Letícia da Rocha,Product Owner
38288,Dra. Larissa Dias,Product Owner
38289,Beatriz Sousa,Product Owner
38290,Dra. Bárbara Nunes,RH
5006,Isabelly Barbosa,Cobol
5033,Sr. Dom Lopes,CONSULTOR SD_TRA SENIOR
5034,Mariana Pereira,Cobol
5044,Davi Lucca Rocha,Cobol / Gerente de Projetos / MainFrame
5046,Dra. Luara Campos,CONSULTOR MM_SD_LES SENIOR
5052,Sra. Maria Fernanda da Luz,Cobol / MainFrame
5054,Luiz Otávio Pacheco,Cobol / Natural-Adabas
5064,Ana Laura Mendonça,CONSULTOR SAP CO SR
5072,Lucca Brito,Cobol
5073,Sr. Anthony Gabriel das Neves,CONSULTOR SAP CO SR
5075,Srta. Alice Cardoso,Cobol
5090,Dr. Renan Siqueira,Cobol
5091,Isabella Jesus,Cobol
5100,Dr. Rafael Monteiro,Cobol
5115,Juliana Peixoto,Cobol
5120,Asafe Macedo,Cobol
5157,Alícia Novais,Cobol
5164,Sr. Bento Castro,Cobol
5167,Yago Rios,Fazer bem o meu trabalho
5169,Dra. Stephany Rezende,CONSULTOR SAP CO SR
5183,Nathan Pacheco,Cobol
5191,Bruna Moraes,Cobol
5233,Leonardo Cavalcante,Cobol / Líder de Projetos
5275,Srta. Evelyn Pereira,Cobol
5293,Davi Miguel Rodrigues,Cobol
5298,José Miguel Cirino,Cobol
5319,Dr. Theodoro Nunes,DBA
5325,Dr. Erick Duarte,Cobol
5358,Antonella Mendonça,Cobol
5387,Lara Pereira,Cobol
5391,Sra. Hadassa Montenegro,Cobol
5399,Gael Sampaio,Cobol
5406,Dra. Julia Casa Grande,Cobol
45414,Yasmin Gomes,compras
45415,Sra. Stephany Pacheco,Analista tributária
45419,Srta. Nina Abreu,ANALISTA FISCAL SÊNIOR/ ESPECIALISTA
45420,Dr. Thomas Casa Grande,analista de suporte SAP
45421,Dr. Yan Nunes,compras
45422,Sr. Ravy Jesus,Enfermeiro(a) Administrativo Sênior
45423,Sra. Sophie Cavalcante,Enfermeiro(a) Administrativo Sênior
45424,Dr. Benjamin Rodrigues,comprador
45425,Srta. Jade Machado,comprador
45426,Maria Laura Correia,comprador
45427,Sr. Erick Costela,comprador
45428,Dra. Ana Beatriz Cavalcanti,Enfermeiro(a) Administrativo Sênior
45429,Sra. Cecília Macedo,Sap Basis
45430,Dr. Vitor Hugo Rocha,Analista de Suporte
45431,Dr. Lucas Pinto,Analista
45432,Sr. André Sales,Desenvolvedor Sr
45433,Valentim Azevedo,Arquiteto B2B
45434,Maria Luiza Sampaio,Consultor SAP ABAP / ABAP for HANA
45435,Alice Cardoso,ABAP
45436,Dr. Caio Cavalcanti,Full stack
45437,Dr. Henry Cardoso,full stack
45438,Maitê Rodrigues,Analista Fiscal
45439,Dr. Marcelo Cirino,compras
45440,Sr. Kevin Farias,compras
45441,Dra. Manuella da Costa,compras
45442,Sr. Leonardo Rios,Analista
45443,Dr. João Pedro da Rocha,Enfermeiro(a) Administrativo Sênior
45444,Sr. Bryan Mendonça,Consultor SAP SD
45445,Srta. Emilly Moura,Consultor SAP Basis
45446,Sr. Davi Miguel da Cruz,Consultor SAP Basis
45447,Vitória Marques,SAP BASIS
45448,Sr. Isaque Vieira,Assistente de Operações de RH
45449,Srta. Emilly Freitas,Assistente de Operações de RH
45450,Dra. Luísa Nascimento,Analista
45451,Dra. Maria Isis Garcia,Analista
45452,Marina Campos,Sap Basis
45453,Dra. Alana Pinto,Analista
45454,Lara Aragão,full stack
45455,Srta. Alícia Casa Grande,Sap basis
45456,Srta. Bianca Nascimento,Arquiteto B2B
45457,Dr. Vitor Gabriel Caldeira,Sap Basis
45458,Srta. Maria Julia Câmara,basis
45460,Thiago Marques,DESENVOLVEDOR Sr
45461,Sr. Vinícius Correia,DB2
45462,Sra. Ana Cecília Sousa,DB2
45463,Dr. Benjamin Melo,DB2
45464,Dra. Maria Isis Duarte,Assistente de Operações de RH
45465,Dra. Clara da Cruz,Assistente administrativo
45466,Sr. Thomas Marques,SUPERVISOR FINANCEIRO
45467,Emanuelly Jesus,Assistente de Operações de RH
45468,Sr. Benjamim Garcia,ORACLE PTP
45469,Manuella Sousa,DB2
45470,Srta. Sofia Lopes,SAP BASIS
45471,Sra. Allana Sá,Full stack
45472,Dra. Zoe Sá,DB2
45473,Dr. Pedro Henrique Caldeira,Especialista de Dados Senior
45474,Leandro Rocha,Assistente de Operações de RH
45475,Ágatha Vasconcelos,Projetos
45476,Maria Alice Dias,Banco de Dados
45477,Danilo da Mata,Machine Learning Engineer (MLOps)
45478,Eduarda Ferreira,Protheus
45479,Maria Alice Gomes,Analista
45480,Sr. Gael Henrique Borges,Desenvolvedor Pleno
45481,Ana Cecília da Costa,Financeiro
45482,João Lucas Cirino,gerente de projetos
45483,Sr. João Vitor Sá,gerente de projetos
45486,João Silva,Analista
45487,Sr. Ravy Novaes,Assistente de Operações de RH
45488,Lorena Vasconcelos,Gerente de Projetos
45489,Dra. Mariana Sousa,gerente de projetos
45490,Maria Luísa Costa,Delivery
45491,Sr. Lucca Brito,Delivery
45492,Matteo Freitas,Contador
45493,Isis Monteiro,Assistente Financeiro
45494,Sra. Gabriela Melo,Analista
45495,Eduardo Silveira,Analista
45496,Antônio Aparecida,Analista
45497,Sr. Rael da Costa,Analista
45498,Sr. Raul Sampaio,Gerente de projetos SAP
45499,Dr. Enzo Gabriel Rocha,Analista
45500,João Pedro Pimenta,Head TI - Head of Customer Success
45501,Rafael Castro,Gerente de projetos SAP
45502,Sr. Bryan da Mota,Analista
45503,Sr. Lorenzo Moura,Gerente de Projetos
45505,Théo Lima,Delivery
45506,Srta. Ana Laura Ribeiro,Financeiro
45507,Diogo Duarte,
45508,Sr. Davi Miguel Aparecida,Assistente de Operações de RH
45509,Mirella Rocha,Assistente de Operações de RH
45510,Dra. Luna Garcia,Assistente de Operações de RH
45512,Maria Vitória Machado,Gerente de Projetos
45513,Heloisa Novaes,Financeiro
45514,Maitê Cavalcanti,ABAP
45515,Sr. Yan da Cunha,Consultor SAP SD Sênior
45516,Luiza Leão,Consultor SAP MM
45517,Sabrina Cavalcante,Analista
45518,Sra. Pietra da Costa,Consultor SAP MM
45519,Rafaela Vasconcelos,Sr. SAP Project Manager
45520,Dr. Marcos Vinicius da Cruz,Head of Advisory Managed Services
45522,Srta. Heloisa Vieira,Analista/Coordenador/Supervisor Fin
45523,Sr. André Nogueira,Analista de planejamento e controle
45524,Alícia Silva,JAVA
45525,Sr. Lucca Sampaio,JAVA
45526,Dra. Ísis Pimenta,Java
45527,Dom Pinto,Contabilidade
45528,Lorenzo Leão,Java
45529,Dr. Rhavi Lima,java
45530,Sr. Matteo Correia,ABAP e PI/PO
45531,Sr. Antônio das Neves,Supervisor Financeiro
45532,Dra. Stella da Rocha,Analista service desk sap
45533,Dr. Samuel Campos,Delivery Head
42611,Dra. Luísa da Mata,Oracle
42612,Sr. Marcos Vinicius Ribeiro,Oracle
42615,Sr. Caio da Rosa,consultor delphi
42616,Caleb Cavalcante,Analista Administrativo Sênior
42617,Yan Brito,JAva + React
42618,Luiz Fernando Fernandes,Front End Developer
42619,Dr. Pietro da Cruz,Desenvolvedor Delphi
42621,Larissa Rocha,Consultor SAP CO
42623,Sr. Josué Martins,Analista Administrativo Pleno - Compras
42624,Marcelo Ramos,NOC
42625,Gabriela da Conceição,Dev
42626,Melina Andrade,Analista Noc
42627,Dra. Vitória Abreu,Analista NOC
42628,Dr. Ravi Lucca Cavalcante,Front End Developer
42629,Sra. Sabrina Duarte,Engenheiro de Dados
42631,Dr. Cauã Moura,Assistente de Estoque Junior
42632,Cecilia Pereira,Analista Administrativo Pleno - Compras
42633,Dra. Isabel Gomes,Mobile
42635,Hadassa Moreira,Network
42636,Heitor Barros,Network
42637,Brenda Castro,FrontEnd
42638,Bento Souza,FrontEnd
42639,Sr. Mathias da Cruz,Analista Noc
42640,Dr. Henry Duarte,Programador .net senior
42641,Alana Araújo,Network
42642,Miguel Rocha,Desenv Mobile
42644,Srta. Carolina da Paz,Network
42646,Maysa da Mata,SAP BASIS
42647,Sr. Luigi Nunes,Analista Contábil
42648,Sr. Igor Gonçalves,Assistente de Estoque Junior
42649,Henry Gabriel Machado,Especialista Middleware
42650,Ryan Nunes,Consultor de Projetos
42652,Sra. Isadora Abreu,Oracle
42653,Srta. Emanuella Almeida,Analista Linux
42654,Joaquim da Rocha,Consultor SAP CCS Sênior
42655,Zoe Melo,Analista Administrativo Pleno - Compras
42657,Arthur Miguel Alves,Consultor de Projetos
42658,Sra. Lorena Sampaio,Consultor SAP MM retail
42659,Srta. Maria Fernanda Moura,Analista NOC
42660,João Gabriel Fonseca,DESENVOLVEDOR Sr
42663,Eduardo Novais,Cyber
42664,Sr. Benjamin Araújo,SAP SD
42670,José Pedro da Mata,Zabbix
42671,Vitor Silva,Zabbix
42672,Sr. Heitor Ramos,Zabbix
42676,Srta. Bárbara Pimenta,Consultor de Projetos
42677,Dr. Benjamin Gonçalves,C#
42678,Sra. Larissa Cirino,Zabbix
42679,Dr. José Lima,Redes
42680,Dr. Benício Araújo,Engenheiro de Produção
42681,Sra. Luna Fernandes,Cconsultora MM
42682,Benício da Luz,Engenheiro de Produção
42684,Dr. Luiz Otávio da Mata,Consultor de Projetos
42686,Srta. Sara Camargo,Analista GCP
42687,Sr. Matteo Câmara,C#
42688,Emilly Fogaça,C#
42689,Rodrigo Cardoso,Analista de Processos de Manufatura
42690,Dra. Luara Montenegro,Analista NOC
42691,Srta. Eloah Moreira,Analista NOC
42692,Gael Henrique das Neves,Analista GCP
42693,Levi Viana,Network
42694,Vinícius Monteiro,Logistica
42695,Leonardo Leão,Logistica
42696,Dr. Ian Rocha,SAP BASIS
42697,Srta. Stephany Montenegro,SAP BASIS
42698,Srta. Lavínia da Rocha,Programador .net senior
42700,Srta. Luna Duarte,Consultor de logistica
42701,Anthony Rezende,Consultor de logistica
42702,Dra. Alícia Novais,Consultor de logistica
42703,Benício Vasconcelos,Desenvolvedor Salesforce Pleno
42704,Emanuella Mendes,Desenvolvedor Salesforce Pleno
42705,Calebe Moraes,Desenvolvedor Salesforce
42706,Gabriel Brito,Logistica
42707,Dr. Davi Lima,Logistica
42708,Caleb Guerra,Arquiteto SAP
42709,Dr. Raul Aragão,Logistica
42710,Dr. Léo Fogaça,Analista
42711,Sr. João Gabriel da Cruz,Logistica
42712,Otto Moura,Storange
42716,Mariah da Mota,Consultor SAP Abap
42717,Srta. Aurora Siqueira,Suporte de TI
42718,Dra. Raquel da Paz,Consultor SAP SD
42719,Dr. Daniel Brito,Analista de Suporte Junior
42720,Srta. Maria Fernanda da Mata,Analista
42723,Cauã Pereira,Analista de Monitoramento
42724,Srta. Aylla da Mota,RH Generalista/Tech Recruiter/R&Sel
42725,Ana Júlia Ribeiro,Suporte
42726,Luiz Fernando Correia,Suporte
42727,Dra. Mariah Silveira,Suporte de TI
42729,Sr. Dante Aragão,Suporte de TI
42730,Dra. Clara Pereira,Suporte de TI
42732,Sr. Liam Caldeira,Suporte
42733,Sr. Gael Campos,Analista de Suporte
42734,Enrico Rios,Gerente de segurança da informação
42735,Benício Cassiano,Analista de suporte junior
42736,Dra. Laís Rodrigues,Analista de Redes e Comunicação de Dados
42737,Liz Dias,Consultor SAP ABAP
42739,Luiz Felipe Câmara,Analista
42740,Maria Sophia Pinto,Analista de Suporte
42742,Dr. Mathias Fonseca,analista de suporte jr
42745,Sr. Yago da Cunha,Analista
42747,Bento da Rosa,Analista de Infraestrutura de T
42751,Sr. José Cassiano,.Net e Angular
42753,Pietra Montenegro,Gerente de Governança de TI
42754,Dra. Mariah Campos,Analista ABAP Senior
42755,Emanuel Souza,Analista
36002,Dra. Laís Caldeira,Honologador
36004,Pedro Lucas Vargas,ABAP
36005,Kevin Melo,Forms
36006,Sr. Enzo Carvalho,JDE
36007,Leandro Souza,Forms
36008,Sra. Ana Laura Lima,Analista de Projetos
36009,Dra. Nina Cavalcanti,Analista de Gestão de Performance e ou Gestão da Qualidade de TI Pleno/Sênior
36010,Sr. João Pedro da Cunha,Estudante
36011,Ana Vitória Cardoso,SAP FI/CO
36012,Sra. Ágatha Gonçalves,Analista de Contratos
36013,Dr. Ravi Lucca da Luz,Auxiliar administrativo
36014,Luara Montenegro,Forms
36015,Srta. Kamilly Cunha,Desenvolvedor Ruby
36016,Sr. Caio Pires,Forms
36017,João Miguel das Neves,Forms
36018,Dra. Melina Cunha,Desenvolvedor Ruby
36019,Srta. Ana Lívia Rocha,Desenvolvedor Ruby
36020,Dra. Ana Cavalcanti,Homologador
36021,Srta. Maria Isis Vasconcelos,Analista de QA
36022,Sr. Pedro Miguel Andrade,Desenvolvedor Ruby
36023,Dr. Enzo Pinto,Homologador
36024,Dra. Rafaela Leão,Homologador
36025,Sr. Ravy Abreu,ANALISTA DE TESTE
36026,Dr. Anthony Gabriel Nunes,JDE
36027,Renan Cirino,Desenvolvedor Angular
36028,Sr. Anthony Oliveira,Homologador
36029,Dr. Theodoro Melo,Desenvolvedor Ruby
36030,Dr. Rodrigo Carvalho,Analista Administrativo
36031,João Felipe Macedo,Release Manager
36033,Sr. Anthony Ramos,.Net
36034,Srta. Ayla Rios,Release Manager
36035,Sr. João Vitor Vargas,Gerente de Projetos SAP
36036,Ágatha Porto,CONSULTOR OPERAÇÕES DE SEGURANÇA - SR
36037,Igor Novais,Desenvolvedor
36038,Dr. Heitor Azevedo,Desenvolvedor Node
36039,Sr. Gustavo Henrique Araújo,.Net
36040,Srta. Raquel da Luz,Analista de Suporte
36041,Leonardo Nogueira,Analista de Gestão de Performance e ou Gestão da Qualidade de TI Pleno/Sênior
36042,Dr. Fernando Oliveira,PLSQL
36043,Sr. Calebe Casa Grande,Java
36044,Nicolas Aragão,Java
36045,Sr. Vinicius Cardoso,Java
36046,Bruna da Paz,Java
36047,Srta. Hadassa da Paz,Desenvolvedor PLSQL
36048,Sra. Anna Liz Pastor,HOMOLOGADOR
36050,Sra. Nina Barros,Homologador
36051,Srta. Liz da Mota,Desenvolvedor Front End
36052,Clarice Gonçalves,Consultor
36053,Sr. Henrique Pastor,Software Sales Engineer
36054,João Costa,Desenvolvedor
36055,Dr. Henry Gabriel Monteiro,Desenvolvedor Java
36056,Maria Vitória Cirino,Desenvolvedor NET
36057,Ana Julia Cassiano,Desenvolvedor
36058,Srta. Antonella Rios,Forms / PLSQL
36059,Dr. Bryan Vasconcelos,HOMOLOGADOR
36060,Dr. João Pedro Andrade,HOMOLOGADOR
36062,Dra. Luara Barbosa,Desenvolvedor
36063,Dr. Benjamim Farias,Forms / PLSQL
36065,Sra. Ísis Pimenta,Atendimento Backoffice
36066,Vinicius Farias,Atendimento Backoffice
36067,José Pedro da Rocha,PMO
36070,Dom Santos,Forms / PLSQL
36071,Srta. Cecília Souza,Forms / PLSQL
36072,Antony Barbosa,DBA
36073,Dr. Liam Cardoso,Forms / PLSQL
36074,Otávio Pacheco,Forms / PLSQL
36075,Sr. Emanuel Lima,UX Designer
36076,Lucca da Rosa,PMO
36077,Dr. Alexandre Vargas,Desenvolvedor NET
36078,Maria Eduarda Abreu,Analista de Dados
36080,Nathan Sampaio,Analista de Dados
36082,Lívia Machado,AWS DevOps
36083,Sra. Kamilly Santos,Devops
36084,Sra. Brenda Porto,Devops
36085,Sr. Bernardo Fonseca,acesso
36086,Srta. Mariane Rocha,acesso
36087,Sra. Bella Brito,DevOps
36088,Dra. Emilly Vieira,acesso
36089,Sr. Eduardo Rios,Analista de Dados
36090,Sra. Aylla Lopes,Analista de Dados
36091,Sr. Mathias Duarte,Devops
36093,Lucas Gabriel Cassiano,Analista PL de Projetos - Gestão de Acessos
36094,Valentim Camargo,Analista de Dados
36095,Srta. Natália Cavalcante,Data engineer
36096,Augusto Montenegro,Data engineer
36097,Lucca Macedo,Devops
36098,Danilo Casa Grande,SRE
36099,Dra. Mariana Castro,PMO
36100,Enzo Gabriel Vieira,Consultor SAP ABAP
36102,José Jesus,acesso
36103,Dr. Leandro Campos,acesso
36104,Dra. Marina Mendonça,Data engineer
36105,Sr. Marcos Vinicius Nascimento,Suporte Técnico
36106,Dra. Mirella Machado,Devops
36107,Dr. Vitor Campos,Devops
36108,Sra. Pietra Porto,Devops
36109,Miguel Viana,Data Architect | Data Engineer | MBA Analytics | GCP Certified Professional Data Engineer
36110,Arthur Miguel Araújo,Suporte Técnico
36111,Srta. Emanuelly Novais,Engenheiro de Dados
36112,Srta. Cecília Barbosa,Data Platform Support
36113,Dra. Mariana Cassiano,Analista de Dados
36114,Henry Teixeira,http://www.linkedin.com/in/eliana-arcanjo
36115,Sra. Ana Pinto,Java Lead
36116,Srta. Ana Laura Cavalcanti,Java Lead
36117,Nicole Borges,Homologador
36118,Emanuel Borges,Coordenador de Desenvolvimento
36119,Sra. Bruna Castro,Homologador
36120,Dra. Melina da Costa,UX UI
36121,Maria Vitória Porto,Analista de DevOps Sênior
36122,Maria Vitória Rezende,Developer Experience / DevOps Culture Team Lead
36123,Sra. Nina Fonseca,Lead DevOps / Backend Engineer
36124,Dr. Oliver Novaes,DevOps Engineer
36126,Dr. Caio Almeida,Analista windows
36127,Srta. Maria Julia Moraes,Analista de Dados
36128,Dr. Luigi Duarte,Suporte Técnico
36129,Srta. Laura Pereira,Arquiteto
36132,Dr. Davi Garcia,"Superior informática incompleto, Sa"
36133,Rael Mendonça,Promotora
36135,Luiz Gustavo da Conceição,Administrador de empresas
36136,Antony da Costa,Tech Lead
36137,Ana Sophia Cunha,Homologador
36138,Dr. Theo Gonçalves,PMO
36139,Arthur Gabriel Ferreira,analista
36140,Sr. Enrico da Mota,Forms / PLSQL
36141,Lívia Pinto,Analista de Suporte
36142,Dra. Daniela Sá,.net
36143,Dr. Gael Henrique Souza,Desenvolvedor
36144,Sr. Ravi Lucca Cirino,Consultor SAP SD
36145,Maria Luiza Mendes,Analista de Suporte
36147,Sr. Ravi Souza,Desenvolvedor
36150,Dr. Otto Costela,Tech Lead
36152,Srta. Anna Liz Camargo,Segurançã da Informação / Suporte Técnico Administração de Redes / Infra-Estrutura
36153,Ravi Jesus,Consultor SAP ABAP
36154,Srta. Giovanna Aragão,analista
36155,Dr. Apollo Andrade,Programador JAVA
36156,Dr. Guilherme Novais,Java
36159,Dr. Murilo Cardoso,DevOps
36160,Srta. Ayla Marques,SRE
36161,Sr. Gael Henrique da Mota,Analista TI
36162,Srta. Carolina Ribeiro,Consultor SAP ABAP
36163,Sra. Letícia Vieira,Analista de Suporte
36165,Dr. Benjamin da Rocha,Performace
36166,Srta. Luara da Cruz,SAP ABAP
36167,Sra. Maria Helena Almeida,Analista de Suporte
36168,Dra. Maria Eduarda Brito,UX UI
36169,Dr. Théo Abreu,UX UI
36170,Sr. Gustavo Silveira,UX UI
36171,Sra. Sarah Mendes,Analista de Suporte
36172,Eloah Moraes,PMO
36173,Dr. Diego Monteiro,Analista de Suporte
36174,Sr. Marcos Vinicius Rezende,Analista de Suporte
36175,Dra. Rebeca Mendes,Tech Recruiter
36176,Srta. Liz da Conceição,Infraestrutura
36177,Pedro Lucas Teixeira,Tech Lead
36178,Dr. Kaique Abreu,QA
36179,Guilherme Sampaio,Desenvolvedor
36180,Ayla Campos,Forms / PLSQL
36181,Dr. Lorenzo Almeida,Desenvolvedor
36182,Marcos Vinicius da Paz,Forms / PLSQL
36183,Sr. Oliver Pastor,Desenvolvedor Java
36184,Dr. Henry da Rocha,Forms / PLSQL
36185,Sophia Vargas,Forms / PLSQL
36186,Thomas Peixoto,Forms / PLSQL
36189,Dr. Paulo Fogaça,Product Owner
36192,Dr. Bruno Borges,Forms / PLSQL
36194,Heloisa Albuquerque,.NET
36195,Maria Isis Camargo,Desenvolvedor
36196,Catarina Caldeira,
36197,Bento Albuquerque,UX UI
36198,Dr. Luiz Miguel da Cunha,Scrum Master
36199,Maria Laura Viana,Full Stack
36200,Srta. Agatha Pereira,Analista de Indicadores
36201,Benjamin Rodrigues,Analista de Suporte
36202,Dra. Isabela das Neves,Analista de Indicadores
36203,Danilo Cavalcante,Analista de Suporte
36204,Raquel Moura,Analista de Suporte
36206,Sra. Eloá Barbosa,Analista de Indicadores
36207,Davi Miguel Pacheco,linux
36208,Sra. Elisa da Conceição,DEV JAVA
36209,Dr. Gael Henrique Ribeiro,Analista de BI
36210,Maria Clara Costa,Desenvolvedor
36213,Luiz Gustavo Macedo,HOMOLOGADOR
36214,João Vitor Ramos,Consultor
36215,Dra. Kamilly Lopes,HOMOLOGADOR
36216,Dra. Nina Macedo,Desenvolvedor
36217,Srta. Ana Clara Garcia,Analista de Negócios
36218,Enrico Marques,Python
36219,Sra. Ana Laura Vasconcelos,Analista de Negocios
36220,Dra. Maria Luiza Melo,Desenvolvedor JAVA
36221,Srta. Maria Flor Melo,Desenvolvedor Java
36222,Sr. Lucas Ferreira,Analista de QA
36223,Isadora Barbosa,Desenvolver Ruby
36224,Sr. Joaquim da Cruz,Tech Recruiter
36225,Sra. Raquel Nascimento,FORMS
36226,Dra. Lunna Pimenta,Desenvolvedor PL/SQL Pleno
36227,Sra. Hellena Mendes,.NET
36228,Sr. Thomas Freitas,Consultor
36229,Dra. Lara Pinto,Supervisor
36230,Srta. Manuela Peixoto,Diretor
36231,Srta. Maria Luísa da Mata,Indicadores
36232,Sr. Gael Cavalcanti,Desenvolvedor Ruby
36233,Dr. Vitor Gabriel Rezende,FORMS
36234,Dra. Maria Júlia Farias,Testador
36235,Dr. Anthony Gabriel Caldeira,Agilista
36236,Dr. Luigi Sousa,Consultor MM key user
36237,Sr. Vitor Rodrigues,Desenvolvedor
36238,Sr. João Lucas Porto,consultor sap mm key user
36239,Dra. Brenda Costela,Gerente de Projetos
36240,Dra. Maria Flor Aparecida,Product Owner
36241,Dra. Pietra Guerra,Agilista
36242,Dr. João Gabriel da Cunha,Gestor de projetos TI
36243,Ravi Lucca Araújo,Agilista
36245,Dr. Yago Abreu,Agilista
36246,Davi Lucca da Mata,Desenvolvedor Java
36248,Anna Liz Nunes,Analista de Expansão
36250,Sr. Rodrigo Jesus,analista
36251,Isaque da Conceição,analista de redes
36252,Srta. Maria Flor Camargo,E-commerce
36255,Sra. Ísis Vargas,PMO
36257,Dr. Ian Oliveira,PMO
36258,Dra. Sophie Almeida,PMO
36266,Srta. Ana Vitória da Costa,PMO
36270,Aurora Brito,E-commerce
36276,Bruno Dias,Analista Field Service
36278,Dr. Marcos Vinicius Campos,Consultor Key User SAP
36279,Dr. Benicio Peixoto,Lider de integracao SAP
36282,João Azevedo,Desenvolvedor
36284,Sr. Carlos Eduardo Montenegro,Desenvolvedor Ruby
36285,Brayan das Neves,VBA
36288,Sr. Renan Moreira,Gerente de TI
36290,João Mendonça,.NET
36293,André Aparecida,Desenvolvedor Ruby
36297,Benjamin Vargas,.NET
36298,Sr. Emanuel da Rosa,Consultor Key User SAP FI
36299,Marcelo Cassiano,DevOps / Arquiteto
36300,Dr. Davi Luiz Siqueira,Dev Mobile
36301,Valentina da Conceição,DBA
36305,Eduarda Nunes,Suporte
36306,Srta. Maria Alice Abreu,Infrastructure Specialist
36307,Ana Julia Sousa,Suporte
36308,Sr. Ian Moura,Suporte
36309,Sr. Carlos Eduardo Rocha,Analista de Master data
36310,Sr. João Felipe Correia,Scrum master
36311,Dr. Luiz Miguel Borges,Administrativo
36313,Helena das Neves,Consultor SAP Key User FI
36314,Dr. Pedro Lucas Pastor,Scrum Master
36316,Sra. Eloá Monteiro,Consultor SAP Key User MM
36317,Sr. José Casa Grande,Administrativo
36319,Srta. Alice Souza,Consultor SAP Key User MM
36321,Sra. Ester Cassiano,Analista de Suporte
36326,Sr. Isaac Moraes,Desenvolvedor Ruby
36327,Sra. Maria Liz Melo,Infraestrutura
36328,Dr. Arthur Silva,Consultor SAP Key User MM
36329,Yasmin Moura,Área de Tecnologia
36330,Laís Farias,UX UI
36332,Dr. João Felipe Ribeiro,Consultor SAP Key User MM
36335,Raul Brito,ANALISTA DE NEGÓCIOS
36336,Dra. Kamilly Rios,Desenvolvedor Ruby
36338,Evelyn Nascimento,Consultor MM key user
36339,Renan Vargas,Desenvolvedor . net
36341,Larissa Carvalho,.NET
36342,Sr. Luigi Alves,Tech Recruiter
36343,Dra. Emanuelly Sousa,Consultor SAP Key User FI
36349,Dr. Kevin Almeida,CONSULTOR SAP FICO
36358,Dr. Francisco Cavalcante,consulttor SD
36360,Sra. Luiza Santos,Consultor SAP ABAP
36361,Dra. Emanuelly Novaes,Testes Automatizados
36363,Srta. Clarice Moraes,Desenvolvedor . net
36364,Srta. Rafaela Duarte,Product Owner
36366,Maysa Sá,Product Owner
36367,Srta. Anna Liz Ramos,Product Owner
36368,Dr. Isaac Garcia,QA
36369,Dra. Júlia Oliveira,Product Owner
36370,Dr. Vinícius Souza,Product Owner
36371,Sra. Maria da Rosa,Devops
36372,Ana Sophia Brito,Gestão da Qualidade de TI
36373,Sr. Luiz Fernando Mendonça,Desenvolvedor . net
36374,Dra. Ana Julia Rezende,QA Sr
36380,Srta. Ana Sophia Novaes,consutor sap key user
36381,Srta. Gabriela Rezende,Desenvolvedor . net
36383,Dra. Anna Liz Campos,rene.starship@hotmail.com
36385,Dra. Maria Júlia Sá,Especialista em Desing Grafico
36386,Srta. Ana Luiza Alves,Analista PL de Projetos - Gestão de Acessos
36387,Sr. Pedro Miguel Oliveira,Desenvolvedor . net
36388,Sr. José Miguel Abreu,Consultor
36390,Antônio Macedo,Analista Financeiro
36391,Júlia Viana,Analista QA Automação Sr
36392,Dra. Ana Julia da Cunha,Analista Financeiro
36393,Aylla Moraes,Analista Financeiro
36396,Brayan Cavalcanti,.NET
36397,Dr. Kaique Cavalcante,Estoquista Junior
36398,Sr. Rodrigo Silva,Estoquista Junior
36399,Dra. Luísa Pires,Desenvolvedor PLSQL
36400,Sra. Luna Sousa,Consultor IXOS
36402,Dra. Maria Clara Fonseca,Desenvolvedor
36403,Vitor Hugo Costela,consultos sap key user FI
36404,Sr. Lucas Vasconcelos,Desenvolvedor
36405,Srta. Ísis Alves,Desenvolvedor
36409,Dra. Lara Carvalho,.NET
36410,Ana Vitória Dias,consultor TDF junior
36412,Ana Laura Fonseca,Desenvolvedor React
36413,Luiz Miguel Castro,Analista de Expansão
36414,Miguel Araújo,Auxiliar TI
36415,Murilo da Rosa,Consultor SAP BW
36416,Luísa Ribeiro,Desenvolvedor
36418,Dra. Cecilia da Luz,Estoquista
36419,Liz Sousa,Desenvolvedor Full Stack
36420,Paulo da Paz,Estoquista
36423,Ravi das Neves,Tech Recruiter
36425,Dra. Juliana Camargo,"Security Engineer, Identity ans Access Management (IAM)"
36426,Dr. Vinicius Vasconcelos,consultor TDF junior
36427,Natália Rios,consultor TDF
36428,Liz Camargo,Segurança
36429,Ayla da Cruz,Segurança
36430,Sra. Evelyn Vasconcelos,Segurança
36431,Sra. Sarah da Rosa,Segurança
36432,Sr. Théo Duarte,Segurança
36433,Dr. Yan Fogaça,Segurança
36434,Dr. Luiz Fernando Porto,Java
36435,Dr. Gustavo Azevedo,Java
36436,Sr. Oliver Pimenta,Java
36437,Dr. Pedro Miguel da Conceição,Java
36438,Dr. Gael Henrique Vasconcelos,Técnico
36439,Henry Costa,Gerente de TI
36440,Dra. Maria Clara Castro,JAVA
36441,Sr. Breno Peixoto,Gerente de Projetos
36442,Dr. Léo Santos,Consultor FI key user
36444,Dra. Maria Flor da Rosa,Analista de Compras
36445,Sra. Sarah Machado,Segurança
36446,Marcela Vargas,consultor TDF
36447,Sr. Leandro Azevedo,Suporte Técnico
36448,Sr. Léo Cavalcanti,.NET
36449,Sra. Ana Araújo,consultor TDF '
36450,Sra. Maria Cecília Casa Grande,Desenvolvedor Web Júnior - Analista de Suporte
36451,Sra. Liz Melo,Analista de Compras
36452,Dra. Alexia Rios,PMO
36453,Allana Fernandes,Analista contabil
36454,Sra. Camila da Paz,Analista Financeiro
36455,Srta. Manuella Guerra,Analista Financeiro
36456,Gael Henrique Guerra,Consultor Linux
36457,Marina Ribeiro,back end C#
36458,Dra. Clara Pimenta,Consultor TDF pleno
36460,Dr. Rhavi Nunes,back end C#
36461,Dr. Antônio Freitas,back end C#
36462,Sr. Heitor Machado,Administrativo
36463,Sra. Ana Clara Araújo,consultor TDF
36464,Melina Mendes,Consultor SAP TDF
36465,Dra. Lunna Sá,Consultor SAP TDF
36466,Sr. Arthur Gabriel da Costa,Consultor SAP TDF
36467,Benjamin Cavalcante,Consultor SAP TDF
36468,Dra. Nicole da Mota,Consultor SAP TDF
36469,Clarice da Luz,DBA /ATG / Middeware / ORACLE CLOUD
36470,Sr. Eduardo Ramos,Analista Financeiro Jr.
36471,Dra. Sophia Mendes,.NET
36472,Dr. Ravy Rios,Consultor SAP TDF
36473,Dr. Luiz Otávio Fonseca,Consultor de Implantação
36474,Luna Alves,TECH RECRUITER
36475,Sr. Vitor Nogueira,DBA Oracle e SQL Server
36476,Sra. Cecília Pereira,AWS
36477,Luísa Castro,Product Owner
36478,João Ferreira,SAP BW
36479,Maria Julia Siqueira,Analista de Negócios
36480,Srta. Camila Costela,
36481,Heloísa Caldeira,Information Security Coordinator
36482,Léo Machado,Oracle Ebs
36483,Dra. Manuela Carvalho,Oracle EBS
36484,Sra. Bárbara Mendonça,Oracle
36485,Sra. Isabelly Cassiano,oracle ebs
36486,Marina Novais,DBA Oracle
36487,Srta. Milena Novaes,DevOps Engineer Pleno
36489,Luna Pinto,Desenvolvedor Java
36493,Maria Eduarda Ribeiro,Atendimento Backoffice
36494,Sr. Davi Miguel Montenegro,Suporte Telecom
36495,Rhavi Monteiro,Atendimento Backoffice
36496,Srta. Cecília da Rocha,Atendimento Backoffice
36497,Dra. Isabel Albuquerque,DevOps
36498,Dr. Leandro Correia,Analista de Suporte Field
36499,Ana Laura Teixeira,Analista de Suporte Field
36503,Jade Aragão,ANALISTA IAM
36504,Sra. Sophie Rodrigues,Consultor CO key user
36506,Srta. Isabela Gomes,Consultor SAP PP Sênior
36510,Diego da Paz,abap
36511,Dra. Luna Castro,QA
36512,Dr. Luiz Felipe da Cruz,Sem experiencia
36513,Maria Isis Guerra,TECH RECRUITER
36515,Srta. Stella da Paz,TECH RECRUITER
36517,Maria da Mata,Especialista Selenium
36519,Dra. Yasmin da Mota,DEVOPS
36531,Sra. Marcela Rocha,suporte
36532,Srta. Camila Machado,Suporte
36533,Calebe Pacheco,Analista de Infra
36534,Rhavi Andrade,Técnico Informática
36535,Sra. Maria Fernanda Andrade,Analista de Infra
36536,Dr. Guilherme Sales,Analista de Infra
36538,Isis Nascimento,Consultor SAP EWM
36539,Evelyn Sousa,Analista de Infra
36540,Bárbara Cassiano,Analista de Expansão
36541,Srta. Ana Carolina Marques,Analista de Expansão
36542,João Lucas Peixoto,Analista de Infra
36543,Dra. Liz Duarte,Analista de Infra
36544,Srta. Ana Julia Correia,Analista de Expansão
36545,Sarah Campos,Analista de Infra
36546,Joana Gonçalves,Analista de Infra
36547,Srta. Luísa Andrade,TECH RECRUITER
36548,Lorenzo Farias,Analista de Infra
36549,Dr. João Vitor Andrade,Desenvolvedor Full Stack
36550,Clarice da Rocha,Especialista de Infra
36551,Dr. Henry Gabriel da Luz,PO
36552,Sra. Cecilia Farias,Analista de Infra
36553,Sra. Maria Júlia Farias,PO
36555,Henry Gabriel Vieira,Analista de Infra
36556,Sr. Miguel das Neves,Analista de Infra
36557,Srta. Catarina Gonçalves,TECH RECRUITER
36558,Maria Clara Santos,Analista de Infra
36560,Dr. Oliver Garcia,Analista de Suporte
36561,Sr. Francisco Ribeiro,Analista de Infra
36562,Francisco Siqueira,Analista de Suporte N1
36563,Dra. Carolina Rezende,Programador C#
36567,Srta. Laís Pastor,QA Engineer
36568,Ryan Alves,Consultor Sales Force
36569,Srta. Heloisa Correia,TECH RECRUITER
42000,Vitor Gabriel Almeida,ITOM
42001,João Gabriel Melo,Compras
42002,Dr. Juan Machado,Tech Recruiter Pleno
42003,Sr. Vinícius Alves,Suporte
42004,Dra. Alexia Abreu,Analista Pleno - Desenvolvimento
42005,Sra. Catarina Azevedo,Analista de suporte junior
42006,Dra. Caroline Gonçalves,Analista
42007,Sr. Luiz Miguel Rios,Analista
42008,Dra. Alana Pacheco,Analista de Suporte Junior
42009,Srta. Lavínia Sousa,Analista de RH/ Tech Recruiter
42010,Maysa Barbosa,Tech Recruiter
42011,Sr. Antony da Mata,Fraude
42012,Clara Cirino,Fraude
42013,Nathan da Cruz,Fraude
42014,Dra. Maria Clara Melo,Fraude
42015,Raul Aragão,Fraude
42017,Dr. João Farias,auxiliar de Compras
42018,Bryan Dias,Auxiliar de Compras
42019,Otávio Duarte,auxiliar de Compras
42020,Diego das Neves,Auxiliar de Compras
42022,Dra. Sophia Pimenta,Service Desk
42023,Dr. Davi Lucca da Cruz,Auxiliar de Compras
42024,Dra. Mariana Costa,Service Desk
42025,Agatha Araújo,Service Desk
42026,Dr. Samuel da Mata,Auxiliar de Compras
42027,Dr. Arthur Viana,Fraude
42028,Isabelly Dias,Fraude
42029,Dr. Theo Barros,Analista RH Junior
42030,Sr. Daniel Barbosa,Analista de Network
42031,Dra. Isabel Costa,Consultora de Novas Tecnologias
42032,Sr. Leandro Costa,Suporte
42033,Sra. Clara Moraes,Infraestrutura
42034,Dr. Luiz Fernando Rezende,Engenheiro Dados
42035,Francisco da Costa,Engenheiro Dados
42036,Sr. Samuel Pires,Engenheiro Dados
42037,Dr. Diego Azevedo,Depto pessoal
42038,Dra. Catarina Pacheco,Infraestrutura
42039,Henry Pacheco,Analista Contábil
42040,Alícia Ferreira,Analista Contábil
42043,Dr. Raul Gomes,Analista Contábil
42044,Sra. Maria Helena Montenegro,Analista de Segurança de TI AIX Pleno
42048,Davi Lucca Souza,Analista
42049,Vicente Souza,Analista
42050,Sra. Sarah da Mota,Analista
42051,Sr. Breno Cavalcante,Infraestrutura
42052,Davi Barbosa,Infraestrutura
42053,Amanda Câmara,GRC
42054,Sra. Nina Lopes,SAP ABAP PI
42055,Dr. Erick Camargo,"Analista pleno em Governança, Riscos e Compliance"
42056,Srta. Maria Flor da Rocha,Analista de RH Pleno
42057,Srta. Ana Júlia Macedo,Infraestrutura
42058,Samuel Cunha,Infraestrutura
42059,Dra. Manuela Camargo,Infraestrutura
42060,Dr. Ravi Lucca Rodrigues,Analista de GRC
42061,Sr. Valentim Machado,Analista de Sistemas
42062,Dr. Apollo Siqueira,Auxiliar administrativo
42064,Dr. Felipe Melo,GRC
42066,Dra. Isadora Silveira,Consultor SAP GRC
42067,Henry Sales,Desenvolvedor Salesforce
42069,Dra. Zoe Lopes,Analista GRC
42071,Joaquim Montenegro,Head de T
42072,Dra. Isabella Pires,Infraestrutura
42073,Maria Laura Camargo,Comprador
42074,Dr. Isaque Jesus,GRC
42075,João Novaes,Analista de RH Pleno
42076,Dr. Theodoro Costa,Analista GRC
42077,Sr. Nicolas Albuquerque,Infraestrutura
42078,Dra. Lívia Viana,AIX IBM
42079,Srta. Maria Flor Araújo,Tech Recruiter
42080,Dr. Davi Lucas Cavalcanti,Analista de RH Pleno
42081,Dra. Clarice Casa Grande,Analista Administrativo
42082,Sr. Bryan Oliveira,Compras
42083,Sr. João Felipe Gomes,Tech Recruiter
42084,Alexia Vargas,Arquiteto
42085,Davi Lucca Aragão,GRC
42087,Dr. André Melo,Arquiteto Digital
42088,Dr. Gael Sales,Arquiteto Digital
42089,Sr. Cauã Almeida,Arquiteto Digital
42091,Ester Cassiano,Psicólogo Organizacional Estagiário
42092,Srta. Isabella Andrade,Tecnico em logística
42094,Dr. Isaac Freitas,Forms / PLSQL
42095,Sr. Marcelo da Rocha,Forms / PLSQL
42096,Dr. Yuri Machado,Compras
42098,Dr. Juan Leão,GRC
42099,Dra. Mirella Ferreira,grc
42100,Dra. Isabella Sampaio,grc
42101,Sra. Eduarda Correia,grc
42102,Antony Moreira,GRC
42103,Sr. Matheus Costa,GRC
42104,Srta. Milena Freitas,Arquiteto Digital
42105,Sra. Juliana Pacheco,Especialista em Continuidade de Negócios e Certificação
42112,Sra. Ana Liz Araújo,Comprador técnico
42113,Sra. Gabrielly Nascimento,Compras
42114,Dr. Lucas Gabriel Casa Grande,Arquiteto Cloud
42115,Sra. Vitória Rocha,cosultor sap junior
42116,Sra. Ana Vitória Oliveira,Arquiteto Cloud
42117,Yago Rodrigues,gerente ti
42118,Raul Sá,Arquiteto Cloud
42119,Srta. Eloah Oliveira,GRC
42121,Srta. Laura Castro,Analista de Projetos RH
42123,Raul Viana,Salesforce
42124,Sr. Caleb Macedo,Desenvolvedor Pleno
42125,Raul Cavalcanti,Analista de ICMS Pleno
42126,Dra. Maya Rios,Analista de ICMS Pleno
42128,Dra. Maria Julia Freitas,Consultor de Novas Tecnologias
42129,Sra. Heloísa Vasconcelos,Analista de ICMS Pleno
42130,Dr. Gael Henrique Pimenta,Consultor de Novas Tecnologias
42134,Alana Duarte,Analista
42135,Sr. Benício Marques,Analista de Impostos Diretos
42137,Luigi Oliveira,Delphi
42138,Srta. Sara Nunes,Consultor de Projetos
42139,Dra. Ana Júlia da Mata,Delphi
42140,Daniel Viana,Delphi
42141,Dr. Thiago Lima,Delphi
42142,Dra. Manuela Sales,Delphi
42143,Sr. Caio Sampaio,Delphi
42144,Dra. Zoe Teixeira,Delphi
42145,Sra. Hadassa Pastor,Consultor de Projetos
42146,Sra. Luana Novaes,Consultor Senior
42147,Sr. Théo Vasconcelos,SAP CPI
42148,Matheus Fernandes,Consultor Senior
42149,Srta. Allana Mendes,DESENVOLVEDOR Sr
42150,Ana Júlia Correia,Analista Programador Delphi - Senio
42152,Luiz Otávio Andrade,Product Manager
42154,Dra. Giovanna Oliveira,Field Service
42155,Sra. Maria Luísa Barros,Consultor de Novas Tecnologias
42156,Sra. Cecilia Dias,Consultor de Novas Tecnologias
42157,Dra. Isabelly Alves,Consultor Senior
42158,Srta. Anna Liz da Rosa,Consultor de Projetos
42159,Dr. Isaac Cardoso,Consultor de Projetos
42160,Srta. Ana Sophia Andrade,Consultora de Novas Tecnologias
42161,Sr. Levi Pereira,Consultora SAP HCM
42162,Carlos Eduardo Campos,Consultor Senior
42163,Dr. Davi Lucca Souza,GRC
42164,Dra. Ana Júlia Monteiro,GRC
42165,Dra. Maria Julia Leão,GRC
42166,Dr. Bryan da Rosa,GRC
42167,Srta. Alice Gomes,Assistente de Estoque Junior
42168,Srta. Clara Peixoto,Analista Administrativo Junior
42169,Sr. Vinicius Sales,SAP MM
42170,Sr. Lucas Rodrigues,Consultor de Novas Tecnologias
42172,Luana Fernandes,Consultor Senior
42173,Maria Flor Pinto,AWS
42174,Dr. Luiz Felipe Peixoto,Desenvolvedor Jr
42175,Cauê Novais,AWS
42176,Marina Novais,ETL
42177,Sr. Josué Cavalcanti,Desenvolvedor
42178,Dr. Paulo Pinto,Consultor SAP VMS
42179,Dr. Gustavo Henrique da Cruz,Gerente de Projetos
42180,Sr. João Felipe Alves,Gerente de Projetos
42181,Dra. Isadora Abreu,DevSecOps | Jira Specialist | SRE | Gestão de Projetos | Agile
42182,Sr. Gael Duarte,Gerente de Projetos
42183,Maria Fernanda Lima,Gerente de Projetos
42184,João Lucas Machado,Executivo de TI
42185,Sr. Felipe Moreira,Scrum
42186,Sr. Asafe Pimenta,Projetos
42187,Sra. Maria Flor Nogueira,Gerente de Projetos
42188,Sra. Sabrina Freitas,GRC
42189,Paulo Araújo,ETL
42190,Sra. Sophia Monteiro,Dados
42191,Benjamim Cunha,Analista de Reembolso Sênior
42192,Sra. Marina Albuquerque,Dados
42193,Srta. Ana Clara Siqueira,Dados
42194,Dra. Maria Liz Azevedo,Dados
42195,Dr. Luiz Miguel Cassiano,Recrutamento e Seleção | Tech
42196,Dr. Paulo Sampaio,Dados
42197,Sr. Pedro Lucas Aragão,Dados
42198,João Vitor da Mata,Dados
42199,Ana Cecília Machado,Gerente de projetos /Sistemas/Ti
42200,Brayan Santos,Gerente
42201,Dr. Nicolas Fernandes,Gerente
42203,Dr. Matheus Vasconcelos,Gerente
42205,Dra. Juliana Lopes,Analista de Dados
42207,Dra. Hellena Pacheco,Devops
42208,Lavínia Almeida,gerente ti
42209,Leandro Vieira,ANALISTA DE BANCO DE DADOS PLENO
42210,Maria Clara Monteiro,SAP REFX/IFRS16
42211,Sra. Agatha da Rocha,gerente ti
42212,Dr. Ravy Novais,Consultor de Projetos
42213,Theo Teixeira,Gerente
42214,Dra. Isabela Pires,Projetos
42215,Dr. Felipe Cavalcanti,ETL
42216,Gael Câmara,Processos
42217,Sr. Brayan Cavalcante,Analista
42218,Melissa da Mota,Analista
42219,Alexandre Fonseca,Analista
42220,Olívia Moraes,Product Owner - SAFe Agilist
42221,Davi Aparecida,Processos
42222,Dra. Maria Júlia Moraes,Analista Administrativo Pleno - Compras - Strategic Sourcing
42223,Sra. Natália Martins,Analista de Processos
42224,Srta. Milena Lopes,Analista de Processos
42225,Ana Júlia Cirino,Analista de Processos
42226,Sr. Calebe Cardoso,Analista Administrativo Pleno - Compras
42227,Luigi Peixoto,Analista de Processos
42228,Joana Caldeira,Analista de Processos
42229,Dr. Juan Fonseca,Analista de Processos
42230,Sra. Raquel Sá,Analista de Processos
42231,Dra. Evelyn Fernandes,Analista de Processos
42232,Srta. Clara Cardoso,Analista de Processos
42233,Valentina Leão,Governança
42235,Liam Viana,Analista de Dados
42236,Maysa Camargo,Analista de Processos
42237,Dra. Maria Alice Vargas,devops
42238,Rodrigo Cassiano,Analista
42239,Gabriel Lima,Analista de Reembolso Sênior
42240,Sr. Bernardo Barbosa,Dados
42241,Natália Cirino,Processos
42242,Cauê da Rosa,Analista de Sistemas
42243,Dr. Francisco Fogaça,Analista de Recrutamento e Seleção/
42244,Bento Fogaça,Processos
42246,Lunna Andrade,Processos
42248,Sr. João Felipe Lopes,Analista de Processos
42251,Dr. Kaique Cunha,SysAdmin
42254,Sr. Matteo Marques,Analista de Processos
42259,Dr. Gael Fonseca,Analista de sistemas
42260,Ana Laura Machado,Sistemas
42261,Dr. Benício Nogueira,gerente ti
42262,Dr. Isaac Martins,Analista de Sistemas
42263,Daniela Melo,Analista de Sistemas
42264,Sra. Manuela Pereira,Processos
42265,Davi Miguel da Costa,Front End
42267,Sr. Mathias Gomes,Consultor Senior
42269,Caio Novaes,Front End
42270,Sr. Antony Mendonça,devops
42271,Sra. Olívia Peixoto,Processos
42272,Sr. Gustavo Freitas,Analista de Sistemas
42273,Emilly da Rosa,Analista de Dados
42274,Sr. Luiz Henrique Fonseca,ANALISTA DE GESTÃO DE ACESSOS
42275,Sr. Anthony Gabriel Silveira,Analista de Sistemas
42276,João Guilherme Gonçalves,Consultor Senior
42277,Dr. Lucca Santos,Analista de Dados
42279,Dr. Arthur Silveira,Segurança da Informação
42280,Manuela Pastor,Projetos
42281,Srta. Maria Flor Lima,gestão de acessos
42282,Dr. João Vitor Guerra,Gestão de acessos
42283,Sra. Luísa Garcia,Dados
42284,Ana Lívia Borges,Analista de sistemas Gestão de acesso
42285,Breno Dias,acesso
42287,Srta. Isabelly Moura,Analista de sistemas
42288,Sra. Luara Freitas,Analista de Sistemas
42289,Dra. Amanda Fernandes,Devops
42290,Srta. Eloah Novaes,acesso
42291,Sr. Emanuel Andrade,Dados
42292,Srta. Lavínia Peixoto,Implantação
42293,Heitor Duarte,Analista de Sistemas - Gestão de Acessos
42294,Bruna Monteiro,Desenvolvedor Java
42296,Otto Pereira,Analista de Gestão de Acessos
42298,José Pedro Pacheco,Desenvolvedor
42299,Sr. Benício Moraes,.NET
42300,Benjamin Farias,Analista de gestão de acessos
42301,Sr. Thales Porto,Analista de gestão de acessos
42302,Sra. Cecília Fernandes,JAva + React
42303,Srta. Carolina Cavalcanti,Gerente de Projetos
42304,Dra. Olivia Barros,Gestão de acessos
42305,Nicolas Aragão,Governança
42306,Anna Liz Casa Grande,Analista de Gestão de Acessos
42308,Dr. Bernardo Sousa,Analista de Contabilidade Pleno
42309,Maria Isis Nascimento,Consultor SAP SD Sênior
42310,Alexia Gonçalves,Analista de Processos
42311,Maria Alice Machado,Cobol
42312,Srta. Esther Nunes,Governança
42313,Dr. Francisco Teixeira,analista/desenvolvedor
42314,Srta. Camila Gonçalves,.NET
42315,Dr. Caleb Sá,Desenvolvedor Full-Stack (ASP.Net + ReactJs)
42316,Dra. Liz Pereira,Cobol
42317,Srta. Maya Cassiano,Cobol
42318,Sr. João da Cunha,.NET
42319,Heitor Mendes,.NET
42320,Srta. Cecilia Pastor,.NET
42321,Srta. Isadora Aragão,Java
42322,Sr. Brayan Cardoso,desenvolvedor .Net Sr.
42323,Raul Pastor,Governança
42325,Sr. Arthur Gabriel Aparecida,Desenvolvedor COBOL
42326,Dr. Luiz Fernando Marques,Desenvolvedor COBOL
42327,Sr. Thiago Peixoto,Mainframe Cobol Analyst / DevOps
42328,Sr. Yuri Lima,Analista de Sistemas
42329,Gabriela Casa Grande,Business Analyst
42330,Dr. Valentim da Paz,Analista de segurança da informação
42331,Dr. Davi Lucas Souza,Governança
42332,Dra. Clara Rodrigues,Gestão de TI
42333,Sr. Joaquim Carvalho,Analista de dados júnior
42334,Sra. Bella Andrade,Governança
42335,Sr. Lucas Gabriel Barros,Governança
42336,Aurora Vieira,"Front End Developer, Web Designer"
42337,Dr. Vinicius Leão,Front End
42338,Manuela Pires,Compras
42339,Dra. Maria Vitória Montenegro,Compras
42340,Sra. Gabriela Macedo,Compras
42341,Srta. Mariane Vieira,Governança
42342,Sr. Arthur Miguel Nascimento,analista desenvolvedor cobol senior
42343,Léo Casa Grande,Analista
42344,Gustavo Viana,Analista
42345,Amanda Leão,Analista de Sistemas
42346,Sra. Brenda Aparecida,Gerente de Projetos
42347,Dr. Anthony Gabriel Abreu,Dev
42348,Sra. Aurora Fonseca,Analista de Sistemas
42350,Dr. Levi Almeida,consultor SAP SuccessFactors
42351,Luísa Sá,consultor SAP SuccessFactors
42352,Lunna Moraes,Analista de Sistemas
42354,Dr. Luiz Henrique Macedo,Analista de Sistemas
42355,Alexandre Macedo,Analista de Sistemas
42356,Kaique Freitas,Cobol
42357,Srta. Emanuelly Cunha,Analista de TI
42359,Beatriz Marques,Front End
42360,Eloá Albuquerque,Governança
42361,Kevin Pinto,Governança
42362,Vinícius Silveira,Telecom
42363,Luísa Novais,Governança
42365,Dr. Renan Albuquerque,Telecom
42366,Sr. Vitor Gabriel Jesus,Tech Recruiter
42368,Brayan Machado,Analista
42369,Sr. Brayan Sampaio,Analista
42370,Srta. Ana Clara Moreira,Tableau
42371,Arthur Moraes,Gerente de Projetos
42372,Dr. Arthur Gabriel Cavalcanti,Tableau
42373,Sra. Luiza Aparecida,Tableau
42374,Sr. Daniel Aragão,DESENVOLVEDOR Sr
42375,Dra. Isabelly Garcia,Telecom
42376,Dra. Manuela Dias,Engenheiro de Dados
42377,Sr. Pedro Henrique Borges,Analista de projetos
42378,Caleb Moura,Analista de Sistemas
42379,Dr. Antônio Castro,Dados
42380,Dr. Raul Sampaio,Front End
42381,Matteo Mendonça,Consultor MM
42382,Sr. Dom Mendonça,Gerente de Projetos
42383,Maria Luísa Borges,Analista de Sistemas
42384,Dra. Marina Cardoso,Analista de Sistemas
42385,Dr. Carlos Eduardo Oliveira,Telecom
42386,Dr. Renan Cardoso,Java
42387,Alícia Lima,Dados
42388,Srta. Ana Beatriz Almeida,Analista de Reembolso Sênior
42389,Sr. Luiz Felipe Cirino,Analista de Reembolso Sênior
42390,Maya Guerra,Gerente de projetos
42391,Dr. Juan Fogaça,Dados
42392,Esther Aparecida,Consultor de Projetos
42394,Dr. Bernardo Machado,Gerente de Migração
42395,Dr. Luiz Felipe Azevedo,Analista de Reembolso Sênior
42396,Dra. Isis Farias,Gestão de projetos
42397,Luiz Fernando Caldeira,Projetos
42398,Pedro Miguel Gonçalves,Gerente de Projetos
42399,Stephany Pacheco,Analista de Governança
42400,Marcos Vinicius Montenegro,Analista de ti
42404,Sr. João Guilherme Garcia,Consultora SAP ABAP Júnior
42405,Lara Macedo,Analista de ti
42406,Samuel Santos,Analista de TI
42407,Dra. Marcela Mendes,Consultor SAP PP/QM/PM PLENO
42409,Maria Clara Mendonça,Analista de Sistemas
42411,Sr. André Costa,Analista de Governança
42412,Srta. Mariah Sampaio,Analista de Governança
42413,Sr. Benício Duarte,Analista de Governança
42414,Rodrigo Lima,Projetos RH
42415,Dra. Gabrielly Monteiro,Tech Recruiter/Talent Acquisition
42416,Sr. Vitor da Cunha,Projetos
42417,Eloá Brito,Tech Recruiter
42418,Sra. Laura Pires,Gerente de Projeto
42419,Benicio Albuquerque,Gerente de Projetos
42420,Sr. Rhavi Moraes,Analista Administrativo Sênior
42421,Dra. Lorena Duarte,Recrutamento e Solução
42422,Aylla Castro,GP
42423,Sr. Davi Miguel Azevedo,Consultor SAP EWM
42424,Srta. Helena Campos,Governança
42425,Srta. Ana Cecília Cirino,Consultor SAP MM
42426,Otto Gomes,Vendedor
42427,Joana da Rosa,Projetos
42428,Sra. Lívia Cirino,Projetos
42429,Sr. Joaquim Gonçalves,Gerente de Projetos
42430,Isis Cassiano,Projetos
42431,Sr. Davi Miguel Carvalho,Projetos
42432,Felipe Cavalcanti,gestão de Acessos
42433,Calebe Siqueira,Vendedor
42434,Sr. Isaque Fonseca,Vendedor
42435,Sr. Guilherme Albuquerque,Vendedor
42436,Ana Carolina Pires,Vendedor
42437,Dr. Benício Fonseca,Vendedor
42438,Sra. Lara Nogueira,Vendedor
42439,Sr. Luiz Felipe Alves,Vendedor
42440,Dra. Maria Luiza Cassiano,consultor SAP SuccessFactors
42441,Sra. Isabel Ribeiro,Vendedor
42442,Sr. Theo Cirino,Vendedor
42443,Sra. Hadassa da Costa,Vendedor
42444,Srta. Julia da Cruz,Vendedor
42445,Asafe Sá,Vendedor
42446,Eduardo Cunha,Vendedor
42447,Sr. Benício Pastor,Vendedor
42448,Ryan Mendes,Analista
42450,Sr. Francisco Jesus,Salesforce
42451,Dra. Maria Liz Siqueira,Salesforce
42452,Dr. Anthony Aparecida,consultor sao MM
42454,Amanda Borges,Salesforce
42455,Alexia da Cunha,Consultor SAP MM Sr
42457,Ana Luiza Cavalcante,Gerente de projetos / Transformação Digital
42458,Dr. Lucca Cassiano,front-end
42459,Dr. José Pedro Abreu,Analista Contábil
42460,Srta. Rafaela Nunes,Analista de Governança
42461,Dra. Agatha Rodrigues,SAP CCS no módulo FI-CA / FS-CD
42462,Dr. Yago Sampaio,Analista Administrativo Sênior
42463,Sr. Benício Pires,Forms
42464,Srta. Fernanda Novaes,Forms / PLSQL
42466,Sra. Milena Ribeiro,Network
42467,Dra. Luna Campos,Vendedor
42469,Srta. Helena da Paz,Vendedor
42470,Alexandre Dias,Vendedor
42471,Jade Pacheco,Vendedor
42472,Pedro Lucas Ferreira,Vendedor
42473,Srta. Maria Liz Silveira,Network
42475,Sr. Igor Fonseca,Vendedor
42476,Sra. Maria Julia Nascimento,Contabil
42477,Sr. Mateus Guerra,Projetos
42478,João Guilherme Cunha,Projetos
42479,Sr. Emanuel Caldeira,ANALISTA CONTÁBIL
42480,Sr. Erick Duarte,Desenvolvedor
42481,Sra. Vitória Pastor,Analista de Impostos Diretos
42482,Sophie Siqueira,DBA Oracle
42483,Sr. Daniel Jesus,Projetos
42485,Srta. Maria Clara da Conceição,DBA ORACLE
42486,Srta. Sophie da Mata,Consultor SAP FI
42487,Dr. Fernando Peixoto,Consultor Senior
42488,Sr. José da Luz,Consultor Senior
42489,Sr. Isaac Lima,Consultor Senior
42490,Sr. Arthur Brito,Consultor Senior
42491,Sra. Bruna Alves,Forms / PLSQL
42492,Srta. Ana Liz Cirino,Fullstack
42493,Srta. Daniela Siqueira,Salesforce
42494,Lucas Gabriel Costela,Consultor Senior
42495,Sr. Joaquim Moura,Consultor Senior
42498,Sra. Maria Helena Vieira,Analista de Sistemas
42500,Yago Gonçalves,SAP MM
42503,Dra. Elisa Leão,Analista de RH JR II
42509,Bernardo Vieira,Data Engineer
42510,Sra. Cecília Aragão,Data Engineer
42512,Ana Sophia da Rocha,Consultor SAP FI CO
42513,Sr. Gabriel Barbosa,Salesforce
42516,Augusto Costa,Segurança da Informação
42517,Sr. Ravy Rios,Segurança da Informação
42518,Apollo Abreu,Segurança da Informação
42519,Cauã Barros,Segurança da informação
42520,Dr. Paulo Rodrigues,Segurança da informação
42521,Sra. Ana Luiza Moraes,Consultor TDF Synchro4TDF
42522,Sr. Enzo Gabriel da Mota,Analista de RH
42524,Dra. Sarah Novais,Consultor Mastersaf
42525,Dr. Asafe Cardoso,Consultor SAP FI
42526,Sr. Rodrigo Araújo,DESENVOLVEDOR Sr
42527,Ana Laura Costa,Segurança da informação
42528,Nina Peixoto,DESENVOLVEDOR Sr
42529,Srta. Maria Alice Brito,Cyber
42530,Sr. Caio Pastor,Fullstack
42531,Carlos Eduardo Vargas,Fullstack
42532,Dr. Renan Nunes,Fullstack
42533,Gael Henrique Moreira,Infraestrutura
42535,Dr. Joaquim Azevedo,Governança
42536,Sra. Lavínia Nogueira,Consultor SAP PI PO
42537,Sabrina Ramos,Fullstack
42538,Apollo Souza,Fullstack
42539,Joaquim da Paz,Analista de Segurança
42541,Dr. Fernando Rocha,Dev FrontEnd
42542,Dra. Agatha Costela,Analista de Segurança
42544,Sra. Sofia Campos,Segurança da informação
42545,Gabriel Silveira,Analista de Segurança
42547,Benício Cirino,Consultor Senior
42548,Dr. Oliver Santos,GCP
42549,Sra. Amanda Sales,Segurança da Informação
42551,Dr. Thiago Casa Grande,SAP CO
42552,Srta. Sofia da Paz,Segurança da Informação
42553,Theo da Rosa,Segurança da Informação
42554,Dra. Anna Liz Cardoso,Segurança da informação
42555,Gabriel Campos,CONSULTOR SAP FIELDGLASS
42556,Dr. Gael Moura,Analista de Segurança
42557,Gael Fonseca,Segurança da informação
42558,Dr. Gael Castro,Segurança da informação
42559,Sr. Thiago da Paz,Consultor MM
42560,Rael Vieira,Analista de Segurança
42561,Dra. Manuella Nunes,Consultor SAP TM
42562,Luiz Otávio das Neves,Segurança da Informação
42563,Gael Pires,Segurança da Informação
42564,Sra. Luísa Aragão,Segurança da Informação
42566,Sra. Gabriela Moura,Analista de Segurança
42567,Sra. Pietra da Paz,Analista de Segurança
42568,Sra. Cecília Sousa,Salesforce
42570,Cecilia Albuquerque,Gestão de projetos
42571,Raul Dias,Analista de Integração
42572,Sr. João Vitor da Rosa,salesforce
42573,Rafael Melo,salesforce
42575,Carlos Eduardo Lima,Consultor SAPP MM/ WM
42578,Srta. Maria Cecília Souza,FrontEnd
42579,Zoe Novais,Analista DevOps
42581,Dr. Matteo Cirino,FrontEnd
42584,Sr. Enrico Siqueira,consultor mastersaf
42586,Sra. Aylla Pimenta,Engenheiro
42587,Sr. Rhavi Martins,Gerente de Projetos
42588,Dra. Beatriz Silveira,Consultor SAP FI
42589,Sr. Enzo Gabriel Novais,Gerente
42591,Luiz Miguel Fernandes,Gestao de projetos
42592,Antony Guerra,Compras
42593,João Miguel Carvalho,Integração
42594,Dr. Cauã Barbosa,Integração
42595,Dr. Vicente Pereira,Analista de Gestão de Identidade e Acessos
42596,Dra. Sabrina Ribeiro,Analista Desenvolvedor Salesforce
42597,Dra. Juliana Costela,Consultor ERP
42598,Dr. Leonardo Caldeira,analista administrativo com power bi
42599,Pedro Henrique da Mota,Gerente de Projetos
42600,Bruna da Mata,salesforce
42602,Heitor Oliveira,Analista de Network
42605,Dra. Emanuella Jesus,Desenvolvedor React
42606,João Felipe Farias,Delphi
42607,Sra. Ana Júlia Mendonça,Delphi
42609,Arthur Miguel Ribeiro,Desenvolvedor
19530,Sr. Gael Henrique Viana,
19532,Ana Sophia Caldeira,
19535,Sr. Ian Carvalho,
19537,Dr. Théo Moraes,
19546,Heloisa Caldeira,
19548,Felipe Nogueira,
19550,Sra. Natália Caldeira,
19551,Dra. Bella da Mota,
19552,Dra. Mirella Gomes,Analista de Suporte e Infraestrutura
19554,Sra. Amanda Souza,
19555,Srta. Carolina Pires,
19556,Samuel da Cunha,
19557,Dra. Bruna Novais,
19558,Sra. Sara Rios,
19559,Stella Souza,
19561,Dr. Enzo Lopes,tecnico peoplesoft
19562,Srta. Zoe da Mota,
19563,Luiz Henrique Duarte,
19564,Zoe Farias,"Atuar como Analista de Requisitos, Analista de Negócios, Product Owner, Scrum Master em projetos de soluções digitais."
19565,Dr. Pedro Miguel Machado,Analista
19566,Matheus Campos,
19567,Dra. Maria Vitória Ferreira,Arquiteto de Big Data
19568,Sr. Asafe Siqueira,
19570,Lorenzo Lopes,
19571,Helena Mendes,
19572,Srta. Joana Castro,Desenvolvedor python
19573,Luiz Fernando Nogueira,
19574,Sr. Brayan Martins,
19575,Sr. Davi Lucca Mendes,Arquitetura ou desenvolvimento de software
19576,Antony Pires,Suporte TI
19577,João Gabriel Câmara,Businnes Intelligence/ Big Data
19578,Natália Porto,Design Thinking
19579,Dr. Mateus Ferreira,
19581,Dra. Antonella da Cruz,
19582,José Miguel Correia,Engenheiro/Supervisor/Gerente
19584,Sr. Mathias Almeida,Analista de Suporte
19585,Srta. Maria Alice da Mata,
19586,Sra. Catarina Moraes,
19587,Fernanda Cardoso,
19589,Sr. Ravi Lucca Teixeira,Atuar na área de suporte técnico e projetos.
19590,Sr. Vinícius Nunes,Crescimento
19591,Sr. Vinícius Moraes,
19592,Sr. Henrique Ramos,Unix/Linux/VMware
19593,Sr. Liam Barros,
19595,Anthony Gabriel da Luz,CONSULTORIA FUNCIONAL E TÉCNICA EM SISTEMAS FINANCEIROS EBS ORACLE
19596,Dr. Rodrigo Sales,"Gerente de Projetos, TI, Negocios, Banco de dados"
19598,Ana Sophia Mendonça,Desenvolver atividades relacionadas a Análise de Negócios
19600,Sra. Ana Carolina Machado,
19602,Srta. Lunna Campos,
19603,Julia Ferreira,"Análise, Desenvolvimento e Consultoria de Sistemas"
19604,Luiz Henrique Lopes,
19608,Sr. Davi Miguel Cavalcante,
19609,Melina Mendonça,Analista / PO / SM / PM
19610,Arthur Albuquerque,Gerente de Projetos
19611,Raquel Lima,Analista de Backup e Monitoramento TI
19614,Dr. Daniel Gomes,
19617,Breno Vasconcelos,Oracle Database Administrator
19618,Sra. Maria Eduarda da Cunha,Atuar como desenvolvedor RPA
19619,Sra. Maria Brito,
19620,João Rodrigues,
19623,Srta. Cecilia Caldeira,Gerente / Coordenador / Consultor
19624,Dra. Camila Montenegro,Gestão de Projetos
19625,Julia da Conceição,Desenvolvimento de Software
19626,Maria Eduarda Vargas,
19628,Alice Jesus,
19629,Dr. Lucas Gabriel Machado,Desenvolvedor iOS
19630,Dr. Kevin Sampaio,
19631,Luiz Miguel Ramos,
19632,Sr. Luiz Miguel Vasconcelos,
19633,Dr. Josué da Conceição,
19634,Sra. Mirella Sampaio,
19635,Nicolas Moura,Desenvolvedor Java
19636,Srta. Amanda Brito,
19638,Sofia Cardoso,
19639,Liz da Luz,
19640,Sra. Jade Duarte,Desenvolvedor Android
19641,Josué Barbosa,
19642,Laís Ribeiro,"Posição executiva em Comunicação, Gestão de Mudanças ou Marketing"
19643,Sra. Sophie Silveira,Consultor de Negócios
19644,Maria Luísa Gonçalves,
19645,Dr. Yan Pimenta,
19646,Srta. Ana Luiza Pacheco,
19650,Sr. Matteo Brito,
19652,Dr. Léo da Rocha,
19654,Dra. Marcela Costa,
19655,Sr. Asafe Ribeiro,
19656,Srta. Ana Oliveira,
19657,Maria Cecília Casa Grande,Analista de Sistema
19659,Dr. Matheus Almeida,
19663,Srta. Isabela Câmara,Desenvolvedor ABAP HCM Sênior
19664,Beatriz Gomes,
19665,Sr. Igor Rezende,Coordenador/Gerente de TI
19669,Dr. Calebe Martins,Desenvolvedor
19671,Olivia Pimenta,
19672,Benjamin Câmara,
19673,Cauã Teixeira,Gerente de Projetos
19674,Dr. Thiago Gonçalves,
19675,Sra. Antonella Alves,Arquiteto Full Stack Sênior
19676,Dr. Yuri Cirino,Líder de Tecnologia da Informação
19677,Gustavo Moura,
19678,Sr. Marcos Vinicius Mendonça,Analista de Testes (QA)
19681,Maitê Leão,Analista de Negócios
19682,Bárbara Santos,Analista de Sistemas
19683,Sra. Cecília Novaes,
19685,Pedro Lucas Porto,
19687,Anna Liz Azevedo,
19688,Sr. Liam das Neves,
19689,Dra. Agatha Costa,
19690,João Pedro Mendes,
19695,Fernanda Duarte,"Administrativo Financeiro, estagio em contabilidade"
19696,Sra. Lavínia Mendes,
19697,Paulo Borges,Consultor SAP SD Sr.
19701,Sr. João Lucas da Mota,
19702,Melina Abreu,
19703,Srta. Juliana Gonçalves,
19707,Bárbara Sousa,"gestão de Projetos, PMO, governança e prevenda"
19708,Lunna Guerra,Atuar como analista de sistemas/ programador
19709,Vitor Souza,Developer
19710,Cecilia Fogaça,Desenvolvedor FullStack pleno
19711,Sr. Rael Rezende,
19716,Diogo Pereira,
19717,Levi Costela,Desenvolvimento de Software
19719,Sr. Diego Câmara,
19721,Sr. João Miguel da Cunha,
19726,Pedro Fonseca,"Gerente de Produto, Gerente Desenvolvimento de Software, Consultor, Arquiteto Soluções"
19727,Dr. Bryan Ramos,Projetos
19728,Yago Silveira,
19729,Sra. Pietra Leão,
19730,Laura Barros,
19731,Danilo Ramos,
19734,Mariah Cunha,Atuar em projetos que desafiam o conhecimento e experiência
19735,Sr. Luiz Miguel Borges,PMO/Scrum Master
19737,Sr. Thiago Montenegro,Analista BI/Dados/ETL
19738,Srta. Isis Guerra,Entrar em uma empresa onde tenha oportunidade de mostrar meus conhecimentos e aprender novas tecnologias.
19739,Milena Siqueira,
19740,Sr. Renan Santos,
19741,Sr. Caio Siqueira,"VENDAS, MARKETING E PROCESSOS"
19742,Dra. Isadora Aragão,
19743,Dr. Luiz Gustavo Porto,Analista de TI
19744,Danilo Rocha,Consultor SAP GRC
19745,Dr. Brayan da Mota,
19746,Srta. Antonella Castro,
19748,Stella da Cruz,
19749,Dr. Thomas Ramos,
19750,Dra. Ana Júlia Cardoso,
19751,Srta. Isabelly Casa Grande,
19753,Sr. Benício da Cruz,
19754,Sra. Jade Lopes,
19755,Dra. Ágatha Silva,
19759,Sr. Matteo Ribeiro,
19760,Sra. Lívia Sales,"Poder contribuir da melhor forma possível na interação de cliente e empresa, podendo assim crescer de maneira merecedora."
19766,Srta. Maria Júlia Jesus,
19770,Dr. André Cavalcante,
19772,Laura Azevedo,
19774,Sra. Ana Sophia da Cunha,Arquiteto / Lider / Programador
19776,Sra. Anna Liz Pacheco,Arquiteto SAP
19777,Srta. Carolina Lopes,
19778,Sr. Pedro Miguel Sales,
19779,Ester Monteiro,
19780,Olívia Pimenta,
19781,Srta. Ana Carolina Nogueira,
19782,Sr. Mateus Novaes,Consultor Oracle
19783,Kamilly Cardoso,
19785,Calebe Nascimento,Desenvolvedor
19786,Ágatha Dias,"Tenho como objetivo atuar na área administrativa, jurídica."
19787,Dr. Léo Cunha,
19788,Sra. Ayla Freitas,
19789,Dra. Lavínia Borges,
19790,Luiz Felipe Abreu,Área administrativa
19792,Dr. Ravi Lima,
19793,Rafaela Macedo,
19794,Dr. Samuel Vargas,"Consultor SAP FICO Sênior, Especialista SAP, Supervisor SAP"
19796,Sr. Breno Novais,Analista Desenvolvedor
19797,Srta. Maria Helena Cardoso,Consultora Funcional Oracle EBS e HCM Cloud
19798,Dr. Enzo Machado,Consultora Oracle HCM Cloud
19799,Dra. Mariah Pastor,
19803,Daniel Campos,Contabilidade Fiscal
19804,Beatriz Novais,Gestor de Projetos / Líder Técnico / Scrum Master / Analista de Sistema Java | Oracle
19805,Sr. Asafe Costa,
19806,Sra. Emanuella Caldeira,
19813,Rebeca Sá,
19814,João Felipe Ferreira,
19815,Antony Silveira,
19816,Srta. Luiza Brito,
19818,Dr. Leonardo Ribeiro,Analista de sistemas/desenvolvedor sales force
19820,Manuela Gonçalves,
19821,Letícia Novais,Desenvolvedor Salesforce
19822,Dra. Rafaela Viana,
19823,Enzo Gabriel Moura,"Analista desenvolvedor Oracle Forms, Reports, PL/SQL, APEX"
19824,Srta. Hellena Silveira,
19826,Dra. Eloá Aparecida,
19829,Lorena Leão,
19830,Dr. Gustavo Henrique Macedo,Área Administrativa ou comercialização
19831,Srta. Luiza da Rosa,
19833,Sr. Josué Mendes,Gerente de Contas
19834,Dra. Lunna Cirino,Analista de Sistemas
19835,Aylla Souza,
19838,Dra. Alana Martins,Arquiteto de Soluções Oracle
19839,Enzo Novaes,analista de sistemas
19840,Dr. Caleb Marques,"Estou em busca de oportunidades que me tragam novas experiências e desafios, com muito aprendizado e trabalho em equipe."
19841,Caroline Araújo,Analista de Sistemas Sênior / Líder de Projetos
19842,Paulo Siqueira,
19843,Sr. Davi Porto,
19846,Ana Cecília Macedo,Consultor SAP PP/QM/PM
19847,Sr. Luiz Felipe da Cunha,
19848,Sr. Théo Vasconcelos,
19850,Joana Martins,
19851,Dr. Nathan Lima,"Crescer junto com a empresa, tornando-seessencial e acompanhando o ritmo. Prover melhoras pessoais a fim de se desenvolver conforme a empresa necessite. Visando os objetivos da empresa, busco sempre o crescimento pessoal e produtividade empresarial maxi"
19853,Sr. Davi Miguel da Rocha,Consultor PeopleSoft FSCM
19854,Sra. Hellena da Paz,
19855,Davi Lucca Nascimento,
19856,Isabela Duarte,
19859,Sr. Rhavi Ramos,me tornar desenvolvedor back-end sênior
19860,Sr. Leonardo Teixeira,
19861,Sr. Joaquim Macedo,
19865,Elisa Nunes,
19866,Dra. Hadassa Sampaio,
19867,Dra. Ana Luiza Barbosa,
19871,Dr. Thales Campos,
19872,Dr. Pietro Araújo,
19873,Giovanna da Rocha,
19874,Srta. Luísa Siqueira,Projetos
19875,Sra. Maya das Neves,Consultor SAP SD
19876,Sr. Matteo Ferreira,SysAdmin - Analista de Suporte - Analista de Sistemas
19877,Maya Sales,
19878,Dra. Luiza Nunes,
19879,Luiz Felipe Borges,
19880,Sra. Sofia Gonçalves,
19881,Srta. Mirella Rios,
19882,Sr. Luiz Gustavo Rodrigues,
19883,Dr. Davi Lucas das Neves,
19886,Ryan Cardoso,Cientista de Dados
19887,Srta. Melissa Moraes,
19889,Mathias Sousa,Analista SAP
19890,Dr. Thiago Moura,
19892,Gabrielly Siqueira,
19893,Mariane Barbosa,Ingressar no mercado de trabalho e desenvolver minhas habilidades na área
19894,Dra. Luana da Mata,
19895,Bryan Rodrigues,
19897,Sr. Gustavo Henrique Duarte,DESENVOLVEDOR FULL STACK
19898,Luiz Miguel da Cruz,
19901,Francisco Fernandes,
19902,Maitê Abreu,
19903,Matheus Ferreira,Administrador de Dados
19904,Sr. Joaquim Aparecida,anslise de Sistemas/ banco de dados
19905,Sra. Emanuella Rios,Desenvolvedor
19906,Dr. Augusto Albuquerque,
19908,Dra. Ana Julia da Mata,Análise de sistemas e programação
19909,Sr. João Guilherme Vasconcelos,Desenvolvedor Frontend Angular Sênior
19910,Maria Vitória da Mota,
19911,Dra. Alícia Pastor,
19912,Felipe Caldeira,
19913,Srta. Aylla Andrade,
19915,Yago Pimenta,Area de Tecnologia
19920,Srta. Nina Fernandes,"Colocar em pratica os conhecimentos em favor da instituição, visando o crescimento da organização e o crescimento profissional."
19921,Enrico Cunha,
19922,Sra. Ayla Novais,Product Manager & Produtct Owner
19925,Dr. Thales Nascimento,
19927,Srta. Caroline Novaes,Consultor de Projetos de CRM
19928,Srta. Natália Oliveira,
19929,Sr. João Camargo,
19930,Dr. Davi Miguel Albuquerque,
19931,Sofia Alves,Líder técnico
19939,Sr. Marcos Vinicius Caldeira,
19942,Sr. Paulo Nunes,Gestão de Projetos
19943,Dr. Asafe Nascimento,
19944,Sra. Sophia Santos,
19945,Dr. Caio Carvalho,
19946,Pietro Andrade,
19948,Dr. Davi Lucas Farias,
19950,Zoe Caldeira,Desenvolvedor
19951,Enzo Gabriel Costa,
19954,Sra. Maria Laura Mendes,
19955,Srta. Amanda Dias,
19956,Dr. Vitor Gabriel Leão,
19957,Yago Sá,
19960,Srta. Luara Lima,
19961,Dr. Cauê Barros,
19962,Ana Lívia da Costa,
19963,Dr. José Pedro Cunha,
19964,Sarah Pacheco,Desenvolvedora FrontEnd no momento porém me tornar FullStack
19965,Isabela Silva,Analista de Marketing Digital
19967,Dra. Ana Cecília Fonseca,
19968,Sr. Vitor Hugo Ramos,
19969,Luara Campos,
19970,Sr. Augusto Oliveira,
19971,Gustavo Câmara,
19972,Sr. Miguel Sampaio,CONSULTOR SAS
19973,Sra. Ana Caldeira,
19974,Dr. João Felipe da Rosa,
19977,Maria Julia Marques,
19978,Dra. Manuela Ferreira,
19980,Sr. Mateus Viana,
19981,Sra. Ana Lívia Câmara,
19982,Sra. Manuella Cardoso,
19983,Dr. Lucas Gabriel Fonseca,
19984,Sra. Beatriz Castro,
19985,Maria Alice Pastor,Atuar nas áreas de desenvolvimento web e design instrucional
19986,Esther Gonçalves,Desenvolvedor Front end
19987,Sra. Lorena Lopes,
19988,Maria Clara Macedo,
19989,Sra. Melina Mendonça,
19991,Sr. Danilo Novaes,Consultoria EBS Oracle
19992,Dr. Luiz Fernando Macedo,
19996,Sra. Maria Cecília da Mota,
19998,Dr. Benicio Cardoso,
19999,Cauã Gomes,
2061,Erick Rocha,.Net
2067,Dr. Rhavi Rodrigues,A procura de recolocação Analista de Sistema
2074,Vinicius Pacheco,contas a pagar
2087,Fernanda Sousa,consultor SAP GRC PI PO
2089,Sra. Luísa Rocha,XI PI
2090,Srta. Ísis Cirino,SAP PI
2098,Ravi Moura,Assistente de departamento pessoal
2099,Dra. Joana Marques,Assistente de departamento pessoal
2101,Sra. Gabrielly Andrade,.Net
2114,Erick Viana,.Net
2125,Dr. André Moura,Líder .Net e Desenvolvedor .NET Sênior
2132,Isadora Ferreira,.Net
2136,Nathan Leão,.Net
2146,Ravy Pereira,.Net
2151,Srta. Sofia Monteiro,.Net
2165,Sra. Agatha Lima,consultor SAP
2173,Antonella Gomes,.Net
2195,Srta. Bárbara Castro,Assistente de departamento pessoal
2204,Alexia Peixoto,BI Cognos
2222,Sra. Bianca da Costa,CONSULTOR SAP QM
2225,Sra. Zoe Nascimento,SAP SD
2229,Dra. Isabelly Moraes,BW/Hana
2232,Ágatha Rocha,Analista de Processos
2247,Sra. Mariane da Conceição,ADM
2255,Júlia Carvalho,Analista de TI
2269,Srta. Manuella Camargo,CONSULTOR SAP FI SR
2270,Vinícius Nascimento,CONSULTOR SAP FI SR
2287,Clarice Albuquerque,CONSULTOR ABAP/WF - BW SENIOR
2290,Dr. Liam Moura,Consultor SAP MM
2300,Sr. Diego Araújo,Consultor SAP SD
2306,Sr. Vicente Leão,ANALISTA DE SUPORTE LINUX
2310,Sr. Henry Viana,CONSULTOR SAP BW
2311,Rafaela Souza,"Consultor SAP Funcional S/4HANA - SAP Supply Chain, Comercial e Operações."
2315,Luan Viana,CONSULTORA SAP FI/TRM
2316,Dra. Maria Cecília Leão,Consultor SAP SD
2317,Dr. Erick Dias,ABAP
2321,Sr. Raul Cavalcanti,CONSULTOR SAP BW JR
2337,Sr. Vinicius Martins,Programador / Desenvolvedor
2341,Dra. Olivia Pereira,"Dotnet, VBA"
2362,Sra. Hadassa Araújo,CONSULTOR SAP PP/PM/QM/APO SR
2367,Srta. Isabela Martins,Suporte Técnico
2390,Sr. José Leão,.Net
2400,Dr. Luiz Felipe Aparecida,Java
2412,Sr. Lucca Cavalcanti,DBA Oracle
2419,Sr. Vitor Hugo Pires,Analista de Testes (Sem Sky)
2420,Sr. Dom Sousa,CONSULTORA SAP BW/BO/HANA
2421,Dr. Davi Lucca da Cunha,Analista de Testes (Sem Sky)
2424,Sr. Marcelo Câmara,Analista Programador C++
2429,Laís Vasconcelos,Arquitetura de Cloud – DevOps – SRE - Networking - Segurança de Ambientes Computacionais
2436,Srta. Nicole da Rosa,rede sr
2438,Ravy Nascimento,rede sr
2444,Dr. Thales Teixeira,Analista de Infraestrutura
2446,Laís Campos,CONSULTOR SAP
2448,Maitê Fernandes,CONSULTOR SAP BASIS SENIOR
2450,Benjamin Sales,CONSULTOR BASIS SR
2454,Srta. Evelyn Monteiro,Analista Funcional jDedwards
2459,Sr. Vitor Hugo Lima,CONSULTOR SAP SD/LES SENIOR
2460,Sr. Henry Gabriel Pires,CONSULTOR BASIS SENIOR
2465,Sr. Francisco Cassiano,"Especialização em Gerência de TI, Operacional"
2488,Sra. Beatriz Alves,.Net
2494,Sra. Maria Liz Ferreira,PL SQL Telecom / Oracle
2498,Sra. Ana Carolina Silva,Desenvolvedor e Arquiteto Técnico
2507,Sra. Sofia Silveira,Analista de Suporte
2515,Matteo Vasconcelos,Consultor SAP - Módulo MM / Retail
2520,Sr. Murilo Aragão,SAP MM
2526,Pedro Henrique Castro,Teste automação
2536,Sra. Ana Luiza Barros,Suporte SO Windows
2543,Sr. Erick Costa,CONSULTOR MMWM SR
2545,Sra. Natália Fernandes,CONSULTOR SAP MMWM SR
2572,Srta. Emanuelly da Paz,CONSULTOR SAP WMMM SR
2575,Sr. Kevin Siqueira,Desempregado
2577,Sr. Pedro Henrique Silveira,Senior System Analyst na Triad Systems
2581,Vitória Teixeira,Analista de Integração - Automação Comercial
2583,Sr. José Miguel Marques,Gerente de Projeto JDE
2602,Dr. Anthony Aparecida,SAP MM SÊNIOR
2614,Dr. José Miguel Rezende,Programador Xamarin
2622,Srta. Eduarda Cassiano,Midleware
2623,Asafe Carvalho,.Net - Análise de Sistemas RJ
2625,Sr. Léo Sá,PMO
2626,Sr. Nicolas Oliveira,Analista de Requsitos
2632,Sra. Letícia da Mata,Arquiteto de Soluções
2637,Dr. Daniel Farias,Oracle EBS - GL
2644,Sr. João Felipe Pereira,ORACLE EBS
2665,Ana Sophia Santos,CONSULTOR ESPECIALISTA SAP FI
2666,Dr. Ravy da Luz,CONSULTOR SAP MM SENIOR
2708,Enzo da Cruz,Administrador de rede
2747,Dr. Davi Lucca Rocha,Administrador de rede
2765,Dr. Vitor Hugo Rezende,Administrador de rede
2781,Srta. Joana da Mota,SAP SD
2791,Jade da Cunha,DBA Oracle
2795,Sr. Rhavi Guerra,Administrador de rede
41331,Srta. Ana Sophia Pacheco,Analista de Projetos
41332,Srta. Ayla Costa,Agile Master
41333,Yago Nogueira,SAP FI CM
41334,Diogo Borges,Analista de Projetos
41335,Manuela Teixeira,Analista de Projetos
41336,Srta. Mariana Ferreira,dba
41337,Dr. Henrique Cunha,QA
41338,Sra. Lívia Cassiano,QA
41339,Srta. Giovanna Vasconcelos,DESENVOLVEDOR Sr
41340,Ana Sophia Moreira,PMO
41341,Sra. Laura Peixoto,QA
41343,Dra. Olívia Correia,DESENVOLVEDOR Sr
41344,Dr. Lorenzo Borges,Consultor SAP FI CO
41345,Nina Garcia,consultoria sap TMS
41346,Srta. Alícia da Rocha,QA
41347,Sra. Ana Carolina das Neves,DESENVOLVEDOR Sr
41348,Sr. Apollo Carvalho,Desenvolvedor PL SQL
41350,Srta. Lunna da Conceição,DBA
41353,Sr. Carlos Eduardo Ribeiro,SAP ABAP
41355,Sr. João Vitor Siqueira,DBA
41356,Laura Ramos,Projetos/Governança
41358,Sr. Augusto Souza,Projetos/Governança
41359,Dra. Aylla Albuquerque,Projetos/Governança
41360,Sra. Maria Luísa Lima,qa
41361,Dra. Yasmin Garcia,qa
41362,Dra. Maria Julia Cavalcante,Java
41363,Pedro Lucas da Rosa,Desenvolvedor
41364,Sr. Henrique da Mata,Java
41365,Pedro Lucas Gomes,Projetos
41366,Sra. Allana Mendonça,Projetos
41367,Calebe Nogueira,Consultor Funcional Sênior
41368,Dr. Vitor Hugo Oliveira,Projetos
41369,Sr. João Gabriel Moura,Arquiteto de Soluções
41370,Sra. Bella Machado,Consultor SAP PP Senior com ngles
41371,Dr. Vinicius Lima,Analista de Projetos Pleno
41373,Dr. Rodrigo Barros,Arquiteto de Soluções
41374,Dra. Elisa da Paz,Consultor SAP ABAP
41376,Sr. Mateus da Conceição,QA
41377,Sra. Eduarda Lopes,QA
41379,Alexandre da Mota,governança
41382,Srta. Maria Julia da Costa,qa
41383,Sra. Camila Sá,Desenvolvedor
41384,Sr. Valentim Monteiro,Consultor de Projetos
41385,Sr. Benjamim Araújo,Analista de Projetos
41386,Dr. Gael Henrique Araújo,QA
41387,José Pacheco,Dev Node Js
41388,Daniel Sampaio,Assistente
41390,Miguel Peixoto,Dev
41392,Srta. Allana Camargo,Assistente
41393,Sr. Ravi Jesus,Assistente
41395,Milena Almeida,Analista de Projetos
41396,Dr. Henrique Pimenta,DBA
41397,Dr. Vinícius Rezende,Projetos
41398,Dr. Vitor Marques,Projetos
41399,Dr. Henry Azevedo,Front End Developer
41401,Thiago Câmara,Analista Administrativo Pleno - Compras
41403,Sra. Ana Vitória Freitas,Especialista em Governança de TI
41407,Dr. Josué Almeida,Consultor de Projetos
41408,Dra. Gabriela Teixeira,Analista de TI Pleno
41409,Sra. Letícia Alves,Desenvolvedor Pleno
41410,Sr. Ian Montenegro,Vaga Analista Administrativo Pleno Compras
41411,Sr. Vitor Gabriel Alves,Analista de Infraestrutura
41412,Sra. Lunna Rodrigues,Instrutor
41413,Enzo Cavalcante,Desenvolvedor
41414,Sr. Davi Cirino,Desenvolvedor
41415,Sr. Isaque Cavalcanti,Gerente de Projetos MasterSaf DW
41416,Sr. Thomas Santos,Instrutor
41418,Sr. Renan Sousa,Front-End Developer
41419,João Lucas Abreu,Suporte de Campo
41420,Ryan Campos,Suporte de Campo
41421,Sr. Matteo da Costa,"Desenvolvedor, DevOps"
41422,Yan Lopes,PMO
41423,Sr. Alexandre Vargas,Técnico de Infra
41424,Sra. Maria Alice da Cruz,Desenvolvedor
41425,Dr. Pedro Miguel Casa Grande,Analista
41426,Dra. Luiza Fogaça,Consultor SAP ABAP CCS
41427,Stephany Alves,Analista de Suporte a Campo
41428,Sra. Maitê Pires,Analista de Suporte Campos
41429,Dra. Emanuelly Oliveira,Analista de Suporte a Campo
41430,Henry Gabriel Duarte,Oracle
41431,Luiz Felipe Casa Grande,SAP IS-U CCS
41432,Sr. Benjamin Oliveira,Desenvolvedor
41434,Sr. Arthur Miguel Cirino,Analista de DP
41437,Léo Cunha,Analista SAP Basis Pleno
41438,Cecilia Araújo,Técnico de Infra
41439,Dra. Hellena Pinto,Consultor de Projetos
41440,Sr. Luiz Otávio Rios,Consultora de Projetos
41444,Sr. João Miguel Macedo,Instrutor
41445,Ana Julia Melo,Oracle
41446,Dr. Davi Monteiro,oracle
41447,Léo Mendes,Oracle
41448,Pedro Henrique da Rosa,Oracle
41449,Sr. Danilo Siqueira,Oracle
41450,Sr. Augusto Siqueira,Oracle
41451,Maria Laura Ferreira,Oracle
41452,Josué Campos,Desenvolvedor Node.js e React
41454,Sra. Mariah Montenegro,Desenvolvedor
41455,Dr. João Guilherme Albuquerque,Oracle
41456,Thomas da Rosa,Consultor sap ccs
41457,Sr. Miguel da Conceição,SAP Key User
41459,Dr. Joaquim Oliveira,consultor sap mm junior
41461,Sr. João Guilherme Moraes,Analista NOC
41462,Maria Vitória Dias,SAP SD – Consultor Júnior – Key User
41463,Sra. Hellena Siqueira,Analista de NOC
41464,Erick Duarte,Analista
41465,Alexandre Sá,Analista NOC
41466,Dr. Renan Santos,Analista
41467,Caroline da Costa,consultor sap mm junior
41468,Breno da Mata,Key user SAP
41469,Joaquim Pinto,Key user SAP SD
41471,João Lucas Oliveira,NOC
41472,Sr. Caio Brito,Noc
41473,Dr. Henrique Moreira,Noc
41474,Srta. Zoe Lima,NOC
41475,Sr. João Felipe Siqueira,SAP Key User
41476,Dr. Bernardo Nascimento,NOC
41477,Dra. Isadora da Cunha,consultor sap mm junior
41478,Sr. Kevin Cunha,Analista de Suporte
41479,Dra. Maria Julia Ramos,Suporte
41482,Luiz Miguel Sá,Analista de desenvolvimento de software
41485,Mirella Campos,NOC
41488,Dra. Cecilia da Mota,Analista de Monitoramento
41489,Srta. Natália Novaes,Suporte
41490,Juan Freitas,Analista de Monitoramento
41491,Dra. Sofia Correia,Analista NOC
41492,Sra. Olívia Dias,su
41493,Dr. Bento Aparecida,Analista de Monitoramento
41494,Vinícius Costela,Analista de Suporte
41495,Dr. Dom Leão,SAP WM
41496,Sr. Thales Freitas,Analista de Monitoramento
41497,Clarice Mendes,Suporte
41498,Sr. João Viana,Analista de Monitoramento
41501,Sr. Bruno Rocha,NOC
41502,Dr. Yan Vargas,NOC
41506,Dr. Theo Fernandes,NOC
41507,Dr. Brayan Rezende,NOC
41509,Sra. Maria Vitória Castro,Desenvolvedor
41510,Dra. Eloah Casa Grande,Key User SAP
41513,Dr. Léo Azevedo,SAP SD Jr
41514,Evelyn Ramos,SAP SuccessFactors
41516,Sra. Melissa Caldeira,SAP SD
41517,Sr. Levi Costa,Consultor SAP MM
41518,Sr. Ravi Lucca Cardoso,Key User SAP
41519,Srta. Maysa Cunha,Desenvolvedor Pleno
41520,Srta. Mariah Sales,Desenvolvedor Pleno
41522,Dra. Maria Fernanda Pastor,Analista Cloud
41523,Dr. Samuel da Paz,Consultor SAP FS-RI - FSCD
41525,Enrico Moreira,Operador de TI
41526,Caleb Martins,Operador de Infra
41527,Sr. Breno Oliveira,Operador de Infra
41528,Dr. Thiago Barbosa,CONSULTORA SR SAP SUCCESSFACTORS
41529,Sr. Pedro Miguel Farias,consultor sap
41530,Sr. Thales Barbosa,Analista de Testes
41531,Sra. Beatriz Teixeira,Analista de Energia
41535,Theodoro Vargas,Consultor SAP SD
41537,Srta. Luara da Mota,Consultor sap ccs
41538,Sr. Luiz Miguel Pacheco,Key User SAP
41540,Srta. Maria Julia Monteiro,Deve Python
41541,Sra. Rebeca Carvalho,Gerente de Projetos
41544,Sofia da Cruz,Analista Administrativo Sênior
41547,Francisco Castro,Desenvolvedor FullStack Python
41548,Anna Liz Santos,Desenvolvedor Python
41549,Srta. Ana Liz Barbosa,ERP PROTHEUS
41550,Dra. Ana Vitória Garcia,Analista de Sistemas
41551,Catarina Aparecida,Analista de Sistemas
41552,Diogo Sales,Analista de Suporte Audiovisual
41553,Dr. Vinicius Campos,Data Scientist
41556,Sr. Erick Viana,Cientista de dados
41557,Sra. Joana Camargo,Cientista de dados
41558,Dra. Emilly Pastor,Consultor sap ccs
41560,Isabela Camargo,Desenvolvedor Pleno
41562,Sra. Sophia Lima,Analista de Testes
41564,Dra. Maria Fernanda da Conceição,Dados Jr.
41565,Dr. João Lucas Farias,Dados Jr.
41566,Dr. Antônio Brito,Dados Jr.
41567,Sra. Caroline Viana,Dados Jr.
41568,Maya Siqueira,Analista de dados
41570,Sr. Kaique Guerra,Dados Jr.
41571,Sr. Eduardo Costela,Analista de dados
41572,Srta. Maria Júlia Nascimento,Analista de Testes
41573,Sarah Nunes,Consultor SAP WM EWM MM
41579,Sra. Alexia Guerra,Analista Contábil
41580,Maria Liz da Conceição,Gerente de Projetos
41582,Dra. Ágatha Cavalcanti,Analista Contábil
41583,Sra. Larissa Ribeiro,Gestor
41584,Ana Clara Pinto,Analista de dados
41586,Samuel Novais,JAVA
41587,Srta. Mariane Viana,Analista Contábil
41591,Dra. Maria Luiza Santos,Analista de Marktplace
41592,Dr. Apollo Carvalho,Gerente
41594,Ravi Lucca Castro,.NEt
41595,Olívia Leão,Analista de Marktplace
41596,Dra. Emanuelly Mendes,Analista Administrativo Sênior
41597,Vitor Hugo Correia,Gerente de Projetos
41598,Srta. Catarina da Mota,CONTABIL
41599,Zoe da Paz,Devops
41600,Srta. Ana Luiza Pereira,Analista de Dados Jr
41601,Dr. Benjamin Barros,Analista Contábil
41602,Srta. Luara Sá,Analista Contabil
39541,Sr. Marcelo Gonçalves,Consultora sap FI
39542,Dra. Lívia Andrade,fraude
39543,João Gabriel Fogaça,Desenvolvedor
39544,Srta. Emanuelly Cirino,QA
39545,Calebe Moreira,Consultor / Especialista de Segurança da Informação
39546,Isabelly Pinto,SAP SD
39547,Sr. Anthony Cirino,Java
39548,Ana Liz Gonçalves,Consultor / Especialista de Segurança da Informação
39549,Sra. Ana Julia Cardoso,Gerente de Projetos de Infra
39550,Júlia Garcia,Consultor / Especialista de Segurança da Informação
39551,Dra. Luiza Montenegro,Agile Master
39552,Paulo Martins,Consultor / Especialista de Segurança da Informação
39553,Maria Luiza Fogaça,Desenvolvedor Net
39554,Dra. Eduarda Rodrigues,QA
39558,Asafe Brito,Java
39560,Sr. João Guilherme Sampaio,Leiturista
39561,Dr. Vinicius Ferreira,Desenvolvedor
39562,João Pedro Vargas,Analista de Operações
39563,Dra. Maria Fernanda Machado,Analista de Operações
39564,Dra. Ana Carolina Novaes,Financeiro
39565,Luara Nascimento,Financeiro
39566,Sr. Matteo Monteiro,Financeiro
39567,Dra. Fernanda Garcia,Agile
39568,Sr. João Gabriel Pacheco,SAP BW BPC
39570,Dra. Ana da Luz,Desenvolvedor Pleno
39571,Dr. Daniel Teixeira,Desenvolvedor C#
39572,Dra. Joana Santos,Analista de Operações
39573,Srta. Kamilly da Costa,ANGULAR
12514,Maria Laura Farias,Designer UX-UI
12515,Sr. Murilo Ribeiro,desenvolvimento Java
12517,Sr. Antony Ferreira,SAP MM
12518,Sr. Benjamin Fogaça,Programador .NET
12524,Sr. Asafe Farias,Consultor sap FI
12525,Augusto Teixeira,: Analista de Sistemas SAP FI
12534,Camila Azevedo,Gestão TI
12535,Noah Andrade,CWF - DP
12538,Rafael Ribeiro,Programador.NET
12540,Srta. Anna Liz Araújo,CWF - DP
12553,Dra. Yasmin Lima,Consultor FI
12563,Sr. José Pedro Garcia,Consultor especialista em mainframe
12564,Sra. Laura Sales,Testes Automatizados
12570,Dr. Liam da Rosa,SAP MM
12572,Dr. Arthur Gabriel Lopes,Consultor Funcional SAP HCM
12576,Dra. Heloisa Costa,CONSULTOR SAP FI
12585,Luiz Felipe Costela,
12592,Pietro Peixoto,
12594,Sr. Paulo Novais,
12597,Dr. Benício Pacheco,
12598,Sr. Luiz Fernando Fernandes,
12599,Dra. Sophie Souza,
12600,Dra. Larissa Pacheco,
12601,Dra. Evelyn Campos,
12602,Marina Casa Grande,
12603,Bento da Paz,
12604,Srta. Maysa Rios,
12605,Dr. Danilo Siqueira,
12606,Sra. Sara Cirino,
12607,Dom Sousa,
12608,Gabrielly Lima,
12609,Vitória da Cruz,
12611,Mariane Rodrigues,
12612,Rodrigo Monteiro,
12614,Emanuella da Costa,
12615,Joana Garcia,
12616,Dr. Henry Gabriel Costa,
12618,Dra. Kamilly Nascimento,
12619,Dr. Matteo Moura,
12620,Sr. João Lucas Farias,
12621,Henry Cassiano,
12622,Daniela Machado,
12624,Dra. Aylla Monteiro,
12626,Luiz Felipe Moraes,
12627,Sr. Cauê Novaes,
12628,Sra. Lorena Almeida,
12629,Dr. João Guilherme Siqueira,
12630,Dra. Maria Helena Cardoso,
12636,Dr. Gael Henrique Sá,Assistente Administrativo ou rh
12638,Diogo Caldeira,
12639,Sr. Gustavo Henrique das Neves,CONSULTOR SAP HCM
12640,Dr. Eduardo Camargo,
12641,Srta. Emanuella Fogaça,Consultor SAP R/3 HR PY
12647,Srta. Stella da Mota,
12648,Henry Gabriel Dias,Construir carreira na empresa
12650,João Pedro Araújo,Técnico de Informática
12651,Vitor Gabriel Cassiano,"Busco uma vaga no mercado onde possa colocar minhas habilidades em prática e colaborar com equipes de trabalho, tendo o crescimento da organização e o desenvolvimento pessoal e profissional como focos principais."
12652,Maria Júlia Porto,
12653,Sr. Gabriel Melo,Analista de TI
12654,Srta. Raquel Freitas,Consultora SAP SD
12655,Dr. Davi Pires,Consultor SAP ABAP - PI
12656,João Miguel Lima,
12657,Srta. Maria Helena Duarte,SAP PP QM
12658,Mariah Guerra,
12660,Dr. Yago Cardoso,Analista de Testes
12661,Ana Carolina da Rocha,
12662,Dra. Evelyn Borges,
12663,Caio Rodrigues,
12664,Stephany Costa,
12665,Matheus Macedo,programador abap
12666,Sra. Clara Caldeira,
12667,Srta. Gabrielly Alves,
12668,Dra. Kamilly Cassiano,Desenvolvedor Back End
12669,Dr. Ravi Lucca Costa,
12670,Sra. Mariana Cassiano,
12671,Sra. Yasmin Sampaio,
12672,Sr. Ravi Moura,
12673,Cecilia Brito,
12674,Sr. Thiago Azevedo,
12676,Sra. Manuela Santos,
12677,Sra. Ayla Lima,
12678,Arthur Gabriel Garcia,Especialista WM e EWM
12679,Sr. Thiago Sousa,
12681,Srta. Ana Vitória Sampaio,
12682,Sr. Caio Teixeira,CONSULTOR SAP CO
12684,Ryan Peixoto,
12685,Srta. Sophia Cunha,Consultor / Arquiteto de Soluções (AWS) / Data Scientist
12686,Srta. Catarina Teixeira,Consultor de Projetos de RH
12687,Sr. Théo da Conceição,
12688,Dr. Davi Luiz Silva,Consultor SAP ABAP
12689,Sr. Davi Lucas Brito,
12690,Srta. Rebeca da Rosa,
12691,Dra. Emanuella Souza,
12693,Dr. Theodoro Camargo,
12695,Sra. Ana Lívia Rios,
12696,Sr. Paulo Pires,
12698,Julia Vieira,
12699,Eduardo Fonseca,
12701,Maria Júlia Costa,
12702,Sr. Paulo Casa Grande,
12703,Srta. Ana Laura Teixeira,
12706,Sr. Arthur Gabriel Casa Grande,
12708,Sr. Bento Carvalho,
12709,Dr. Cauã Albuquerque,
12711,Sra. Aurora Vargas,Consultor SAP MM - WM
12714,Dra. Brenda Monteiro,
12715,Dra. Maria Vitória Moura,PMO Projetos
12716,Sr. Nicolas Sá,
12717,João Guilherme Câmara,
12718,Srta. Eloah Câmara,
12719,Carlos Eduardo Peixoto,
12720,Sr. Luiz Henrique Borges,CONSULTOR SAP SD SENIOR ou ESPECIALISTA
12721,Sr. Emanuel Pastor,
12722,Dra. Júlia Lopes,
12724,Sr. Isaque Fernandes,
12725,Sra. Olivia Pereira,"Consultor SAP PM, CS, QM, PP Sênior"
12726,Sra. Catarina Pinto,
12727,Nicolas Silva,Atuar na área Tecnologia da Informação/Infraestrutura
12728,Sra. Sophia Rocha,
12730,Bernardo Rocha,
12733,Dr. Calebe Fogaça,
12734,Luiz Miguel Barbosa,
12735,Sra. Maria Júlia Pacheco,
12738,Dra. Lara Rios,
12739,Srta. Stella Casa Grande,Gerenciar projetos SAP
12742,Sra. Maria Alice da Costa,
12744,Melina Moraes,
12745,João Miguel da Mata,
12746,Sr. João Lucas Lopes,
12747,Marcelo Macedo,
12748,Dr. Paulo Leão,
12749,Théo Sá,
12750,Dra. Maria Júlia Nunes,Desenvolvedor Web
12752,Larissa Mendonça,
12753,Enzo Siqueira,Analista desenvolvedor oracle
12755,Breno Sá,CONSULTORA SAP SD
12756,Ravi Albuquerque,
12757,Sr. Léo Cardoso,
12760,Srta. Maria Cirino,
12766,Sr. Isaque Cunha,
12768,Dr. Luiz Felipe Rios,
12769,Dra. Maitê Campos,Consultor SAP
12771,Sra. Brenda Casa Grande,
12772,Srta. Clara da Luz,
12775,Sr. Theodoro Araújo,
12777,Sr. Davi Lucca Moraes,
12780,Dr. Murilo Cavalcanti,
12781,Melina Oliveira,
12784,Sr. Henrique Sampaio,
12788,Dra. Emanuella Ramos,Analista programador Cobol
12789,Dra. Isabelly Correia,Analista/Líder de Projetos de Sistemas (Mainframe)
12790,Levi Fernandes,Analista Senior mainframe
12791,Nina Souza,
12793,Dr. João Felipe Teixeira,Analista Programador
12795,Srta. Alana da Luz,"Programador Cobol, Assembler, Mainframe"
12797,Srta. Alice Jesus,Consulta SAP FI SR
12800,Dra. Emanuella Cunha,Analista desenvolvedor cobol
12801,Isabelly Costa,
12802,Dante Gomes,
12803,Dra. Ana Liz Almeida,
12804,Ana Carolina Almeida,
12806,Sra. Ana Carolina Sousa,
12807,Dr. Luiz Otávio Cardoso,
12813,Dr. João Felipe Barbosa,RH e Administrativo
12816,Sabrina Pinto,Atuar no desenvolvimento de sistemas web
12818,Dr. Dante Porto,
12819,Sr. Benjamin Sampaio,
12820,Sra. Lara Pereira,
12821,Dr. Heitor Pastor,
12822,Srta. Lorena da Luz,
12824,Miguel Mendonça,
12826,Srta. Ana Cecília Sá,Analista Desenvolvedor
12827,Dr. Rael Souza,ANALISTA DE SISTEMAS/PROGRAMADOR
12830,Clara da Costa,
12831,Zoe Cunha,
12832,Bianca Duarte,
12833,Dr. Yan Duarte,
12834,José Pedro Campos,
12835,Dr. Bruno Sá,
12836,Dr. Apollo Rocha,
12838,Theodoro Silveira,
12839,Srta. Maria Luísa Pacheco,
12840,Sr. Josué Nascimento,atuar em análise de sistemas ou desenvolvimento Mainframe
12841,Ravi Lucca Vieira,Analista desenvolvedor Mainframe
12842,Cauã da Cruz,
12844,Sr. Davi Luiz Lima,
12845,Dra. Carolina Duarte,
12846,Letícia Farias,
12847,Dra. Maria Sophia Melo,
12848,Maria Cecília da Mota,
12849,Sr. Enzo Gabriel Sousa,SAP ABAP Junior
12850,Dra. Stephany Siqueira,Gerente Técnico Abap
12851,Luiz Felipe Moura,
12852,Srta. Isadora Oliveira,
12854,Dr. Danilo da Rocha,
12857,Sra. Daniela Casa Grande,Consultoria SAP modulo MM
12859,Bella Oliveira,Diretor de Criação ou UX/UI Designer
12860,Maria Clara Rodrigues,
12861,Matheus Cassiano,
12862,Dr. Joaquim Cavalcante,
12865,Arthur Miguel Costela,
12866,Sr. Cauê das Neves,Analista de Suporte
12867,Dra. Rafaela Barros,
12870,Ravi Lucca Sá,
12871,Dr. Asafe Cavalcante,
12872,Matheus Cirino,
12873,Sr. Levi Barros,
12874,Dr. Nathan Duarte,Sênior DevOps ou Automação
12876,Sr. Rhavi Vargas,
12877,Sr. Kevin Rios,
12879,Sr. Gael Machado,
12881,Srta. Larissa Vargas,"Consultoria DevOps, Cloud Computing, infraestrutura de TI"
12882,Dr. Luiz Otávio Pastor,Especialidade em Qualidade de Software
12886,Dra. Caroline Fernandes,
12887,Dr. Theodoro Moura,
12888,Sra. Vitória das Neves,
12889,Sra. Melissa Marques,
12891,Srta. Eloá Nascimento,
12892,Dr. Josué Cavalcanti,
12893,Luan da Mata,Consultor ABAP Senior / Fiori / UI5
12894,Daniela Monteiro,
12895,Sra. Ísis da Cunha,
12896,Dante da Cunha,
12897,Srta. Luana Sampaio,Gestão de TI
12899,Dr. Gustavo Henrique da Rocha,
12900,Davi Luiz Montenegro,
12901,Dr. Gael Henrique Freitas,
12902,Dra. Maria Clara Pinto,
12903,Srta. Elisa Oliveira,
12904,Maria Luiza Vasconcelos,
12905,Dr. Guilherme Garcia,Gerente de projeto.
12906,Davi Luiz Albuquerque,Analistas de Testes Pleno
12907,Srta. Manuella Fogaça,Atual com banco de dados e BI
12911,Srta. Maria Liz da Rosa,
12912,Sr. João Casa Grande,
12913,Henry Garcia,Desenvolvedor Java
12914,Dr. Alexandre Campos,
12915,Dr. Vitor Hugo da Rocha,
12916,Sr. Arthur Teixeira,SAP - PMO (DATA MIGRATION/ SOLMAN SPECIALIST)
12918,Ian Borges,
12919,Sra. Helena Cunha,
12920,Sr. Marcos Vinicius Machado,
12921,Emilly Sales,
12922,Dr. Henry Gabriel Cirino,Atuar na área de segurança da informação
12924,Sra. Caroline Montenegro,Analista de Segurança da Informação
12927,Dr. Pedro Lucas Araújo,
12928,Dr. José Pedro Sousa,
12930,Sra. Laura Sá,
12931,Vinicius Borges,
12932,Ágatha Gonçalves,
12933,Ana Cecília Peixoto,Gerente - Analista
12934,Théo Mendes,
12936,Dr. Nathan Silveira,
12937,Sra. Rafaela Carvalho,Analista de Segurança
12939,Dr. Kevin Nascimento,
12941,Sra. Jade Alves,
12942,Dra. Larissa Araújo,Senior SAP Basis / Líder Sistemas TI / Coordenador Sistemas TI
12943,Srta. Isabela Oliveira,PMO
12944,Dr. José Miguel Garcia,Gerente de Projetos
12945,Allana Moreira,Gerente de projetos
12946,Dr. Bruno Duarte,"Consultor, Gerente de Projetos, Scrum ou PMO"
12948,Srta. Ana Liz Vieira,
12949,Srta. Ana Luiza Ramos,
12950,Dr. Asafe Montenegro,
12952,Sr. Raul Sales,Consultor SAP FI Sênior
12953,Ravi Viana,"Consultor SAP FI,TDF,Contabil e Fiscal"
12954,Samuel Pires,
12955,Dra. Olivia das Neves,
12956,Sr. Emanuel Pereira,
12959,Joaquim Cirino,SAP MM
12960,Sr. Leonardo Santos,PMO / Gerente de Projetos
12961,Srta. Kamilly Campos,
12964,Sra. Marcela Rodrigues,Analista SAP
12967,Sr. Yuri da Cruz,Consultor ABAP
12968,Dra. Manuela Cirino,Consultor SAP SD SR
12970,Luiz Felipe Leão,Analista Qualidade/Teste
12971,Sr. Arthur Miguel Cassiano,
12972,Srta. Allana da Mata,
12973,Sra. Camila Mendes,
12974,Joana Gomes,
12975,Raul Novais,
12976,Sr. Thiago Ramos,
12977,Milena Freitas,Gerente de Projeto
12978,Dr. Rafael Melo,Consultor SAP MM
12979,Sr. José Miguel Correia,
12989,Bryan Montenegro,Consultor SAP
12990,Srta. Maria Clara Porto,Consultora SAP
12991,Cecília Melo,Consultor SAP-SD Senior
12994,Theodoro Sá,Analista de segurança de rede
12999,Sr. Marcos Vinicius Nunes,Arquiteto/Analista de Sistemas Java
20739,Srta. Manuela Porto,
20741,Dra. Helena Sales,
20742,Srta. Catarina Pastor,
20743,Dr. Gustavo Henrique da Luz,DBA e Desenvolvedor SQL Server e Desenvolvedor ETL SSIS
20744,Sra. Manuela Sales,
20745,Dra. Ana Carolina Barros,Analista de suporte
20746,Sr. Luiz Henrique Rocha,
20747,Dr. Benício da Mata,Analista de Sistema / Consultor de TI
20748,Oliver Barbosa,Analista de suporte
20751,Srta. Sofia da Mata,
20753,Dr. Nathan Caldeira,
20754,Melissa Aragão,
20755,Vitor Hugo Vieira,Analista/Programador/DBA
20756,Sra. Fernanda Oliveira,Arquiteto
20759,Sra. Manuella Macedo,Programador
20760,Dra. Stephany da Costa,
20761,Dra. Lorena Costa,
20762,Sr. Matteo Caldeira,
20763,Yuri Cavalcante,
20764,Dra. Rafaela da Rocha,
20765,Thales Gonçalves,
20766,Srta. Elisa Gonçalves,
20767,Srta. Ana Clara Leão,
20768,Dra. Nina Siqueira,
20769,Sra. Ana Rezende,
20770,Sr. Samuel Rocha,
20771,Dr. José Pedro Carvalho,Desenvolvimento Web
20772,Dr. Ian Siqueira,
20773,Sr. Alexandre Cirino,
20774,Sra. Joana Silva,
20775,Dra. Sophia Sá,
20777,Sra. Luna Gomes,
20778,Dra. Aylla Moreira,"Analista de Sistemas Mainframe, Analista de Projetos, Scrum Master, PO, Gerente de Projetos"
20780,Dante Borges,
20782,Maria Fernanda Souza,
20783,Sr. Dom Castro,
20784,Dr. Dom Albuquerque,
20785,Nathan Rocha,
20786,Sra. Mariane Silva,"Atuar na área de Tecnologia da Informação, com Azure, SQL"
20787,Dr. Théo Pimenta,
20789,Dr. Guilherme Ribeiro,
20790,Paulo Oliveira,
20791,Srta. Marcela Monteiro,
20792,Otto Peixoto,Analista Desenvolvedor
20794,Dra. Ísis Cavalcante,
20796,Dra. Maitê Lima,
20797,Sabrina Sousa,
20798,Dr. Leonardo Pacheco,"Product Owner, Product Manager, Analista de Negócios, Gerente de Projetos, Scrum Master"
20800,Dra. Ester Souza,
20803,Maria Helena Machado,
20804,Dr. Davi Luiz Sousa,
20805,Srta. Daniela Pastor,
20806,Benício Ribeiro,
20807,Dr. Lucas Gabriel Barros,
20808,Srta. Raquel Cirino,
20809,Sr. Matheus Caldeira,
20810,Srta. Sara Moraes,
20811,Dr. Matheus Porto,
20814,Sarah Sales,
20815,Sr. José Fernandes,
20816,Sra. Agatha Nascimento,
20817,Natália Farias,
20818,Dr. Vinícius Novaes,
20819,Sra. Ana Sophia Pinto,
20820,Dra. Zoe Mendonça,
20821,Sr. Lucas Gabriel Castro,
20824,Dr. Davi Miguel Correia,
20825,Dr. Cauê Teixeira,
20826,Jade Gomes,
20830,Dr. Mathias Barros,
20831,Dra. Ana Julia da Conceição,
20832,Sr. Otto Nascimento,
20833,Kevin da Mata,
20834,Dra. Maria Fernanda Silva,
20835,Sr. Juan da Conceição,
20836,Sr. Davi Luiz Pereira,
20837,Srta. Stephany Marques,
20839,Sr. Caio da Conceição,
20842,Isabelly Novaes,
20844,Dra. Sabrina Castro,
20845,Luiz Gustavo Fogaça,Analista de Sistemas
20846,Manuela Cassiano,
20847,Leandro Rios,
20849,Sr. Dom Dias,
20850,Hellena Duarte,Emprego na área de informática como analista desenvolvedora de sistemas
20851,Sra. Ayla Cavalcanti,
20853,Juan das Neves,
20854,Dra. Agatha Aragão,Desenvolvedor Pleno
20855,José Miguel Monteiro,Obter experiência
20856,Sr. Vitor Gabriel Cavalcante,Arquiteto de Dados – Integração de Dados – Big Data
20857,Srta. Antonella Montenegro,Programador | Desenvolvedor/Arquiteto de Software | Gerente Desenvolvimento
20858,Sr. Bruno Vasconcelos,Administrador de Dados
20859,Maysa Vieira,
20860,Sr. Antônio Silva,Desenvolvedor Java / Back End
20863,Sr. João Vitor das Neves,
20867,Dr. Miguel Brito,
20869,Leonardo Dias,
20870,Larissa Cavalcante,
20872,Sra. Helena Aragão,
20873,Luiz Henrique Cardoso,
20874,Dra. Cecília Gonçalves,
20875,João Guilherme Freitas,
20876,Dr. Marcelo Teixeira,
20877,Sra. Heloísa Novais,
20878,Sr. Benjamin Silva,
20879,Sra. Beatriz Rodrigues,
20880,Dr. Enzo Gabriel Siqueira,
20881,Sr. Ravi Ribeiro,
20882,Dr. Henrique Jesus,
20883,Sr. Benício Vargas,
20884,Sra. Maria Vitória Carvalho,
20885,Dra. Helena Azevedo,
20886,Bárbara Costela,
20888,Srta. Eloá Carvalho,
20889,Ravi Leão,
20890,Dra. Ana Vitória Santos,
20891,Isabella Monteiro,
20892,Ana Liz Aragão,
20894,Ana Carolina Pereira,
20895,Sr. Marcos Vinicius Santos,
20896,Maria da Luz,
20897,Dr. Davi Lucca Nascimento,
20898,Lunna Dias,
20899,Stella Campos,
20900,Sr. Rhavi Rocha,Ocupar a função de Analista de infraestrutura Sr.
20901,Sra. Sabrina Fogaça,
20902,Clarice Campos,Contribuir em prestar suporte tanto a usuário final quanto a usuários mais avançados dentro da própria empresa e fui capaz de aprimorar um bom atendimento e relacionamento com os clientes internos e externo
20903,Bárbara da Cunha,
20905,Srta. Luara Mendonça,Atuar na área de Infraestrutura de TI
20906,Dra. Clara Cardoso,"Com 9 anos de atuação em TIC, na área de infraestrutura e com conhecimento em diversas ferramentas do mercado (Premium e Open source), em busca de desafios para o crescimento profissional."
20908,Kaique Peixoto,
20909,Sra. Sabrina Gonçalves,
20910,Dr. Luiz Fernando Silveira,"Administrador de dados, Arquiteto de dados, PLSQL"
20911,Dr. Luiz Gustavo Costa,
20912,Dra. Amanda Marques,
20916,Ana Carolina Sampaio,
20917,Heloísa Silveira,Analista de Infraestrutura e Banco de Dados
20918,Dr. Otto Pacheco,
20919,Dr. Rael Garcia,Analista Sistemas Sr / Negócios BI
20920,Sra. Alice Carvalho,
20921,Sr. Leonardo da Luz,
20922,Bárbara Andrade,
20925,Sr. Benício Caldeira,
20926,Melina Moura,
20929,Antônio Rios,
20930,Sra. Ana Liz Costa,
20933,Sr. João Guilherme Albuquerque,
20934,Sr. Antony Barros,
20936,Dr. Vitor Gabriel Sá,
20937,Dra. Bella Fernandes,
20938,Sra. Maria Vitória da Rocha,
20940,Srta. Ana Júlia da Luz,
20941,Maria Fernanda Vasconcelos,
20942,Dra. Luana Jesus,
20943,Dr. Otávio Mendonça,
20944,Sr. Apollo Garcia,
20945,Diego Pires,
20946,Davi Fonseca,Desenvolvimento Front-end
20949,Sr. Marcelo Freitas,
20950,João Gabriel da Rosa,
20951,Valentina Rios,
20952,Sr. João Lucas Pastor,
20955,Dr. Kaique Duarte,
20958,Dr. Valentim Cassiano,
20959,Gustavo Cassiano,
20960,Dr. Juan da Luz,
20961,Arthur Gabriel Barbosa,
20962,Rafael Gomes,
20963,Sr. Leandro Andrade,
20967,Sr. Rael Nascimento,Engenheiro IA
20968,Sr. Lucca Silveira,
20969,Srta. Raquel Azevedo,Analista de Sistemas/Gerente de Sistemas
20970,Dra. Maria Vitória Pimenta,Mobile Android Developer
20972,Yan Gomes,
20974,Dra. Sophie Peixoto,
20977,Sra. Maria Isis Fonseca,
20984,Srta. Evelyn Mendes,
20988,Dr. Rafael Alves,PMO
20989,Srta. Júlia Monteiro,
20990,Ana Clara Pastor,Analista de Requisitos
20991,Sra. Emilly Correia,"Viso no meu contínuo desenvolvimento profissional, em conquistar novas oportunidades de acordo com meu perfil profissional e disponibilizo-me a prestar serviços nessa empresa, com intuito de colaborar com o crescimento da mesma."
20992,Srta. Aurora da Cruz,
20997,Dom Farias,Atuar como analista de requisitos ou PO
20998,Srta. Daniela Rodrigues,
20999,Dr. Isaac Vieira,
18002,Sra. Luara Oliveira,Analista e Desenvolvedor de Sistemas
18004,Sr. Ian da Conceição,
18005,Davi Luiz Sousa,
18007,José Pedro Casa Grande,Analista de recursos humanos
18008,Dr. Daniel Cavalcanti,
18009,Srta. Lunna Fonseca,Desenvolvedor / Gestor Projetos
18010,Srta. Marina Farias,
18011,Srta. Giovanna da Costa,
18013,Dr. Gabriel Fonseca,Analista de Testes
18016,Nathan Pastor,Atuar em projetos que envolvam soluções SAP
18017,Sra. Bianca Cardoso,
18018,Luiz Otávio Vargas,Analista de sistemas
18019,Júlia Campos,
18020,Diego Sales,
18021,Raquel Freitas,Scrum Master e Gerente de Projetos Jr.
18023,Sofia Gonçalves,
18024,Sr. Luiz Felipe Macedo,
18025,Sr. Breno Moura,
18027,Sr. Otávio Souza,Desenvolvedora Júnior
18028,Dr. Caleb Cavalcante,Analista Master Data SAP / Analista de Cadastro
18029,Sr. Luiz Henrique Rodrigues,Analista de BI
18030,Valentim Cassiano,Analista Desenvolvedor Java
18031,Dr. Luiz Otávio Albuquerque,
18032,Dr. Renan Barros,
18033,Sra. Ana Vasconcelos,
18034,Dra. Maria Julia Pinto,
18035,Srta. Alice Lima,Consultor Funcional Salesforce
18036,Samuel Campos,Analista de sistemas
18038,Sr. Levi Cassiano,
18039,Gustavo Sales,
18040,Dr. Matteo Caldeira,Emprego na área de Tecnologia da Informação
18041,Alana Macedo,Consultor Java Soa Oracle
18042,Sr. Diego Silva,"Scrum Master, Arquiteto de Software, Analista Desenvolvedor Sênior"
18043,Luiza Dias,
18044,Sofia Ferreira,
18046,Srta. Ana Sousa,Analista de Sistemas
18048,Sra. Sara Melo,
18049,Nicole Ramos,
18050,Sra. Fernanda Pires,
18051,Maysa Castro,
18052,Maria Luísa Castro,Consultor SAP PP / PM
18053,Sr. Enrico Silveira,
18054,Dr. Liam Rezende,
18055,Fernanda Pastor,
18057,Gael Pimenta,
18059,Dr. João Felipe Silveira,
18060,Marcelo Rocha,
18061,Ana Júlia Rodrigues,Analista de Sistemas
18062,Yasmin Farias,
18066,Liam Pereira,
18069,Dr. Otávio da Rosa,
18070,Sra. Manuella Fogaça,
18071,Valentina da Cunha,
18072,Dra. Aurora Nunes,Analista de Recursos Humanos
18073,Melina Dias,
18074,Miguel Fonseca,
18075,Sr. João Vitor Nunes,Departamento Pessoal/ Recursos Humanos
18076,Dr. Rael da Luz,
18077,Dr. Thiago Montenegro,
18078,Jade Cirino,Consultor Salesforce
18087,Gabriel Cavalcanti,
18088,Srta. Hellena Sales,Consultor SAP FI
18090,Dr. Yago Moura,
18091,Stella Moreira,
18093,Dra. Ester Castro,
18094,Sr. Luiz Henrique Pinto,
18099,Sr. Benjamim Monteiro,marketing
18102,Dra. Melina Vargas,
18105,Sr. Juan da Costa,Analista de Recursos humanos
18107,Sr. Pietro Farias,
18110,Otto da Luz,
18111,Srta. Mariane Lima,
18114,Srta. Hadassa Garcia,
18115,Sophie Teixeira,
18116,Sra. Carolina Freitas,
18117,Vinícius da Paz,
40000,Aurora da Luz,Arquiteto de Soluções Sr
40001,Dra. Ana Laura Mendonça,Arquiteto de Software (front-end)
40002,Dra. Manuella Ferreira,Desenvolvedor Front-end | Specialist Engineer
40003,Gabriel Melo,RH Jr.
40004,Bryan Melo,Desenvolvedor Salesforce
40006,Dr. Kevin Lima,Arquiteto de negócios
40007,Dr. Augusto Nunes,Consultor Salesforce
40008,Sr. Kaique Silveira,Desenvolvedor WEB
40009,Dr. João Miguel Campos,Arquiteto de negócios
40010,Srta. Anna Liz Lima,Arquiteto de negócios
40011,Sra. Isabella Fogaça,Arquiteto de negócios
40012,Srta. Helena Gonçalves,RH Jr.
40013,Srta. Mariane Câmara,RH Jr.
40014,Dra. Ana Cecília Freitas,Arquiteto de negócios
40015,João Cardoso,RH
40016,Sra. Yasmin Barbosa,RH Jr.
40017,Srta. Maria Helena Teixeira,RH
40018,Srta. Maria Luiza da Conceição,Especialista Governança TI– Segurança da Informação
40019,Sra. Maria Sampaio,Arquiteto de Dados
40020,Dra. Ana Beatriz Gomes,CONSULTOR DE PROJETOS
40021,Sr. Enzo Gabriel Marques,oracle
40022,Sr. Pedro Lucas Camargo,SAP BASIS GRC-AC
40024,Srta. Yasmin Borges,Analista Oracle HCM
40025,Sra. Bárbara Borges,Governança
40026,Agatha Marques,Governança
40027,Dra. Marcela Azevedo,RH
40028,Dra. Maria Clara Barbosa,RH
40029,Sr. João Guilherme Pereira,SAP CO
40030,Paulo Aragão,SAP SOLMAN
40031,Sr. Enzo Mendonça,Data Engineer
40032,Sr. Rafael Cavalcanti,Governança
40034,Dr. Bryan Aragão,Governança
40035,Dr. Vitor Gabriel Peixoto,governança
40036,Srta. Maria Luísa Pimenta,programador web
40038,Dra. Maya da Conceição,Analista de Sistemas
40039,Dr. Raul Sousa,Analista de Processos
40040,Sra. Lunna da Paz,Analista de Negocios
40041,Dr. Vinícius Carvalho,Governança
40042,Alice Cirino,Analista de Recursos Humanos JR
40043,Sra. Lavínia Porto,Governança
40044,Dr. Ravi Caldeira,Arquiteto de negócios
40045,Pietro Câmara,Analista de RH
40046,Srta. Maria Helena Silva,governança
40048,Sr. Apollo Vasconcelos,SAP SD LES
40049,Vitor Hugo Nunes,SAP CO
40050,Josué da Costa,Analista de Infraestrutura II
40051,Sr. Kevin Peixoto,Governança
40052,Dr. Leandro Pastor,Analista de Departamento Pessoal
40053,Dra. Giovanna Alves,ANALISTA DE NEGOCIOS
40055,Dra. Clara Carvalho,salesforce
40056,Maria Fernanda Correia,Agile
40057,Gabriela Marques,JDE FI Consultant
40058,Dra. Emanuelly da Rosa,Agile
40059,Lorena Novais,Arquiteto Front-End
40060,Srta. Evelyn Silveira,Especialista Dev
40061,Sr. Ravi Lucca Pires,Governança de TI
40062,Bella Moreira,Desenvolvedor
40064,Dr. Yuri Pires,SAP ABAP
40066,Sra. Isabelly Rios,Analista de DP
40067,Dra. Laís Melo,Analista de Departamento Pessoal
40072,Sr. Breno Costa,programador react
40073,Dra. Luara Andrade,SAP ABAP FIORI
40074,Dr. Luiz Henrique Nascimento,SAP FICO
40075,Dr. Vitor Lima,Consultor SAP Change Management
40078,Sr. Raul Silveira,Analista Sup e Infra Sr
40079,Sra. Heloísa Almeida,Negocios
40080,Enzo Cavalcanti,Analista IBM Maximo na Maxinst
40081,Srta. Hellena Teixeira,Analista sênior Governança de TI
40082,Henry da Paz,Analista IBM Maximo
40083,Srta. Ana Luiza Monteiro,Storage
40084,Milena Rios,Agile
40086,Agatha Rocha,Analista de Sistemas
40087,Dra. Alana Castro,Desenvolvedor
40088,Sr. José Pires,IBM
40089,Sr. Gael Azevedo,Storage
40090,Sr. Erick Sales,IBM
40092,João Lucas da Paz,Service Desk
40093,Dr. Dom Rodrigues,Desenvolvedor RPA
40095,Ana Sophia Nascimento,Storage
40096,Bianca Sampaio,Analista de Suporte
40097,Dr. Lucas Gabriel Freitas,Storage
40099,Srta. Antonella Novais,Storage
40100,Antônio Monteiro,Storage
40101,Sr. Pedro Lucas Cavalcanti,Analista de Suporte
40102,Sr. Levi Silveira,Desenvolvedor
40103,Sr. Enzo Gabriel Macedo,consultora sap sd com ingles
40104,Sr. Gustavo das Neves,Service Desk
40105,Renan Alves,Analista
40106,Srta. Lara Aparecida,SAP ABAP PI
40108,Dr. Cauã Novais,Analista de Testes
40109,Dr. Cauê Rios,RPA Sr
40111,Sra. Gabrielly Viana,devops
40112,Sra. Helena Marques,Desenvolvedor RPA
40113,Dr. Emanuel Fernandes,Analista de Segurança da Informação
40114,Allana Nunes,Desenvolvedor RPA
40115,Ana Vieira,Analista IBM Maximo
40116,Dr. Davi Miguel Vargas,IBM
40117,Luiza Lopes,Analisa
40119,Sra. Lara Camargo,IBM
40120,Dr. Anthony da Cunha,Desenvolvedor
40122,Srta. Maria Helena Macedo,Consultor de Projetos
40123,Henry Gabriel Sá,Consultor de Projetos
40124,Sra. Manuela Sampaio,Consultor de Projetos
40125,Sra. Isabelly da Rosa,Consultor de Projetos
40126,Dr. Renan Camargo,Gerente de Projetos
40127,Sr. Igor Rodrigues,IT Executive Manager
40128,Dr. Eduardo Oliveira,engenheiro de dados
40129,Dra. Larissa Cavalcanti,Consultor SAP RE - FSCM
40130,Dra. Hellena Cardoso,Desenvolvedor Web
40131,Srta. Maria Luísa Correia,Desenvolvedor Web
40135,Sra. Alexia Ribeiro,Engenheiro SW
40136,Dr. Davi Lucca Aparecida,PLSQL/FORMS
40137,Srta. Maria Luiza Melo,SAP PS
40138,Bella da Cruz,Scrum Master
40139,Sr. Luiz Henrique Camargo,SAP SD
40140,Dr. Lucas Aragão,PLSQL/FORMS
40141,Sra. Ana Julia Melo,Website Builder wordpress
40142,Dr. José Pedro Rezende,Desenvolvedor Web
40143,Sra. Ana da Cruz,Scrum
40144,Luana Silveira,Scrum Master
40145,Davi Luiz da Mota,Analista de Suporte
40146,Dr. Isaac Carvalho,Scrum Master
40147,Sr. José Miguel Fogaça,Scrum Master
40149,Sr. Diogo Marques,Analista de Sistemas
40152,Sra. Olívia Castro,Desenvolvedor Java
40153,Evelyn Pimenta,Gestor de Infraestrutura
40154,Milena Machado,Analista de Big Data
40155,Sra. Sarah Fonseca,consultora PM/PP com ingles
40157,Dra. Lara Rezende,Data Engineer |
40158,Sra. Luiza Andrade,Analista Power Center
40159,Dr. Vitor da Mata,Consultor SAP SD Jr
40160,Fernando Pinto,Redes
40161,Sra. Ana Clara Ferreira,Desenvolvedor
40162,Dr. Davi Lucas Cardoso,SD
40163,Dr. Matheus Gonçalves,SAP MM
40164,Srta. Ester Mendonça,Engineer
40165,Sr. Anthony Gabriel Silva,Arquiteto de Dados
40166,Dra. Juliana Marques,Suporte
40167,Sr. Gael Henrique Abreu,ITIL
40168,Arthur Gabriel Porto,DevOps
40169,Dra. Hadassa Castro,Especialista Desenvolvedor Senior
40170,Sr. Pedro Teixeira,Negócios
40171,Alice Cunha,PowerCenter
40172,Sr. José Marques,Power Center
40173,Sra. Nicole Pinto,Sustentação
40174,Srta. Mariah Pires,Especialista Desenvolvedor
40175,Dra. Melissa Jesus,Negócios
40176,Enzo Pimenta,Negócios
40177,Yago Cavalcante,Consultor SAP ABAP Jr
40178,Sr. João Pedro Cardoso,Sustentação
40179,Sr. Mathias Lopes,Salesforce
40180,Dra. Ayla Cavalcante,Consultor WEB
40181,Srta. Antonella Sá,Service Desk
40183,Marcos Vinicius Azevedo,Analista de Storage
40185,Sra. Lavínia Sampaio,Programador WEB
40186,Bárbara Gomes,Big Data
40187,Srta. Heloísa Gomes,Desenvolvedor Pleno
40188,Dra. Ana Vitória da Paz,Analista Financeiro - Contas a pagar e receber
40189,Dra. Isabelly Moura,Scrum Master
40190,Sra. Sara Machado,Desenvolvedor
40191,Dra. Beatriz Lima,Analista de Seg da Informação Jr
40192,Sra. Ana Luiza da Luz,Scrum Master
40193,Liz Rocha,Desenvolvedor
40194,Anna Liz Rodrigues,TESTE
40195,Srta. Bella Campos,Analista de Redes
40196,Srta. Eduarda da Luz,Analista de Storage
40197,Dr. João Pedro Caldeira,Scrum Master
40198,Srta. Evelyn Gomes,Adm de Pessoal
40199,Joaquim Dias,Analista de Sistemas
40200,Sra. Sofia Pimenta,Scrum Master
40201,Sr. Augusto Porto,Analista BI
40202,Srta. Ana Liz Sales,Ticket Manager
40204,Dr. Gustavo Henrique Barbosa,Ticket Manager
40205,Sr. Asafe Caldeira,Ticket Manager
40206,Rael da Luz,Analista ITSM
40207,Sr. Nicolas Novaes,Web developer com ingles
40208,Srta. Cecília Rocha,Consultor SAP Business One
40209,Srta. Maria Luísa Costa,SAP TRM
40210,Srta. Emilly Casa Grande,IBM Maximo Developer
40211,Dr. Luiz Gustavo Garcia,Analista ITSM
40212,Sra. Kamilly Câmara,Analista de ITSM
40213,Srta. Luara Marques,Consultor SAP Business One
40214,Giovanna Pires,Analista de Governança
40215,Sr. Calebe Pacheco,Coordenador de Projetos
40216,Yago Lopes,Analista de Sistemas
40217,Diogo Farias,DESENVOLVEDOR Sr
40218,Dr. Anthony Sá,Desenvolvedor Pleno
40219,Dr. Bruno Rios,Assistente de DP
40220,Dra. Lunna Nascimento,Analista de ITSM
40224,Dr. Murilo Aragão,Cientista de dados
40226,Dra. Pietra Melo,CONTABIL
40227,Dr. Joaquim Fogaça,Suporte
40229,Dr. Otávio Sousa,DEVOPS_ SRE
40230,Dra. Kamilly Nunes,Suporte
40232,Sra. Maria Júlia Rocha,Desenvolvedor
40233,Cecília Siqueira,Assistente de DP
40234,Yan Siqueira,Analista de Desktop
40235,Sr. Otávio Costa,Analista de Desktop
40236,Dra. Maria Fernanda Cavalcanti,Engenheiro de Dados
40237,Dr. Léo Gomes,Service Desk
40238,Dr. Henry Gabriel Montenegro,Engenheiro Full Satck
40239,Dr. Luiz Otávio Almeida,Assistente ADM/Financeiro de TI
40241,Dra. Juliana Dias,Analista Adm/Financeiro
40242,Mariane Borges,Assistente ADM/Financeiro de TI
40244,Dr. Pedro Macedo,Atendente
40245,Gustavo Henrique Moraes,Salesforce
40248,Srta. Nina Campos,dados
40249,Dr. Guilherme Nunes,Atendimento Backoffice
40251,Sra. Vitória Brito,Auxiliar de processamento de notas
40252,Dr. Isaque da Conceição,
40253,Sr. Anthony Pereira,Consultor de Projetos
40254,Sr. Samuel Macedo,Vlocity
40255,José Pedro Câmara,Contas a pagar
40256,Dr. Felipe Andrade,Contas a pagar
40257,Dr. Samuel Brito,Contas a pagar
40258,Júlia Cardoso,Arquiteto de Dados
40259,Sra. Maria Fernanda Nascimento,Consultor SAP SD SENIOR
40260,Emanuelly Gonçalves,Arquiteto de Dados
40261,Dra. Heloisa Carvalho,salesforce
40262,Maria Laura Freitas,Contas a pagar
40263,Sr. Lucas Gabriel Cardoso,Desenvolvedor Jr
40264,Fernando Alves,Engenheiro de Dados
40265,Sr. Valentim Nunes,Analista de Sistemas
40266,Sr. Arthur Gabriel Aragão,Cientista de dados
40267,Mariana Novais,programador mainframe
40270,Srta. Nina Duarte,SAP TRM
40271,Sara das Neves,DevOps
40272,Emanuel Azevedo,Assistente Financeira
40273,Dra. Zoe Monteiro,Analista de Sistemas
40274,Srta. Cecilia Araújo,Financeiro
40275,Sr. Lorenzo Correia,Assistente Financeiro
40276,Sra. Maria Cecília Guerra,Financeiro
40277,Sra. Milena Castro,Business Analyst
40278,Sra. Heloisa Pereira,Analista de Sistemas
40279,Dra. Isadora Farias,Analista de governança de TI
40280,Srta. Sabrina Araújo,Assistente de DP
40282,Dr. Leandro Albuquerque,programador mainframe
40283,Dra. Liz Costa,programador mainframe
40284,Josué Almeida,Gerente de Projetos
40285,Sr. Kaique Novais,gerente ti
40287,Dr. Arthur Miguel Pacheco,Financeiro
40288,Srta. Maysa Sales,Scrum Master
40289,Fernanda Ribeiro,governança
40290,Sra. Agatha Martins,programador cobol
40291,Dr. Lucas Sampaio,Assistente Financeira
40293,Lavínia Nunes,Processos ITIL
40294,Evelyn Montenegro,Analista Linux
40295,Caleb Camargo,Analista Linux
40296,Léo Moreira,Analista Linux
40297,Sra. Sarah Garcia,governança
40298,Rhavi das Neves,Linux
40299,Sr. Levi Cardoso,governança
40300,Mariah Aparecida,Analista de segurança da informação
40301,Dr. Valentim Sá,Especialista em TI
40302,Lara Vargas,Assistente Financeiro
40303,Dr. Ravi Lucca Rezende,Assistente Financeira
40304,Lucas Gabriel Rocha,Assistente Financeiro
40305,Sr. Dante Câmara,Analista sênior Governança de TI
40306,Dra. Carolina Silva,Analista sênior Governança de TI
40307,Sr. Arthur Gabriel Mendonça,Gerente de TI
40309,Gabriel Vasconcelos,Processos ITIL
40312,Fernando Mendes,Analista de Governança TI Processos ITSM
40313,Dra. Ayla Cassiano,Analista de RH Junior
40314,Srta. Brenda Leão,Analista de Contas a pagar
40316,Srta. Raquel Alves,SAP FI AP/AR
40317,Srta. Ana Cecília Ferreira,governança
40319,Theodoro Carvalho,Full Stack
40323,Sr. Theodoro Albuquerque,Psicóloga
40325,Sr. João Miguel Ribeiro,Desenvolvedor
40326,Srta. Maria Júlia da Rosa,Analista de Segurança da Informação Junior
40327,Lara Ribeiro,Analista de governança de Segurança da informação
40328,Dr. Pedro Mendonça,Desenvolvedor Jr
40329,Dra. Yasmin Cunha,marketing digital com ingles
40330,Sra. Laís Nunes,Gerente de mkt senior com ingles
40331,Sra. Lívia Mendonça,governança
40332,Maria Laura Pastor,Consultor Sênior em Testes e Qualidade de Software
40333,Sr. Otávio Martins,Analista Adm. Sênior - McDonalds
40334,Nina Dias,
40335,Ana Júlia Moura,QA/TESTE
40336,Sr. Cauê Azevedo,Desenvolvedor
40339,Dr. Caio Rodrigues,Cloud Engineer
40340,Ana Costela,Desenvolvedor Pleno
40341,Sra. Maria Clara Farias,Cloud Engineer
40342,Dra. Melissa Cavalcanti,DESENVOLVEDOR Sr
40343,Srta. Luara Cirino,DESENVOLVEDOR Sr
40344,Maria Liz Viana,Web developer
40345,Sra. Maitê Ramos,Desenvolvedor Java Core
40346,Gabriela Nogueira,Desenvolvedor Pleno
40347,Dr. Otto Moraes,Assistente Adm. Junior / Santander
40348,Sr. João Miguel Araújo,Assistente Adm. Pleno
40350,Sra. Camila Vasconcelos,Assistente Adm. Junior
40351,Dr. Bernardo Araújo,Assistente Adm. Junior
40352,Dra. Rafaela da Cunha,Assistente Adm. Junior
40354,Yasmin Duarte,Assistente Adm. Junior
40355,Srta. Nina Mendes,JAVA
40356,Srta. Allana Freitas,Desenvolvedor Pleno
40357,Sr. Dante Barbosa,Desenvolvedor Pleno
40358,Sra. Pietra Melo,Desenvolvedor Pleno
40359,Sr. Nathan Monteiro,Assistente Adm. Sênior
40360,Sra. Sara Silveira,Assistente Adm. Sênior
40361,Maria Júlia da Paz,Assistente Adm. Junior
40362,Sr. Benjamin Guerra,Controladoria
40363,Gustavo Henrique Castro,Assistente de DP
40364,Anna Liz Castro,Assistente de DP
40365,Sr. Oliver Porto,Assistente Adm. Pleno
40366,Sra. Sarah Moraes,SAP FI CO
40367,Nathan Fogaça,Assistente Adm. Pleno
40368,Cauê Moura,Analista de Controladoria Sênior
40369,Sr. João Miguel Teixeira,Assistente Adm. Pleno
40370,Srta. Sara Barros,Analista de Controladoria Sênior
40371,Dr. Luiz Miguel Machado,Analista de Controladoria Sênior
40372,Sr. Isaque Dias,Assistente Adm. Pleno
40373,Sra. Heloisa Mendonça,Analista de Controladoria Senior
40374,Sr. Rael Pinto,Analista de Controladoria Senior
40375,Dra. Milena da Mata,SAP FI CO
40376,Sr. Alexandre Pinto,Analista de Controladoria Senior
40377,Sr. Enzo Gabriel Cavalcanti,Analista de Controladoria Sênior
40378,Vicente Viana,Analista de Controladoria Sênior
40379,Dr. Yago Lima,Analista de Controladoria Sênior
40380,Sr. Igor Souza,Analista de Controladoria Sênior
40381,Dr. Davi Câmara,Financeiro
40382,Dra. Bella Nogueira,Financeiro
40383,Sra. Maya Aparecida,Financeiro
40384,Dr. Vitor Hugo Silva,Linux
40385,Dra. Maria Flor Ferreira,Linux
40386,Dr. Cauã Novaes,Linux
40387,Srta. Maria Fernanda Abreu,Assistente de DP
40388,Sra. Elisa Araújo,Test Manager
40389,Sr. Leandro Casa Grande,Test Manager
40390,Sr. Levi Moraes,Analista de Controladoria e Custos
40391,Srta. Vitória Pires,Suporte executivo
40392,Srta. Gabriela Correia,Suporte executivo
40393,Sra. Lavínia da Conceição,Controladoria
40394,Gael Henrique da Cruz,Assistente de DP
40395,Dra. Luara Cassiano,Assistente de DP
40396,Srta. Beatriz Alves,Consultor Totvs
40397,Isaac Sampaio,Consultor SD SENIOR COM INGLES
40398,Dra. Alexia Gomes,Governança TI
40399,Dra. Helena Cavalcante,Consultor de Produtos
40400,Sr. Paulo Vargas,Líder Full Satck
40401,Srta. Maria Sophia Pereira,Desenvolvedor FrontEnd (React JS
40402,Dr. Yago Nogueira,Analista de Testes
40404,Sr. Benício Alves,Full Stack
40405,Enzo Viana,Full Stack
40406,Milena Silveira,Full Stack
40407,Sr. Eduardo Mendonça,Dados
40408,Sra. Sara Vieira,Desenvolvedor
40409,Dr. Arthur Gomes,Consultor SAP SD COM INGLES
40411,Srta. Esther Cavalcanti,programador .net senior
40412,Sr. José Miguel Machado,Desenvolvedor FullStack
40414,Dra. Melina da Luz,Front End Developer
40416,Dra. Sophie Freitas,Analista de Segurança
40417,Jade Nunes,Desenvolvedor Pleno
40418,Dr. Paulo Nascimento,Desenvolvedor Pleno
40419,Mathias Carvalho,SAP TDF
40420,Dr. Eduardo Vargas,DESENVOLVEDOR Sr
40421,Sr. Calebe Novais,Desenvolvedor Javascript Pleno
40422,Sr. Liam Camargo,Front End Developer
40423,Ana Júlia Gomes,Arquiteto Front-End
40424,Henry Montenegro,SAP MM
40425,Dra. Emilly das Neves,Analista de Infraestrutura / Segurança – TI
40426,Srta. Kamilly Porto,SAP MM
40427,Sra. Emanuelly Dias,Desenvolvedor Pleno
40428,Sr. Anthony Gabriel Melo,Estoquista Junior - PROXX
40429,Srta. Joana Gomes,Estoquista Junior - PROXX
40430,Alexandre Vargas,Estoquista Junior - PROXX
40431,Sr. José Miguel Nascimento,Estoquista Junior - PROXX
40432,Dra. Nicole Porto,Estoquista Pleno - PROXXI
40433,Srta. Maria Júlia da Mata,Estoquista Junior - PROXXI
40434,Dra. Hadassa Silva,Estoquista Junior - PROXXI -
40435,Ana Lívia Macedo,Estoquista Junior - PROXXI -
40436,Henrique Sousa,Estoquista Junior - PROXXI -
40437,Dr. Lucas Gabriel Pereira,Analista Segurança Senior
40438,Srta. Maria Sophia Melo,Analista Segurança Senior
40439,Dra. Ana Sophia Ribeiro,Estoquista Junior - PROXXI -
40440,Sr. Pedro Henrique Dias,Estoquista Pleno - PROXXI -
40441,Srta. Caroline Correia,Estoquista Junior - PROXXI -
40442,Sr. Vicente Campos,Estoquista Junior - PROXXI -
40443,Dr. Benício Cavalcante,Estoquista Junior - PROXXI -
40444,Mariana Casa Grande,Estoquista Junior - PROXXI -
40445,Sr. Luan Duarte,Analista de Controladoria Sênior
40446,Dra. Maria Julia Andrade,Analista de RH
40447,Sra. Marina Ribeiro,Desenvolvedor
40448,Sr. Vinícius Campos,Desenvolvedor
40449,Dr. Leandro Siqueira,Segurança da informação
40451,Dra. Beatriz Porto,Consultor SAP SD SR.
40452,Dr. Pedro Miguel Vieira,Analista
40453,Ayla Cavalcante,Segurança da Informação
40454,Dra. Catarina Aragão,Segurança da Informação
40455,Murilo Moreira,Segurança da informação
40456,Benicio Borges,Segurança da Informação
40457,Dra. Isabella Peixoto,Segurança da Informação
40458,Sr. Davi Luiz Gomes,Segurança da Informação
40460,Dra. Daniela Pires,Desenvolvedor PLSQL
40461,Dra. Maria Liz Vargas,Desenvolvedor PLSQL
40462,Sra. Pietra Fernandes,SAP PP
40463,Srta. Luiza Pimenta,Desenvolvedor PLSQL
40465,Dra. Isis Sousa,Python
40466,Vinicius Cassiano,DP
40467,Sra. Sofia Jesus,DP
40468,Maria Luiza Peixoto,BI
40471,Dr. Arthur Gabriel Peixoto,RH
40473,Dr. Luiz Miguel Mendonça,GErente de proejtos com ingles
40474,Olivia Azevedo,Front End
40475,Dra. Stella Silva,RH - Benefícios - CWF2 -
40476,Maria Vitória Gomes,Dados
40477,Alice da Mota,QA
40478,Srta. Elisa Casa Grande,Desenvolvedor Fullstack
40479,Dra. Mirella Vasconcelos,Desenvolvedor Fullstack
40480,Dr. Dante Melo,Estoquista Junior - PROXXI -
40481,Ester Campos,Desenvolvedor Fullstack
37706,Diego da Rocha,Teste
37707,Vitória Peixoto,Teste
37708,Sr. Davi Lucas Silveira,Analista
37709,Dra. Gabriela Costela,Analista
37710,Guilherme Fernandes,Teste
37711,Alice Rezende,Analista
37712,Sr. Davi Luiz Azevedo,Analista de Teste
37713,Leandro Silveira,Analista
37714,Dra. Stephany da Costa,Analista de Teste
37715,Srta. Mirella da Paz,Analista de Teste
37716,Catarina Sampaio,Analista de Teste
37717,Dra. Ana Cecília Rodrigues,QA
37718,Srta. Maria Barros,Segurança da Informação Jr.
37719,Sra. Clara Moreira,QA
37720,Dr. Luiz Otávio da Luz,Segurança da Informação Jr.
37722,Gael da Cruz,Consultor SAP SD
37723,Sr. Davi Miguel Novaes,SAP SD
37724,André Pereira,Consultor SAP SD
37725,Sr. Leonardo Melo,Especialista de Segurança da Informação
37726,Carlos Eduardo Barros,Especialista de Segurança da Informação
37729,Sra. Ana Cecília Aragão,Especialista de Segurança da Informação
37735,Dr. Pedro Miguel Barbosa,Seguranca
37736,Jade Peixoto,Cyber Security
37739,Luiza Pereira,QA
37740,Srta. Ana Laura Sampaio,QA
37741,Sr. Antônio Vargas,Infraestrutura
37743,Fernanda da Mota,Gerente de Projetos
37744,Ester da Conceição,Teste
37745,Srta. Esther Duarte,Desenvolvedor
37746,Oliver Nunes,Tester
37747,Sr. Ravy Azevedo,JAVA
37748,Dr. Eduardo Novaes,java
37749,Srta. Ana Júlia Camargo,Tester
37750,Srta. Ayla Pacheco,java
37751,Davi Lucca Rios,Tester
37752,Sra. Sarah Camargo,Tester
37753,Dra. Gabriela Rocha,java
37754,Srta. Maria Sophia Ramos,Desenvolvedor JAVA
37755,Maitê da Cruz,CONSULTOR SAP PM/QM
37757,Dra. Melissa da Costa,Gerente Senior
37760,Sra. Ana Júlia Porto,Desenvolvedor
37761,Srta. Gabrielly Freitas,Vendas
37762,Sr. Marcelo Castro,Consultor SAP SD
37763,João Felipe Brito,Arquiteto Java
37764,Bruna Peixoto,Vendas
37765,Melina Vargas,Vendas
37766,Dr. Vinícius Sousa,Arquiteto Java
37767,Srta. Stella Peixoto,Cyber Security
37768,Dra. Manuela da Conceição,Consultor SAP SD
37769,Dr. Arthur Gabriel Melo,Suporte/Infra
37771,Srta. Sofia Câmara,Desenvolvedor RPA
37772,Srta. Alice Montenegro,Desenvolvedor JAVA
37773,Sra. Jade Viana,Suporte/Infra
37775,Dra. Mariane da Costa,Suporte/Infra
37776,Dra. Luna Araújo,Suporte/Infra
37777,Maria Helena da Paz,Suporte/Infra
37778,Luana Macedo,Analista de Sistemas
37779,Catarina Ferreira,Analista de Sistemas
37780,Guilherme Aragão,IT Senior Manager
37781,Dra. Ana Luiza Cavalcante,
37783,Sra. Agatha Ferreira,Suporte/Infra
37784,Sra. Maria Cecília Pereira,Suporte/Infra
37785,Dr. Leonardo Moreira,Suporte/Infra
37786,Pedro Miguel das Neves,DevOps
37787,Lara Sousa,Suporte/Infra
37788,Sra. Letícia Ramos,Suporte/Infra
37789,Srta. Emanuella Cavalcanti,Desenvolvedor
37793,Srta. Isabel Sá,BI
37795,Srta. Jade Viana,BI
37796,Rhavi Sousa,BI
37798,Noah Aparecida,QA
37801,Rodrigo Rios,Consultor SAP SD com ingles
37802,Sra. Melina Guerra,Desenvolvedor Pleno
37803,Dr. Juan Carvalho,DevOps
37805,Dr. Luiz Otávio Sá,Analista de Segurança da Informação
37806,Dr. Renan Lima,Testes
37807,Srta. Maria Luísa Carvalho,Segurança da informação
37808,Sr. Murilo da Cruz,Segurança da informação
37809,Sra. Julia Lima,Segurança da informação
37810,Srta. Gabriela Campos,Segurança da informação
37811,Sr. Erick Nogueira,Desenvolvedor Pleno
37812,Vitor Gabriel Santos,MY SQL
37813,Dra. Maria Luísa Pastor,BI
37814,Dr. Guilherme Sousa,Desenvolvedor
37815,Clarice Silva,Especialista em BI
37816,Augusto Ribeiro,Consultor BI
37817,Sr. Noah Azevedo,BI
37823,Sr. Léo Lopes,java
37827,Sr. Léo Pereira,Teach Lead
37828,Sra. Camila Cirino,Engenheiro de Dados
37829,Mariana da Paz,Engenheiro de Dados
37830,Sr. Cauã da Mata,Scrum Master
37832,Dr. Gael das Neves,Dados Python
37833,Dra. Isis Azevedo,Scrum Master
37834,Dra. Ana Luiza das Neves,Scrum Master
37835,Dr. Heitor Oliveira,DEV PL/SQL/ Forms
37836,Dra. Maya Ramos,consultor sd pleno
37837,Srta. Maria Vitória Fernandes,
37838,Dra. Lívia Cirino,Analista
37839,Dra. Ana Carolina Costela,Consultor SAP FICA
37841,Sr. Kevin Nascimento,consultor SAP PP/QM
37843,Anthony Gabriel Silva,Desenvolvedor PL SQL Forms
37844,Luiz Gustavo Moura,Performace
37845,Dr. Vinicius Azevedo,Tech Recruiter
37846,Otávio Campos,Tech Recruiter
37847,José Miguel Câmara,Java
37848,Eloá Porto,Desenvolvedor
37849,Daniel Pinto,Scrum
37850,Dr. Danilo Jesus,Scrum
37851,Enzo Gabriel Novais,Analista de RH
37852,Sr. Rafael Moura,Java
37853,Dra. Maria Luiza Moraes,Desenvolvedor Java Web
37854,Henry Gabriel Correia,Desenvolvedor Java Web
37855,Sr. Benício Rodrigues,Analista de Infraestrutura
37856,Emanuella da Luz,Infraestrutura
37857,Dr. Vitor Viana,Estoquista
37858,Srta. Ana Liz Peixoto,PLSQL
37860,Srta. Heloisa Cassiano,Desenvolvedor
37861,Sr. Matteo Aparecida,Analista de Infraestrutura
37862,Sr. Ian Abreu,Analista de Infraestrutura
37863,João Cavalcante,Desenvolvedor JAVA
37864,Dr. Eduardo Freitas,Desenvolvedor/Analista
37866,Sr. Juan Freitas,Analista DBA Oracle
37867,Sra. Laís da Conceição,Desenvolvedor
37868,Luiz Felipe Sales,Estoquista Junior
37870,Sra. Ana Sophia Sousa,Data Engineer
37871,Dra. Milena Moreira,SCRUM MASTER
37872,Dra. Daniela Brito,Scrum
37873,Dra. Isabel Freitas,Consultor SAP FI
37874,Jade Martins,Scrum
37875,Dra. Maya Aparecida,Analista DBA Oracle
37876,João Vitor da Rocha,Analista
37877,Luiz Gustavo Garcia,Tech Lead C++
37878,Sra. Giovanna Castro,Analista Pleno
37879,Ana Júlia das Neves,Analista
37880,Ana Cecília da Paz,Analista
37881,Sr. Gustavo Albuquerque,Analista de Segurança da Informação Junior
37883,Dra. Letícia Costela,Analista de Segurança da Informação Junior
37884,Dra. Melina Lopes,Engenheiro de dados GCP
37885,Srta. Bianca Teixeira,Analista de Infraestrutura
37886,Srta. Bárbara Caldeira,Analista
37887,Srta. Maria Alice Alves,Analista de Infraestrutura
37888,Srta. Laura Rodrigues,Scrum
37889,Sra. Isabela Gonçalves,Desenvolvedor
37890,Sr. Diego Nunes,Analista de Segurança da Informação Junior
37891,Fernanda Oliveira,Analista de Infraestrutura
37892,Srta. Maria Luísa Rios,Consultor SAP ARIBA
37893,Jade Novais,Product Owner
37894,Sr. João Gabriel Cirino,SCRUM MASTER
37895,Sr. João Vitor da Conceição,SCRUM MASTER
37896,Srta. Joana Fogaça,Analista de Infra Estrutura
37897,Dr. Henry Gabriel Gomes,CloudOps
37898,Dr. Benjamim Sousa,CloudOps
37899,Sra. Eloá Melo,CloudOps
37900,Sr. Guilherme da Luz,SCRUM MASTER
37901,Fernanda Sampaio,CloudOps
37902,Sr. Benjamin Vieira,Assistente de Compras
37903,Srta. Nicole da Costa,CloudOps
37904,Luiz Miguel Ferreira,Analista de suporte Field
37905,Sr. Benjamin Dias,Gerente de TI Sênior
37906,Sr. Leandro Cunha,WINDOWS
37907,Srta. Sarah Fernandes,Software Developer
37908,Sra. Maria Isis Novaes,PLSQL
37910,Sra. Sarah Sousa,PLSQL
37911,Dra. Raquel Cirino,PLSQL
37912,Dr. Isaac Pacheco,PLSQL
37913,Mateus Dias,Consultor SAP Ariba
37914,Srta. Joana Porto,PLSQL
37915,Dra. Bruna Silveira,Analista Financeiro
37916,Liz da Cunha,Desenvolvedor Senior
37918,Sr. Thales Camargo,consultora sap mm ariba
37920,Srta. Alícia Costa,Java
37927,Dra. Melissa Ferreira,Desenvolvedor PLSQL Forms
37928,Brayan Leão,Business Technical Analyst Senior
37929,Guilherme Sousa,Desenvolvedor
37930,Ana Beatriz Sousa,Desenvolvedor
37931,Srta. Nicole Macedo,Analista de Sistemas
37932,Srta. Clarice Pastor,Desenvolvedor
37933,Dr. Thales Montenegro,Desenvolvedor
37934,André Mendonça,Gerente de Projetos
37935,Pedro Miguel Pereira,Gerente de Projetos
37936,Sara Silveira,Gerente de Projetos
37937,Bárbara da Rosa,Desenvolvedor PLSQL Forms
37938,Sr. Renan Viana,Business Technical Analyst Senior
37939,Dr. Felipe Abreu,Analista de Marketing
37940,Sra. Caroline Abreu,Desenvolvedor
37941,Sr. Théo Rodrigues,Infraestrutura Cloud
37942,Sr. Caio da Cunha,Consultant Operations
37944,Laís da Mota,Consultant Operations
37945,Ester Silva,Analista de Compras
37946,Luna Dias,Analista de Infra Estrutura
37947,Dr. Augusto Machado,Analista de Compras
37948,Luara Andrade,Consultant Operations
37949,Anna Liz Borges,Consultant Operations
37950,Dra. Maria Helena Farias,Analista de Infra Estrutura
37951,Daniela Cavalcanti,Consultant Operations
37952,Ana Sophia Rocha,Desenvolvedor C++
37953,Anthony Gabriel Pires,Analista de Compras
37954,Sra. Ana Cecília Macedo,Analista de Compras
37955,Dr. Caleb Sampaio,Consultor SAP CO
37956,Srta. Maria Fernanda Pimenta,Especialista de Segurança da Informação
37957,Dra. Mirella Campos,Desenvolvedor
37958,Dr. Miguel Azevedo,Digital Adobe AEM UI Development
37959,Srta. Giovanna Vargas,Consultor SAP FI SENIOR
37961,Lavínia das Neves,Analista
37962,Sra. Kamilly Borges,Cientista de dados
37963,Sra. Alana Pacheco,Gerente de Projetos
37964,Dr. Anthony Gabriel Gonçalves,Desenvolvedor Pl SQL
37965,Heitor da Mota,Analista FP&A
37966,Sr. Arthur Gabriel da Cunha,Scrum Master
37967,Dra. Maria Luiza Lopes,Desenvolvedor
37969,Sr. Otto Melo,Analista de Dados
37972,Srta. Raquel Garcia,gerente ti
37973,Theo Costa,gerente ti
37974,Sr. Kaique Marques,Analista
37975,Luiz Henrique Lima,Digital Adobe AEM UI Development
37976,Sr. Benjamin das Neves,Scrum Master
37977,Dra. Antonella Nogueira,Analista de Infra Estrutura
37979,Sra. Ana Laura Duarte,Data Engineer
37980,Dra. Ana Clara Novais,Analista
37981,Vicente Garcia,Forms PL SQL
37982,Sr. Leonardo da Rosa,Data Engineer
37983,Melissa Oliveira,Analista de Infra Estrutura
37984,Luiz Gustavo Borges,Data Engineer
37986,Dra. Maria Júlia Mendes,Analista de Gestão de Performance de TI
37987,Juan Rocha,Analista
37988,Ana Liz Camargo,Financeiro
37989,José Miguel Fonseca,Data Engineer
37990,Srta. Maria Helena Araújo,Desenvolvedor
37991,Nina Cirino,Desenvolvedor
37993,Srta. Maria Julia Ramos,Desenvolvedor
37994,Srta. Zoe Guerra,Tech Recruiter
37995,Dra. Emilly Correia,RH
37997,Sra. Stella Sampaio,Analyst Operations Procurement
37998,João Gabriel Lima,Analyst Operations Procurement
37999,Eduarda Barros,Analyst Operations Procurement
43061,Sra. Isabelly Aragão,Gerente de Governança
43062,Théo Camargo,Analista
43064,Rodrigo Nascimento,Analista de Governança Sênior
43065,Melissa Andrade,Oracle
43066,Srta. Maria Vitória Pimenta,DESENVOLVEDOR Sr
43067,Noah Barros,Analista
43068,Dr. Luiz Felipe Fogaça,Consultor SAP BRIM
43069,Sr. Leonardo Pastor,Analista
43070,Srta. Maysa Machado,Desenvolvedor
43071,Sr. Arthur Leão,Gerente de ti / Infraestrutura e De
43072,Sr. João Pedro Siqueira,Gerente de Governança
43073,Anthony Gabriel Farias,Analista de Governança Pleno
43074,Dr. Davi Miguel Casa Grande,Analista de Governança Sênior
43075,Dante Leão,Assistente de Operações de RH
43077,Dra. Lara Moreira,Oracle EBS
43078,Sr. Paulo Borges,analista de credito imobiliário
43080,Nicolas Camargo,Java Senior
43082,Sra. Bruna Moura,Analista de Compliance
43084,Sr. Joaquim Martins,Consultor de Projetos de ERP
43086,Dra. Maya Costa,DESENVOLVEDOR Sr
43087,Dra. Isadora Freitas,Consultor de Projetos de ERP
43089,Dr. Valentim Albuquerque,Oracle Ebs
43090,Sr. Davi Luiz Duarte,Analista
43091,Dr. Igor da Cunha,Analista
43092,Sra. Hellena Montenegro,Analista
43094,Emanuel Fogaça,DESENVOLVEDOR Sr
43096,Sr. Pedro Miguel Fernandes,Desenvolvedor Pleno
43099,Srta. Maria Alice Alves,Gestão de Governança
43100,Sra. Juliana Santos,Tech leas
43101,Sr. Matheus Câmara,Analista de Dados e BI
43102,Carlos Eduardo Freitas,Financeiro
43103,Dra. Ágatha Caldeira,Financeiro
43104,Mariane Montenegro,Financeiro
43105,Sr. João Pedro Moura,Financeiro
43106,Davi Viana,Consultor RH
43107,Dr. Erick Siqueira,Analista de Segurança
43108,Dr. Léo Campos,Analista de Governança Pleno
43109,Mateus Farias,Tester QA
43112,Dr. José Guerra,Teach Lead
43113,Rhavi Barbosa,Desenvolvedor
43114,Dra. Alice Alves,Desenvolvedor
43115,Sr. Bryan Pires,Desenvolvedor SR
43116,Sr. Gabriel Castro,Desenvolvedor React
43117,Dr. Dom Gonçalves,Desenvolvedor React
43118,Srta. Valentina Vieira,Teach Lead
43123,Sra. Bárbara Viana,DOTNET Senior
43125,Sr. Ryan Campos,Consultor de Projetos ERP
43126,Davi Lucca Pereira,Desenvolvedor Pleno
43129,Srta. Manuela Melo,Analista
43130,Srta. Lunna Viana,tech lead
43131,Dr. Enrico da Cunha,Analista
43132,Sra. Isabelly Lima,tech lead
43133,Dr. Luiz Fernando Vasconcelos,Arquiteto .NET
43134,Davi Lucca Sales,Consultor de Projetos de ERP
43135,Eduardo Almeida,Desen
43136,Alexia Sampaio,Analista de crédito imobiliário
43137,Dr. João Gabriel Pacheco,Oracle
43138,Dra. Ayla Guerra,Oracle
43139,Srta. Ana Lívia da Conceição,Teach Lead
43140,Brenda Campos,Analista
43141,Rodrigo Costela,Desenvolvedor
43142,Sra. Juliana Rezende,Desenvolvedor
43144,Mariah da Mata,Desenvolvedor Pleno
43145,Dra. Ana Azevedo,DESENVOLVEDOR Sr
43146,Eloá Monteiro,Consultor de Projetos de ERP
43147,Ayla Sousa,BI
43148,Dra. Carolina Cavalcante,BI
43149,Dra. Agatha Cunha,BI
43151,Dr. João Pedro Cunha,Tech Lead
43152,Josué Teixeira,Desenvolvedor
43153,Dr. Matteo Costa,Desenvolvedor
43156,Sr. Bento Cardoso,Engenheiro Calculista
43157,Sr. Leonardo Cavalcante,"Genexus, as400"
43158,Dr. Carlos Eduardo Freitas,redes
43159,Dr. Bernardo Andrade,Analista Administrativo - Folha de Pagamento
43160,Dra. Isabel Machado,redes
43161,Dr. Arthur Gabriel Pacheco,Teach Lead React
43163,Dra. Helena Aragão,Analista Administrativo - Folha de Pagamento
43164,Sra. Ana Beatriz Pereira,Analista
43166,Sr. Joaquim Fogaça,Redes
43167,Dra. Olivia da Costa,Redes
43168,Dra. Catarina Barros,TECH LEAD
43169,Srta. Maria Laura Cavalcante,Senior Supply Chain Manager
43171,Dante Mendonça,Desenvolvedor
43172,Dr. Dante Mendonça,Desenvolvedor
43173,Dr. Joaquim Nunes,Analista Administrativo - Folha de Pagamento
43174,Dra. Camila Câmara,DESENVOLVEDOR Sr
43175,Dra. Maria Eduarda Albuquerque,SAP Basis Security
43176,Laura Caldeira,Deesenvolvedor
43177,Júlia Freitas,Desenvolvedor
43178,Dra. Vitória Vargas,Tech lead
43179,Ayla Rocha,Desenvolvedor
43180,Sr. Davi Miguel Freitas,Desenvolvedor
43182,Sra. Ana Beatriz Ribeiro,Front-End Mobile Developer
43183,Dra. Eduarda Pinto,Infra
43184,Maria Liz Guerra,Telecom
43185,Dra. Allana Azevedo,redes
43186,Sr. João Vitor Sampaio,Desenvolvedor
43187,Dr. Enzo Gabriel Sales,Infraestrutura
43188,Srta. Júlia das Neves,Consultor SAP SD Sênior
43189,Dr. Leonardo Camargo,Telecom
43190,Sr. Eduardo Santos,Telecom
43191,Srta. Lunna da Paz,Telecom
43192,Dr. Davi Miguel Campos,Infraestrutura
43194,André Alves,Analista
43195,Dr. Daniel Camargo,redes
43196,Dra. Maitê Nascimento,TECH LEAD
43197,Sr. Noah Ferreira,TECH LEAD
43199,Sra. Ana Laura Fogaça,TECH LEAD
43200,Eloah da Costa,teach Lead
43201,Dra. Hellena Casa Grande,redes
43202,Rafael Viana,Consultor SAP Security
43203,Srta. Ana Cecília Abreu,Teach Lead
43205,Vinícius Almeida,Supervisor/ Analista de credito
43206,Dr. Vitor Caldeira,Flutter
43207,Sra. Aurora da Mata,"Analista, atendimento *"
43208,Srta. Cecilia Sousa,Flutter
43209,Caleb Macedo,Flutter
43210,Dra. Lívia Barbosa,Sap Security
43211,Dra. Melina Cunha,Developer
43212,Dr. Thiago Cardoso,Desenvolvedor
43213,Srta. Evelyn das Neves,Desenvolvedor
43214,Dr. Oliver Pinto,Desenvolvedor
43216,Helena da Cruz,Engenheiro de dados e DBA
43217,Dra. Maria Júlia Martins,Desenvolvedor
43219,Maria Sophia Lopes,Plant Controller
43222,Dra. Pietra Cavalcanti,Controller
43223,Dra. Nicole Montenegro,Desenvolvedor| Arquiteto
43224,Sr. Enzo Brito,Fullstack senior
43226,Srta. Elisa Porto,Gestor de demandas SAP
43227,Daniela Peixoto,FI
43228,Dra. Maria Eduarda Fernandes,Engenheiro
43229,Sr. Vinícius Nogueira,Analista de TI
43230,Sr. Antônio Oliveira,Engenheiro
43231,Sr. Lucas Andrade,GESTOR DE DEMANDAS SAP
43232,Sra. Maria Luísa Souza,Analista de Sistemas Sênior
43233,Anthony Gabriel Moreira,Gerente Financeiro Administrativo
43234,Srta. Letícia Aragão,Controller
43235,Dr. Gabriel da Costa,Engenheirro BI
43240,Ana Liz Câmara,Back end
43241,Sra. Maria Helena Nunes,Back End
43243,Srta. Eloá Vargas,Analista de Sistemas
43248,Sr. Renan da Paz,Desenvolvedor
43249,André Peixoto,Programador T-SQL
43250,Esther Albuquerque,Devops
43251,Júlia Abreu,Desenvolvedor
43252,Sr. Yan da Rosa,Java
43254,Sra. Isis Novais,RH
43255,Dr. Luiz Fernando Camargo,"Senior Controller, FP&A"
43256,Sra. Rebeca Santos,Desenvolvedor
43257,Sra. Bárbara Gomes,DESENVOLVEDOR Sr
43258,Sr. Yan Sampaio,engenheiro de dados
43259,Sra. Mariane Macedo,Dev Front End
43261,Sr. Vitor Hugo Araújo,Fullstack
43262,Nina da Cruz,QA com ingles
43263,Sr. Diego Cassiano,Tester QA
43264,Dr. Henry Novaes,QA com ingles
43265,Dra. Emanuella Pereira,Desenvolvedor Java
43266,Dra. Pietra Lima,Desenvolvedor Java
43267,Dr. Dante Costa,DevOps
43268,Srta. Ana Clara Cavalcante,DevOps
43269,Maria Vasconcelos,DevOps
43270,Dr. Bruno Mendonça,PO
43272,Dr. Yuri Azevedo,DevOps
43273,Francisco Martins,DevOps
43274,Sr. Cauê Sá,Back End
43275,Dr. Davi da Costa,Programador Back-end junior
43276,Dra. Hellena Cavalcante,"Desenvolvedor Front End, Full Stack"
43277,Dr. Pedro da Rocha,Dev Front End
43278,Dr. Henrique Nunes,Desenvolvedor Web
43279,Dra. Júlia Nogueira,DevOps
43280,Dra. Melissa Moura,Diretor Financeiro
43282,Srta. Cecilia Rezende,Dev Front End
43283,Sra. Maria Cardoso,Dev Front End
43284,Luísa Teixeira,Gerente de Projetos
43285,Sra. Stella Carvalho,Desenvolvedor Fullstack
43286,Dr. Enrico da Rocha,Analista
43287,Sra. Eduarda Nascimento,Analista
43288,Dr. Paulo Costela,QA junior com ingles
43289,Otávio Cirino,Analista de TI
43290,Dr. Gabriel Sales,Assistente administrativo
43291,Sra. Jade Rezende,Analista
43293,Dra. Olivia Nunes,Consultor SAP BASIS GRC AC
43294,Sra. Julia Moreira,Analista de TI
43295,Sra. Catarina da Rosa,Analista de TI
43296,Sr. Pedro Cunha,Analista
43297,Rafael Sousa,Analista
43298,Dra. Isadora Pinto,Analista
43299,Dra. Alexia da Conceição,Analista
43300,Sra. Helena da Luz,Analista
43301,Dra. Ana Julia Cirino,Analista
43302,Sr. Vinícius Cavalcanti,devops
43303,Sr. Liam Silveira,devops
43304,Fernanda Dias,Consultor SAP FI SENIOR
43305,Mariah Moraes,Consultor SAP EWM Jr
43306,Srta. Hellena Jesus,Analista de TI
43307,Maria Cecília da Mata,Consultor SAP MM
43308,Srta. Lívia Dias,Desenvolvedor Java Sênior
43309,Sra. Hellena Mendonça,
43311,Dr. Rhavi da Rocha,redes
43313,Sr. Ian Lopes,Desenvolvedor Back End
43314,Dra. Ana Laura Leão,Analista de TI
43315,Liam da Mota,Analista de TI
43316,Diogo Moraes,Analista de Crédito Imobiliário
43317,Sra. Melina Vieira,QA junior com ingles
43318,Sr. Rafael Pinto,Forms PL SQL
43319,Sra. Maria Luiza Moreira,Dev PL SQL
43321,Sr. Dante Aragão,Network
43003,Sr. Davi Lucca Leão,Governança TI
43004,Sra. Ana Clara Farias,Gerente de Governança
43005,Sra. Eloah Ribeiro,Gerente de Governança
43006,Sr. Otávio Andrade,Consultor Mastersaf / Taxone Sr
43007,Dra. Yasmin Leão,Projetos
43008,Sr. Henry Jesus,Projetos Web
43009,Alana Ferreira,Projetos Web
43010,Sophia Costela,Projetos
43011,Sr. Ravi Marques,Projetos Web
43013,Dra. Emanuella Vasconcelos,Gerente de Governança
43014,Sra. Ísis Brito,Gerente de Governança
43015,Sra. Laís Sampaio,Gerente de Governança
43016,Thales Novais,Projetos Web
43017,Dr. Mathias Ribeiro,DESENVOLVEDOR Sr
43018,Breno Nogueira,Linux
43019,Sr. Davi Viana,Consultor SAP FI Senior
43020,Srta. Liz Costela,DESENVOLVEDOR Sr
43021,Dr. Benício Casa Grande,Consultor de Projetos ERP
43022,Sr. Rafael Porto,Consultor SAP ACM
43023,Yuri Cardoso,Analista de requisitos
43024,Dra. Maria Luísa Martins,Cientista de Dados Sênior
43025,Srta. Maya Almeida,Consultor SAP ACM
43028,Sra. Maria Lima,Data Engineering
43029,Davi Lucca Fonseca,Governança
43030,Sra. Nicole Andrade,Governança
43031,Dr. Valentim Garcia,Governança
43032,Sr. Valentim Montenegro,QA
43033,Srta. Stella Moura,QA JUNIOR
43036,Maria Aragão,Gerente de Governança
43037,Breno Castro,Analista de TI
43039,Dra. Larissa Vieira,Consultor SAP HCM
43041,Arthur Miguel Sousa,Redes
43042,Dr. João Pereira,DESENVOLVEDOR Sr
43045,Dra. Alice Barros,Redes
43046,Dr. Ryan Sales,Analista
43049,Srta. Ana Clara Camargo,Redes
43052,Fernanda Novais,Consultor de Projetos de ERP
43053,Sr. Benjamin Andrade,Consultora de Projetos de ERP
43055,Sr. Bento Montenegro,Desenvolvedor
43056,Sr. Henrique Albuquerque,Desenvolvedor Pleno
43057,Sarah Correia,Oracle
43058,João Guilherme Machado,Especialista em Redes
43059,Dr. Davi Luiz Rios,Analista de Governança Sênior
43060,Sr. Theodoro da Cunha,Gerente de Governança
5460,Sra. Ana Beatriz Rezende,Consultor SAP MM Procurement
5500,Dr. Enrico Santos,Cobol
5506,Srta. Giovanna Martins,web developer
5578,Sra. Eduarda Aragão,Cobol MicroFox / Power Builder
5623,Dra. Eduarda Moura,Desenvolvedor .NET
5678,Cauê Fonseca,DevOps
5680,Sra. Maria Júlia Novaes,Administrador de Infraestrutura / rede
5706,Sra. Lunna Araújo,DBA
5712,Srta. Luísa Mendonça,Gerente de projetos
5713,Srta. Allana Duarte,Analista de sistemas
5719,Sr. Guilherme Vieira,com discernimento e tranqüilidade nos momentos críticos
5721,Matteo da Luz,Consultor administrativo
5723,Dra. Isabela Vasconcelos,Analista de sistemas
5731,Sra. Yasmin Siqueira,CONSULTOR DE BUSINES INTELLIGENCE
5740,Sra. Melissa Caldeira,T.I.
5741,Dra. Ana Clara Viana,Gerente de projetos / Dba Oracle
5749,Sr. Vicente Gomes,Analista de negócios
5776,Sr. Pedro Miguel Campos,"CONSULTOR SAP BW, BPC, BO"
5832,Dra. Alana Ribeiro,Coordenador e Gerente de projetos
5833,Sra. Maysa Dias,Coordenador de projetos
5861,Enrico Sousa,Coordenador de projetos
5889,Sr. Luigi da Mata,Coordenador de projetos
5904,Isabela Carvalho,Coordenador de projetos
5933,Sra. Pietra da Cruz,Coordenador de projetos
5935,Srta. Caroline Almeida,Coordenador de projetos
5937,Yuri Barros,Coordenador de projetos
5992,Sr. Leonardo Aparecida,Crm
