id_applicants,infos_basicas_objetivo_profissional,infos_basicas_data_criacao,infos_basicas_inserido_por,infos_basicas_data_atualizacao,informacoes_pessoais_nome,informacoes_pessoais_fonte_indicacao,informacoes_pessoais_data_nascimento,informacoes_pessoais_sexo,informacoes_pessoais_estado_civil,informacoes_pessoais_pcd,informacoes_profissionais_area_atuacao,informacoes_profissionais_conhecimentos_tecnicos,informacoes_profissionais_certificacoes,informacoes_profissionais_outras_certificacoes,formacao_e_idiomas_nivel_academico,formacao_e_idiomas_nivel_ingles,formacao_e_idiomas_nivel_espanhol,formacao_e_idiomas_outro_idioma,cv_pt,formacao_e_idiomas_cursos,infos_basicas_cidade,infos_basicas_estado,informacoes_pessoais_fonte_indicacao_resumido
31261,ANALISTA DE SISTEMAS MAINFRAME,2021-11-21 21:31:20,pelo próprio candidato,2021-11-21 21:31:20,Leandro Pires,Site de Empregos: ANALISTA DE SISTEMAS MAINFRAME COBOL,1956-05-10,masculino,casado,nao,TI - Desenvolvimento/Design, MAINFRAME / MVS / VSAM / CICS / ROSCOE / TSO / CA-VIEW / IDMS / JCL / VIEWESP  VM / CMS / XEDIT / SQL / JOBTRAC,,,Pós Graduação Completo,Intermediário,Nenhum,nao informado,"décio parreiras drumond
dados pessoais

brasileiro, casado.
naturalidade: belo horizonte
data nascimento: 10/05/1956



objetivo
analista de sistemas senior mainframe ou analista/programador, ou coordenador de projetos


áreas de atuação análise e projeto de sistemas
especificação para desenvolvimento de soluções mainframe e web
desenvolvimento de soluções de business intelligence/data warehouse

resumo das qualificações
grande experiência no ambiente mainframe (cobol, cics, easytrieve, db2, jcl).
grande experiência em levantamento de processos de clientes para definição de projetos de ti.
desenvolvimento de relacionamento com clientes e prospecção de mercado visando a alavancagem de novos negócios.
desenvolvimento, homologação, testes, implantação e acompanhamento de sistemas bancários, seguros e de gestão integrados.
análise e projeto estruturados.
coordenação de projetos.
utilização do project para acompanhamento de projetos
acompanhamento e gerenciamento de projetos:
 utilização da metodologia do pmi (project management institute)
conhecimento em análise e projeto orientados a objetos:
 linguagem de modelagem unificada - uml
conhecimento em web:
 páginas de servidor ativas – asp.net
 web services
 java, java servlets e java server pages
banco de dados:
 modelagem relacional e dimensional
 programação em sql server – transact sql
 microsoft datawarehousing framework – analysis services
formação
 pós-graduação em engenharia de software
concluído em julho/2004
pontifícia universidade católica de minas gerais
 pós-graduação em administração financeira
concluído em novembro/1988
fundação dom cabral
 curso de extensão em análise de sistemas
concluído em dezembro/1982 (294 hs)
ufmg
 graduação em administração de empresas
concluído em dezembro/1980
una – belo horizonte

idiomas inglês intermediário
experiência
profissional


rumo soluções
26/04/2021 até hoje.
desenvolvimento de novos projetos para o banco mercantil do brasil.

sinqia
21/05/2012 até 02/09/2020
(att/ps informática
adquirido pela senior solution 
adquirido pela sinqia)

• migração dos sistemas de seguros de vida para a baixa plataforma.
• alteração de toda base de seguros de vida e respectivos sistemas para suportar mais 1 digito.
• migração de toda infraestrutura (fontes, jobs, arquivos, base de dados, etc) da zurich que era no banco mercantil para a tivit em são paulo
• outsourcing na seguradora zurich minas brasil
• desenvolvimento, manutenção e testes de vários sistemas e novos produtos na área de seguros
• analisar, levantar e especificar requisitos de software
• análise de negócios na área de gestão de seguros de vida, contábil e financeira
• suporte às equipes de mainframe da zurich, tivit e sinqia
• suporte aos usuários de vida da zurich

zurich brasil (antiga minas brasil seguradora)
março/2000 até 20/05/2012

• desenvolvimento, manutenção e testes de vários sistemas na área de seguros
• coordenação de projetos
• projeto de downsizing da minas-brasil seguros
• apoio no downsizing de sistema para acompanhamento gerencial:
o data warehouse
o criação de cubos olap
o apresentação dos dados na web
• teste e implantação de sistemas referente ao downsizing de vidas, através de software adquirido pela empresa csmb, usando a plataforma windows nt, sql, vb 3.0, vb 7.0 e intranet.
• desenvolvimento/testes de aplicações em ambiente cliente servidor

eletrodados (banco mercantil)– junho/1991 à março/2000
projetos:
 desenvolvimento, manutenção de sistemas e rotinas na área de seguros de vidas
 desenvolvimento de sub-rotinas internas com o objetivo de padronização
 assessoria a programadores e analistas
 planejamento estratégico de sistemas
 administração de programação
 coordenação de projetos

seculus s/a - novembro/1985 á fevereiro/1991
 faturamento e emissão de notas fiscais
 controle de vendas
 contabilidade
 controle e cobrança
 controle de mostruários
 controle de vendedores
 controle patrimonial
 controle de clientes
 orçamento e custo
 conta corrente de consignação
 emissão e controle de registros fiscais
 apuração de balanço

eletrodados (banco mercantil) – janeiro/1977 à novembro/1985
projetos:
• desenvolvimento de sistemas de seguros de vida (controle, emissão, cobrança e área financeira)
• desenvolvimento de sistemas na área de conta corrente do banco mercantil

cursos de aprimoramento
 windows operat.syst. and serv.architeture
 fundamentals of microsoft visual basic 4.0
 programming with visual basic 4.0
 microsoft windows operating systems and services architecture
 implementing a database design on microsoft sql server 6
 managing the migration to client/server architectures
 analysis and design of client/server systems
 mastering microsoft visual basic 6.0
 introdução ao desenvolvimento na plataforma ms windows
 desenvolvimento de aplicações cliente servidor com ado e sql server
 implementing a database in ms sql server 7.0
 access 2000 básico e avançado
 ms project
 querying microsoft sql server 2000 with transact-sql
outros (técnicos, administrativos e gerenciais)
 análise estruturada essencial
 análise e modelagem com uml
 levantamento de dados
 projeto estruturado
 metodologia de desenvolvimento de sistemas
 gerenciamento de projetos (técnicas e acompanhamento)
 modelo de implementação e projeto estruturado de sistemas
 introdução banco de dados
 modelagem de dados
 técnicas de levantamento de dados com jad
 modelagem e arquitetura de implementação
 técnicas de gerência e acompanhamento de projetos
 chefia e liderança
 capacitação gerencial para obtenção de resultados
 planejamento empresarial
 liderança produtiva e técnicas de reuniões
 administração do tempo
 iso 9000
 como falar em público
ambientes que domino
 mainframe / mvs / vsam / cics / roscoe / tso / ca-view / idms / jcl / viewesp
 vm / cms / xedit / sql / jobtrac
 micro-informática: windows, word, clipper, dos, excel, powerpoint, access, project
 redes (como usuário): novell , windows nt, exchange, notes, outlook
 metotologia ágil: scrum
linguagens que domino  cobol, pl/i, cobol cics, cics, easytriev, rexx, clipper, ads, sql, db2, cics, jobtrac, roscoe
banco de dados / arquivos
conhecimento
 db2, sql server, vsam, idms

observações:
 asp, java, html, clipper, uml, visual basic 6.0
sou muito dedicado e comprometido com o meu trabalho. gosto bastante desta área.
gosto muito de praticar esportes.
",administracao com enfase em sistemas da informacao,belo horizonte,minas gerais,site de empregos
31483,Analista Programador Mainframe,2021-11-26 11:43:28,Natália Cavalcanti,2021-11-27 12:48:47,Ravi Novais,Indicação de amigo: David Machado,1972-02-28,feminino,casado,nao,TI - Desenvolvimento/Programação,"Experiência atuando como Analista de Sistemas e Desenvolvedora de Software para Mainframe: - Excelente habilidade técnica com amplo conhecimento na linguagem COBOL. Já trabalhei com z/OS DB2, DBSTAR (IMS Tool), VSAM, JCL, MQSeries, BMP, Xpediter, TSO, SPUFI, RFTS, CICS, Endevor, Roscoe; - Experiência em todas as etapas do Ciclo de Vida de Desenvolvimento de Software (SDLC): levantamento de requisitos, análise, design, codificação, testes, implementação, documentação e suporte contínuo; - Experiência com programação Cobol/DB2 (mainframe) para interação (MQSeries) com sistemas de baixa plataforma.",,Scrum Fundamentals Certified ScrumStudy,Pós Graduação Completo,Avançado,Básico,nao informado,"
telefone:
11799994455
perfil
- experiência atuando como analista de sistemas e desenvolvedora de software para mainframe;
- experiência trabalhando para bancos e indústria;
- excelente habilidade técnica com amplo conhecimento na linguagem cobol. já trabalhei com z/os db2, dbstar (ims tool), vsam, jcl, mqseries, bmp, xpediter, tso, spufi, rfts, cics;
- experiência em todas as etapas do ciclo de vida de desenvolvimento de software (sdlc): levantamento de requisitos, análise, design, codificação, testes, implementação, documentação e suporte contínuo;
- orientada a objetivos com liderança, flexibilidade e habilidade de trabalhar em equipe.

experiência profissional

eddie bauer canada 10/2018
assistente de vendas

t-systems do brasil 08/2011 à 01/2015
analista de sistemas
responsável pelo desenvolvimento e manutenção de sistemas de controle de materiais.

o principal projeto que atuei foi “gestão de estoque das concessionárias mercedes benz do brasil”. participei de todas as fases do ciclo de desenvolvimento técnico do sistema.

o objetivo deste projeto era permitir à mercedes benz da alemanha controlar o estoque das concessionárias brasileiras, para melhorar a eficiência no controle da produção, reduzir os gastos com armazenagem e ter um melhor conhecimento de vendas de peças em revendedores.

foi um projeto desenvolvido em conjunto com a área desenvolvimento web. havia um portal web que enviava os arquivos para o mainframe que armazenava e administrava todas as informações. os dados tinham três origens: concessionarios, mercedes benz brasil e mercedes benz alemanha.

bsi tecnologia 06/2008 à 07/2011
analista de sistemas
trabalhei no sistema de inadimplências que possibilitou ao banco nossa caixa renegociar e recuperar valores que eram considerados de difícil negociação. este sistema tinha como objetivo:
 trocar dados com o call center para que fossem efetuadas as devidas cobranças junto aos clientes devedores;
 o call center enviava diariamente um arquivo de todos os clientes cobrados e o sistema totalizava por agência o número de contatos efetuados para as agências pagarem ao call center pelo trabalho realizado;
 diariamente gerava-se um relatório por agência de clientes excluidos e incluidos na lista de inadimplentes.

o sistema foi desenvolvido no mainframe em cobol e db2 e o front-end web. fui líder da equipe deste sistema.

tata consultancy services brazil 10/2006 à 09/2007
analista de sistemas
trabalhei na manutenção e migração de dados do sistema de câmbio do banco real.

o banco real foi vendido e fizemos um grande projeto de migração dos dados dos sistemas do banco real para o banco santander. foi um projeto complexo, envolvendo todas as áreas de sistemas de ti de ambos os bancos.

ambiente: z/os, cobol, db2, jcl, tso, spufi, vsam.

t-systems do brasil ltda 10/1995 à 06/2005
analista de sistemas
atuei como analista programadora na manutenção e melhoria de diversos sistemas da área de logistica da mercedes benz do brasil.

como principal projeto, participei de todas as etapas do ciclo de desenvolvimento do sistema de 'atendimento de peças para as linhas de montagens'. este sistema era alimentado on-line ou por arquivos gerados pelas áreas responsáveis pela programação de peças na montagem dos veículos.

anteriormente as áreas responsáveis pela geração da programação de montagens de carros solicitavam itens via planilhas ou sistemas não integrados. com este sistema todas estas áreas passaram a alimentá-lo automaticamente através de arquivos de solicitações de itens à partir dos seus sistemas de origem. esta inclusão é efetuada à partir da execução de um bmp wait for input, que processa diversos arquivos enviados via mqseries diariamente. com este processo ganhou-se muito em produtividade.

também é possível incluir pedidos manualmente (on-line). a parte on-line inicialmente foi desenvolvida com tela caracter (ferramenta caseira, que gera fonte ims/dc) e posteriormente também foi desenvolvida em ambiente gráfico, sendo todas as informações gerenciadas/atualizadas no mainframe.

ambiente: cobol, ims, vsam, qsam, db2, tso, jcl, expeditor, mqseries, spufi, bmp wfi.

formação acadêmica – cursos
pós-graduação em tecnologia da informação fasp – faculdades associadas de são paulo
graduação em ciências da computação universidade são judas tadeu
scrum - gestão e desenvolvimento ágil de projetos impacta
aplicações on line com programas cobol/db2/cics escola de programadores
construção de programas cobol usando db2 escola de programadores
scrum fundamentals certified scrumstudy

idiomas
inglês – nivel avançado
",analise de sistemas tecnologia da informacao,sao paulo,sao paulo,indicacao de amigo
31501,Analista programador Cobol,2021-11-26 16:14:13,Natália Cavalcanti,2021-11-26 17:27:03,Clarice Mendonça,Anúncio: apinfo,1961-03-21,masculino,divorciado,nao,TI - Desenvolvimento/Programação,"• Profissional com experiência na área de informática desde 1983, em empresas de médio e grande portes, nacionais, multinacionais e empresas públicas. • Experiência em desenvolvimento de sistemas para as áreas administrativas, industriais, instituições financeiras e telecomunicações, utilizando ferramentas como: MVS, DOS/VSE, DLI, COBOL, CICS, DB2, VSAM, TSO, ROSCOE, IMS DB/DC, VISIO, ENDEVOR, , pacote Office da Microsoft (Word, Excel, Powerpoint) • Conhecimentos em Análise essencial de sistemas com orientação a objetos, Modelagem de dados, Análise estruturada, Diagrama de fluxo de dados, Projeto de Banco de Dados Relacional e Análise lógica de dados.",,,Pós Graduação Completo,Intermediário,Intermediário,nao informado,"são paulo - sp

desenvolvedor - mainframe

conhecimentos

• profissional com experiência na área de informática desde 1983, em empresas de médio e grande portes, nacionais, multinacionais e empresas públicas.
• experiência em desenvolvimento de sistemas para as áreas administrativas, industriais, instituições financeiras e telecomunicações, utilizando ferramentas como: mvs, dos/vse, dli, cobol, cics, db2, vsam, tso, roscoe, ims db/dc, visio, endevor, , pacote office da microsoft (word, excel, powerpoint)
• conhecimentos em análise essencial de sistemas com orientação a objetos, modelagem de dados, análise estruturada, diagrama de fluxo de dados, projeto de banco de dados relacional e análise lógica de dados.


formação acadêmica

• fiap – faculdade de informática e administração paulista
pós-graduação em análise de sistemas em oracle. (concluído em 2001)

• esan - escola superior de administração de negócios.
graduação em administração de empresas. (concluído em 1994)

experiência profissional

stefanini consultoria e assessoria em informática s.a. - 02.2009 – 03.2010

atuou como analista de sistemas, para o cliente banco itaú s/a, utilizando cobol, tso, db2, jcl, na manutenção dos sistemas da superintendência de gestão comercial. a partir de novembro de 2009 como clt da consultoria, trabalhei no projeto vt – vale transporte, na elaboração de relatórios estatísticos, na parte final do projeto.


beholding systems ltda. - 05.2008 – 31.12.2008

atuou como analista programador, para o cliente banco itaú s/a, utilizando cobol, tso, db2, jcl, na manutenção dos sistemas da superintendência de gestão comercial. entre outros, atuou mais especificamente com a implementação da base de operações comerciais, que visa a captação de novos clientes, através de ações comerciais específicas junto a parcerias comerciais.


tata consultancy services do brasil s/a. - 09.2005 – 04.2008

atuou como analista programador, para o cliente certegy, utilizando cobol, roscoe, jcl, na implementação da tropicalização do sistema b2k (cartão de crédito) para o brasil. atuou também na manutenção do projeto cartão crediário para o cliente bradesco / finasa da certegy. atuou no cliente aymoré na fase de documentação de sistemas. atuou no projeto de empréstimos especializados do banco abn. atuou no cliente equifax em projetos de manutenção.


bsi tecnologia ltda. - 05.2005 – 08.2005

atuação como analista programador, para o cliente itaú, utilizando cobol, db2, tso. em seguida para o cliente unibanco e fininvest, utilizando cobol, db2, cics.


dts informática ltda. - 06.2004 - 05.2005

especialista de produto mfe – mainframe express da micro focus atuação como pré-venda na apresentação e demonstração do produto, bem como treinamento e suporte no mesmo para os clientes.


stefanini informática. - 08.2003 - 06.2004
analista de sistemas

bradesco – analista de sistemas na equipe de atendimento de ocorrências de produção.


brq informática. - 11.2002 – 08.2003
analista de sistemas

telefônica – analista de sistemas pela brq na migração do sistema atis da telefônica da espanha para o brasil, utilizando cobol, cics, db2, adabas.


g&p projetos e sistemas s/c ltda. - 2000 - 11/2002
analista de sistemas autônomo.

unibanco – equipe de crédito e cobrança na manutenção do sistema de negativação. atuação no sistema de compensação, na migração do banco bandeirantes para o unibanco. atuação na implementação da administração de crédito (sistema de empréstimo) para cliente via produto desconto ao fornecedor (sdf). atuação em manutenção do sistema de contabilidade de câmbio na implementação de informações financeiras trimestrais para o banco central.


h2m consultoria e informática - 1999
analista programador autônomo.



alfa-cs com. e servs. em informática ltda. - 03/1998 - 11/1998
analista programador autônomo.

portugal telecom (porto – portugal) – analista programador na manutenção do sistema de atendimento a clientes (clip).


prodam – cia. proc. dados município de s. paulo - como clt em 2 ocasiões

primeiramente - ingresso em estágio de programação, em equipamento ibm, com duração de julho a dezembro de 1984, com efetivação posterior como programador trainee. a partir de fevereiro de 1986 como programador júnior. desenvolveu programas para: secretaria das finanças, merenda escolar, folha de pagamento, cmtc, defesa social, iss, tpcl, entre outros. atuação até 1987.
em seguida – em 1993, trabalhou como analista/programador pleno, com equipamento ibm 9021, na manutenção da folha de pagamento do funcionalismo e, em seguida no projeto de reengenharia da folha. atuou com cobol, cics, db2.


idiomas

• inglês – intermediário
• espanhol - básico
",analise de sistemas tecnologia da informacao,sao paulo,sao paulo,anuncio
31502,Analista Programador,2021-11-26 16:15:31,Natália Cavalcanti,2021-12-03 16:31:29,Eloah Siqueira,Indicação de amigo: Indicação de Vaga por Amigo,1962-12-23,masculino,uniao estavel,nao,TI - Desenvolvimento/Programação,"• Alta plataforma: Mainframe IBM OS390, VM, VSE, MVS, VTAM, CICS, CSP, COBOL, IMS, PLI, Easytrieve, NATURAL, VSAM, DB2, ADABAS, ROSCOE, TSO, SQL,MQ Series. • Baixa Plataforma: DOS, Windows (3.11, 95, 97, 98, CE, 2000, ME, etc), Editoração, Planilhas, Apresentações Eletrônicas, Project, Rede, Clipper, COBOL, Lotus SmartSuite, Softwares de Gestão e Acompanhamento",,,Ensino Superior Completo,Intermediário,Básico,nao informado,"são paulo - sp

desenvolvedor - mainframe

resumo das qualificações

profissional com trinta e seis anos de sólida experiência no mercado de tecnologia da informação
(ti), atuando em soluções, gestão de projetos e desenvolvimento de sistemas (análise e
programação), arquitetura de sistemas, arquitetura de bancos de dados (bancos de dados
relacionais, hierárquicos e data warehouse), planejamento e adminstração orçamentária de
projetos, gestão de mudança e riscos.


formação acadêmica

• graduação em tecnologia de processamento de dados – puc – rj – 1984

conhecimentos técnicos

• alta plataforma: mainframe ibm com; os390, vm, vse, mvs, vtam, cics, csp, cobol, ims, pli, easytrieve, natural, vsam, db2, adabas, roscoe, tso, sql, mq series.
• baixa plataforma: dos, windows (3.11, 95, 97, 98, ce, 2000, me, etc), editoração, planilhas, apresentações eletrônicas, project, rede, clipper, cobol, lotus smartsuite, softwares de gestão e acompanhamento.

experiência profissional

autônomo - ago/2015 e 2019

análise de testes e riscos
arquitetura de banco de dados
criticality jobs execution, acompanhamento e solução
análise de sistemas e manualisação na área de cartões - controle de outgoing e incoming
programação cobol, cobol cics, ims com vsam, db2 e dli

principais atividades:
análise e programação home office
consultoria em arquitetura de banco de dados
análise e planejamento de testes

bsi tecnologia - 2012 – até 31/07/2015

gerente de projetos (delivery) responsável pela conta do banco safra
gerente de projetos voltados para as áreas de crédito pessoal, cobrança, liquidação, cartões, entre outros, dos clientes fininvest, unibanco, itau e orbital (que hoje compõe uma única instituição financeira itau-unibanco)
gestão de desenvolvimento e manutenção de sistemas
consultor para planejamento e administração orçamentária de projetos
consultor para identificação de oportunidades e captação de negócios junto ao cliente
coordenação de projetos
levantamento e análise de sistemas no itau

principais atividades:
como consultor de ti atuou em conjunto com a gerência comercial identificando oportunidades de negócio e fazendo a captação, planejamento e administração orçamentária de projetos nas áreas de crédito pessoal, cobrança, liquidção, cartões, entre outros, do itau-unibanco.
como lider de projeto atuou no planejamento, definição, condução, administrando o andamento dos projetos, recursos envolvidos e administração financeira dos mesmos.
participou das reuniões e comitês de projeto junto ao cliente representando a bsi tecnologia em novas demandas.

banif banco de investimento brasil s.a. - 2012 – 2012

consultor de ti por 6 meses. desenvolveu projetos para integração das áreas de ti entre o banco de investimento e o banco comercial do grupo banif no brasil.

principais atividades:
como consultor de ti atuou junto a diretoria acompanhando as atividades de migração do banco de investimento para a área de ti do banco comercial.
elaboração de orçamentos na área de ti e infra-estrutura.


2005 – 2012 bsi tecnologia

lider de projetos voltados para as áreas de crédito pessoal, cobrança, liquidação, cartões, entre outros, dos clientes fininvest, unibanco, itau e orbital (que hoje compõe uma única instituição financeira itau-unibanco)
desenvolvimento e manutenção de sistemas
consultor para planejamento e adminstração orçamentária de projetos
consultor para identificação de oportunidades e captação de negócios junto ao cliente

principais atividades:
como consultor de ti atuou em conjunto com a gerência comercial identificando oportunidades de negócio e fazendo a captação, planejamento e administração orçamentária de projetos nas áreas de crédito pessoal, cobrança, liquidção, cartões, entre outros, do itau-unibanco.
como lider de projeto atuou no planejamento, definição e condução de projetos, administrando o andamento de projetos, recursos envolvidos e administração finaceira dos mesmos. como desenvolvedor, paricipou da análise e modelagem dos projetos nas áras de crédto pessoal, cobrança e liquidação.


fidelity do brasil - 2007 a 2007
consultor de projetos e fábrica de software

consultor de projetos e fábrica de software atuando junto ao citibank.
foi responsável pela reestruturação do modelo de planejamento de projetos de crédito pessoal e cartão, onde estavam envolvidas as áreas de produto, negócios, sistemas e fábrica de software. consultoria realizada em 6 meses, tempo necessário para o levantamento, entendimento, redefinção e entrega do novo modelo com os fluxos e processos de condução de projetos e da nova metodologia de desenvolvimento e manutenção de sistemas dentro do citibank brasil.




stefanini it solutions - 2001 a 2005
gerente técnico comercial

gerente de projetos e fábrica de software, desenvolveu projetos na área de seguros da
bradesco seguros, sul américa seguros e prudential do brasil
replanejamento da gestão de projetos e gestão de fábrica de software na stefanini.
captou, orçou e gerenciou projetos nas áreas de previdência, seguros saúde, seguros de auto, corretagem e marketing e seguros de vida.
ao assumir a gerência técnico comercial da conta desempenhou o papel simultâneo de gerente comercial, administrando as contas do cliente bradesco seguros, sul américa seguros e prudential do brasil e gerente técnico no acompanhamento e administração de projetos em andamento junto aos gerentes e coordenadores de projetos da stefanini it solutions e os gerentes de projeto dos clientes.


tecside informática - 1999 a 2001
diretor presidente

como consultor de ti constituiu firma de informática para atender a fininvest.
participou como lider de projeto no levantamento, definição e acompanhamento do projeto do novo chassis de crédito pessoal da fininvest (posteriormente comprada pelo unibanco e que ainda permanece sendo o sistema de crédito pessoal do ubb).
projetou o novo motor de crédito baseado em metodologia orientada a objeto, proporcionando dinâmica às novas necessidades de definições de políticas de crédito pessoal do cliente.
participou da migração do sistema de concessão de crédito da fininvest para o unibanco por ocasião da fusão.


1994 a 2000 artha informática e ibm brasil
coordenador e gerente de projeto e coordenador de edi

coordenador de projeto atuou no projeto tradenet (consórcio de 10 bancos), sistema de transferência eletrônica de fundos.
gerente consultor de projeto assumiu as atividades de gestão do projeto tradenet, acumulando as funções técnicas e administrativas junto a ibm brasil e bancos do consórcio.
coordenação de edi da ibm brasil e como funcionário liderou a plataform de edi até 2000.
projetos de office bank e home bank através da plataforma edi da ibm brasil, fornecendo soluções para clientes como banco econômico (posteriormente banco bbv), bamerindus, itaú, cef, gerdau, vale do rio doce, entre outros.


1989 a 1994 artha informática e banco nacional
gerente de projetos

entrega eletrônica do banco nacional em projetos de edi.
representante da consultoria junto ao banco nacional na prospecção de oportunidades, captura de novos negócios, orçamento, planejamento e liderança de projetos.


1987 a 1988 primus corretora de valores e câmbio s/a
gerente de cpd

responsável pela área de cpd, foi incumbido de reestruturar a equipe interna e replanejar toda a estrutura de ti da corretora.
desenvolveu a nova arquitetura de sistemas e rede das novas instalações. definiu novas diretrizes da área de informática junto aos setores de custódia, open market, contabilidade e administrativo. desenvolveu softwares de apoio aos leilões de privatização e softwares de integração com o mercado de ações e banco central.
implantou novos sistemas de controle de conta corrente quando da criação do banco multiplo.


1980 a 1987 bbc informática, arsa aeroportos do rio de janeiro sa,
cisper indústrias hoteis othon, gsi gerdau
sistemas de informática e bradesco seguros.

atuou nas referidas empresas como estagiário, programador junior, programador sênior, analista de sistemas junior, analista de sistema sênior e lider de projetos.
atuou em sistemas de folha de pagamento (arsa), hotelaria (hotéis othon), custos, produção e emissão de notas fiscais (cisper), packing list (gsi - projeto capanda da norberto odebrecht) e migração de ambiente burroughs para plataforma ibm (bradesco seguros).

idiomas

• inglês intermediário
• espanhol básico

cursos e certificações

stefanini it solutions
quality assurance
dw e bi
gerência de projetos (ferramentas case project e price)
governança corporativa (ibgc – instituto brasileiro de governança corporativa)
soluções e acordo de nível de serviços (sla)
pmp - project management professional (stefanini project office sem certificação)
pmo - project management office (stefanini project office sem certificação)
implementação de cmm 2 (stefanini project office sem certificação)

ibm brasil
certificação em iso 9001
pdi - plano diretor de informática
orientação a objeto
prototipação de sistemas
modelagem em banco de dados
redes corporativas (dhcp – dynamic host configuration protocol)
edi - eletronic data interchange

instrução e ensino
puc rj – curso de tecnólogo em processamento de dados (p15) , atuou como
professor na cadeira de cobol por 4 anos, posteriormente fazendo parte do
conselho de coordenação.
fesp rj – fundação escola de serviço público, atuando como professor na
cadeira de cobol e análise de sistemas durante 1 ano.

outros
faculdade cândido mendes (rj), fez o curso de graduação em ciências
",tecnologia da informacao,sao paulo,sao paulo,indicacao de amigo
9787,Power Builder,2018-04-27 13:53:59,pelo próprio candidato,2021-01-06 18:43:01,Dra. Bianca Fogaça,Outros: Importação,1969-12-31,nao informado,nao informado,nao informado,,,,,nao informado,nao informado,nao informado,nao informado,"
profissional com sólida experiência na área de tecnologia da informação, com expertise em business intelligence (bi) para integração de dados corporativos através da ferramenta powercenter. carreira desenvolvida em empresas nacionais e multinacionais de médio e grande porte.
facilidade para interpretar necessidades de negócio, mapear fluxos de processos, análise de falhas, suporte de informações às áreas parceiras e definição do melhor caminho para chegar ao resultado.
participação em projetos de bi em empresas de diferentes segmentos como jurídica, financeira, seguradora, varejo, telecomunicações, e-commerce.
expertise em administração de dados interno e externo.
gestão de projetos para desenvolvimento e melhorias, além de suporte aos processos e análise de plataformas e informações de negócio para entregas.
suporte aos clientes internos, usuários e colaboradores sobre dúvidas em indicadores e metodologia e regras de desenvolvimento.
alta capacidade para trabalho em equipe, pautado em comprometimento, entrega e qualidade. destaque em projetos ágeis.
capacidade técnica e analítica em reunir e utilizar informações sistêmicas para apoiar as estratégias da empresa, impulsionando os negócios e receitas.
habilidade na liderança de equipe com ampla capacidade diretiva e de motivação, sabendo equilibrar demandas ora sendo hands-on, ora delegando atribuições, no intuito de alcançar melhores resultados nos projetos.


powercenter c++ crystal report db2 itil
power designer genexus c# oracle ms project
data quality pl/sql html sql server uml
sap func transact-sql javascript pmi srum
sap bw visual basic 6.0 xml dama control-m

● pós-graduação em tecnologia da informação – análise de sistemas – mackenzie.
● bacharel em análise de sistemas com ênfase em administração – fasp.

econocom brasil s.a. (11/2017 a 07/2020)
empresa multinacional francesa de grande porte
consultor powercenter
● alocação e projeto na qualicorp(adm planos de saúde) e porto seguro(seguradora).
● levantamento de requisitos funcionais e regra de negócios.
● modelagem de dados dimensional e multidimensional.
● etl: suporte, arquitetura de fluxo de execuções, administração e desenvolvimento. (powercenter)
● análise de performance, auditoria, arquitetura e melhoria em etl.
● arquitetura e monitoramento de jobs (control-m).
● desenvolvimento de procedures, querys e jobs (sql sever e oracle).
● metodologia scrum e gestão de dados (dama).
● monitoramento ca (gerenciamento controle de acesso).
● resultados obtidos: todos projetos de bi (business intelligence) em ambiente de processos ágeis scrum.
● projeto de integração de extração e importação de dados. na área cobrança em geração de boletos e débitos bancários. emissão de relatórios de gerenciamento.
● projeto de manutenção, reestruturação e aperfeiçoamento de dados dos processos de controladoria.
● projeto de reestruturação de manutenção de integração de dados de coparticipação.
● nos processos de etl foi feito um projeto de reestruturação das propriedades, de execuções, aplicação de regras e melhores práticas da informática powercenter.

sysmap solutions software e consultoria ltda (08 a 10/17)
empresa nacional de médio porte.
business intelligence
● projeto na kroton(grupo educacional).
● arquitetura etl desenvolvimento e implementação em produção (powercenter).
● desenvolvimento de procedures, querys e jobs (sql/pl e oracle).
● resultados obtidos: projeto de bi, em ambiente de processos ágeis scrum.
● projeto de integração de dados de cadastro de clientes ativos e inativos.



kstack the knowledge stack - consultoria de negócios e tecnologia da informação (03 a 07/2017)
empresa nacional de médio porte.
business intelligence
● projeto na alelo(financeira).
● levantamento de requisitos e regras de negócios junto ao cliente.
● documentação de acordo de funcionalidades.
● arquitetura etl, desenvolvimento e implementação em produção (powercenter).
● desenvolvimento de procedures, querys e jobs (sql/pl e oracle).
● resultados obtidos: gestão de dados seguindo as boas práticas das metodologias do dama.
● participação em todo o ciclo de vida do projeto.
● projeto bi de um novo processo comercial de plano de liquidação para estabelecimentos comerciais.

ess it do brasil(01 a 04/2017)
empresa multinacional americana de grande porte.
business inteligence
● projeto na cielo(financeira).
● etl: suporte e desenvolvimento de aplicações em powercenter.
● desenvolvimento de procedures, querys e jobs (sql/pl e oracle).
● etl: implementação e reestruturação de aplicações em produção.
● metodologia utilizada scrum.
● monitoramento controm.
● extração, transformação alta plataforma.
● aplicações powerexchange.
● resultado obtido: suporte nos processos de bi já em produção, objetivo é identificar os erros e alertas dos etl de forma ágil scrum e eficaz para passar para a equipe efetuar somente a correção.

brq digital solutions (08 a 12/2016)
empresa nacional de médio porte.
analista de sistemas sênior
● projeto na caixa econômica federal(instituição financeira).
● definição de processos de extração de dados.
● definição e desenvolvimento da arquitetura.
● desenvolvimento e implantação dos processos.
● levantamentos de dados da área de negócio.
● integração de sistemas internos e externo.
● definição de dimensões e fatos.
● análise, planejamento, especificação.
● levantamento de requisitos. utilizando as melhores práticas do pmi e damap.
● processos em data warehouse.
● mapeamento dos objetos, aplicando regras de negócio e transformações, hierarquia de fluxo de trabalha. utilizando a ferramenta de etl powercenter.
● aplicando as melhores práticas da informatica powercenter.
● desenvolvimento de procedures e querys (sql/pl, sql server, oracle).
● resultado obtido: projeto de dw, integração de dados de novos processos no departamento de fraudes de cadastro de contas de clientes.
● participação em todo o ciclo de vida do projeto.

as ti work (05 – 08/2016)
empresa nacional de médio porte.
analista de negócios sênior – bi
● projeto pontual na natura(indústria cosmético).
● desenvolvimento e implantação dos processos.
● levantamentos de dados da área de negócio. integração de sistemas internos e externo. definição de dimensões e fatos.
● análise, planejamento, especificação e levantamento de requisitos. utilizando as melhores práticas do pmi e dama.
● desenvolvimento de procedures e querys (sql/pl, sql server, oracle).

netparteners consultoria e sistemas ltda (02/2014 a 03/2016)
empresa nacional de médio porte.
analista de negócios – consultor power center
● alocação no carrefour(financeira)
● planejamento: elaboração de cronograma e escopo. levantamento de dados com as áreas de negócios.
● análise, planejamento, especificação e levantamento de requisitos. utilizando as melhores práticas do pmi e dama.
● desenvolvimento, arquitetura, implementação e reestruturação de processos em data warehouse, mapeamento dos objetos, aplicando regras de negócio e transformações, hierarquia de fluxo de trabalha. utilizando a ferramenta de etl powercenter 9.x, aplicando as melhores práticas da informática.



● processos de etl de migração de sistema, dw, dm risco.
● sustentação utilizando a ferramenta de etl. desenvolvimento de procedures, querys (sql/pl, sql server, oracle).
● resultados obtidos: projeto de dm risco dos processos financeiros. participação em todo ciclo de vida do projeto.
● projeto dos processos de fornecedor. foi um grande desafio, ao iniciar no projeto já estava em andamento e mudança de toda a metodologia de desenvolvimento, foi um grande risco, pois a data de implantação já estava marcada.

t-systems brasil ltda (05/2012 a 02/2014)
empresa multinacional alemã de grande porte.
analista de negócios sênior – bi
● alocação na allianz(seguradora) .
● gestora focal para resolução de erros.
● planejamento, arquitetura e desenvolvimento.
● levantamento de dados com as áreas de negócios.
● desenho: levantamento, especificação, homologação da arquitetura e resultado da análise
● bi. desenvolvimento de processos de extração de dados. (mapeamentos e atributos)
● etl arquitetura, desenvolvimento, auditoria, implementação e reestruturação (powercenter 9.x)
● desenvolvimento de procedures e querys (sql/pl, sql server, oracle)
● resultados obtidos: projeto de migração de sistema. um projeto de grande plataforma, onde o sistema de empresa todo seria desligado e ativado um novo. no primeiro ano foi feito somente a análise e planejamento de programação.
● participação em todo o ciclo de vida do projeto. feito go-live com sucesso, a empresa ficou somente 2 dias sem sistema em um feriado prolongado de natal que não é muito utilizado pelos usuários.

k2 consulting (02 a 04/2012)
empresa nacional de pequeno porte.
analista de sistemas sênior
● projeto pontual na claro(telecomunicações).
● etl implementação e reestruturação (powercenter).
● bi: mapeamentos e atributos. criação de filtros consolidados.
● data warehouse. dados de integração e relatórios.
● análise e especificações de projetos (uml)
● resultado obtido: projeto de integração de dados para a área comercial de uma nova condição comercial para clientes e não clientes.

bsi tecnologia(02/2011 a 01/2012)
empresa nacional de médio porte.
analista de sistemas sênior
● alocação banco itaú(seguros)
● análise (essencial, estruturada e funcional) e especificações de projetos (uml)
● levantamento de requisitos junto ao cliente (pmi, uml, jade)
● modelagem de dados e documentação (power designer)
● desenvolvimento de projetos módulos e classes (vb.net, asp.net, vb 6.0)
● desenvolvimento e reestruturação de procedures, querys e jobs (transact-sql , sql 2008, sybase)
● implementação e reestruturação de mapas (powercenter)
● resultado obtido: projeto de migração de dados do unibanco para os processos do itaú.

dedic jpti consulting (10/2010 a 01/2011)
empresa nacional de pequeno porte.
analista de sistemas sênior
● projeto pontual na banco santander.
● análise (essencial, estruturada e funcional) e especificações de projetos (uml)
● etl: desenvolvimento e transformação de dados (powercenter)
● coordenação e levantamento de requisitos junto ao cliente (pmi, jade)
● modelagem de dados (visio, project, jude)
● desenvolv
● imento de projetos windows forms (c#, vb.net, javascript, asp.net, xml, webtoolkit, vb6.0)
● desenvolvimento e reestruturação de procedures, querys e jobs (transact-sql, oracle, sql server)
● implantação e homologação
● resultado obtido: projeto de etl de mailing com diversos segmentos com dados telefônicos para a área de telemarketing ou atendimento de cliente.

bsi tecnologia(03/2010 a 10/2010)
empresa nacional de médio porte.
analista de sistemas sênior
● alocação banco itaú(interbancário)
● análise (essencial, estruturada e funcional) e especificações de projetos (uml)
● levantamento de requisitos junto ao cliente ( project)
● utilização das metodologias pmi e dama
● modelagem de dados e documentação (power designer)
● desenvolvimento de projetos windows forms (c#, javascript, vb.net, asp.net, vb 6.0)



● desenvolvimento e reestruturação de procedures, querys e jobs (transact-sql, sql server)
● desenvolvimento e reestruturação de mapas (powercenter)
● projeto de conciliação de sistemas de baixa e alta plataforma (mainframe, vb.net, vb6.0, db2)
● resultado obtido: projeto de alta complexidade por se tratar de sistemas e plataforma diferentes, tendo a finalidade de disponibilizar relatório em tempo real das taxas de negociações de interbancários.

pwc pricewaterhousecoopers (08 a 11/2009)
empresa multinacional de grande porte.
analista de sistemas sênior
● projeto pontual de rh e financeiro.
● análise (essencial, estruturada e funcional)
● especificações de projetos (uml, orientação objetos)
● desenvolvimento de projetos windows forms (html, c#, javascript, vb.net, asp.net)
● modelagem de dados (visio, project)
● elaboração de cenários e planos de teste
● manutenção em integração de dados (powercenter)
● desenvolvimento e reestruturação de procedures, querys (transact-sql, sql server)
● resultado obtido: projeto de sistema gerencial aplicando novas regras de negócios de recursos humanos e departamento pessoal na plataforma web.

fnac do brasil(04/2006 a 07/2009)
empresa multinacional de francesa porte.
analista de sistemas sênior
● desenvolvimento, implantação e reestruturação de sistema gerencial (análise essencial, estruturada e funcional, itil, orientação objetos)
● especificações de projetos (uml)
● implantação e homologação (source safe)
● desenvolvimento e reestruturação de procedures, querys e jobs (transact-sql , sql/ds, access, sql server)
● desenvolvimento de projetos windows forms, web services (c#, javascript, vb.net, asp.net, cristal report. vb 6.0)
● resultado obtido: projeto de etl de integração de dados. sistemas com processos ágeis. sistemas de cobranças e sistemas de auditorias de pedidos .
● projeto de auditoria de conta a receber dos boletos de pedido de compras com o foco de identificar as fraudes.

● centro educacional voluntário – professora de cultura (03/17 a atual).
● silteos informática – instrutor powercenter (01 a 06/16).

● cursando pnl programação neurolinguística - àpice.
● cursando inglês nível intermediário – skill.
● introdução spluck - 07/19.
● scrum – ess - 04/17.
● sap bw – trainning - 05/15.
● sap funcional foundations – trainning - 02/15.
● informatica powercenter developer – softte - 04/12.
● advanced data access with microsoft visual studio 2005 – brás & figueiredo - 09/07.
● uml – projeto de sistema orientados a objetos – impacta – 08/07.
● desenvolvimento programas com c# advenced – impacta - 02/07.
● introdução asp.net – impacta / certificado
",nao informado,nao informado,nao informado,outros
27813,,2021-06-28 15:42:28,Emanuella Campos,2021-06-28 15:42:28,Sr. Eduardo Peixoto,:,,nao informado,nao informado,nao informado,,,,,nao informado,nao informado,nao informado,nao informado,"objetivos

atuar na área de administração de banco de dados, infraestrutura, desenvolvimento de soluções e aplicação de novas tecnologias, desenvolvimento de projetos, suporte especializado, coordenação de suporte.

=====================================================================

cursos

db2 luw - database administration & certification workshop mainframe ult
itil® foundation v3
pacote office, windows e internet – avançado.
curso symantec endpoint protection 12.1: administration
montagem e manutenção de computadores – faculdades simonsen


=====================================================================

formação

superior graduação em desenho industrial - universidade carioca
formado em junho de 2009

2° grau técnico em informática – cael - colégio de aplicação emanuel leontisini
formado em novembro de 2001

=====================================================================

experiência profissional

empresa: g&p (cliente caixa econômica)
junho/2018 até hoje

analista de banco de dados

administração e execução das rotinas mainframe: banco de dados db2, ibm para os serviços do tso, jobs e control-m(alta plataforma);
administração e execução das rotinas ibm idms.
gestão de incidentes, serviços e geração de relatórios (sla) através do - bmc remedy itsm;



empresa: g&p (cliente caixa econômica)
setembro/2017 até junho/2018

analista de produção

controle e execução das rotinas de produção via control-m enterprise manager e power center(multiplataforma), unix e ibm b2b;
acompanhamento de rotinas mainframe – ibm para os serviços do tso, jobs e control-m(alta plataforma);
gestão de incidentes, serviços e geração de relatórios (sla) através do - bmc remedy itsm;


empresa: ctis/sonda (cliente caixa econômica)
maio/2017 até setembro/2017

analista de monitoração

monitoração de ativos e sistemas através das ferramentas: zabbix, netmaster, spectrum e icp monitor;
acompanhamento de rotinas mainframe – ibm para os serviços do tso, jobs e control-m(alta plataforma);
gestão de incidentes, serviços (sla) através do - bmc remedy itsm;


empresa: capgemini (cliente caixa econômica)
março/2016 até maio/2017

analista de monitoração

monitoração de ativos e sistemas através das ferramentas: zabbix, netmaster, spectrum e icp monitor;
acompanhamento de rotinas mainframe – ibm para os serviços do tso, jobs e control-m(alta plataforma);
gestão de incidentes, serviços (sla) através do - bmc remedy itsm;


empresa: ativas data-center (cliente light)
janeiro/2013 até fevereiro/2016

técnico de suporte nível 3

suporte técnico as equipes de n2 e n1, validação de novas funcionalidades em processos e suas respectivas ferramentas através de cenários apresentados; suporte técnico aos usuários, remoto e presencialmente;
suporte aos softwares da empresa, gdis, sap, fpw, suporte a pda técnico; atuando com as ferramentas: configuration manager, service manager console e sep (symantec endpoint protection), para acesso a terminais e distribuição de pacotes de dados, control-m, netbackup, spectrum, ibm storage, outlook, sap, scom, deploy (windows server, iis, com+, asp, ferramentas de automação de deploy);



empresa: ativas data-center (cliente light)
setembro/2011 até janeiro/2013

operador de infraestrutura

acompanhamento e atuação nos incidentes e processos de ambientes de alta complexidade;
criação e envio de relatórios, contendo os dados das rotinas monitoradas;
atuando com as ferramentas: control-m, netbackup, spectrum, ibm storage, outlook, sap, scom, deploy (windows server, iis, com+, asp, ferramentas de automação de deploy).


empresa: gol linhas aéreas
dezembro/2009 até setembro/2011

agente/líder

supervisão de equipe – setor de volumes;
criação e envio de relatórios de acompanhamento e volumetria.


empresa: empresa djr comunicação visual
julho/2008 até abril/2009

analista de projetos

responsável por projetos de pdvs para cervejaria petrópolis (itaipava); responsável pelas contas de clubes e escolas de samba.


empresa: work able
julho/2007 até julho/2008

analista de projetos

responsável pela conta da empresa schincariol;
apresentações de books de produtos para os clientes: schincariol, gomes da costa, baruel, mil marcas, sakura, itambé, mioranza;
monitoração do sistema informatizado de acompanhamento de pdv.


empresa: orbitall / contax
outubro/2003 até abril/2007

telemarketing

responsável pelas contas e linhas de crédito dos clientes itaucard.



empresa: solumática soluções para informática ltda
novembro/2001 até fevereiro/2002

técnico de suporte
montagem e manutenção de computadores; cotação e compra de peças com fornecedores; atendimento direto aos clientes.


empresa: colégio de aplicação emanuel leontisini
fevereiro/2001 até agosto/2001

técnico de suporte

suporte na informatização;
manutenção dos laboratórios de informática; instalação de redes.

=====================================================================

idioma

inglês: intermediário - curso wizard

=====================================================================

certificações

itil foundation certificate v3
z/os introduction & workshop
",nao informado,nao informado,nao informado,nao informado
24027,,2021-02-04 16:21:26,Ana Lívia Moreira,2021-02-04 16:21:26,Dra. Liz Mendes,:,,nao informado,nao informado,nao informado,,,,,nao informado,nao informado,nao informado,nao informado,"20/12/1973
parque rebouças – são paulo – sp

objetivo: analista de dbm/bi, desenvolvimento e manutenção etl
formação
técnico em processamento de dados - 1994 - cotemig (mg)
processamento de dados - 1997 - fumec (mg)
cursando tecnologia em banco de dados - ead - universidade cruzeiro do sul

idioma
inglês (conversação básico,escrita e leitura intermediário)
2017 – canpacific college - intercâmbio em toronto canadá – 4 meses

qualificações

utilização de ferramentas de etl como ssis, odi, datastage para desenvolver workflows e jobs;
uso contínuo de sistemas gerenciadores de banco de dados, db2, oracle developer, sql server e teradata
elaboração de documentos de validação de testes unitários.


experiência profissional

08/20 à atual deal

atividade: desenvolvimento etl
analista bi

 cardif/bnp paribas: projeto de implantação norma irrs17, operação e qualidade de dados (mis/bi), diretoria de bi (business intelligence), modelagem e desenvolvimento dos processos de etl (integration services), utilizando o dw (sql server),

06/18 à 08/2020 indra

atividade: desenvolvimento etl
analista de dbm/bi

 vivo: projeto dbm/bi - vivo (telefônica brasil).
analista de dbm/bi para telefônica na área de operação e qualidade de dados (dbm), diretoria de bi (business intelligence), para desenvolvimento, monitoramento e sustentação dos processos etl (integration services), utilizando o dw (teradata / oracle) e os data marts (sql server), bem como melhorando a eficiência dos processos etl (tuning), agregar novos indicadores (conhecimentos) para as demais áreas de negócio e clientes internos desta diretoria (bi).
criação e manutenção de scripts em t-sql (stored procedures e consultas sql) com foco na otimização e simplicidade na criação.
entendimento, análise e abertura de remedy (sistema de interação com ti) para correção de informações no dw a pedido dos usuários da diretoria de bi, a partir das evidências enviadas por eles, bem como nos casos em que nós identificamos os problemas de forma proativa. realização de follow up e análises da conclusão do chamado executada por ti para que sejam tomadas as providências necessárias.
garantir o sigilo e a integridade das informações manipuladas e monitoradas.
análise e senso crítico de desenvolvimento de novos projetos.

12/17 à 04/18 system interact

atividade: desenvolvimento etl
analista de bi

 mercado pago: desenvolvimento e manutenção etl utilizando a ferramenta integration services (ssis) e sql server;

 serasa experian: desenvolvimento e manutenção etl utilizando a ferramenta integration services (ssis) e sql server;


01/17 à 03/17 mjv tecnologia

atividade: desenvolvimento dw/etl
analista de bi

 bradesco seguros: desenvolvimento e manutenção etl utilizando a ferramenta integration services (ssis) e sql server;

09/07 à 07/16 keyrus brasil

atividade: desenvolvimento dw/etl
analista de sistemas

 bradesco: desenvolvimento e manutenção etl utilizando a ferramenta eti solution;

 odebrecht: desenvolvimento de solução de bi e criação do dw utilizando a ferramenta odi – oracle data integrator;
oracle e pl/sql, criação de procs, interfaces e packages;
arquitetura das integrações, tabelas e objetos do ebs para sistemas legados;
testes unitários, integrados e homologação
criação de documentação.

 c&a: migração do erp utilizando a ferramenta odi – oracle data integrator;
oracle e pl/sql, criação de procs, interfaces e packages;
testes unitários, integrados e homologação;
criação de documentação.

 cetelem: desenvolvimento e manutenção etl utilizando a ferramenta datastage;
criação de documentação.

 oi : desenvolvimento e manutenção etl utilizando a ferramenta integration services, criação e manutenção de procedures t-sql.

 porto seguro: desenvolvimento e manutenção etl utilizando a ferramenta datastage;
criação de documentação.


atividade: infra-estrutura
analista de suporte

 instalação, configuração e administração windows 2003 / 2008 / windows 7 / windows xp;
 instalação e configuração pacote office 2007 / 2010;
 administração dos serviços active directory, group police manager, dns, file server,print server, wsus e iis;
 administração de exchange server enterprise 2010/2013;
 gestão de backup utilizando as ferramentas backup exec 2010;
 firewall isa/fortigate;
 instalação e configuração virtualização vmware;
 suporte em sql server;
 instalação e manutenção servidores, desktops e notebooks dell;
 file server, antivírus, backup, terminal server, print server, atendimento a chamados, documentação de procedimentos, execução de projetos, troubleshooting de problemas e solução de incidentes, gerenciamento de e-mails, suporte aos fornecedores
 manutenção e configuração de smartphones e tablets;

03/06 à 07/07 ambev/pulsar

atividade: suporte técnico
analista de suporte
 suporte windows 2000/xp professional, configuração e administração ad,dns,dhcp, pacote office xp/2000/2003, exchange 2000, citrix (administração), vnc, anti-vírus (mcafee8.0), servidor de impressão, desktop, notebook, palmtop e thin client (instalação e manutenção)

07/03 à 03/06 brás figueiredo

atividade: suporte técnico
analista de suporte

 suporte windows 2000/2003 server/professional, pacote office xp standard, rede (administração e configuração), ad, dns, dhcp, isa server, exchange 2000/2003, rotinas de backup (arcserver/nt), anti-vírus (symantec 10.0), servidor de impressão, hardware.

06/02 à 06/03 teknisa
atividade: suporte técnico
analista de suporte
 suporte no sistema de gestão empresarial (erp) em módulos integrados, com banco de dados relacional (sql e oracle)
 implantação e treinamento de sistemas integrados. (estoque, suprimentos, compras, custos, planejamento, contabilidade, fiscal, documentos fiscais saída, documentos fiscais entrada, contas a pagar e receber, bancos, faturamento).


12/96 a 10/01 tribunal de contas de minas gerais
atividade: suporte ao usuário
analista de suporte
 suporte no windows 95/98, nt, rede( configuração e administração), pacote office, outlook express, hardware (impressoras e scanners), rotinas de backup, suporte no sistema do próprio tribunal (tramitação de processos).


02/95 a 08/96 cemig (companhia elétrica de minas gerais)
atividade: divisão de finanças
analista trainee
 desenvolvimento de sistemas grande porte (easytrieve – plus / jcl)

cursos extra curriculares
curso: mcp 2003 (2274/2275) entidade: brás &figueiredo
curso: windows nt (administração) (40 hs) entidade: impacta
curso: itil (20 hs) entidade: green
curso: curso: linux lp1 (120hs) entidade: 4linux
curso: devops (40hs) entidade: 4linux
curso: sql server 2008 (40 hs) entidade: impacta
curso: eti – ferramenta de etl (40 hs) entidade: keyrus do brasil
curso: odi - oracle data integrator (40 hs) entidade: keyrus do brasil
curso: datastage 8.5 (40 hs) entidade: keyrus do brasil
curso: powercenter 9.6.1 (40 hs) entidade: indra do brasil
",nao informado,nao informado,nao informado,nao informado
36620,JAVA,2022-06-02 09:21:16,Maria Clara Pires,2022-06-02 09:21:16,Noah Siqueira,:,,nao informado,nao informado,nao informado,,,,,nao informado,nao informado,nao informado,nao informado,"resumo
desenvolver java
objetivos profissionais
engenharia - engenharia computação, sistemas
informática, ti, telecomunicações - programador / desenvolvedor
informática, ti, telecomunicações - ti
informática, ti, telecomunicações - telecomunicações
pretensão salarial: r$ 6000,00 - 8000,00 (bruto mensal)
jornada: período integral
tipo de contrato: prestador de serviços (pj)
nível hierárquico: analista - consultor
formação acadêmica
ensino superior em engenharia da computação, universidade positivo em pr
jan. 2012 até jan. 2019
experiência profissional
desenvolvedor java, ntt data business solutions em curitiba - pr
mar. 2019 até o momento

informática, ti, telecomunicações - programador / desenvolvedor (especialista)

desenvolvedor full stack, fh consultoria em pr
mar. 2018 até mar. 2019

informática, ti, telecomunicações - programador / desenvolvedor (analista)

desenvolvedor full stack, fh consultoria em curitiba - pr
mar. 2017 até mar. 2018

informática, ti, telecomunicações - programador / desenvolvedor (estagiário)

informática
banco de dados
sql server oracle postgresql
programação
c c# c++ java python javascript html matlab
aplicações de escritório
libreoffice microsoft word microsoft powerpoint microsoft excel microsoft access
sistemas operacionais
windows linux
idiomas
português, nativo
inglês, intermediário
dados complementares
disponibilidade para viajar: não
disponibilidade para mudar de residência: não
carteira de habilitação: a, b
tipo de veículo: moto
dados pessoais
eduardo a.ugusto de sant'ana da silva
nasceu em 13 de junho de 1994, 27 anos.

masculino, solteiro

",nao informado,campo largo,parana,nao informado
18121,Consultor JdEdwards SR,2018-06-29 10:36:28,Luiz Fernando Santos,2021-10-28 11:21:06,Ayla Vieira,Outros: Importação,1970-06-01,masculino,casado,nao,TI - Projetos,,,,Ensino Superior Completo,Intermediário,Intermediário,nao informado,"principais qualificações

profissional com mais de 19 anos de experiência na área de informática, com diversos e importantes trabalhos de implantação e gerenciamento de projetos do software jdedwards/peoplesoft/ebs(,oracle), webmethods, datastage, especialmente nas atividades de configuração, análise funcional e modelagem de processos nas versões worldsoftware(a7.3, a9.1 e a9.2), oneworld b733.2, xe e enterpriseone b9.2, ebs(r12), webmethods(business connector com sap), bi (extração de dados p/ análises gerenciais, base de dados db2 e oracle) e balance scorecard(oracle).

consultoria: wipro
de: abril/2019 à atual


responsável pelo mapeamento dos processos que envolve a importação dos dados com base oracle para sql, utilizando a ferramenta de integração datastage, power bi e qlikview bi, para utilização no novo site da mapfre e criação de um projeto exemplo(financeiro) para qlik.
• experiência com desenvolvimento em access2010 / vba
• experiência com excel 2010
• criação de etl´s, visões dos dados utilizando o oracle server, (sql, view e configuração do próprio oracle), ou seja: criação de bancos de dados e tabelas/ índices.

desenvolvimento da modelagem de processo envolvendo todo o erp (jdedwards/peoplesoft/oracle), com uma visão de todas as áreas de negócio e os módulos que envolve o erp. essa modelagem tem uma visão de negócio e também técnico (programas e tabelas). essa modelagem contempla a identificação do processo e também os programas e tabelas (arquivos) envolvidas nos módulos de distribuição (compras e vendas), transporte (frete), manufatura, manutenção, estoque, ativo fixo, fiscal, financeiro (contas a pagar e receber), contábil e apuração de tempo de execução de cada tarefa.

analise e levantamento dos processos e entrevista com usuários dos departamentos.
modelos de estratégica: metas, oportunidades, variantes de produção.
modelos de processos back office, operacionais, visando aplicações e-business.
simulações e análise e otimização dos modelos de processos.
apurações de custo e tempo de cada processo.
desenvolvimento do activity based costing(abc)
modelos de processos: localização brasil, cadastro geral, distribuição (compras/vendas),
manufatura e manutenção.
ferramenta utilizada próvision, oracle, html, bizagi, interface com erp oracle(jdedwards/peoplesoft) (modeler), sap

cliente: qlik(qlikview), caixa econômica federal em brasilia, mapfre(power bi) e pasti sistemas.
consultoria: pasti sistemas ltda
período: dez/2017 à abril/2019




responsável e gerenciamento pelos trabalhos de configuração, análise funcional e treinamento a usuários para jdedwards (oracle)versão oneworld xe enterpriseone, no módulo de ordem de serviços de manufatura(abertura, apontamento, horas, cadastro de equipamento, aprovação, planejamento de distribuição (compras) e custos, e configuração de aai´s, no cliente agco-valtra.
consultoria: pasti sistemas ltda
de: abril/2016 até dez/2017

responsável pelo mapeamento e desenho dos processos e analise dos módulo contábil, fiscal(sped), vendas e estoque, já implantado, treinamento aos usuários(modulo contábil, fiscal, compras, vendas e estoque).

responsável e gerenciamento pelos trabalhos de configuração, análise funcional (melhorias) e treinamento a usuários para jdedwards versão wordsoftware a9.1 e a9.2(as400), no módulo de fiscal, compras, vendas, estoque e manufatura(custos).
fiscal:
parametrização impostos: pis/cofins/iss/csll/irrf, para os processos vendas e purchase order management.
correção código natureza de operação(cfop):, para os processo de faturamento(sales order), livro fiscal, registros as-of e recebimento

responsável e gerenciamento pelos trabalhos de configuração, análise funcional no jdedwards (oracle)versão wordsoftware 7.3, base de dados db2 no módulo de distribuição, manufatura, e interface com sistema legado de controle de qualidade, no cliente reckitt.
consultoria: c.a consultores associados -
período: jan/2012 até abr/2016

responsável e gerenciamento pelos trabalhos de configuração, análise funcional no jdedwards peoplesoft(oracle) e versão enterpriseone 9.1, no módulo de contabilidade, financeiro(contas a receber e contas a pagar, analise e configuração pagamento eletrônico e pagamento pelo processo dda), conciliação dos lançamentos entre financeiro e contábil, geração dos arquivos in86 e sped fiscal(mastersaf), no cliente brasanitas.
consultoria: c.a.(consultores associados/infojbs)
período: out/2012 a dez2013






responsável pelos trabalhos de configuração, análise funcional com jdedwards versão oneworldpeoplesoft, no módulo de fiscal, compras, vendas, ativo fixo, estoque e transportation, na electrolux accenture.
analise outsourcing(chamados), para as áreas transportation(criação de frete), fiscal, compras, vendas, faturamento, financeiro e interface.
analise problems(analise dos parâmetros configurado e analise do negócio), visando melhorias no processo e nas parametrizações.
analise de processo(mapeamento).
modelos de estratégica: metas, oportunidades, variantes de produção.
modelos de processos back office, operacionais, visando aplicações e-business.
simulações e análise e otimização dos modelos de processos.
apurações de custo e tempo de cada processo.
consultoria: accenture
período: dez2013 até dez/2014


responsável e gerenciamento pelos trabalhos de configuração, análise funcional (melhorias) e treinamento a usuários para jdedwards versão wordsoftware a9.2(as400), no módulo de fiscal, compras, vendas, estoque e manufatura(custos).
fiscal:
parametrização impostos: pis/cofins/iss/csll/irrf, para os processos vendas e purchase order management.
correção código natureza de operação(cfop):, para os processo de faturamento(sales order), livro fiscal, registros as-of e recebimento.
parametrização dos impostos lei da renda e iva(compras e serviços) para as filiais do chile)

vendas(sales order):
faturamento, emissão nfe(eletrônica), criação funcional para geração do arquivo na interface com o software (synchro) para transmissão e validação dos dados da nfe no sefaz(arquivo tipo xml).

compras(purchase order):
recebimento e contas a pagar.
configuração das aai´s(impostos): sales e purchase order.

manufatura:
criação de plano mestre (mps).
planejamento de produção (mrp)
planejamento de materiais, geração de pedido de compras.
configuração de pdm, roteiro de trabalho, centro de trabalho, apontamento de horas e lista de materiais.
configuração de constante de manufatura, item master.
configuração de aai´s de manufatura.
relatórios de acompanhamento.

clientes: parker hannifin, alcon laboratorios, ecolab s/a, reckitt benckiser, fike, melling e kraft food
consultoria: c.a consultores associados -
período: nov/2012 até mar/2015

configuração de custo de manufatura, responsável e gerenciamento pelos trabalhos de configuração, análise funcional e treinamento a usuários para peoplesoft/jdedwards (oracle), no módulo de manufatura(abertura, apontamento de matéria prima, horas, planejamento de distribuição(mrp,mps,drp) e custos, na dupont, park hannifin e alcon laboratórios.
• criação de plano mestre(mps).
• planejamento de produção(mrp)
• planejamento de materiais, geração de pedido de compras.
• configuração de pdm, roteiro de trabalho, centro de trabalho, apontamento de horas e lista de materiais.
• configuração de constante de manufatura, item master.
• configuração de aai´s de manufatura.
• relatórios de acompanhamento.
• configuração de custo de manufatura
• configuração de pessoal(rh) para execução do trabalho.
consultoria: c.a consultores associados -
período: nov2012 até dez/2016


responsável e gerenciamento pelos trabalhos de configuração, análise funcional e treinamento a usuários para jdedwards versão wordsoftware a7.3, a9.1 e onewold xe e 8.11 , no módulo de ativo fixo, parametrização de registros, compras de ativo e regras de depreciação(linear e acelerada) e contabilização,

responsável pelo mapeamento dos processos e analise dos módulo contábil, fiscal, vendas e estoque, já implantado, treinamento aos usuários(modulo contábil, fiscal, compras, vendas e estoque).

responsável pelos gerenciamento dos trabalhos de desenvolvimento de aplicativos e parametrização de sistema de controle orçamentário(quantitativo) e medição de obras civil, utilizando erp da oracle, para as construtoras beter, gafisa, andrades gutierrez e gerenciadora dersa.

responsável e administração do treinamento de balanced scorecard eb2 – oracle(11i) para caixa econômica federal em brasilia.
• mapeamento estratégico(perspectiva financeira, cliente, processos internos.
• perfomance de indicadores, dimensões, data sets
• visão gráfica do balanced scorecard.
consultoria: pasti sistemas ltda
de: abril/2012 até nov/2012

responsável pelo mapeamento dos campos para interface jdedwards e spedfiscal(mastersaf), na empresa ticona e na general mills spedfiscal(procwork – pw sati).
analise do ato cotep/icms junto da receita federal.
analise da entrega do arquivo na receita federal.

responsável pelo mapeamento dos campos para interface jdedwards(oneworld) na geração da nota fiscal eletrônica, na empresa ticona, acompanhamento de todo processo junto ao serasa na certificação(registro) eletrônica, registro na secretaria da fazenda, analise na geração e envio do arquivo e atualização no módulo contábil, fiscal, vendas e estoque.

analise e parametrização(jdedwards) do processo fiscal,(impostos, pis, cofins, ipi e icms) e distribuição(compras, vendas, importação e estoque e impostos fiscal), no cliente ticona.

responsável pelo treinamento do módulo de estoque na empresa avon, pela oracle, na versão b9(jdedwards).

responsável e gerenciamento pelo trabalho de business inteligent utilizanto a ferramenta mis alea para as áreas de vendas, marketing e financeiro para empresa farmacêutica sandoz.
• levantamento da necessidade junto com usuários, mapeamento dos processos.
• criação de dimensões.
• criação dos indicadores.
• criação dos cubos de vendas, callcenter, mercado(marketing) e financeiro.
• criação dos relatórios(front-end) de análises utilizando a ferramenta onvision.
• criação dos etl, utilizando o software import master(mis alea), base de dados oracle (erp ifs).

responsável por trabalhos de bi (extração de dados para relatórios gerenciais, no ambiente as400), utilizando sql(analysis manager), cognos, para as áreas financeiras, vendas, produção, ( clientes: parker hannifin, alcon laboratórios)
• levantamento da necessidade junto com usuários, mapeamento dos processos.
• criação de dimensões.
• criação dos cubos de vendas, financeiro.
• criação dos etl, utilizando o software cognos e sql(analysis manager), base de dados db2 (jdedwards).
‘
responsável pelos trabalhos de configuração, análise funcional e treinamento a usuários para jdedwards (peoplesoft,oracle)versão oneworld xe e 8.11, nos módulos distribuição/logística(estoque, compras,vendas, localização brasil), contas a pagar/ receber, livros fiscais de entrada(siap) e crédito e cobrança, manufatura(abertura de ordens de produção, apontamento de matéria prima, horas, apuração de custos na dupont cipatex.
consultoria: c.a.(consultores associados/infojbs)
período: jan/2012 a abril/2013


responsável pelos trabalhos de configuração, análise funcional e treinamento a usuários para jdedwards (peoplesoft,oracle)versão oneworld xe e 8.10, nos módulos distribuição/logística(estoque, compras,vendas, localização brasil e também parametrização dos impostos lei da renda e iva(compras e serviços) para as filiais do chile), contas a pagar/ receber, livros fiscais de entrada(siap) e crédito e cobrança, na galvani e d-link

responsável pelos trabalhos de configuração, análise funcional e treinamento a usuários para jdedwards (peoplesoft,oracle)versão oneworld xe e 8.11, nos módulos distribuição/logística(estoque, compras,vendas, localização brasil), contas a pagar/ receber, livros fiscais de entrada e ativo fixo, na construtora beter s/a e na siciliano suporte aos usuários e análise de performance no depto de logística.

configuração, análise funcional e treinamento a usuários no processo de retenção de ir, iss, inss, pis, cofins e csll na geração de voucher a partir do recebimento de pedidos de compras de serviços.

análise dos processos envolvendo as áreas de compras/ vendas e logística(lay-out e análise dos processos que envolve logística(armazenagem, crossdocking e expedição).
consultoria: c.a.(consultores associados/infojbs)
período: jan/2012 a jan/2013

experiência em integração, utilizando método b2b e eai entre de software(jdedwards(peoplesoft), siebel, maiframe, legados(oracle), sap(módulo de manutenção de equipamentos, vendas(contratos)), utilizando a ferramenta webmethods(business integration, business connector), tais como:
analise dos processos de integração, mapeando os pontos(campos) de integração
eai/b2b – integração entre erps, bases de dados diferente(maiframe, oracle,jdedwards, sap, siebel, visual basic, c++, planilhas excel.
consultoria: infojbs –
período: jan/2012 a out/2013

responsável pelos trabalhos de configuração, análise funcional e treinamento a usuários para jdedwards versão wordsoftware e oneworld b733.2 e xe e b9, nos módulos distribuição, trading, contas a pagar/ receber e ativo fixo, contabilidade (módulo orçamentário), manutenção de equipamentos e também desenvolvimento (programação – tools/jde) .
consultoria: c.a consultores associados
período: jan/2012 até nov/2015

experiência e destacada participação em trabalhos de modelagens de processos, tais como:
modelos de estratégica: metas, oportunidades, variantes de produção.
modelos de processos back office, operacionais, visando aplicações e-business.
simulações e análise e otimização dos modelos de processos.
apurações de custo e tempo de cada processo.
desenvolvimento do activity based costing(abc)
modelos de processos: localização brasil, cadastro geral, distribuição (compras/vendas),
manufatura e manutenção.

experiência na utilização de software específicos para tarefas de modelagem de processos, tais como jdedwards/(peoplesoft/oracle) solution modeler, próvision(próforma), designer2000 (oracle), business integrator(webmethods).

importantes trabalhos como especialista cnc, abrangendo todas as atividades de suporte técnico na instalação, configuração e geração de pacotes para distribuição nas estações, nas versões jdedwards oneworld b733.2 e xe em ambientes as400-db2, nt-sqlserver e unix-oracle, criação de ambientes nas versões wordsoftware b73 com 10.
instalação e configuração windows terminal server (citrix systems).
diversos trabalhos de desenvolvimento de workflow com jdedwards no módulo de compras, manutenção e manufatura.
desenvolvimento de relatórios gerênciais para diretores executivos, com base nas tabelas jde
coordenação de projeto de trading totalmente desenvolvido em plataforma lotus notes e lotus domino(as400).
consultoria: c.a consultores associados
período: ago/1997 até jan/2012

empresas de atuação:
ramo de atividade empresa
----------------------------- ----------------------------------------------------------------------------------------------------
comunicação metrored, diveo, horizon, d-link
farmacêutica alcon laboratórios, johnson & johnson, e-janssen, sandoz, melling
eletro eletrônico siemens (transformadores união), itautec philco, stemac, electrolux
tratamento óleo grupo lwart
construção civil construtora gafisa, construtora beter s/a, dersa, andrade gutierrez.
gases white martins, fike
forjaria sifco do brasil
produtos químicos ecolab s/a, galvani, reckitt benckiser
vidro cisper
centro de pesquisa cpqd – centro de pesquisa e desenvolvimento
varejo siciliano s/a, droga center
alimento
equipamento mineração kraft, agrana, outotec
",matematica,jundiai,sao paulo,outros
33113,Analista Programador,2022-01-27 16:38:18,Ana Camargo,2022-01-28 09:09:21,Srta. Agatha da Conceição,Outros: Selecionador entrou em contato,1985-01-29,masculino,uniao estavel,nao,TI - Desenvolvimento/Programação,,,,Pós Graduação Incompleto,Intermediário,Nenhum,nao informado,"36 anos – casado – 1 filho – brasileiro
jd. das laranjeiras - zona sul - são paulo

objetivo

programador

perfil

backend: .net framework e core, java, jsp, php, mvc, webapi, soap (+12 anos)

frontend: angular(+5 anos), reactjs (+3 anos), css3, javascript, bootstrap, jquery (+12 anos)

outros: windows forms, consoles applications, windows services, selenium.

banco de dados: sql server, oracle, mysql, mongodb, entity framework, hibernate (+12 anos)

ferramentas: visual studio, git, (+ 12 anos)

metodologias e patterns: agile, scrum, rup, ddd, mvc

infra: aws (s3, ec2, eks), windows server e iis, linux básico, iac.

formação

bacharelado em ciências contábeis
universidade braz cubas - jan/2020

tecnólogo em análise e desenvolvimento de sistemas
universidade braz cubas – dez/2018

técnico em telecomunicações

técnico em informática
senai - manuel garcia filho – 2003

certificações

devops essentials professional certificate (depc) - certiprof®

scrum foundation professional certificate (sfpc) – certiprof®

idioma

inglês: intermediário.
experiência profissional

bússola do investidor
período: desde 11/2020
rotinas: ajustar rotinas do time, diárias e atividades, ser ponto focal para processo de
descoberta com área de produtos, planejar
migrações e desenho de arquitetura de novos módulos. apoio a área de sre e operações,
desenvolvimento de provas de conceito e
revisão de código. manutenção de esteira devops.

shiftmind informática
período: desde 08/2019 a 11/2020
rotinas: desenvolvimento e liderança de ferramenta de gestão de folha de pagamento e
gestão de pessoas em ambiente asp net mvc, php, bootstrap, jquery, ms sql server.
desenvolvimento de micro serviço para sincronização erp e ecommerce linx,
usando asp net core web api, mongodb, hangfire e docker.
desenvolvimento e liderança de ferramenta de apoio a bi, usando t-sql criação de
cubo, dw e etl de dados, painel de controle usando asp net core web api e reactjs.
atuação em projeto de criação de pipeline para data ingestion usando azure
databricks e azure data lake para modelos de preditivos e visualização de dados (qlik).
gestão de deploy automatizado e fechamento de versão usando azure devops.

nèscara
período: 05/2019 até 08/2019
rotinas: criação de rotinas em apex e java, fluxos, processos e configuração. projeto de
entrada para diversos clientes de indústria química-farmacêutica, tendo em vista todas as
parametrizações de usuários, personalização componentes lightning e aura, e integração
entre sales force api e sap hana para sincronização de dados e dashboards.
atuação principalmente em ambiente de sincronização de dados sales force <> sap
4 hana <> sistema legado.

deloitte brasil
período: 08/2018 até 04/2019
rotinas: desenvolvimento de ferramenta para consultoria contábil, tributária, compliance
e auditoria com processamento massivo de dados de sped e notas fiscais, para
adequação a portaria cat 42/18 icms-st de substituição tributária.
desenvolvimento de processo de extração de dados em texto, xml,excel e sped
para bulk insertion em ms sql server e ms sql integration services.
tecnologias: php, c#, .net framework, entity framework, consoles applications,
windows services, asp.net mvc, jquery, bootstrap, git, ms sql em ambiente de gestão
scrum.

atento brasil
período: 09/2017 até 07/2018
rotinas: desenvolvimento de automação de sistemas e processos, rpa’s, usando
selenium, autoit, interop services, watin, watir com javascript, java, ruby, php.
reconhecimento de imagem com visão computacional (opencv) para automatizar
sistemas legados com interface não clicável e ocr com tesseract.
extração de dados usando técnicas de raspagem de dados usando selenium.
ambiente administrativo asp.net mvc, wcf, windows services.



ticket serviços / edenred group
período: 07/2014 a 08/2017.
rotinas: desenvolvimento de api rest de alta disponibilidade para o aplicativo de
consulta de saldo suportando base de 2,5 milhões de beneficiários.
sistema de tarifação em arquitetura de microserviços para tratamento e
transformação de grande quantidade de dados contratuais,
aplicativo móvel de consulta de saldo, detecção erros de ajustes para tunning de
ambientes, uso da ferramenta apm appdynamics.
.net framework web api, angularjs e 4+, nhibernate, consoles applications,
windows services, wcf, asp.net mvc, jquery, bootstrap, testes unitários com nunity e
karma, tdd/ddd, frameworks de ioc/di, scrum/agile e alm tfs/git, ms sql,
oracle, java.

fcamara
período: 03/2014 a 07/2014
rotinas: desenvolvimento de sistemas de incentivo para mercado de marketing/trade
marketing com foco em premiações e troca de pontos, em ambiente .net 4.5, asp.net,
mvc 4, entity framework com fluent, lambda expressions, gerenciamento de pacotes
com nuget, integrações com wcf, jquery, bootstrap, tfs em cloudapp e scrum,
mssql.

ecomm
período: 12/2013 a 03/2014
rotinas: sustentação de sistema gerenciador de conteúdo (cms). em ambiente asp.net
webforms, html, css, javascript, sql server.

ford motor company
período: 08/2013 a 12/2013
rotinas: desenvolvimento sistema gerenciador de conteúdo (cms). em ambiente
asp.net webforms, html, css, javascript, sql server, asp 3.0 (clássico).

intertox – toxicologia, riscos químicos e gestão de meio ambiente.
período: 04/2012 a 08/2013
rotinas: desenvolvimento de sistemas de gestão de meio ambiente para prefeituras, em
ambiente web com asp.net c#, php, entity framework, mvc 3 e portal com php oop,
bancos de dados postgres, oracle, ms sql server, java script, jquery, css, html,
webservices. levantamento de requisitos, coordenação de equipe, reuniões de
homologação com cliente.
grupo unite de call centers
período: 04/2011 a 04/2012
rotinas: desenvolvimento e migração de sistemas para mercado de callcenter e
cobrança, com foco em análise e mineração de dados, parametrização de atendimento e
fluxo de ligações, usando tecnologias asp 3.0 (clássico), php, asp.net c#, mvc, entity
framework, linq, html, css, java script, ms sql server, mysql, oracle, dbase, etl.

access report – sistemas para ações de marketing
período: 01/2007 a 04/2011
rotinas: desenvolvimento e migração de sistemas para mercado de callcenter e
cobrança, com foco em análise e mineração de dados, parametrização de atendimento e
fluxo de ligações, usando tecnologias asp 3.0 (clássico), asp.net c#, mvc, entity
framework, linq, html, css, java script, ms sql server, mysql, oracle, dbase, etl.
",analise e desenvolvimento de sistemas,sao paulo,sao paulo,outros
33188,,2022-02-02 09:42:21,Maria Clara Pires,2022-02-02 09:42:21,Rhavi Albuquerque,:,,nao informado,nao informado,nao informado,,,,,nao informado,nao informado,nao informado,nao informado,"

programador / desenvolvedor

código apinfo : 536.944

clique aqui para entrar em contato com o profissional
escolaridade : superior completo idade : 38 anos aceita propostas como : indiferente
disponibilidade : até 15 dias inglês : tecnico francês intermediário
sexo : masculino possui empresa aberta ? sim portador de necessidades especiais ? não
pretensão salarial clt : a combinar pj : a combinar última atualização :
bacharel em sistemas de informação, com sólidos conhecimentos e experiências em projetos e
desenvolvimento de soluções para ambientes web e integração de sistemas.
sou desenvolvedor sênior, além de já ter atuado como líder de técnico, analista sênior e gestor de
configuração.
atualmente tenho as certificações psm1(professional scrum master) e scjp(sun certified java
programmer).
como líder técnico:
- treinar novos membros da equipe na arquitetura do projeto.
- tirar dúvidas e resolver problemas na equipe.
como desenvolvedor sênior:
- fazer a modelagem dos dados.
- integrar equipe de definição de arquitetura.
- codificar e desenvolver testes automatizados.
como líder de configuração:
- configurar e manter integração contínua com o jenkins.
- gerar baselines para entrega, tags e branchs.
- criar release notes da aplicação e fazer deploy em servidores windows e linux.
- normalmente me envolvo diretamente com o cliente para auxiliar na configuração e deploy da
aplicação em
servidores.

experiência

desenvolvedor java sr. e líder de equipe at ctis tecnologia
junho de 2017 - setembro de 2017
__projetos:
- conta corrente, ipva e receita.
__atividades:
- decidir sobre tecnologias e definições de arquitetura do projeto.
- participar de reuniões com o cliente para entender suas necessidades.
- codificar partes complexas do sistema.
- fazer reuniões diárias com a equipe.
- distribuir atividades na equipe.
- fazer teste de unidade.
- gerar versões para entrega e testes.
- gerar release
- fazer o deploy da aplicação no cliente.
- manter a integração contínua com jenkins
__tecnologias usadas:
angular (não sou especialista), java 8, especificação jee 7, jboss 7, sistemas distribuídos com ejb,
hibernate, jpa, spring data (acesso a banco - repository), maven, jenkins (integração contínua),
webservice com soapui, oracle, rest, jpa, git.

java senior developer at grupo portfolio
abril de 2017 - julho de 2017
cliente unimed.
projeto:
- sabius:
sistema de apoio sabius - erp para o plano de saúde unimed fortaleza. java, jsf 1.2, jboss,
mybatis,
oracle.

team lead and senior system analyst at etice - empresa de tecnologia da informação do ceará
abril de 2014 - fevereiro de 2017
s2gpr: erp para o governo do estado do ceará. participação nos projetos: licita-web e fornecedor-
web
contratações diretas, assim como disponibilizam os instrumentos convocatórios e demais informações
sobre
os procedimentos de aquisição.
- tecnologias usadas:
java, seam framwork, jboss 5.1, richfaces, jpa/hibernate, postgres, ejb 3, maven, soap.

senior system analyst at instituto atlântico
fevereiro de 2010 - março de 2014
the atlântico is an institution that provides technology solutions and create value in the form of
innovation ,
to society and to their customers. have cmmi level 5 .
_ as senior system analyst and configuration manager:
using
ant and jenkins, make the generation of releases and deliveries to customers and empower or assist
you in
installing the application on their servers.
_ participation in projects :
companies . technologies used were java, jsf 2.0 , cdi , hibernate , jpa , poi , ireport , junit ,
glassfish , primefaces , mysql, glassfish .
• cpqd - timesheet : systems of hours worked control. technologies used were java, seam
framework,
hibernat , jpa 2 , poi , ireport , junit , jboss 5.1 , jsf 1.2 , richfaces , oracle 10.2.
• epson brazil : system with purpose of issuing cost reports with product warranties and control seals
fiscal
printers . technologies used were java, vraptor 3 , hibernat , jpa , ireport , junit , tomcat , jquery ,
javascript , oracle 8i .
. governo do ceara# – s2gpr: erp for the government of the state of ceará. technologies used
include
java, framwork sean, jboss 5.1, richfaces, jpa / hibernate, postgres, ejb 3, maven.
",nao informado,nao informado,nao informado,nao informado
33197,,2022-02-02 14:09:50,Maria Clara Pires,2022-02-02 14:09:50,Leonardo Cavalcanti,:,,nao informado,nao informado,nao informado,,,,,nao informado,nao informado,nao informado,nao informado,"

analista programador / desenvolvedor

código apinfo : 535.822

clique aqui para entrar em contato com o profissional
escolaridade : superior completo idade : 49 anos aceita propostas como : indiferente
disponibilidade : até 1 semana inglês : fluente espanhol intermediário
sexo : masculino possui empresa aberta ? não portador de necessidades especiais ? não
pretensão salarial clt : a partir de r$ 6.000,00 pj : a combinar última atualização :
interesse: desenvolvimento java (jsf2/jpa/primefaces)

últimas experiências:
técnico de suporte senior
migração da plataforma dataflex para natural/adabas

analista/programador
implantação balanced scorecard
companhia ferroviária do nordeste na área de operações

2006 norsa refrigerantes – cocacola fortaleza/ce
analista/programador
implantação bussiness inteligence sap

analista/programador p_d
implantação e administração datawarehose

analista de tecnologia da informação
desenvolvimento java web j2ee - jsf – ejb - oracle

2015 9i sistemas de informação fortaleza/ce
analista de tecnologia da informação
desenvolvimento java spring boot + angular - mysql

escolaridade superior:
graduação em sistemas de informação

conhecimento, cursos e interesses:
• j2ee, ejb, jsf2, primefaces
• datacenter, sas
• data warehousing, datamart, data mining
• gerência de projetos (pmbok)
• balanced scorecard
• erp e crm
• mysql, oracle, sqlserver
• linux servers, ubuntu, web servers
• asterisk voip (avançado)


fluências:
• português (nativo brasil)
• inglês (fluente)
• espanhol (conversação)
",nao informado,nao informado,nao informado,nao informado
33939,,2022-03-08 17:33:23,Elisa Barbosa,2022-03-08 17:33:23,Ana Luiza Campos,:,,nao informado,nao informado,nao informado,,,,,nao informado,nao informado,nao informado,nao informado,"brasileiro, solteiro, 38 anos
maracanaú, ce
objetivo
linux sysadmin
formação acadêmica
análise e desenvolvimento de sistemas - centro universitário estácio do ceará - 2018 -
fortaleza, ce
idiomas
inglês – avançado
resumo das qualificações
especialista em sistemas operacionais linux/unix e serviços relacionados, possuo mais de 10
anos de experiência em desenho, implementação e suporte de soluções baseadas em open
source. possuo um bom nível de inglês e possuo certificações na área, já atuei em grandes
empresas nacionais e internacionais com equipes mistas e distribuídas ao redor do mundo.
experiência profissional
inmetrics
período: 09/2021 a atual
administração de servidores linux (red hat) e serviços relacionados em ambientes “onpremise” (bare-metal e virtualizados). red hat high availability, gestão de contas com
openldap, postfix, patches e correções de segurança, lvm.
osf digital
período: 11/2018 a 04/2021
administração de servidores linux e serviços relacionados em ambientes de nuvem
públicas privada (aws). administração de servidores linux “on-premise” (bare-metal e
virtualizados). administração de firewalls (iptables e opnsense). atuar como sysadmin em
projetos de clientes com tecnologias de automação (saltstack, terraform, docker).
ferramentas de monitoramento (nagios, observium, icinga, prometheus, grafana).
ctis informática ltda
período: 07/2016 a 11/2018
administração de servidores linux red hat enterprise. alta disponibilidade com red hat
cluster suite e red hat resilient storage. gerenciamento de sistemas rhel com red hat
satellite. administração de sso com red hat sso. alta disponibilidade de web servers
usando apache reverse proxy e apache mod-cluster. suporte aos ambientes de ibm mq e
ibm websphere integration bus. scripting com shell script e python.
tivit
período: 07/2012 a 10/2015
gerenciamento da infraestrutura de servidores unix/linux (aix, tru64, redhat, oracle el e
centos). gerenciamento de ambiente ibm power systems com aix 6.1, 7.1, nim, alta
disponibilidade de sistema de arquivos com gpfs, volume group mirroring. administração
dos servidores zimbra. executar migrações, atualizações e manutenção de servidores de
produção e serviços de rede. implantação e gerenciamento de soluções de negócio em
ambiente linux. prestar suporte especializado a clientes corporativos. monitoramento
corporativo com xmon e nagios/centreon.
f13 tecnologia eireli
período: 05/2010 a 07/2012
administração de redes e sistemas linux (ubuntu, debian e centos), atendimento de 2º
nível aos clientes, implantação e manutenção de diversas soluções em software opensource
providas pela empresa (zimbra, bacula, squid proxy, etc).
esmaltec eletrodomésticos
período: 02/2004 a 05/2010
administração dos servidores linux e windows, administração do servidor de correio
interno (sendmail, dovecot), administração do servidor de intranet (apache), administração
do servidor de domínio (samba e openldap), administração do sistema de engenharia
teamcenter, suporte de 2o nível a usuários.
cursos realizados
ibm integration bus v10 administration
instituição: ibm online training
duração: 40 horas
ano/previsão de conclusão: 2018
intercambio general english
instituição: cork english academy, cork city - irlanda
duração: 6 meses
ano/previsão de conclusão: 2016
",nao informado,nao informado,nao informado,nao informado
30349,,2021-10-13 14:59:46,Clara Rios,2021-10-13 14:59:46,Ana Liz Mendonça,:,,nao informado,nao informado,nao informado,,,,,nao informado,nao informado,nao informado,nao informado,"software engineer
engenheiro front-end responsável por criar ferramentas de integração e
desenvolvimento.
realizou coaching de desenvolvedores juniores que se juntaram à equipe,
fazendo sessões de programação em pares, enquanto trabalhava com
engenheiros seniores para definir roteiros e priorizar recursos.
o projeto foi desenvolvido com react js, xamarin, android e ios
instituto atlantico, fortaleza, brazil – (fev 2021 - atual)
maur trabalhos
icio
holanda
f r o n t - e n d d eve l o p e r
sobre
sou desenvolvedor front-end moro em
fortaleza-ce com 3 anos de experiência
e com diversos trabalhos paralelos na
indústria de software. minha área de
foco nos últimos anos tem sido o
desenvolvimento de front-end com
react, mas também tenho habilidade
em desenvolvimento de back-end com
node e php. sou uma pessoa criativa e
intuitiva, com grande desejo de
aprender novas tecnologias para
aprimorar meus conhecimentos.
skills
- javascript
- react native
- react
- kotlin
- node
- html5/css
contato
address: fortaleza, ceará / brasil
mobile and web developer
desenvolvimento e reestruturação do aplicativo utilizado por logísticos em
supermercados com o objetivo de otimizar a usabilidade e reduzir o tempo
em suas atividades diárias.
criou novas funcionalidades para os aplicativos whitelabel.
o projeto foi desenvolvido com react js, react native e kotlin.
mercadapp, fortaleza, brazil – (abril 2020 - jan 2021)
mobile and web developer
para ajudar a lutar contra o covid-19, aceitei uma bolsa de estudos no esp,
onde faríamos várias aplicações para hospitais parceiros.
foi criado um sistema web para catalogar, reparar e redistribuir ventiladores
mecânicos.
para os médicos, foi criado o isus um aplicativo móvel, onde você tem
consultórios, documentos e serviços. levei a liderança da equipe até o seu
lançamento.
para cadastrar, estudar e monitorar os pacientes que tiveram covid foi
criado o registro-covid, um aplicativo web foi criado.
o projeto foi desenvolvido com react js, react native.
esp public health school, fortaleza, brazil – (apr 2020 -
jul 2020)
mobile developer
i foi responsável pelo desenvolvimento e manutenção de um aplicativo
para stream de notícias, vídeos e podcasts desenvolvido pelo jornal.
o projeto foi desenvolvido com react native.
o povo, fortaleza, brazil – (oct 2019 - mar 2020)
full stack developer
criei um novo aplicativo para gerenciar planos de backup e manter os
demais aplicativos da empresa, nsnmobile (aplicativo interno), vamos
postar (aplicativo de entrega de mercadorias).
manutenção e criação de novas funcionalidades nos sistemas web nsn
o projeto foi desenvolvido com react native, yi
",nao informado,nao informado,nao informado,nao informado
13846,"Ser reconhecido pelo meu trabalho, gerando resultados, de forma a possibilitar crescimento qualitativo e quantitativo aos envolvidos.",2019-01-23 16:51:56,Aylla Leão,2019-01-24 07:20:59,Ayla Nascimento,Indicação de colaborador: Contato realizado pelo RH da empresa por Samanta Dias.,1995-09-17,masculino,solteiro,nao,TI - Banco de Dados,"Conhecimento do Setor: Gestão de Projetos, Análise de Requisitos, Análise de Dados, Banco de Dados, Processos ETL, Agile, Scrum e Kanban. Ferramentas e tecnologias: DB2, SQL Server, MySQL, UDTFs, Procedures, Views, Functions, Scripts, SAS e Tableau. Ferramentas ETL (IBM infosphere DataStage, IBM Data Science Experience, IBM Cognos Integration Server, SSIS), Python, Spark, Cobol, C#, html5, css3, GitHub e Jira.",,,Ensino Superior Completo,Intermediário,Nenhum,Português - Fluente,"
informações de contato
nacionalidade – brasileira
estado civil – solteiro / data de nascimento – 09/17/1995

experiência profissional
perfil profissional da área de tecnologia da informação, com perfil desenvolvedor, responsável por desenvolver e implementar processos etl na área de business intelligence (bi) que visa o desenvolvimento de um trabalho objetivo e gerador de resultados, de forma a possibilitar crescimento qualitativo e quantitativo aos envolvidos.

histórico:

09/2018 – data atual
profissional brq, brasil
desenvolvedor etl ssis
- implementação de rotinas etl na ferramenta ssis e migração de dados entre diferentes bases como: sas, sql server e arquivos csv/txt;
- criação de scripts sql e sas;
- desenvolvimento e administração de procedures, views e functions, visando a qualidade da estrutura, coleta, tratamento e visualização dos dados.
- modelagem de dados, administração, monitoramento, tasks, controle de acessos;
- metodologia ágil para gestão e planejamento do projeto utilizando jira;

04/2017 – 09/2018
international business machines - ibm, brasil
desenvolvedor etl datastage
análise, desenvolvimento e implementação de processos etl utilizando as ferramenta ibm infosphere datastage 11.3 , ibm cognos integration server e ibm data studio para manutenção e criação de jobs e scripts sql, atuando no desenvolvimento da nova arquitetura de dados para o projeto enterprise performance management - epm.
- concepção e desenvolvimento de processos e rotinas etl;
- prover, manter e otimizar jobs e sequências etl;
- prover, manter e otimizar user defined table functions (udtf);
- banco de dados db2/sql server;
- criação de dashboards, scripts e apurações;
- trabalhando com interações para uma ou mais áreas de assunto dentro do modelo dimensional para construção de banco de dados para data warehouse;
- levantamento de requisitos junto ao cliente, mapeamento e documentando estruturas relacionais e dimensionais de manipulação e integração dos volumes de dados;
- metodologia ágil para gestão e planejamento do projeto.

08/2016 - 04/2017
international business machines - ibm, brasil
desenvolvedor - .net
criação de aplicações informatizadas, desenvolvendo, implantando e mantendo sistemas de acordo com as metodologias e técnicas utilizadas no projeto fiat - automóveis, visando atender os objetivos estabelecidos quanto à qualidade, prazos e benefícios.
atuando com desenvolvimento e manutenção de sistemas em ambiente web, utilizando as seguintes tecnologias: asp.net (c#), uml, html5, linq to sql, asp.net mvc 4, entity framework, jscript, css, jquery e interações json.
banco de dados: sql server e mysql.
desenvolvimento e implementação etl, utilizando a ferramenta microsoft sql server integration services (ssis).

02/2016 - 08/2016
international business machines - ibm, brazil
programa build to plan (btp)
análise e desenvolvimento de sistema estruturados, utilizando linguagen cobol (bath e tso), com interação a banco de dados db2, na realização de cades administrados pelo projeto banco safra.

08/2015 - 01/2016
fundação do desenvolvimento administrativo - fundap, brazil
suporte técnico

habilidades:
e valores adaptabilidade, bom humor, dinamismo, responsabilidade, dedicação ao trabalho a fim de alcançar objetivos, facilidade no relacionamento interpessoal e aptidão para desenvolver trabalhos em equipe.

cursos e treinamentos:

• cursos e treinamentos – ibm (hortolândia):
- curso de mainframe básico – (6 horas);
- curso de programação cobol – (60 horas);
- curso de cobol com db2 – (42 horas);
- curso de sql fundamentals – ( 24 horas);
- curso de java basic – ( 24 horas);
- curso de python basic – (10 horas);
- curso de introduction big data – (2 horas);
- curso de ibm design thinking foundations – (16 horas);
- curso growing with consulting – (8 horas).

• curso de linguagem programação java – orientada a objetos (80 horas) – abútua facens.
• segurança da informação – (23 horas) – fundação bradesco.
• processo de desenvolvimento de software – (12 horas) – fundação bradesco.
• engenharia de requisitos – (26 horas) – fundação bradesco.
• curso complementar em auxiliar departamento pessoal – (senai-sorocaba, concluido em 2008).

formação acadêmica

faculdade de tecnologia de itu - fatec, sp/brazil
curso: análise e desenvolvimento de sistemas
início – agosto/2013 / término – dezembro/2016

idiomas:
inglês – nível intermediário
português – fluente
",analise e desenvolvimento de sistemas,sorocaba,sao paulo,indicacao de colaborador
39527,COBOL,2022-09-21 10:27:00,Emanuella Campos,2022-09-21 10:27:00,Juliana da Mata,:,,nao informado,nao informado,nao informado,,,,,nao informado,nao informado,nao informado,nao informado,"
35 anos / brasileira / solteira / capital de sp


objetivo analista de sistemas / suporte
experiência 2022 - atual noorden services
são paulo - sp
consultora de sistemas
alocação na empresa sulamerica
atuação em projetos de seguros utilizando cobol,
jcl e db2 e também sql e oracle
utilização de metodologia ágil.

2018 - 2021 itaú-unibanco
são paulo - sp
engenheira de sistemas
atuação na área de dados do banco - equipe de
crédito;
criação e aperfeiçoamento de modelos de crédito
para melhores e mais precisas análise e concessão
de crédito;
troca de massa de dados / código entre a alta
plataforma (mainframe / cobol) e a baixa (hadoop e
outros);
desenvolvimento em cobol/jcl/db2 tanto em sistemas
legado quanto novas funcionalidades envolvidas nos
projetos;
utilização de metodologia ágil seguindo os ritos de
daily, planning, retro/review, entre outros;
envolvimento em todas as fases de um projeto:
requisitos, desenvolvimento, testes, implantação e
pós-produção.

2015 - 2018 banco safra (seguradora)
são paulo - sp
analista de sistemas sênior
manutenção e sustentação de sistemas de seguros
(sustentação) com programação em mainframe/cobol
com utilização de db2, jcl, cics.
liderança em projetos de seguros, fazendo a gestão
dos prestadores de serviços. tecnologias em alta
(cobol) e baixa plataforma (sql - stored procedures
- sistema i4pro e oracle
suporte e atendimento de chamados das áreas
internas do banco em relação aos sistemas -
disponibilidade, usabilidade, etc.
envolvimento em todas as fases de um projeto:
requisitos, desenho das fases, desenvolvimento,
testes, implantação e pós-produção.

2011 - 2015 yasuda-marítima-sompo seguros
são paulo - sp
analista de sistemas pleno
atuação na área de backoffice da empresa
(cobranças, comissões, rotinas bancárias, etc).
consultorias;
sustentação de sistemas com suporte e atendimento
tanto aos corretores de seguros como à produção
(abend de rotinas, indisponibilidade de arquivos,
entre outros).
contato com o software de bi (business
intelligence) ""qlikview"";
participação no projeto de downsizing da empresa,
passando de mainframe para neobatch, com uso diário
de ambas tecnologias;
desenvolvimento com uso de cobol/mainframe (db2,
jcl, procedures) e sql.
conhecimento em erp protheus (totvs/microsiga);
envolvimento em todas as fases de um projeto:
requisitos, desenho das fases, desenvolvimento
quando necessário, testes, implantação e
pós-produção.
representante da gerência em demandas/eventos
externos.

2008 - 2011 itaú-unibanco
são paulo - sp
analista de sistemas junior
área de tecnologia da seguradora (unibanco aig) e
tesouraria/contabiliade do banco itaú;
atuação nos projetos de fusão (unibanco aig x porto
seguro, unibanco x itaú), com contato direto com as
áreas de negócio;
contato com as empresas de fontes de informação,
andima, etc.;
programação, análise, documentação, planejamento,
implantações, testes, manutenção e sustentação dos
sistemas no mainframe com uso de cobol, db2, jcl e
outros, stored procedures, sub-programas, querys,
sql;
atendimento e suporte às rotinas de produção
(abends, indisponibilidade de dados, entre outros).
são paulo - sp
pós graduação em gestão de seguros e previdência
privada
são paulo - sp
bacharelado sistemas de informação
godoy são paulo - sp
técnico em informática.
cursos
extracurricular2017 ka solution
es são paulo - sp
querying microsoft sql server 2014
transact -sql, programação mirosoft sql server.

2013 yasuda
seguros são paulo - sp
qlikview - business intelilgence
módulo usuário e programação, com conhecimento nas
rotinas usuárias e ferramentas de desenvolvimento.

2010
itaú-unibanco são paulo
- sp
formação mainframe completa
jcl, db2,programação, tratamento de abends, db2 -
performancee, ferramenta changeman, cobol avançado.


idiomas inglês - intermediário.
",nao informado,sao paulo,sao paulo,nao informado
34172,,2022-03-16 18:57:05,Elisa Barbosa,2022-03-16 18:57:05,Evelyn Gonçalves,:,,nao informado,nao informado,nao informado,,,,,nao informado,nao informado,nao informado,nao informado,"brasileiro, solteiro, 26 anos
jardim morada do sol, japurá – pr
objetivo
controller, arquiteto de soluções em t.i, analista de sistemas, analista de dados.
formação
● graduado em ciências contábeis - universidade estadual de maringá - uem cianorte pr.
● conclusão do ensino médio em 2009 – colégio rui barbosa japurá pr.
experiência profissional
● 2019 – conect s/a - remote paraguay (atual).
produção de grãos e gado de corte/leiteiro e business analytics power b.i.
● 2015 –2018 virtual age – by totvs.
age, nas áreas de contabilidade, fiscal, administração de frete, recursos humanos.
● 2012 – virtual age – by totvs.
federais, estaduais e municipais, experiência em escrituração fiscal, lançamentos contábeis,
arquivos xml e parametrização de sistema (ncm, cfop, cst, icms e ipi)
● 2011 – virtual age – by totvs.
auxiliando na entrega mensal das obrigações sped, efd-icms/ipi, efd-contribuições e
ecd-contábil de 2011 a 2012.
principais atividades: compra e venda, emissão de notas fiscais e controle de almoxarifado.
qualificações e atividades complementares
● curso de inglês – wizard cianorte (em andamento)
● curso de espanhol - katuete-py (em andamento)
● dale carnegie training – relações humanas (conclusão em 2012)
● português – fisck cianorte (conclusão em 2011)
● curso e escrituração fiscal digital sped(conclusão em 2011)
informações adicionais
● conhecimento avançado em excel, power b.i
● disponível para viagens e morar em outra cidade.
● carteira de habilitação a – b
",nao informado,nao informado,nao informado,nao informado
34185,,2022-03-17 10:29:03,Ana Camargo,2022-03-17 10:29:03,Olivia Vargas,:,,nao informado,nao informado,nao informado,,,,,nao informado,nao informado,nao informado,nao informado,"desenvolvedor cobol

reside em são paulo – sp
tecnologia cobol
idioma inglês – intermediário
disponibilidade de início 2 semanas
resumo de qualificações
•conhecimento técnico
windows
internet
access
word
excel
power point
visio
project
erwin
rational requirements composer
rational team concert
rational clear quest
jira

•desenvolvedor
zos
cobol
vsam
tso
jcl
cics
db2
easytreive
java (java 8 e 11, springboot, apache camel, jsf, jpa, jps, ebj, git, mongo db, oracle, postgresql, soap, rest, apigee)

formação
análise e desenvolvimento de sistemas

universidade cruzeiro do sul virtual – são paulo – previsão de término: dez/2021

experiência profissional
santander brasil tecnologia – 11/2017 até atual:
função: analista sênior/scrum master
análise e desenvolvimento em linguagem java 8 e 11, springboot, apache camel, jsf, jpa, jps, ebj, git, mongo db, oracle, postgresql, soap, rest, apigee
realização de construção de programas e realizações de testes unitários (processo de fábrica) em ambiente altair e legado (construções realizadas utilizando o changman).
alocação em squad de riscos para realizar tarefas em metodologia ágil
elaboração de documentação técnica (proc’s e malhas de processamento batch), através de pesquisa nas bibliotecas de jcls, consultadas através do tso. análise para a construção das documentações como especificações de programas, especificações de proc’s, especificações de malhas e especificações de arquivos.
atuando como scrum master de mesa ágil.
estimativas de projetos para desenvolvimento em mesa ágil.
controle de horas/valor da equipe e pagamentos as consultorias de prestador de serviço
atuando como coordenador de projetos em dois sistemas pdd (provisão de devedores duvidosos) e garra (workflow de proposta de crédito).

indra company – 03/2014 até 11/2017:
banco santander - 03/2014 até 11/2017:
função: programador pleno
análise e levantamento de requisitos funcionais (ddr) para elaboração de definição de sistemas (dds)
elaboração de documentação técnica (proc’s e malhas de processamento batch), através de pesquisa nas bibliotecas de jcls, consultadas através do tso. análise para a construção das documentações como especificações de programas, especificações de proc’s, especificações de malhas e especificações de arquivos.
realização de construção de programas e realizações de testes unitários (processo de fábrica) em ambiente altair e legado (construções realizadas utilizando o changman).
alocação na squad riscos (garra) para realizar tarefas em metodologia ágil
aberturas de peticíon (tarefas) na ferramenta remedy
processo de documentação e construção no iib (ibm integration bus)

resource – 02/2011 até 10/2013:
banco citibank – 07/2013 até 10/2013:
função: analista de sistema junior
análise e construção/alteração de programas e realizações de testes unitários, em ambiente roscoe, utilizando a linguagem cobol/adabas e natural.

banco santander – 07/2011 até 06/2013:
função: analista de sistema junior
elaboração de documentação técnica (proc’s e malhas de processamento batch), através de pesquisa nas bibliotecas de jcls, consultadas através do tso. análise para a construção das documentações como especificações de programas online e batch, especificações de proc’s, especificações de malhas, especificações dos processos de up e down de arquivos e especificações de arquivos. foram utilizados como ferramenta de documentação vision e word da microsoft.
elaboração de manual de produção e alterações no manual de usuário, utilizando word.
análise e desenvolvimento de sistemas em ambiente altair e legado (construções realizadas utilizando o changman).
criação/alteração de modelo de dados utilizando a ferramenta erwin
elaboração de planilha de controle de módulos concorrentes entre projetos do mesmo sistema
utilização de diretório para anexar documentação dos projetos na ferramenta rrc (rational requirements composer) e rtc (rational team concert).
utilização da ferramenta service center

banco ge money – 04/2011 até 06/2011:
função: documentador – projeto de migração de ferramentas de trabalho
migração de documentação do support central para o red mine

banco santander – 02/2011 até 03/2011:
função: documentador – projeto de negativação e reabilitação

macrobyte – 11/2010 até 01/2011:
função: instrutor de informática

cursos e certificações
curso técnico
dedic gpti treinamentos (mainframe)

certificação
",nao informado,nao informado,nao informado,nao informado
34206,Desenvolvedor Java,2022-03-18 10:05:10,Clara Rios,2022-03-18 10:05:10,Liam Jesus,:,,nao informado,nao informado,nao informado,,,,,nao informado,nao informado,nao informado,nao informado,"riacho fundo i / df
brasileiro / 32 anos
objetivo
atuar na área de arquitetura e desenvolvimento de sistemas de informática.
formação acadêmica
ciência da computação - bacharelado
uniceub – centro universitário de brasília
segurança da informação - especialização
iesb – instituto de educação superior de brasília
certificações
aws certified solutions architect - associate
vmware spring certified professional 2021
scjp – sun certified java programmer, java se 5
scwcd – sun certified web component developer, java ee 5
scbcd – sun certified business component developer, java ee 5
csm – certified scrummaster
psm i – professional scrum master i
experiência profissional
abastece-aí (3 meses)
arquiteto de soluções
análise de arquiteturas e soluções, prospecção/desenho de soluções envolvendo em
java, spring, nodejs, microservices, aws, sqs, rabbitmq, .net, android, ios e flutter.
uso do lucidchart para desenho de soluções.
cirruls tecnologia (5 meses)
consultoria java
migração de serviços para a nuvem azure.
análise de arquitetura baseada em microservices utilizando java, spring framework,
spring boot, azure web apps, linux, docker. legado em jsf, ejb e jboss.
implantação de ci/cd utilizando azure devops.
tjdft (1 ano e 6 meses)
arquiteto/desenvolvedor java sênior
definição e implementação de arquitetura baseada em microservices utilizando java,
spring framework, spring data jpa, spring webflux, spring rest mvc, spring cloud
(gateway, security, discovery etc), openshift container platform, docker, gitlab
(repositório, integração contínua/entrega contínua), devops, gitops, kubernetes. jwt,
sql, graphql (dgs framework), flyway, cache (caffeine), ddd (domain driven
design). mongodb (logs).
integração com serviços em graphql.
integração com sso (keycloak).
análise/migração de sistemas legados em asp/asp.net.
angular, bootstrap, ant design, docusaurus (react) e outros frameworks no front-end.
tjdft (1 ano e 9 meses)
especialista em segurança da informação
apoio na elaboração de políticas de segurança da informação.
implantação de solução self service password para ldap/active directory.
gestão de vulnerabilidades com ferramentas openvas e tenable nessus.
análise e pocs de ferramentas de gestão de acesso privilegiado (pam), cyberark,
beyondtrust etc. gestão de acesso de usuários. análise de rede.
análise de ferramentas de logs/siem (splunk, logrhythm etc)
pentest/testes em sistemas diversos utilizando (burp suite, zed attack proxy (zap),
metasploit entre outros).
tjdft (11 meses)
desenvolvedor java sênior
desenvolvimento e manutenção de sistemas legados (jsf, jboss, java 6). análise,
correção de bugs e melhorias. novos sistemas em angular, spring boot (java 11), html
5, css 3, material design e outros.
análise/integração de sistemas com apis rest em php (symfony).
stj (1 ano e 9 meses)
full stack java sênior
definição e implementação de arquitetura de software em angular/spring boot (java).
ddd (domain driven design), junit, testes de integração, sonar.
segurança das aplicações utilizando spring security e certificado digital.
configuração/otimização de servidor apache http server e jboss (mutual authentication).
migração de código em java applets para java web start.
desenvolvimento e manutenção de componentes corporativos em java.
análise de sistemas legados em delphi.
inep (3 meses)
arquiteto java
definição e implementação de arquitetura de software em angularjs / javaee 6.
definição de soluções java.
desenvolvimento e manutenção de componentes.
análise/avaliação de código dos sistemas.
gerenciamento do sonar, jenkins e servidor jboss.
banco central do brasil (3 anos e 7 meses)
analista/desenvolvedor de sistemas
análise de sistemas financeiros.
desenvolvimento de sistemas corporativos.
java (wicket, spring framework, hibernate, struts, ejb, junit, concordion, fit, jenkins,
sonar)
.net (asp.net web forms, c#, linq). reporting services e sharepoint.
banco de dados ibm db2 e sql server.
integração com componentes em ejb.
metodologias ágeis de desenvolvimento scrum/xp. pair programming.
técnicas de desenvolvimento de software como tdd, atdd e ddd. specification by
example.
banco central do brasil (9 meses)
programador java
desenvolvimento em java web utilizando as seguintes tecnologias: wicket, spring,
hibernate, jpa, maven 2, ant, struts, ejb, jboss, websphere, jsp, ajax,
jasperreports/ireport, freemarker, xml.
criação/configuração de jobs/batch em quartz (java).
configuração de aplicações em ambiente de homologação e produção.
banco de dados ibm db2.
gas tecnologia (4 meses)
trainee em programação
desenvolvimento em java web (jsf, facelets, xhtml, xsd, xml, javascript) de
componentes para o sistema gas web, manutenção de sistema em
plataforma .net(c#/wpf). metodologia de desenvolvimento xp (extreme programming).
humano – inteligência digital (2 meses)
estagiário
desenvolvimento em java web utilizando as seguintes tecnologias: jsp, struts 1 e 2, tiles,
sql, javascript, jdbc, svn, oc4j e jboss 4. banco de dados oracle e postgresql.
",nao informado,distrito federal,distrito federal,nao informado
37477,Java,2022-07-11 14:18:45,Melina Fernandes,2022-07-11 14:18:45,Maria Fernanda Pinto,:,,nao informado,nao informado,nao informado,,,,,nao informado,nao informado,nao informado,nao informado,"
software development specialist - java developer - jee / spring / oracle

experienced solution-oriented professional with over 15 years of experience in all aspects of the
software development lifecycle, from analysis and design to execution and maintenance. proficient
in java platform development with oracle database, along with mysql and postgresql, spring
boot framework, microservices and apis.

work experience

self employed - software development specialist
actuator tecnologia da informação ltda.
01/2016 - present
● utilize keycloak iam and wso2 identity server to implement single-sign on with oauth 2.0 /
openid connect.
● utilize spring boot to develop pix (brazilian instant payment) banking apis integration for
customers to improve their payment methods.
● utilize spring boot and micronaut to implement backend payment methods for mobile
application.
● led a team of 3 junior developers on a mobile development project.
● responsible for the aws infrastructure operations for deployment of the payment methods api
backend.
● conducted requirements gathering, database modeling, design system architecture and writing
technical offers.
● collected data on social network, applied data cleaning and used data science strategies to
discover insights.

application development specialist
united nations development programme agency
05/2013 - 11/2015
● worked on the brazilian biodiversity information system - sibbr project, exercising technical
leadership, integrating data sets and developing web applications to present information from
● managed server infrastructure for applications deployment.
● used spring boot and jee to implement rest web service.
elasticsearch.
● traveled to bogotá, berlin and panama city to participate in collaborative workshops.

self employed - consulting
decolde consultoria em tecnologia da informação
01/2012 - 03/2014
● worked as pre-sales solutions architect for oracle consulting partner.
● conducted requirements gathering and cost estimation.




1 of 3
systems analyst
unisys datamec
11/2010 - 01/2012
● worked on the development of caixa econômica federal real estate credit projects.
● responsible for removing duplicate records in the oracle database, improved the data
structure, migrated data, used pl/sql for database routines implementations, developed,
maintained and integrated jee systems with the mainframe platform.

technology assistant
prodemge cia. de ti do estado de minas gerais
07/2009 - 11/2010
● worked on the development, architectural design and leadership of teams in environmental
regularization systems, health systems and education systems.
● conducted requirements gathering, ui prototyping, data structure modeling, uml systems
modeling, implemented xsd, xml structures and web services for electronic exchange of
clinical data, implemented pl/sql routines for loading data from legacy systems into the
oracle database.

java developer
net linx / miles 33
01/2009 - 07/2009
● worked on the development, maintenance and improvements of the advertising system using
jsf and oracle database.

integrations analyst
gtpi serviços de ti e sistemas de informações
11/2007 - 01/2009
● worked on the development and architectural definition of claro's corporate sales management
systems, integrated with sap and mobile system for cell phone activation.
● conducted requirements gathering, data structure modeling, development of soap web
services with jee, pl/sql development, data migration from mysql databases to oracle on
linux platform.

systems analyst
casa de software consultoria oracle
01/2006 - 11/2007
● worked on defining architectural solutions, requirements gathering, business modeling, data
structure modeling for commercial proposals.
● used jsf to implement web systems with oracle database.
● used pl/sql to implement client server systems in oracle forms and oracle reports
environments.

technical skills

languages: java, sql, pl/sql, r, python.
databases: oracle, mysql, postgresql, mongodb.
frameworks: spring boot, spring jpa, spring batch, jee, micronaut, mybatis, ejb, jms, jdbc,
hibernate.
cloud services: aws (ec2, s3, rds, route 53, elastic beanstalk, cloud watch).
operating system: linux / unix
containers: docker, kubernetes

2 of 3
tools / applications servers: keycloak iam, wso2 identity server, activemq, wildfly application
server.

education

bachelor of science in computer science
pontifícia universidade católica de minas gerais - puc minas
08/2001 - 12/2005

courses

2015 - wildfly 8 administration.
2008 - abap training.
2008 - sun education brasil, java ee applications development (fj-310-ee5).
2008 - sun education brasil, java 6 programing language (sl-275).
2006 - oracle partner casa de software, oracle database 10g: program with pl/sql.
2006 - oracle partner casa de software, oracle database 10g: introdução ao sql.
2003 - instituto de informática da puc minas, linux operating system administration.

idioms

portuguese - native
english - intermediate level




3 of 3
",nao informado,belo horizonte,minas gerais,nao informado
39236,Java/Angular,2022-09-12 09:30:47,Laura Pacheco,2023-02-03 15:46:46,Otávio Martins,:,,nao informado,nao informado,nao informado,,,,,nao informado,nao informado,nao informado,nao informado,"escolaridade : superior completo idade : 42 anos aceita propostas como : pj
disponibilidade : imediato inglês : fluente
sexo : masculino possui empresa aberta ? sim portador de necessidades especiais ? não
pretensão salarial clt : a partir de r$ 18.000,00 pj : a combinar última atualização : 08/09/22
são paulo/sp - 42 anos, casado

bacharel em ciência da computação
(uscs – são caetano do sul/sp – dez/2004)


objetivo

desenvolvimento back-end/front-end com java, javascript e tecnologias correlatas de mercado, como
spring e angular. apto para liderança técnica de equipe, elaboração e disseminação de padrões e
boas práticas.

resumo e habilidades

perfil fullstack sênior, com inglês avançado, e mais de 20 anos de experiência profissional em ti,
principalmente como desenvolvedor java, atuando desde a concepção e análise, passando por
modelagem de dados, back-end e front-end:
• experiência principal em pesquisa e desenvolvimento de soluções com java;
• experiência em liderança técnica de time de desenvolvimento;
• experiencia em levantamento de requisitos, análise e modelagem de dados;
experiência nas tecnologias: linguagem: java, javascript, typescript. java: jse 5 a 8, servlets,
jsp, jstl, jsf, ejb, jpa. framework: angular, spring, hibernate, struts. web: html, css,
jquery. sgbd: oracle (pl/sql), mssql server (transact/sql). servidor: websphere, tomcat,
glassfish, apache, jboss. versionamento: git, cvs, subversion. automação: maven, ivy, ant.
webservices: rest, soap (wsdl).

experiência

mai/19 a jun/22 - analista desenvolvedor java - ezly tecnologia ltda
· liderei equipe para desenvolvimento de demandas de clientes e soluções internas.

mai/17 a mai/19 - [freelancer]
· atuação como freelancer e consultoria.

nov/16 a abr/17 - analista desenvolvedor java - indra brasil s/a
· trabalhei alocado em cliente na manutenção e adição de funcionalidades ao site da empresa
utilizando soluçao de portais com java.

jul/15 a nov/16 - analista desenvolvedor java - ezly tecnologia ltda
· trabalhei no desenvolvimento de sistemas da fábrica de software da empresa.
· ajudei na disseminação de conhecimentos técnicos e de padrões arquiteturais entre a equipe.

out/14 a abr/15 - analista desenvolvedor java - tempo assist
· trabalhei com a manutenção, desenvolvimento, teste e qualidade do sistema de atendimento de
clientes pelo help desk da empresa.

set/12 a set/13 - analista desenvolvedor java - bvmf
· atuei na implementação de sistemas para publicação de indicadores ao mercado utilizando tibco
streambase (ferramenta para complex event processing (cpe) de baixa latência).
· trabalhei também em sistema web interno para correção e acompanhamento de publicações ao
mercado.

ccee, utilizando soluções ibm e oracle, como o servidor websphere 7, rad 7, oracle 11, além de
frameworks e componentes de mercado, como jquery, maven, etc.

set/10 a dez/10 - analista desenvolvedor java - bsi tecnologia
· atuei na especificação e posterior implementeção de sistema de controle de boletos para cliente
financeira de grande porte com a utilização de rad 7, websphere 6 e banco de dados oracle e
enterprise architect.

elétrica para o ano de 2010 utilizando oracle, j2se, hibernate, maven, subversion, e etc.

nov/08 a ago/09 - desenvolvedor java - cardif do brasil seguros e garantias s/a
· atuei em projeto web para venda direta de seguro em parceiros de negócio utilizando spring
framework, struts, hibernate, j2ee.
· participei ativamente na elaboração e implementação de sistema web de pós venda de seguro,
utilizando javaserver faces, facelets, hibernate, j2ee.

out/07 a out/08 - desenvolvedor java - stefanini it solutions
· atuei na aymore em projeto para renault de gerenciamento de concessionárias utilizando j2ee,
jsf, websphere, rad7, uml, rup.
· atuei no banco real em projeto de assinatura digital de documentos utilizando j2ee, e servidor
de aplicação proprietário do banco.

abr/05 a fev/07 - desenvolvedor - vox editora ltda
· [mesma função da experiência anterior].
· atuei em projeto para controle interno de ordens de serviço utilizando j2se, hibernate, mysql;

fev/04 a abr/05 - desenvolvedor - grafiplan editora ltda
· atuei em projetos de emissão de boletos de dados variáveis para clientes tais com banco safra e
sky utilizando vb6, msaccess, mysql, sql server 2000;

jul/03 a out/03 - desenvolvedor - ias integração e automação de sistemas ltda.
· atuei em projeto de automação industrial para petrobrás utilizando vb6;

jan/03 a jun/03 - desenvolvedor - ncs tecnologia
· atuei em projeto de gestão empresarial para ceratti utilizando vb6 e sql server 2000;

mar/02 a dez/02 - desenvolvedor - konexão kalçado
· atuei em projeto de gestão de lojas do ramo de calçados vb6 e sql server 2000;
",nao informado,sao paulo,sao paulo,nao informado
24165,,2021-02-09 17:42:38,Ana Lívia Moreira,2021-02-09 17:42:38,Maria Flor da Rosa,:,,nao informado,nao informado,nao informado,,,,,nao informado,nao informado,nao informado,nao informado,"analista business intelligence
skype : garcia.analista
objetivo
business intelligence arquitetura:
seguimento de arquitetura de b.i nos processo de desenvolvimento de kpi’s e geração de
dashboard e bsc que necessitam de conhecimento senior em sua arquitetura . analisar regras de
negócio e avaliar a potencialidade (acurácia) dos kpi’s que farão parte do dash ou bsc e reports a
serem desenvolvidos. cruzar informações departamentais(células) à procura de novos indicadores
para os stakeholders.utilizar as melhores técnicas de data mining - kdd que visa obter
conhecimento através de mineração de dados e demais tarefas que constituem uma implementação
de b.i corporativo.
qualificação
graduado em sistemas de informação expert em base de dados (analise de dados ) .
atuo 12 anos como arquiteto e analista em projetos de b.i e executive information system
,desenvolvendo modelos de data warehouses e data mart fazendo uso de metodologias molap e
rolap de acordo com a necessidade do b.i usando modelos star schema e snowflakes de forma
botton up ou top down utilizando integração de dados corporativos dentro do modelos propostos
(etl) . desenvolvendo interfaces de dash,bsc e reports com microstrategy desktop e microstrategy
web profession , microstrategy analytics desktop e microstrategy mobile com base na estratégia da
corporação aumentando o desempenho dos indicadores extraídos utilizando recursos de
performance tuning do microstrategy administration e elaboração de painéis customizados com os
recursos do microstrategy sdk .atuante na elaboração de indicadores(kpi’s) utilizando técnicas de
data mining – (kdd)
formação
mit big data and social analytics (2016) online curse – em andamento
business & computer training institute bct - business studies (2011)- uk.
pec - fgv - contabilidade e finanças (2009)- br
instituto brasileiro de tecnologia avançada ibta - sistema de informação (2008)
senai suíço brasileiro - técnico em infomática (2003) – ’br.
carreira profissional
2016 – 2016( 6 months) – gft italy
responsável pela liderança técnica neste projeto para dirigir todas as melhores práticas para o
desenvolvimento do modelo de data mart , tão bem como ,gerenciar massiva quantidade de
mart , gerenciando informação delta (slow changing dimension) , criação de script etl para
preencher todas as tabelas no modelo de dados, criando sequence e jobs no datastage usados para
chamar scripts shell no unix para executar o processos de tpt teradata e tarefas usuais
correlacionada com o ambiente de business intelligence corporativo.
2016 – 2016( 4 months) – gft spain
o projeto teve como escopo a migração de dados de dois bancos tsb do reino unido e sabadell
banco espanhol. com a aquisição do tsb o banco sabadell necessitou compreender as lacunas de
negócios entre o tsb e o banco sabadell para integrar informações no edw. para isso foi projetado
um novo modelo de armazenagem de dados (edw) para atender todos os requisitos de negócios e
dar suporte a algumas ferramentas olap como sas e microstrategy. as informações carregadas no
novo modelo veio de plataformas legado como ibm mainframe, sap e msp(hipotecagem).
especificamos os processos técnicos para fazer a extração e integraçao dos dados do tsb para o
banco sabadell desenvolvemos regras de etl como transformação, fusão de processos, lookup
tables update, e outras tarefas usuais em migração de dados corporativos para serem integradas
em um data warehouse.
nas atividades exercidas atuei desde levantamento de requisitos técnico e funcionais para área sbi
do itaú fazendo entrevistas com os stakeholders para identificar necessidades de kpi’s demandados
pelos departamentos,tão bem como desenhar soluções analíticas tanto na camada de dados “etl”
quanto na camada semântica “olap” usando no framework de soluções possíveis ferramentas tais
como : cognos ,tableau,microstrategy e datastage assim como control –m para monitorar e executar
os agendamentos da malha de processos das soluções business intelligence adotadas pelos
projetos.
2013 – 2014( 1 year and 3 months) – abril educação
atuante no levantamento funcional e técnico , desenvolvendo e coordenando processos direcionados
a arquitetura de business intelligence da abril educação. ativo no planejamento da modelagem de
dados utilizada no enriquecimento das informações do dw corporativo ,dados nos quais foram
integrados apartir de extrações de um legado erp oracle (ebs) através de rotinas de etl criadas
com a ferramenta pentaho .na camada olap foi utilizada a ferramenta microstrategy para geração
de balanced scorecards ,dashboards e relatórios operacionais assim como seus artefatos
(métricas,atributos e dentre outros ) acessados pelos stakeholders por meio de interfaces web e
mobile e também subscrições de envio por e-mail da ferramenta microstrategy. focado em apoiar as
células departamentais atingirem suas metas , baseadas na estratégia corporativa , desenvolvíamos
kpi’s e novos modelos lógicos na camada olap com base na coleta do requisite do negócio , afim
de garatir análises eficazes tão bem como a manuteção ,administração e homologação de todo
ambiente analítico da corporação .
2012 - 2013 ( 1 year and 2 months) vodafone - uk
desenvolvimento de modelagem de dados (snowflakes , star schema) em banco de dados
teradata, via sql teradata. relatórios e entrega de informações para os usuários corporativos
utilizando ferramentas microstrategy . coleta de requisitos de negócio e avaliação do impacto das
mudanças nos modelos de negócios mi de dados (teradata e microstrategy) manutenção do
modelo de dados (data warehouse). orientar e auxiliar os power users na utilização do modelo
lógico olap para melhores técnicas de desenvolvimento de relatórios, evitando esforços
2011 – 2012 (1 year and 3 months ) shv group - makro

latin american project, que teve como objetivo desenvolver painéis e balanced scorecard em
executivo em demandas de decisão para área de varejo.criamos write back relatórios e outros
painéis usando internacionalização recurso do microstrategy , criando um desenvolvimento
centralizado, neste projeto também criamos indicadores preditivos e kpi's tais como : ebitda, market
share e alguns outros indicadores que refletiam o negócio em questão. utilizamos um star schema
model junto com cubos afim de deixar o modelo mais performático devido a grande quantidade de
dados dentro de repositório de data warehouse.optamos por utilizar como método de distribuição
de relatórios o narrowcast serve para fazer distribuição para cada usuário com base em seu perfil e
seu securty filter ( subscrição dinâmica).
",nao informado,nao informado,nao informado,nao informado
24298,,2021-02-12 19:25:00,Ana Lívia Moreira,2021-02-12 19:25:00,Pietro Cassiano,:,,nao informado,nao informado,nao informado,,,,,nao informado,nao informado,nao informado,nao informado,"
brasileiro, 47 anos, casado, 1 filho
objetivo
tecnologia
perfil profissional
entre minhas características básicas encontram-se: adaptabilidade, bom humor, dinamismo, responsabilidades, perfeccionismo, auto-exigência, dedicação ao trabalho e bom relacionamento em geral, disponibilidade para viagens.
formação
• escolaridade
formação superior completa.

• graduação
sistema de informação, faculdade radial (julho/2007) - concluída.
idiomas
espanhol: leitura básica, conversação básica.
inglês: leitura básica, conversação básica.
histórico profissional
• linx – tecnologia da informação – de novembro/2019 a atualmente
(empresa de grande porte no segmento ti)
analista p&d
• desenvolvimento de pdv em linguagem visual foxpro.
• sql server (procedure, trigger, view, select, insert, update, delete)
• sustentação do produto pdv.
• experiência na ferramenta jira para gestão de incidentes (acompanhamento de sla, priorização)
• team foundation service - tfs

• canetas crown - de fevereiro/2007 a outubro/2019
(empresa de médio porte no segmento indústria)
analista de sistemas
• coordenador de projetos e implantação, analise de processos, levantamento de requisitos.
• desenvolvimento de erp em linguagem visual foxpro.
• sql server (procedure, trigger, view, select, insert, update, delete)
• desenvolvimento em vba.
• automatização industrial, manutenção do sistema da empresa, manutenção dos módulos já existentes alocando novas funções solicitadas pelos diretores.
• suporte aos colaboradores da empresa por acesso remoto (vnc, teamviewer), treinamento de colaboradores.
• administração de servidores windows server 2003/2008/2012, active directory, gpo, dhcp, dns, administração de redes, implementar as políticas de segurança dos servidores, firewall (watchguard, sonicwall), definir rotina de backup dos servidores, virtualização com função hyper-v.

• contractors - de agosto/2006 a fevereiro/2007
(empresa de grande porte no segmento tecnologia e informática)
estagiário programação
• desenvolvimento de software em foxpro 9.0, sql server, asp.

• oxivida - oxigênio e ortopedia - de julho/2004 a abril/2006
(microempresa no segmento saúde, hospitalar e laboratorial)
auxiliar administrativo
• encarregado da área de faturamento, cotação e compra de equipamentos hospitalares, atendimento a clientes.

• viação aérea são paulo - vasp - de dezembro/1995 a novembro/2002
(empresa de grande porte no segmento transporte e logística)
encarregado de serviço de comissária
• supervisor no departamento de comissária.
• assessoria direta a gerência geral.
• supervisão nacional no controle serviço bordo, auditoria e treinamento de funcionários.
• redução de custos com planejamento de embarque de serviço de bordo, conferência do faturamento de catering, emissão de gap(guia de autorização de pagamentos) de notas fiscais.
• supervisão e emissão de awb e notas fiscais.
• encarregado de cotação e compra de materiais, supervisão na expedição e recebimento de materiais para o brasil e exterior, encarregado da contabilidade da área de serviço de bordo, planilhas, gráficos (gastos, custos).

informações complementares
certiﬁcado bpmn 2.0 – analista de processo de negócios(trainning), certiﬁcado ant - analista de negócios de ti(trainning), certificado sql (impacta tecnologia),
programa de implantação da qualidade total do trabalho(efetuado em brasilia - df).

pretensão salarial
• a combinar
",nao informado,nao informado,nao informado,nao informado
24308,Analista BI Jr.,2021-02-12 21:36:54,Agatha Montenegro,2021-04-01 13:15:32,Rebeca Cavalcante,Indicação de amigo:,1992-11-19,masculino,solteiro,nao,TI - Banco de Dados,,,,Ensino Superior Completo,Intermediário,Nenhum,nao informado,"

formação

• curso: tecnologia em analise e desenvolvimento de sistemas
• instituição: centro universitário projeção
• conclusão: 2020/2

• graduação: engenharia civil crea – 24515/d-df
• instituição: universidade católica de brasília – ucb
• conclusão: 2016/2


cursos

• montagem e manutenção de computadores e redes;
• automação de testes com ruby;
• powerbi data science academy;
• ibm datastage 11.5.


qualificações e atividades adicionais

• pacote office;
• windows;
• inglês intermediário;
• mysql;
• ibm db2;
• etl com datastage v11.5 e v11.7.

experiências profissionais

• outubro de 2019 – stefanini
• maio de 2019 – instituto brasília de tecnologia e inovação – ibti
principais atividades: estudos e implementação dos produtos wso2, como por exemplo o api manager e o enterprise integrator.
duração: 5 meses
• março de 2019 - conselho administrativo de recursos fiscais - carf
duração: 2 meses
• fevereiro de 2013 – svc construções as spe
principais atividades: auxiliar no acompanhamento da execução de obras de edificações, medição, acompanhamento e entrega de serviços.
duração: 1 ano
• janeiro de 2010 – tribunal regional eleitoral do df tre df
principais atividades: analisar, conferir e arquivar documentos, formulários, impressos ou relatórios diversos, auxiliar na elaboração de documentos, relatórios, planilhas ou formulários, cadastrar dados, auxiliar na montagem de quadros de avisos.
duração: 11 meses


certificações

• devops essentials professional certificate(depc) emitido em 12 de janeiro de 2019 pela certiprof®

• scrum foundation professional certificate(sfpc) emitido em 11 de janeiro de 2019 pela certiprof®
",analise e desenvolvimento de sistemas,brasilia,distrito federal,indicacao de amigo
24309,,2021-02-12 21:40:03,Agatha Montenegro,2021-02-12 21:40:03,Liam Borges,:,,nao informado,nao informado,nao informado,,,,,nao informado,nao informado,nao informado,nao informado,"53 anos brasileiro (a) casado

objetivo : bussiness intelligence
resumo de qualificações

 experiência em modelagem de dados relacional e dimensional, integração, higienização e manipulação de grandes volumes de dados, automatização e otimização de rotinas em bancos de dados.

 experiência em desenvolvimento e manutenção de processos etl através das ferramentas ibm infosphere datastage, power center, knime e sql server integration services, analysis services, knime, tableau, powe bi.

 experiência em modelagem de dados, desenvolvimento e tunning de procedures, package, functions, triggers de banco de dados oracle, sql server e sybase.

 experiencia em produtos de automóveis, vida e affinity nos módulos emissão, cobrança corporativa, cosseguros e sinistros.

 experiencia em processo de integração de dados utilizando software ag webmethods para a criação de barramento e webservice.

 experiencia em condução de equipes de desenvolvimento (sustain/projetos), tanto no tocante a controle orçamentário quanto em contexto técnico.

formação acadêmica

pós-graduação em analytics e bussiness intelligence – conclusão em 07/2021.
pontifícia universidade católica de minas gerais.
pós-graduação em arquitetura de softwares distribuídos – concluído em 2017.
pontifícia universidade católica de minas gerais.
graduação em análise e desenvolvimento de sistemas – concluída em 2004 universidade metodista de são paulo.

cursos correlatos
• certiufcação amazon aws solutionm architect (udemy)
• formação engenheiro de dados: hadoop, hive, squuop
• asp.net core - web api (udemy)
• asp.net core 2.2 - signalr - comunicação em tempo real (udemy)
• power bi aplicado a problemas reais - metricas + kpis (udemy)
• tableau 2018 - terinamento de tableau para data scientists(udemy)
• business intelligence: introdução à inteligência empresarial.
• etl com integration services: modelo de dados.
• etl com integration services: transformação de dados.
• developing microsoft asp.net web applications using visual studio.net.
• developing microsoft .net applications for windows.
• building com+ applications using microsoft net enterprise services.
• analyzing requirements and defining ms .net solution architectures.
• análise e projeto orientado a objetos-uml-com enterprise architect.
• arquitetura de componentes e design patterns.

vivência profissional
07/2019 a banco votorantim.
especialist d usines ntelligence sr.
atividades: responsável pelo desenvolvimento camada de stage e dimensional da área de controles contábeis, com intuito das automações de processos manuais e criação de relatórios e dashboard.
criação de modelo de dados de dados dimensional, utilizando modelo star schema.

01/2017 a 06/2019 vayon insurance solution.
nalist d usines ntelligence sr.
clientes: grupo segurador bb mapfre, banco votorantim
affinity em software ag webmethods.
desenvolvimento da camada stage da migração legado (tronador) para atual (tronweb), participando desde o levantamento de requisitos até a implementação em datastage e oracle.

03/2017 a 12/2017 bnps tecnologia. (minha empresa)
nalist d usines ntelligence sr.
clientes: banco itau unibanco (03/2017 a 08/2017)
atividades: responsável pelo desenvolvimento dos:
• projeto dk9 carteiras de empréstimos/investimentos da holding itausa em datastage, oracle, sql server.
• projeto e-social em sql server integration services e sqlserver.
clientes: banco votorantim (05/2017 a 09/2017)

04/2012 a 12/2016 confitec tecnologia em seguros.
nalist d b integração.
clientes: grupo segurador bb mapfre
atividades: atuação no processo de integração, mapeamento e melhoria de processos entre as áreas de emissão, cobrança e subscrição de riscos dos produto automóvel, re e affinity, utilizando ibm datastage, software ag webmethods e mashzone, oracle/ sql server.
desenvolvimento do processo de subvenção federal, desenvolvido em ibm datastage, para a captação das propostas, emissões, sinistros, pagamento de prêmios, onde os dados eram armazenados em oracle/ sql server e software
ag webmethods para criação do processo de workflow de envio e retorno junto ao ministério de agricultura, pecuária e abastecimento.

01/2011 a 04/2012 qbe seguros brasil.
nalist d egocios sr.
atividades: responsável pela implantação de processo formal de documentação para apoiar ao desenvolvimento de projetos. gerenciando projetos de empresas fornecedoras de soluções tecnológicas. responsável por criar documento de estudo de viabilidade de projetos em conjunto com a área comercial e financeira. confecção documentos de visão, entendimento, análise de requisito, especificação de caso de uso e cenários de testes.

06/2007 a 01/2011 globalti.
nalist d usines ntelligence sr.
clientes: grupo segurador bb mapfre
atividades: participação na manutenção dos módulos de emissão, ssr, cobrança nos produtos de vida da empresa nossa caixa mapfre s/a. participação no desenho e solução do módulo de comissão e
",nao informado,nao informado,nao informado,nao informado
24310,"Crescimento profissional, net parking,",2021-02-12 21:42:42,Agatha Montenegro,2021-07-15 09:08:15,Liz Alves,Indicação de amigo: Whadapp,1969-12-31,masculino,casado,nao informado,Novos Negócios e Parcerias,,,,Ensino Superior Completo,Intermediário,Nenhum,nao informado,"
brasileiro, nascido 17/10/1972, casado, 02 filhos

qualificações

sólidos conhecimentos em conceitos de business intelligence, hoje trabalhando com a ferramenta datastage (mas também conhecimento com integration service da microsoft, tableau e power bi), para realizar rotinas etl, tenho também participação em levantamento de dados com usuário para desenvolvimento de novas rotinas, assim como modelagem de dimensões e tabelas fatos, utilizando o power desinger e o enterprise architec; conhecimento em banco de dados sql, oracle, netezza e db2.
fortes conhecimento em unix assim como programação shell.
como sou proveniente da programação estruturada, possuo também conhecimento de linguagens de programação c/c++.

experiência profissional

fev-2021/dias atuais – ctis
fazendo parte de equipe que presta serviço para à polícia rodoviária federal, na utilizando ferramenta de extração datastage e acessando a banco teradata.

dez-2020/fev-2021 – jump label solutions

dez-2020/jan-2021 – analitica si
fazendo levantamento e modelagem de dados para a embasa, para composição de fatos e dimensões de acompanhamento de obras utilizando a ferramenta sap-sas acessando bancos de dados postgresql, sob a forma de contratação pessoa jurídica

jul-2013/nov-2020 - mirante tecnologia

ago-2010/jul-2013 5acts
responsável junto à infraero pelos levantamentos de regras de negócios para fatos e dimensões, criação de documentos de usuário (modelos de especificações, reunião de acompanhamento de projeto), modelagem de dados, extrações e tratamento de dados de base oracle® e sql server® e tratamento e qualidade de dados na ferramenta da datastage da ibm® e automatização para o ambiente unix.

mai-2009/jul-2010 montreal
implantação de ambiente de dw completo, desde a escolha de ferramentas de etl e olap, incluindo levantamento de requisitos, criação de tabelas e auxílio na elaboração de documentos para licitação.

mai-2007/mai-2009 atech
dando suporte aos sistemas de radares do cindacta i (brasília), dando auxílio à instalação de versões de software de aproximação de aeronaves e o monitoramento de aeronaves militares do espaço aéreo brasileiro, auxilio aos controladores no manuseio do sistema, .

fev-2005/abr 2007 – unitech
desenvolvendo funcionalidades e acrescentando inovações para extração de dados no ambiente dataware house da brasiltelecom, utilizando script shell, eti, ferramenta de automatização de processos, gerando fontes em c, cobol, usado para extração e população de banco de dados oracle e db2, e syncsort (ferramenta de extração e transformação de dados)
administração de ambientes unix, assim como estruturação de ambiente etl, assim como metodologia e padronização de diretório entre produção e desenvolvimento, auditoria em processos etl (fluxo etl, mapa etl, mapa de conversão, especificação de conversão e mapa de automação).


formação acadêmica

1995 – curso superior em processamento de dados pela universidade potiguar - rn


habilidades específicas e cursos

2010 - datastage - enterprise edition e datastage – quality stage 11
2010 - 6235a - implementing and maintaining microsoft sql server 2008 integration services 2006 – bo (business object) – unitech – brasília / df
2005 – eti – ética tecnoloiga – brasília /df
2002 – curso da rational de fundamentos unificados de processos (rupf)
2002 – curso da rational de gerenciamento de solicitações com casos de uso (rmuc)
2002 – curso da rational de fundamentos de modelagem visual usando uml (fvm with uml) inglês intermediário para escrita, leitura e conversação
",analise de sistemas,brasilia,distrito federal,indicacao de amigo
24556,,2021-02-19 19:29:30,Luara Câmara,2021-03-03 18:34:32,Heloisa Aparecida,:,1969-12-31,nao informado,nao informado,nao informado,,,,,nao informado,nao informado,nao informado,nao informado,"

analista de bi / big data

código apinfo : 250.050

clique aqui para entrar em contato com o profissional
escolaridade : mba idade : 42 anos aceita propostas como : indiferente
disponibilidade : imediato inglês : fluente espanhol intermediário
sexo : masculino possui empresa aberta ? sim portador de necessidades especiais ? não
pretensão salarial clt : a combinar pj : a combinar última atualização : 14/01/21
objetivo
desenvolvimento de sistemas e engenharia de dados

formação acadêmica e idiomas
• mba internacional – university of tampa – florida - eua
• pós-graduação – consultoria em tecnologia da informação – fasp
• graduação - análise de sistemas – unip
• inglês (nível avançado)
• espanhol (nível intermediário)


perfil profissional
20 anos de experiência na área de tecnologia da informação, perfil analítico, pró-ativo e dinâmico,
atuando com análise de sistemas e processos, administração, arquitetura e integração de banco de
dados, coordenação de projetos e infraestrutura.


experiência profissional

empresa : keyrus
período : admitido em 18/05/2015 (atual)
área : tecnologia da informação
atuação : clientes américa móvil (net/claro/embratel) e porto seguro, participação nos
projetos de bi, implantação do modelo ocdm (oracle communications data model) e dw
multidimensional e estimativa de horas de fábrica para desenvolvimento das integrações dw, com o
uso das ferramentas odi, powercenter, datastage, power designer

empresa : sky – tv por assinatura
período : 15/02/2011 – 15/05/2015
área : tecnologia da informação
atuação : projeto de implantação da nova arquitetura de bi da empresa, migração da plataforma e
ferramentas da tecnologia sql server para oracle, atuando no gerenciamento de recursos,
prestadores de serviços e software house, especificações técnicas e funcionais, modelagem
multidimensional e datamarts (sas e customer intelligence), criação de etl (ssis e odi),
arquitetura oracle (obiee e ocdm) e administração de banco de dados.

empresa : prodesp - jucesp
período : 23/03/2010 - 10/02/2011
área : tecnologia da informação
atuação : modelagem de banco de dados e modelagem multidimensional, replicação e integração de
dados, desenvolvimento utilizando microsoft integration services, analysis service do sql server,
integração com sap e relatórios gerenciais.
definição de hardware, filegroups do banco sql server, administração, backups, manutenção,
permissões e desenvolvimento.

empresa : unimed seguradora s.a.
período : 05/01/2004 - 05/02/2010
área : tecnologia da informação
atuação : analista de sistemas e processos, requisitos, especificação técnica e funcional, definição
do ambiente operacional das aplicações, documentação, gestão de mudanças, homologação de
rotinas, implementações de interfaces com sistemas satélites, administração de banco e qualidade de
dados, auditoria de processos, avaliação de rfp e gestão de fornecedores, seguindo as melhores
práticas de governança de ti, pmi, cobit e itil. participações nos projetos de migração do erp de
seguro de vida e saúde, criação dos indicadores estratégicos, streaming webtv, migração do
sistema de compras e projeto de mobilidade para automação da força de vendas

empresa : banco bradesco s.a.
período : 02/12/1997 - 02/01/2004
área : projetos e sistemas / planejamento estratégico
atuação : analista de sistemas, administração de banco de dados, replicação dos ambientes de
operação, programação de transact sql, automatizações e otimizações de processos,
desenvolvimento de aplicativos para intranet, definição e criação do balanced score card (bsc) e
indicadores estratégicos do telebanco bradesco.

empresa : tcu – tribunal de contas da união
período : admitido em 10/08/1998 – projeto de 1 ano
área : desenvolvimento de sistemas
atuação : analista programador de aplicativos para controles internos



cursos / conhecimentos técnicos

• oracle administrando, odi, obiee, ocdm, sas, sql server, ms sql server integration
services, powercenter, analysis service, pl/sql, discovery, gestão de projetos pmi, certificação
itil, cobit, project, windows, visual basic, sms, office, flash, site server, iis, visio, rup, asp e
uml
• iso 9001:2000, comunicação interpessoal, trabalho em equipe e qualidade total no atendimento
",nao informado,nao informado,nao informado,nao informado
24561,,2021-02-19 20:52:07,Helena Barros,2021-02-19 20:52:07,Sra. Lara Aparecida,:,,nao informado,nao informado,nao informado,,,,,nao informado,nao informado,nao informado,nao informado,"são bernardo do campo-sp, 36 anos, casada, 1 filho (10 anos)
formação

bacharel em sistemas da informação.
● instituição: universidade anhanguera
experiência profissional

● 11/2020 - 01/2021- consultoria optima ps2 solutions
projeto: analista de sistemas

● 08/2017 - 03/2019 – consultoria resource
projeto: analista de sustentação
principais atividades: suporte nível 2 processos javascript, geração de chamados via remedy, aplicação de change via jenkins, erros infra acionamento e abertura de chamado;
● 08/2010 a 07/2017- consultoria everis
projeto: informacional datamart
- entendimento e esclarecimento de dúvidas e suporte ao usuário,
-programação oracle ( criação de view, procedures, cursor, leitura de arquivo);
projeto: capitalização período projeto: outubro/2012 a julho/2013 principais atividades: geração de massa de dados utilizando pl/sql banco de dados oracle e geração de documentação de testes, teste unitário;
projeto: mis/ods
consultoria atos. projeto: numbering
período projeto: março/2007 a setembro/2008 principais atividades: suporte ao processo de aprovisionamento de chip's pós-pago em ambiente de produção; oracle comandos dml (insert, update, select, delete);
cursos

udemy
● curso oracle developer sql e pl/sql - abril/2020
● aprenda oracle data integrator (odi) 12c do zero - julho/2020
● curso microsoft power bi - outubro/2020 (9h)

training informática

● curso microsoft power bi - setembro/2020 (24h)

vytec informática
● curso de unix (introdução, scripts e administração hpunix) – março/2007

impacta certificações e treinamento
● oracle 10g - introdução à linguagem sql – novembro/2010 - 40hs
● oracle 10g - workshop de administração i – agosto/2011 - 40hs

veris faculdades
● programação com pl/sql – dezembro/2016 – 44hs
informatica corporation
● power center 8.x/9.0 level ii developer – novembro/2016 – 44hs
",nao informado,nao informado,nao informado,nao informado
24562,Análise e Integração de Dados - BI,2021-02-19 21:27:46,Agatha Montenegro,2021-02-22 18:21:10,Sr. Enzo Gabriel Ribeiro,Outros: Recrutador via linkedin,1987-12-31,feminino,solteiro,nao,TI - Projetos,• Informática PowerCenter • IBM Infosphere DataStage • ETL / BI • PL/SQL • Levantamento de requisitos de sistemas • Metodologia Agile • Ferramentas de versionamento • Testes • Modelagem de banco de dados • Cognos BI,,,Ensino Superior Completo,Intermediário,Intermediário,nao informado,"
objetivo
• busco novos desafios na área de análise e integração de dados, afim de aprimorar meus conhecimentos e evoluir profissionalmente.

qualificações
• pouco mais de 6 anos de experiência em business intelligence, participei de diversos projetos envolvendo ferramentas de análise e integração de dados, atuando como desenvolvedora, consultora e analista. graduada em análise e desenvolvimento de sistemas pela fatec rubens lara.

formação escolar
• análise e desenvolvimento de sistemas
faculdade de tecnologia rubens lara – fatec baixada santista conclusão julho 2015.

• técnico em informática – redes de computadores
senai - santos
conclusão dezembro 2007

cursos e conhecimentos
• power bi – em andamento
• informática powercenter
• ibm infosphere datastage
• etl / bi
• pl/sql
• levantamento de requisitos de sistemas
• metodologia agile
• lgpd
• ferramentas de versionamento
• testes
• modelagem de banco de dados
• cognos bi


experiência profissional

• analista bi pleno – indra company – 08/2019 – atualmente
o análise e integração de dados
o análise e mapeamento de processos e dados
o construção de propostas e desenho de soluções para melhoria e qualidade do processo
o reuniões para levantamento de requisitos junto ao cliente
o desenvolvimento, manutenção e otimização de fluxos etl utilizando a ferramenta informática powercenter mappings, worflows, monitor e repository
o gestão de cronograma de implantação de ajustes, documentação do projeto, gestão da parte burocrática para implantação
o implantação de pacotes com ajustes e suporte à projetos implantados
o documentação para criação e validação de fluxos control-m
o monitoramento de fluxos control-m
o criação e utilização de querys
o metodologia ágil
o versionamento de objetos powercenter e de banco de dados

• consultor de bi – ibm – 12/2014 – 04/2019
o análise e integração de dados
o desenvolvimento, manutenção e otimização de fluxos etl utilizando ferramenta informática powercenter mappings e worflows, e ferramenta ibm infosphere datastage
o testes unitários – etl, cognos query e cubos
o promoção de pacotes conforme cronograma
o desenvolvimento e manutenção de relatórios utilizando cognos report studio, camada semântica cognos framework, cubos no cognos transformer
o criação e utilização de querys
o uso de sql server, oracle database e teradata
o análise de procedures para otimização da integração de dados
o monitoramento e documentação control-m
o desenvolvimento de documentação e dicionário de dados
o reuniões com clientes

• estágio desenvolvedor etl – ibm – 09/2014 – 11/2014
• analista de implantação e suporte de sistemas – backsite – 04/2014 – 08/2014
o levantamento de requisitos junto ao cliente
o implantação de sistemas
o levantamento de requisitos pós-implantação

• estágio analista e desenvolvedor de sistemas – prime – 04/2013 – 10/2013

• instrutor de informática – microlins – 11/2010 – 11/2011

• estagio no suporte técnico – santa casa de santos - 04/2008 - 10/2008

idiomas

• inglês – intermediário
• espanhol - intermediário
",analise de sistemas tecnologia da informacao,sao vicente,sao paulo,outros
24570,,2021-02-19 21:50:21,Agatha Montenegro,2021-02-19 21:50:21,Sra. Giovanna Peixoto,:,,nao informado,nao informado,nao informado,,,,,nao informado,nao informado,nao informado,nao informado,"brasileiro, solteiro, 20 anos
csb 3/4 lote 7 apt 906
residencial caravaggio
brasília - df


objetivo

● área de informática e computação com foco em ciência de dados.

formação

● ensino médio completo – colégio adventista de taguatinga – ceat

● cursando o 7° semestre de ciências da computação - uniceub

experiência profissional


● 2018 março/novembro: innovate marketing
(criação de sites, photoshop e edição de vídeos)

● 2019 janeiro/agosto: tcu (tribunal de contas da união) suporte técnico de informática ao usuário.

● 2019/2020 agosto/janeiro: serpro (sql e infraestrutura de banco de dados)

● 2020 fevereiro: stefanini (analista de bi) (experiência na área bancária e financeira, db2, sql e as ferramentas power bi, datastage)


qualificações e atividades complementares

● scrum foundation professional certificate (sfpc)
● inglês básico
● noções de informát
",nao informado,nao informado,nao informado,nao informado
24650,,2021-02-22 21:17:57,Agatha Montenegro,2021-02-22 21:17:57,Vitor Gomes,:,,nao informado,nao informado,nao informado,,,,,nao informado,nao informado,nao informado,nao informado,"it business analyst bi/dw
brasileiro, casado

experiência profissional
● it consultant bi/dw na keyrus fevereiro de 2019 até o momento (atual):
projeto tim:
→ desenvolvedor power bi
→ criação e customização de dashboards power bi
→ desenvolvedor power query
→ criação de queries oracle (ddl e dml)
→ modelagem de dados (melhores práticas)
→ criação de um datamart para a equipe de redes utilizando os conceitos de data warehouse
→ desenvolvedor pentaho data integration
→ desenvolvedor unix shellscripting
→ criação e customização de scripts e shellscript no unix
→ etl (bi/dw)
→ queries no oracle (ddl e dml)
→ definir as melhores praticas e padrões para etl

● it consultant bi/dw na beijaflore março de 2018 até fevereiro de 2019:
projeto globosat:
→ planejamento e controle da execução do projeto;
→ criação de escopo tecnico de projetos;
→ alinhamento com cliente para busca de soluções com o maior custo-beneficio;
→ criação de power queries;
→ desenvolvedor power bi;
→ criação de queries oracle;
→ criação e customização de dashoboards power bi;
→ conversão de dashboards qlik em dashboards power bi;
→ desenvolvimento e modelagem microsoft analysis services.

● it consultant bi/dw na kenner março de 2017 até março de 2018:
→ criação de scripts qlik;
→ gestão de toda a plataforma qlik;
→ queries sql server;
→ etl (bi/dw);
→ solução de problemas em curso: processos de revisão e ajustes qlik;
→ gerir o desenvolvimento de terceiros , assegurando que tenha sido desenvolvido de acordo com o escopo definido, prazo e qualidade.

● it consultant bi/dw na stefanini agosto de 2016 até março de 2017:
projeto ibm / oi:
→ criação de script e shellscript no unix,
→ desenvolvimento de mapas e workﬂows no powercenter,
→ etl (bi/dw)
→ sas desenvolvedor.
→ desenvolvedor unix shell scripting.
→ queries no teradata
→ queries no oracle 11g/12c.

● datastage consultant na triscal outubro de 2015 até janeiro de 2016:
→ webservice;
→ definindo datastage melhores práticas, normas e testar os aplicativos;
→ gerir o desenvolvimento de terceiros, assegurando que tenha sido desenvolvido de acordo com o escopo definido, prazo e

qualidade;
→ solução de problemas em curso: os processos de revisão e ajuste do datastage;
→ desenvolvedor datastage;
→ sql server;
→ implementação de módulos de etl datastage.

● it consultant bi/dw na ibm fevereiro de 2015 até outubro de 2015:
→ avaliar as novas tecnologias para o ambiente dw, definir as melhores práticas e padrões para etl, trabalhar com a equipe operação, definir documentos de modificação, tais como critérios de aceitação de apoio à produção e planos de utilização;
→ definindo datastage melhores práticas, normas e testar os aplicativos;
→ gerir o desenvolvimento de terceiros (ibm), assegurando que tenha sido desenvolvido de acordo com o escopo definido, prazo e qualidade;
→ solução de problemas em curso: os processos de revisão e ajuste do datastage;
→ desenvolvedor datastage;
→ sas desenvolvedor;
→ desenvolvedor unix shell scripting;
→ data warehouse analista de negócios, reunindo os requisitos e definição de regras de negócios com os usuários;
→ otimização de consultas oracle código-sql de relatórios ad-hoc;
→ implementação de módulos de etl datastage.

● estagiário de bi na ibm outubro de 2014 até fevereiro de 2015
● estagiário de programação web na comunique-se junho de 2014 até outubro de 2014
● estágio de homologação na casa show interior design julho de 2013 até maio de 2014
● estagiário de suporte na sparrows bsm engenharia maio de 2012 até dezembro de 2012

formação
• análise e desenvolvimento de sistemas - universidade estácio de sá

informações complementares
• abap foundations sap
• abap advanced sap
• oracle sql e pl/sql (com tuning)
• datastage 7.x e 8.x
• shellscript
• data warehouse
• sas developer
• c#, javascript, jquery, html5, css
• microsoft sql server
• qlik – qlikview & qliksense
• power bi / analysis servi
",nao informado,nao informado,nao informado,nao informado
24651,,2021-02-22 21:21:55,Aylla Leão,2021-04-20 14:33:46,Dra. Emanuella Freitas,:,,nao informado,nao informado,nao informado,,,,,nao informado,nao informado,nao informado,nao informado,"objetivo: analista de sistemas e desenvolvedor
qualificações
 15 anos de experiência em projetos de sistemas multi-plataforma em empresas de grande porte dos segmentos financeiro, de seguros e telecomunicações.
 sólidos conhecimentos em mainframe (cobol, cics, ims, db2, vsam). experiência em bi com ferramentas de etl e dashboard (datastage, powercenter, power bi) no ambiente unix com bancos de dados sql (db2 e oracle).
 conhecimento de processos batch e online.
 vivência em projetos que envolvam várias áreas, equipes diversificadas e bom relacionamento.
 conhecimento em metodologias de desenvolvimento de sistemas, gestão e qualidade em projetos.
 atuação e experiência em todas as etapas do ciclo de um projeto desde levantamento de requisitos funcionais e técnicos, construção, teste, homologação, implantação e pós-implantação.
 vivência em projetos geridos com metodologias waterfall e agile(scrum).
 bons conhecimentos de inglês.
formação acadêmica
 mba: análise de dados com business intelligence e big data – unicsul – 2019.
 pós-graduação: governança em tecnologia da informação – uninove – 2017.
 graduação: ciências da computação – unesp (universidade estadual paulista) – 2004.
experiência profissional
inex: abr/2019 – out/2019 (alocado no cliente porto seguro)
analista de sistemas
 projetos de melhorias e expansão de funcionalidades no data warehouse da porto seguro; agregando informações, atuando como desenvolvedor etl, de várias áreas e produtos.
resource it: jan/2017 – abr/2019 (alocado no cliente citibank brasil)
analista de sistemas
 projeto de migração da carteira de varejo do citibank brasil, com foco no segmento de cartões de crédito, para o itaú unibanco, garantindo qualidade e integridade das bases transferidas.
itaú unibanco: dez/2007 – mai/2016
analista de sistemas
 construção de nova plataforma de modelagem de risco de crédito, em ambiente bi com ferramentas etl, modernizando o ambiente e aumentando a eficiência do processo, agregando valor ao negócio.
 desenvolvimento de solução para integração e consolidação de informações para o cálculo de capital alocado do itaú unibanco, com objetivo de evoluir o controle de riscos, com ganhos em tempo, eficiência, redução de custos e economia de recursos de sistema.
 atendimento de solicitações do banco central (bacen), de forma ágil, para atender demandas legais e regulatórias definidas pelo bacen.
 evolução de sistemas de financiamento de veículos, automatizando processos de registros de propostas, pós-venda, gestão de garantias e controle de acordos comerciais com concessionárias.
everis brasil: abr/2004 – dez/2007 (alocado nos clientes: santander e telefônica brasil)
consultor
 projeto do enterprise data warehouse da telefônica para a américa latina, atuando em todas as etapas, entregando ferramenta de apoio a decisões estratégicas de negócio.
 atuação em projetos de migração em sistemas de cartões de crédito, fundos de investimentos, seguros e corretora de valores durante a fusão santander/banespa, garantindo qualidade e integridade das informações e processos no mainframe.
conhecimentos técnicos
 linguagens: cobol (vsam, cics, db2, ims), jcl, easytrieve, shell script, python e sas.
 ferramentas: tso, control-m, sql(db2 e oracle), bizagi, datastage, powercenter, power designer, power bi, hp quality center, changeman, ca-workload automation, clearcase.
 metodologias: gestão de projetos e desenvolvimento de sistemas pelo itaú unibanco.
cursos e idiomas
 power bi – udemy
 bpmn 2.0 e ant (analista de negócios para ti) – trainning
 datastage – leega
 metodologias de desenvolvimento de sistemas e gestão de projetos – itaú unibanco (interno)
 microsoft .net básico – itaú unibanco (interno)
 powercenter: desenvolvedor nível i – informática
 inglês: avança
",nao informado,nao informado,nao informado,nao informado
24756,Desenvolvedora ETL (Power Center) / Analista de BI,2021-02-24 14:56:03,Agatha Montenegro,2023-01-19 16:03:50,Sara Andrade,:,1969-12-31,nao informado,nao informado,nao informado,,,,,nao informado,nao informado,nao informado,nao informado,"sobre

atividades
669 seguidores
não foi fornecido texto alternativo para esta imagem
oportunidade: desenvolvedores .net/pl-sql/asp classico – sênior local de trabalho: atuação em modo home office e posteriormente no centro do rio de janeiro/rj. envie o cv para oportunidades@provider-it.com.br * esta vaga faz parte da campanha indique e ganhe. acesse: https://lnkd.in/dsauvfv qualificação: > formado em análise de sistemas, engenharia de software e em disciplinas afins; conhecimentos: > linguagens de programação web: asp, asp.net mvc, c#, java script, jquery, reporting service e oracle - pl/sql; > construção de aplicações; > versionadores de código git ou svn; > banco de dados oracle; > sustentação de sistemas; > capacidade de atuação em ambientes com diferentes plataformas tecnológicas, interfaces e sensíveis a downtimes. atividades: > acompanhamento de homologações; > elaboração de programas de computadores e artefatos técnicos relacionados ao desenvolvimento; > identificação de requerimentos, análise, desenvolvimento, testes de aplicações asp, asp.net e correção de defeitos. #carreira #oportunidades #oportunidadesti #temosvagas #vagasdeti #recrutamento #techrecruiter #vagastech #recruitment #technology #homeoffice #desenvolvedores #desenvolvedorsenior
karoline compartilhou isto
1 reação
não foi fornecido texto alternativo para esta imagem
sempre assim 😭🤣🤣
karoline compartilhou isto
7 reações
não foi fornecido texto alternativo para esta imagem
eu amei, foi tudo maravilhoso, e o melhor que fui uma ganhadora no sorteio 😍❤
karoline comentou
visualizar todas as atividades
visualizar todas as atividades
experiência
provider it & business solutions
desenvolvedora etl (power center)
nome da empresaprovider it & business solutions tempo integral
período do empregoout. de 2020 – o momento
duração5 meses
localidaderio de janeiro, brasil
spread tecnologia
analista/desenvolvedora power center
nome da empresaspread tecnologia tempo integral
período do empregomai. de 2019 – abr. de 2020
duração1 ano
localidadebrasília, distrito federal
- integração de sistemas para compor informações necessárias para o sistema do projeto;
- manipulação de dados no banco de dados oracle;
…
visualizar mais
first decision
analista de bi
nome da empresafirst decision
período do empregodez. de 2017 – mai. de 2019
duração1 ano 6 meses
localidadebrasília, distrito federal
analista de bi, atuando no projeto de big data da caixa econômica utilizando as ferramentas power center e power designer
",nao informado,nao informado,nao informado,nao informado
24774,,2021-02-24 19:51:30,Agatha Montenegro,2021-02-24 19:51:30,Arthur Santos,:,,nao informado,nao informado,nao informado,,,,,nao informado,nao informado,nao informado,nao informado,"sobre
profissional com mais de 15 anos de experiência em integração de sistemas e data warehouse em grandes empresas de diversos segmentos. especialista em datastage, oracle e modelagem dimensional. gradução e pós-graduação em ciência da computação.


atualmente tenho interesse em machine learning e engenharia de dados
",nao informado,nao informado,nao informado,nao informado
36934,java,2022-06-15 10:22:50,Ana Camargo,2022-06-15 10:38:57,Dr. Eduardo Alves,Outros: Linkedin,2001-04-22,masculino,solteiro,nao,"TI - Desenvolvimento/Programação, TI - Projetos",,,,Ensino Superior Completo,Intermediário,Nenhum,nao informado,"
experiência

10/01/2022 – atualmente
analista desenvolvedor sênior, sis consultoria
consultoria em desenvolvimento e manutenção de serviços e sistemas
financeiros com foco em empréstimos. ferramentas utilizadas: java 11, spring
framework, oracle sql e postgresql.

08/09/2021 – 07/01/2022
analista desenvolvedor pleno, reply
consultoria em manutenção de sistemas já existentes para autenticação em
meios de pagamento. ferramentas utilizadas: java 11, spring framework, aws
e docker.

14/06/2021 – 03/09/2021
analista desenvolvedor pleno, run talent it
consultoria em desenvolvimento de novos serviços e manutenção de banco
de dados e sistemas já existentes. ferramentas utilizadas: java 11, spring
framework, oracle sql e postgresql.

08/12/2020 – 10/06/2021
analista desenvolvedor pleno, banco original
desenvolvimento de novos microsserviços, sustentação e implantação de
sistemas. ferramentas utilizadas: java 11, spring framework, kafka (produtor
e consumidor), kibana, oracle sql, angular, html e css

09/11/2020 – 07/12/2020
consultor de desenvolvimento, talent four consulting
desenvolvimento de funcionalidades e sustentação em um sistema utilizado
por um grande cliente do setor industrial. ferramentas utilizadas: java 8,
spring framework, primefaces, sql server, flutter, html e css


educação
junho / 2021
java xpert, faculdade de informática e administração paulista (fiap)
dezembro / 2020
análise e desenvolvimento de sistemas, universidade mogi das cruzes
dezembro / 2018
técnico em informática, escola técnica estadual de são paulo

habilidades
• focado • estudioso
• determinado • responsável
• versátil • colaborativo
",analise e desenvolvimento de sistemas,sao paulo,sao paulo,outros
19383,,2020-04-14 13:01:28,Eloah Leão,2020-04-14 13:01:28,Dra. Ana Carolina Cassiano,:,,nao informado,nao informado,nao informado,,,,,nao informado,nao informado,nao informado,nao informado,"curriculum vitae


resumo das habilidades
• experiência em desenvolvimento e implantação de projetos de big data.
• experiência em python 3.7.
• experiência em hadoop.
• experiência em hive.
• experiência em edi (electronic data interchange).
• experiência em nifi.
• experiência em tuning de queries.
• experiência em pl/sql.
• experiência em projetos de business inteligence com base de dados teradata.
• experiência em modelagem lógica e física - relacional/dimensional com interprise data warehouse (edw).
• experiência em desenvolvimento e implantação de jobs em datastage v9.1 e v11.7.
• experiência em definição de estratégias de etl (edi, odi e datastage).
• experiência em interação com área de negócio.
• experiência em desenvolvimento e implantação de processos de dw-bi / etl.
• experiência em utilitários de etl (fastload, multiload, bteq, tpt,etc).
• conhecimentos em performance optimization de processos com utilitários teradata.
• experiência em planejamento/execução de manutenções críticas.
• experiência em melhoria de consultas do usuário final em linguagem sql (views).
• experiência em melhoria de consultas (views sql) usadas em relatórios na camada de apresentação.
• experiência em análise de sistemas, negócios, requisitos funcionais e técnicos.
• experiência em banco de dados oracle 8i, 9i, 10g e 11g.
• experiência com banco de dados sybase.
• experiência com banco de dados sql server.
• experiência com banco de dados db2.
• experiência com t/sql.
• experiência com mysql.
• experiência com objetos programáveis (packages, procedures, triggers e functions).
• experiência com objetos dml e ddl.
• experiência em modelagem de dados.
• experiência em modelagem de dados bi.
• experiência com cobol microfocus.
• experiência com cobol mainframe.
• experiência com netexpress.
• experiência com shell script.
formação acadêmica
bacharel em engenharia da computação – universidade unisantana - concluído em 2006.
idioma
inglês intermediário – cultura inglesa.
experiência profissional

07/02/2020 a 13/04/2020 – meta serviços em informática s/a.

cliente: porto seguro.
desenvolvedor datastage.

20/05/2019 a 03/02/220 – emphasys it services
cliente: grupo pão de açúcar.
consultor teradata.

03/01/2019 a 02/04/2019 – provider - c&v consultoria ltda.
cliente: samsung.
consultor sênior de ti.
experiência em desenvolvimento e implantação de projetos de big data, com ênfase em arquitetura e engenharia de software; experiência em python 3.7; hadoop, hive, edi (electronic data interchange), nifi, oracle, tuning de queries, linux, aplicações e componentes; modelagem de dados relacional e não relacional; atendimento de nível 3 aos usuários de ti do cliente, a partir das solicitações recebidas diretamente pelo gestor do contrato, via sistema de gerenciamento de serviços de ti, respeitando os níveis de serviço acordados; contato a equipe interna da área de ti do cliente, para auxílio no diagnóstico ou solução da solicitação do usuário, se necessário; contatar, se necessário, outras equipes de serviços, que possuam correlação com o incidente, problema ou requisição a ser tratada. acompanhamento técnico para garantia dos processos desenvolvidos, durante eventuais manutenções nos processos do cliente.

01/06/2015 a 02/01/2019 – jmconfitec sistemas de computação ltda.
cliente: mapfre.
analista de sistemas sênior.

01/07/2014 a 31/05/2015 – keyrus brasil
cliente: claro.
analista funcional

11/10/2013 a 30/06/2014 – 7comm – informática ltda.
cliente: netshoes.
consultor de sistemas.

13/05/2009 a 07/06/2013 – ibm brasil – indústria maquinas e serviços.
cliente: mapfre.
especialista ti.

16/05/2002 a 13/05/2009 - mapfre vera cruz seguradora s/a.
analista de sistemas sênior.

10/12/2001 a 08/05/2002 - hold service systems.
cliente: natura.
consultor de sistemas.

07/12/2000 a 07/12/2001 - talent soluções em informática ltda.
cliente : unisys do brasil/carrefour.
analista de sistemas

06/06/2000 a 15/12/2000 - consulters consultoria em informática ltda.
cliente: unilever.
analista de sistemas.

25/05/1999 a 15/04/2000 - third consultoria em informática ltda.
cliente: unilever.
analista de sistemas

15/10/1998 a 08/05/1999 - talent soluções em informática ltda.
cliente: ads / caixa econômica federal.
analista de sistemas

24/11/1994 a 07/11/1997 – franquia s/a bazar 13 – comercial de alimentos e utilidades.
analista programador

11/11/1987 a 01/07/1992 - finasa administração e planejamento.
analista programador

pretensão salarial
clt r$ 8.000,00 / pj r$ 11.760,00 negociável
disponibilidade
disponibilidade de inicio imediato
",nao informado,nao informado,nao informado,nao informado
27001,,2021-05-31 16:44:03,Paulo Peixoto,2021-05-31 16:44:03,Srta. Clarice Cavalcante,:,,nao informado,nao informado,nao informado,,,,,nao informado,nao informado,nao informado,nao informado,"última atualização em 27/05/2021
dev angular e java, oculto em rj
de 06/2019 até o momento

informática, ti, telecomunicações - programador / desenvolvedor (analista)

ensino superior em análise e desenvolvimento de sistemas, puc-rio em rj
de 01/2002 até 07/2008

resumo
amazon aws, java, spring-mvc 5, jpa, rest. javascript, css, html, bootstrap, jquery. mysql, microsoft sql server, h2, postgre. presente: nodejs, ionic, angular, cordova. objetivo: projetos que utilizem as tecnologias citadas acima.
objetivos profissionais
pretensão salarialr$ 4200,00 - 5000,00 (bruto mensal)
jornadaperíodo integral
tipo de contratoefetivo – clt
nível hierárquicoanalista
formação acadêmica
ensino superior em análise e desenvolvimento de sistemas, puc-rio em rj
jan. 2002 até jul. 2008
experiência profissional
dev angular e java, oculto em rj
jun. 2019 até o momento

informática, ti, telecomunicações - programador / desenvolvedor (analista)

programador java web, amaerj em rio de janeiro - rj
jan. 2016 até jan. 2019

informática, ti, telecomunicações - programador / desenvolvedor (analista)

desenvolver aplicação web para mapear e concentrar as informações geradas em banco de dados e disponibiliza-las com níveis de perfil de acordo com as funções dos empregados. gerenciar a eleição eletrônica para presidência da amaerj. oferecer suporte a plataforma wordpress para o departamento de imprensa.

desenvolvedor java, vertigo em rj
set. 2013 até set. 2014

informática, ti, telecomunicações - análise de sistema (analista)

participar de reuniões junto a prefeitura do rj para levantar requisitos, modelar e implementar o sistema portal carioca 2.0 . seu objetivo era disponibilizar eventos culturais para perfis de usuários específicos, boletim escolar de escolas públicas, solicitações diversas dos cidadãos cariocas como podas de árvores por exemplo.

desenvolvedor java, senfio em rj
mai. 2013 até set. 2013

informática, ti, telecomunicações - programador / desenvolvedor (analista)

desenvolvimento do server side usando jpa e jsf

analista pleno ii, vtex em rj
out. 2011 até jan. 2013

informática, ti, telecomunicações - programador / desenvolvedor (analista)

equipe ongoing resolver de forma ágil os bugs que ocorrem em produção. esses bugs são levantados pelo atendimento de 1 nivel e os mesmos seguem o fluxo investigação ou correção. em caso de correção meu objetivo é resolve-los o mais rapido possivel e submeter o acerto para a equipe de testes aprovar ou reprovar. linguagem c e plataforma .net

desenvolvedor java, investtools em rj
jan. 2007 até set. 2011

informática, ti, telecomunicações - programador / desenvolvedor (analista)

desenvolver as funcionalidades inerentes ao negocio de compra e venda de ações intermediadas pelo home broker utilizando java struts2 hibernate spring freemarker.outro projeto utilizando groovy e grails para gestão de fundos de investimentos também teve a minha participação .

habilidades
spring-mvc 5 java javascript css html bootstrap jquery jpa rest nodejs mysql microsoft sql server cordova ionic
informática:
banco de dados: sql server, postgresql, oracle, db2
programação: javascript, jquery, html, java, css
aplicações de escritório: microsoft word, microsoft powerpoint, staroffice, microsoft excel, microsoft access, microsoft outlook, open office, libreoffice, lotus notes
sistemas operacionais: linux, windows
idiomas
português, nativo
inglês, avançado
dados complementares
disponibilidade para viajar
sim
disponibilidade para mudar de residência
sim
carteira de habilitação
b
tipo de veículo
carro particular
dados pessoais
nasceu em 15 de janeiro de 1980, 41 anos.

masculino, solteiro

",nao informado,nao informado,nao informado,nao informado
25594,,2021-03-24 12:56:43,Ana Camargo,2023-01-13 18:59:49,Ana Sophia Sá,Indicação de colaborador: Marco Antonio Mendonca - HCL,,nao informado,nao informado,nao informado,,,,,nao informado,nao informado,nao informado,nao informado,"46 anos, casado, 2 filhos.
objetivo
analista de sistemas sênior
habilidades e conhecimentos
1. backend
java e node js, hibernate, jpa, spring framework, micro services, maven, ejb, soa, oracle service bus, jdbc e
junit.
2. frontend
angular js, angular 2+, jquery, jsp, jsf, html, bootstrap, css, javascript, xml, json.
3. sistema operacional
windows, linux e android.
4. banco de dados
sql server, mysql, oracle, mongo db, store procedures, triggers, pl sql, views, functions, constraints e
etl com integration services.
5. conhecimentos
git, websphere, tomcat, jboss, wildfly, rtc, jira.
6. legado
.net c#, delphi e clipper
formação
1. curso superior
gestão de sistemas da informação universidade nove de julho – 2010
ciência da computação universidade nove de julho – 2012
mba – full stack development, design, engineering & deployment fiap – 2021
2. certificações
mcts - sql server 2008, database development microsoft
mcts - sql server 2008, implementation and maintenance microsoft
mcitp - database administrator 2008 microsoft
3. cursos, seminarios, congressos e palestras
android - academy handson 1 itlab
palestra tecnologia em desenvolvimento de sistemas uninove 8 horas
palestra java tech day 2010 uninove 6 horas
curso de inglês wizard 5 módulos
curso de inglês vip speakup cursando
curso de uml - projeto de sistemas orientado a objetos impacta 40 horas
curso de programação em java avançado uninove 20 horas
curso de sql server módulos:
maintaining a microsoft sql server 2008 database, implementing a microsoft sql server 2008 database
analysis services, integration services e reporting services ka solution 147 horas
itil v3 foundations ka solution 40 horas
experiência
1. inexbr – porto seguro analista de sistemas sênior 02/2020 a 11/2022
atividades: sustentação em sistemas java/angular js com camadas de soa utillizando oracle soa suite,
rest, angular js, oracle, informix, jpa e ejb.
preparação de ambiente websphere, angular js em apache e oracle soa suite para novos
colaboradores.
treinamento de novos colaboradores na utilização das ferramentas e tecnologias, na utilização
de sistemas da empresa (tríade e ppw), na identificação e interpretação de incidentes, na
manutenção dos incidentes no sistema portosdm do recebimento ao encerramento.
delegação de incidentes, orientação na resolução de incidentes. liderança dos novos
colaboradores da equipe. resolução e entrega de incidentes complexos. refinamento de
histórias, criação de histórias no jira, metodologia ágil scrum.
atividades: projeto de ramo novo de seguro, atuei desenvolvendo uma api rest com spring
boot, spring data, e um orquestrador responsável por compor os retornos colhidos nos micros
serviços. construção de entity, dao, service, controller, logs, swagger e testes unitários.
atividades residência: treinamento de reforço aos desenvolvedores, pair programing para
ajudar os desenvolvedores, liderança no refinamento das histórias, criação de
histórias/bugs/tasks no jira, propostas de melhorias nos processos.
2. sysmap – sompo seguradora analista de sistemas sênior/tech lead 07/2019 a 02/2020
atividades: sustentação de sistemas com java, jsf, hibernate, websphere, junit e intelij. atuação no
refinamento das histórias, contribuição com compartilhamento de conhecimentos de negócios e técnico
para o time. liderança nas cerimônias do scrum, seleção de atividades e distribuição para a equipe.
3. 3con – bmf bovespa consultor de sistemas sênior 09/2018 a 06/2019
atividades: migração dos pacotes etl sql server para java com processamento paralelo. metodologia ágil
scrum.
4. brq - banco bradesco analista de sistemas sênior 03/2018 à 09/2018
atividades: desenvolvimento de sistemas com java, jsf e framework próprio do bradesco.
5. seguradora tokio marine desenvolvedor java 02/2017 à 03/2018
atividades: definição de arquitetura e desenvolvimento do sistema de resseguro utilizando tdd, ddd,
integração continua, node js, serviços rest, angular 2, bootstrap, jquery, javascript, oracle e metodologia
ágil scrum.
6. techne engenharia e sistemas analista de sistemas java sênior/tech lead 05/2016 a 01/2017
atividades: análise e desenvolvimento do sistema erp com java, maven, jsp, boosstrap, javascript e sql
server. apoio ao time. metodologia ágil scrum. motivação da equipe, seleção de atividades para distribuir
para os colaboradores de acordo com o skill de cada um. liderança nas cerimonias scrum. compartilhamento
de conhecimentos kt.
7. transportes della volpe analista de sistemas java sênior 01-2016 a 05-2016
atividades: análise e desenvolvimento de sistemas com java, maven, spring mvc, bootstrap, jquery,
javascript, oracle, delphi, .net c# e pl sql.
8. dasa diagnóstico da américa/itlab analista de sistemas java 09-2012 a 08-2015
atividades: levantamento de requisitos junto a controladoria, especificação funcional, definição de
arquitetura da aplicação java utilizando os paterns singleton e injeção de dependência, sql server como
banco de dados, spring mvc, hibernate, maven, jsp, tomcat, eclipse, javascript, css e jquery.
desenvolvimento do sistema junto com a equipe de desenvolvedores. desenvolvimento do relatório
gerencial (pl) em excel automatizado com vba e extração de dados do sql server. homologação do sistema
junto a controladoria. passagem de conhecimento técnico e de negócio na equipe, distribuição de tarefas e
acompanhamento de desenvolvimento. liderança nas cerimônias scrum, negociação de soluções aplicadas
ao projeto.
experiência com desenvolvimento de sistemas desde 1994 com clipper, delphi, .net c# e java
",nao informado,nao informado,nao informado,indicacao de colaborador
20536,,2020-07-24 15:17:07,Srta. Bella Ferreira,2020-07-24 15:17:07,Stephany Novaes,:,,nao informado,nao informado,nao informado,,,,,nao informado,nao informado,nao informado,nao informado,"reside em brasília – df

consultor big data


resumo de qualificações


profissional com experiência em atuação com o ambiente cloudera e horton works (hadoop, hue, hive, hbase, pig, sqoop, knox, impala, kafka, hdfs, tez, ambari, ranger, cloudera manager, nifi, etc ...) em plataformas big data.
• experiência em implementação, monitoração e administração de cluster hadoop, incluindo a ingestão de grandes volumes de dados, implantação de data lakes assim como a definição e configuração de políticas de segurança em ambientes big data;
• habilidade na investigação e identificação de problemas visando a solução de forma eficiente e definitiva;
• conhecimento em linguagem de programação python;
• experiência nas versões 11.7 e anteriores do ibm websphere information server
• certificação ibm certified solution developer - infosphere datastage v11.3
• certificação ibm certified solution developer - infosphere datastage v8.5
• certificação ibm certified solution developer - infosphere datastage v8.0
• certificação ibm websphere datastage enterprise edition v7.5
• experiência nas ferramentas information analyzer e quality stage
• experiência em processos de qualificação de dados
• experiência na liderança de equipes para o desenvolvimento de projetos
• especialista na construção de projetos etl utilizando a ferramenta ibm websphere datastage enterprise edition por mais de 18 anos
• instrutor de treinamentos e workshops na ferramenta ibm websphere datastage enterprise edition (mvs edition, enterprise edition e datastage server)
• experiência na migração de processos datastage server em processos enterprise edition explorando os recursos do processamento paralelo (mpp) visando o aumento de desempenho
• conhecimentos em banco de dados sql server, netezza, teradata, oracle e db2 luw
• experiência em ambientes aix, unix, linux, zlinux e shell script.
• desenvolvimento, implantação e manutenção de sistemas em ambiente ibm natural/adabas/db2 por mais de dez anos


formação academica


pós-graduação

1996 ispg – instituto superior de pós-graduação
especialização em informática
graduação
1992 puc-pr pontifícia universidade católica do paraná
ciência da computação


experiência profissional


jul/2018 – atual ministério da cidadania
função: especialista big data e integração de dados
atuação:
• monitoração do ambiente horton works, criação de bases de dados e tabelas hive (internal e external), reestruturação e padronização do data lake (raw data, trusted data, sandbox), redefinição da política de segurança e concessão de acesso aos usuários, suporte ao usuário final na utilização dos dados disponibilizados no data lake, estudo e aprofundamento nas demais ferramentas do ecossistema horton works;
• configuração, integração e avaliação de desempenho do information server 11.5 com o ambiente horton works, através dos recursos hbase connector, hive connector, hbase connector e file connector;
• planejamento, dimensionamento, instalação e configuração dos ambientes de desenvolvimento, homologação e produção do information server 11.7 nos novos servidores.
• padronização da configuração e parâmetros dos projetos, reestruturação da política de segurança/acesso aos servidores/projetos e migração dos projetos datastage 11.5 para os novos servidores 11.7.

abr/2018 – jul/2018 sicoob confederação
função: analista de inteligência de negócios sr.
atuação: responsável pelo desenvolvimento do projeto de bases externas do sicoob, estruturando as iniciativas de big data e data lake utilizando o ecossistema cloudera, definindo a estrutura do hdfs para atender as necessidades e características de um data lake, realizando testes de desempenho entre os recursos do ecossistema, realizando a integração com o information server 11.5 (hive, impala, kafka, nifi, etc ...), disponibilizando ao usuário final análises comparativas dos dados internos em relação ao sistema financeiro brasileiro e sistema nacional de cooperativas de crédito, assim como o acesso aos dados externos para a realização de novas análises e obtenção de novos insights.

set/2016 – abr/2018 millenium brasil
caixa seguradora
função: analista consultor / integração de dados / big data
atuação: atuação na sustentação dos data marts de negócio da caixa seguradora, desenvolvimento de evoluções corretivas e novas funcionalidades. participação nas iniciativas de big data e data lake referentes ao projeto 360º assim como na integração do information server 11.5 com o ambiente cloudera (hive, impala, kafka, etc...).

jun/2010 – set/2016 stefanini it solutions
sicoob – sistema de cooperativas de crédito do brasil
atuação:
• participação no processo de definição da arquitetura analítica do projeto otimizar negócios do sicoob.
• participação nos processos de governança da informação do sicoob, principalmente no tópico relacionado à qualidade de dados:
 implantação, configuração e utilização das ferramentas information analyzer e quality stage para realizar processos de profile, higienização e enriquecimento de dados;
 desenho da arquitetura e definição das etapas e processo de qualidade de dados do sicoob;
 implementação de processo de qualidade de dados para identificar problemas nos dados cadastrais dos clientes sicoob.
• planejamento e suporte na migração de aproximadamente 60 projetos information server da versão 8.1 para a versão 8.7 e 9.1.
• acompanhamento do desempenho dos servidores (memória, discos, processadores) assim como o processamento dos projetos.
• tuning dos processos datastage, analisando e sugerindo alternativas e recursos visando o aumento do desempenho.
• suporte à equipe de desenvolvimento no desenho de soluções etl, na análise de aborts e interação com o suporte ibm em caso de abertura de chamados.
• participação na definição da arquitetura do ambiente de data mining do sicoob para utilização da ferramenta ibm spss.
• participação na definição da arquitetura do ambiente de campanhas do sicoob para utilização da ferramenta ibm única campaign.
tecnologias: ibm information server 8.1, 8.7 e 9.1 (datastage), information analyzer e quality stage. ambiente zlinux, db2 luw, sql server e netezza.

função: analista consultor
out/2013 – jan/2014 ewave do brasil
ministério dos transportes – brasília-df
workshop para os profissionais do ministério dos transportes sobre a arquitetura information server, recursos existentes, padrões e metodologia definidas e utilizadas, assim como o funcionamento da solução implementada.

função: analista consultor
nov/2011 – jan/2013 solução se
mds – ministério do desenvolvimento social e combate à fome – brasília-df
atuação: revisão e padronização do ambiente datastage. definição, desenvolvimento, implantação e manutenção de processos etl utilizando a ferramenta ibm infosphere datastage 8.0.

função: analista consultor
jul/2009 – mai/2010 softek consultoria
cassi - caixa de assistência dos funcionários do banco do brasil s.a.
atuação: padronização do ambiente, definição, desenvolvimento, implantação e manutenção de
processos etl para o projeto bi cassi e datamart saúde utilizando a ferramenta information server 8.1 (datastage).

dez/2008 – jul/2009 ibm global services
projeto fimi - usa
atuação: desenvolvimento, implantação e manutenção de processos etl utilizando a ferramenta
ibm websphere datastage enterprise edition v7.5.

função: it specialist sênior
2008 – out/2008 data modelling consultoria
caixa seguros - brasília - df
atuação: consultoria e suporte na ferramenta ibm websphere datastage enterprise edition v8.0 no
ambiente windows server 2003.
instrutor de treinamentos datastage enterprise edition e mvs edition para o banco do brasil s/a, ctis, stefanini it solutions e brasil telecom.

função: analista consultor
2006 – 2008 politec informática
banco do brasil - brasília - df
atuação: consultoria nas ferramentas mvs edition, datastage server e enterprise edition. migração dos jobs críticos implementados na ferramenta datastage server para jobs enterprise edition obtendo melhoria significativa de performance através dos recursos disponibilizados pelo enterprise edition (processamento paralelo e outros recursos). melhoria da performance de processos através da utilização de recursos avançados do datastage server. revisão geral do ambiente e arquitetura datastage sugerindo melhorias e otimizações. definição de padrões e melhores práticas a serem adotados no ambiente do banco do brasil. definição do processo e dos artefatos a serem utilizados para especificação de jobs datastage visando à utilização da modalidade fábrica de software.
treinamentos datastage server e mvs edition para profissionais do banco do brasil e politec informática.

função: analista consultor
2002 – 2006 md2 consultoria e negócios
hsbc – curitiba - pr
atuação: consultoria nas ferramentas mvs edition, datastage server e migração dos jobs críticos implementados na ferramenta datastage server para jobs enterprise edition obtendo melhoria de performance através da utilização do processamento paralelo.

função: analista consultor
banco santander – são paulo - sp
atuação: instalação, configuração e validação do mvs edition no ambiente do banco santander.

função: analista consultor

atuação: instalação, configuração e validação da ferramenta datastage 7.0 no ambiente windows e mvs edition, definição dos padrões a serem adotados no ambiente datastage do cliente e aplicação de treinamentos nas ferramentas datastage server e mvs edition.

função: analista consultor
bank boston – são paulo - sp
atuação: participação na fase inicial do levantamento e definição do fluxo do processamento do projeto w para o envio de informações para o bank of america.

função: analista consultor
hsbc – curitiba - pr
atuação: instalação, configuração e validação da ferramenta datastage 7.5, mvs edition e enterprise edition nos ambiente de desenvolvimento, homologação e produção do hsbc.
consultoria e acompanhamento inicial na utilização da ferramenta pela equipe técnica e fábrica de software do hsbc na implementação de jobs datastage server e mvs edition.

função: analista consultor
rodobens – são josé do rio preto - sp

função: analista consultor
hsbc – curitiba - pr
atuação: treinamentos da ferramenta mvs edition.

função: instrutor
tim sul – curitiba - pr

função: analista consultor
multi-optical essilor – rio de janeiro - rj
atuação: levantamento inicial do ambiente datastage para desenvolvimento de projeto de documentação e quality assurance dos projetos existentes.

função: analista consultor
caixa seguros – brasília - df
atuação: instalação e treinamento da ferramenta mvs edition e treinamento básico da ferramenta datastage server.

função: analista consultor

atuação: instalação e workshop da ferramenta mvs edition e implementação de solução para extração de dados do ambiente mainframe utilizando a ferramenta.

função: analista consultor
sul américa seguros - rio de janeiro - rj
atuação: instalação e workshop da ferramenta mvs edition e consultoria na ferramenta datastage server auxiliando na definição e desenvolvimento da fase inicial do projeto crm.

função: analista consultor
sefaz – secretaria da fazenda do ceará – fortaleza - ce
atuação: instalação e implementação de solução referente a prova de conceito envolvendo as ferramentas natquery e datastage server.

função: analista consultor

função: analista consultor
2001 – 2002 expertise tecnologia em desenvolvimento de sistemas - são paulo - sp
atuação: levantamento, definição e desenvolvimento do sistema de homologação corporativa do bank boston utilizando a ferramenta datastage mvs edition, com o objetivo de criar um ambiente de homologação reduzido e íntegro.

função: analista consultor
2000 – 2001 procwork informática - são paulo - sp
atuação: participação na definição, desenvolvimento e implantação do sistema internet banking do banco sudameris brasil.
linguagem natural/adabas/db2 e jcl.

função: analista consultor
1999 – 2000 worktime – cooperativa de profissionais liberais especializados - curitiba - pr
atuação: adequação para o ano 2.000 dos sistemas da sanepar - companhia de saneamento do paraná e da tim telepar celular.
linguagem natural/adabas.

função: analista consultor
1997 – 1998 bdo directa consultores - brasília - df
atuação: participação definição, desenvolvimento e implantação do sistema de cartão de crédito - 2 vencimentos e do sistema de depósitos a prazo (investimentos e fundos) do banco do brasil s/a.
linguagem natural/adabas/db2 e jcl.

idioma

inglês avançado

cursos

2019 big data fundamentos – data science academy
2016 big data analytics – big data university
2015 fundamentos hadoop – big data university
2015 fundamentos big data – big data university
2004 ascential software – westboro - massachussets

workshops dos componentes da suíte datastage/xe versão 7.0
2004 md2 consultoria e negócios – nova lima – mg
metastage 7.0
2003 md2 consultoria e negócios – nova lima – mg
datastage 6.0
2003 synos technologies – centro autorizado de treinamentos oracle – belo horizonte - mg
oracle 9i – pl/sql
2001 expertise – tecnologia em desenvolvimento de sistemas – são paulo – sp

datastage/xe
cics
2000 procwork informática – são paulo - sp
oracle 8
 sql e pl/sql
 desenvolvimento de unidades de programa em pl/sql
 procedural options (procedures, functions, database triggers e packages)
 forms 6.0
 reposrts 6.0

1995 banco bamerindus do brasil s/a

microsoft word e excel
visual basic 3.0
arquitetura e administração em processamento de imagem
programação em workflo em ambiente windows
1994 banco bamerindus do brasil s/a
natural/adabas
natural/vsam
adasql
jcl – conceitos e recursos
roscoe e librarian
tso
mvs utilitários
adabas
natural/adabas/vsam
vm/cms
banco de dados – acessos e recursos
",nao informado,nao informado,nao informado,nao informado
35570,Desenvolvedor Pleno,2022-04-22 16:45:49,Maria Clara Pires,2022-04-22 16:45:49,Helena Aparecida,:,,nao informado,nao informado,nao informado,,,,,nao informado,nao informado,nao informado,nao informado,"nome do profissional
_____________________________________________________________________________________
contato
_____________________________________________________________________________________
data de nascimento
08 de setembro de 1998
_____________________________________________________________________________________
nacionalidade
brasileira
_____________________________________________________________________________________
educação
título: graduação;
graduação: sistemas de informação;
universidade: centro universitário uniruy, ruy barbosa, salvador, brasil;
finalizado em: 2020.2
___________________________________________________________________________________
certificados & cursos
programação para internet com html5 e css3
curso java web para conhecimento básico
react jstack devacademy
_____________________________________________________________________________________
conhecimentos
linguagens de programação: java, javascript, angular, node, react, php, typescript,
api rest, jwt.
conhecimento: banco de dados, html5, css, scss, jsf, jsp, primefaces, styled
components, gatsby, graphql, plataforma salesforce.
página 1
____________________________________________________________________________________
idiomas
inglês compreende razoavelmente, fala razoavelmente, escreve razoavelmente, lê bem
______________________________________________________________________________________
experiências ( pessoais desenvolvidas)
atividades: tenho desenvolvido projetos web e mobile em alguns cursos como os da
rocketseat.
são feitos utilizando react, react native, node, javascript, typescript, gatsby, styled
components e graphql.
links úteis:
____________________________________________________________________________________
experiências (mercado de trabalho)
área de atuação: programador trainee - programador junior - programador pleno
duração: 2 anos
empresa: capgemini
atividades:
● treinamento em java básico.
● desenvolvimento mobile em ionic - typescript, angular, node, html, scss.
● desenvolvimento java full stack - java, jsf, hibernate, primefaces, banco
oracle.
● desenvolvimento na plataforma salesforce - java, javascript, html.
______________________________________________________________________________________
página 2
área de atuação: desenvolvedor full stack
duração: 6 meses
empresa: edza
atividades:
● desenvolvimento java full stack - java, jsp, struts, javascript, jquery, banco
postgresql.
______________________________________________________________________________________
área de atuação: desenvolvedor full stack
duração: 6 meses
empresa: solutis tecnologia
atividades:
● desenvolvimento web - java, spring boot, angular, node, typescript, banco
postgresql.
____________________________________________________________________________________
área de atuação: desenvolvedor full stack
empresa: trizy
duração: 1 ano
atividades:
● desenvolvimento web - angular, react, node, typescript, banco oracle pl/sql,
docker, kubenav, rabbitmq.
____________________________________________________________________________________
página 3
área de atuação: desenvolvedor full stack
empresa: deal technologies
duração: 1 ano - atual
atividades:
cliente: icts
● desenvolvimento web - java 8, spring boot, maven, hibernate, docker,
html/javascript, php, banco postgresql.
____________________________________________________________________________________
certifico, segundo meu conhecimento e entendimento, que este currículo descreve
corretamente minha pessoa, minhas qualificações e minha experiência. entendo que
qualquer declaração voluntariamente falsa aqui incluída pode resultar na minha
desclassificação ou no cancelamento de meu trabalho, se for contratado.
salvador, xx de abril de 2022
",nao informado,salvador,bahia,nao informado
35798,PLSQL,2022-05-03 14:00:52,Emanuella Campos,2022-05-03 14:00:52,Dra. Carolina das Neves,:,,nao informado,nao informado,nao informado,,,,,nao informado,nao informado,nao informado,nao informado,"   


contato
vonquelbe cruz caldeira
rio de janeiro
principais competências
uml resumo
gestão de equipes
trabalho desde 2002 na área de ti começando com grande porte /
java
cobol / shelscript .
passei a trabalhar com forms / report e banco oracle onde atuo
atualmente.
um dos meus ultimos trabalhos foi fazer a conversão de sistemas de
forms 6i e 9i para forms 11 com banco oracle weblogic
conhecimento de programação java



experiência
delphos s.a.
programador senior / analista junior
setembro de 2012 - present (9 anos 9 meses)
rio de janeiro

trabalho como analista de sistema atualmente focado em banco oracle /
forms/report


news systems analise e projetos
programador cobol/oracle-forms/delphi
setembro de 2002 - setembro de 2012 (10 anos 1 mês)
rio de janeiro

trabalhei como programador nas linguagens cobol / forms /report ... banco
oracle




formação acadêmica
estácio
tecnolo, analise e desenvolvimento de sistemas, tecnologia da
informação · (2013 - 2016)




  page 1 of 1
",nao informado,rio de janeiro,rio de janeiro,nao informado
21350,,2020-09-15 14:17:22,Eloah Leão,2020-10-28 19:14:32,Dr. Asafe Vargas,:,1969-12-31,nao informado,nao informado,nao informado,,,,,nao informado,nao informado,nao informado,nao informado,"brasileiro, solteiro

resumo profissional
• atuação em projetos de business intelligence por mais de 6 anos.
• atuação em projeto com metodologia scrum.
• reuniões de kick-off, análise funcional e estimativa de desenvolvimento em projetos de bi.

tecnologias:
• bancos de dados: sql server, oracle, db2 e mdm.
• ferramentas de etl: datastage, power center, odi, dts (sql server 2000 e 2005) e talend, ssis – sql server integration service 2016
• ferramenta de bi: microsoft power bi.
• ferramenta de campanha - adobe campaign

áreas de interesse
• business intelligence
• data & analytics
• big data

formação
superior completo em análise e desenvolvimento de sistemas: universidade estácio uniradial
inglês aplicado ao trabalho: ead universidade de brasília - escola do trabalhor

idiomas
inglês intermediário

cursos
• conhecimento da ferramenta dts (data transformation services do sql server 2005 e 2008)
• self service bi - data discovery ampliando soluções de business intelligence – fiap
• microsoft power bi para data science - data science academy
• big data fundamentos 2.0 – data science academy
• introdução à ciência de dados 2.0 – data science academy
• power bi the ultimate orientation - udemy

certificações
• scrum professional foundation professional certificate (sfpc) - certiprof

experiência profissional
ess brasil
• analista de sistemas sênior 13/08/2020 – 04/09/2020 projeto temporário como pj
• atuação nos projetos da cielo na squad de produtos de crédito com desenvolvimento de processos etl através da ferramenta informática power center 10.2 e 9.5.
• projeto de metodologia ágil na squad de produtos de crédito.

sysmap solutions
• analista de sistemas sênior 10/02/2020 – 12/08/2020
• atuação em projetos de integração de dados etl nos clientes kroton e vivo.
 desenvolvimento de processos de integração etl com a ferramenta talend no projeto do cliente kroton, utilizando metodologia scrum.

• projeto no cliente vivo - retenção e digitalização da ura
 atuação nos levantamentos das necessidades da área usuária e no desenvolvimento de processos etl através da tecnologia power center 10.2,
na integração de dados no banco de dados siebel (oracle) de mailings extraídos das bases de campanha através do sas camapaing da área de bi.

md2 consultoria e negócios
• analista de sistemas sênior 01/10/2019 – 29/12/2019
• desenvolvimento de processos etl através da ferramenta ibm datastage 11.5 no projeto da squad de cobrança do banco votorantim, atuando com metodologias ágeis.

funcional health tech
• especialista business intelligence 29/07/2019 – 11/09/2019

brasilprev – previdência e seguros
• analista de sistemas sênior 06/05/2019 - 03/06/2019
• desenvolvimento de integrações etl através da ferramenta ibm datastage 11.5 nos sistemas de previdência privada.

accenture
• analista de sistemas sênior 03/12/2018 – 02/05/2019
• analista de sistemas pleno 03/11/2015 - 03/11/2018
• atuação em projetos de business intelligence nos clientes: natura, sky, santander, bradesco, projeto de comissionamento no cliente claro brasil, projeto de campanhas no cliente via varejo (transformação digital)
 desenvolvimento etl através da ferramenta power center, utilizando ferramentas de banco de dados oracle para consulta de dados em bases do dw e bases transacionais,
 levantamento de requisitos e dúvidas com o usuário e entendimento do negócio
 atuação em ambientes de sustentação no cliente sky, no projeto nos-bi, utilizando oracle para realizar extrações de dados para área usuárias.
 discussão com área usuária do cliente itaú-unibanco, e levantamento de requisitos funcionais para implementação do sistema de tesouraria da nova plataforma, utilizando a tecnologia datastage para integração de dados.
 atuação com suporte de mapas no power center e implementação de regras de comissionamento no projeto da claro brasil
 criação de jobs no talend para geração de arquivos csv e transmissão via ftp para diretórios das áreas usuárias.

bsi tecnologia
• analista bi júnior 04/05/2015 / 01/09/2015
• atuação no projeto de engenharia reversa para o cliente itaú-unibanco e projeto nova plataforma
 desenvolvimento de diagrama de requisitos do sistema (drs) no power designer
 geração de códigos sas para transcrever para a ferramenta power designer como manual de consulta ao desenvolvimento realizado e os principais macros criadas.
 criação de modelo físico no power designer e harmonização de campos para gerar os metadados

tdwbi consulting
• analista bi junior 07/10/2014 / 17/12/2014
• atuação no projeto de bi para o cliente c&a
 atuação no projeto da c&a com desenvolvimento etl através da ferramenta oracle data integrator – odi

everis
• analista business intelligence jr 03/02/2014 / 07/07/2014
• atuação em projeto de bi para o cliente natura
 desenvolvimento etl através da ferramenta power center
 testes via sql validando as regras utilizadas nos mapas, e realizando querys para consultas de dados.
 alteração em mapas com inclusão de novas regras

leega – união de valor
• analista business intelligence jr 04/07/2011 / 01/03/2013
• trabalhei na leega consultoria com projetos de business intelligence para os clientes itaú-unibanco e safra
 desenvolvimento etl através da ferramenta datastage parallel e server
 testes integrados no unix
 construção e consultas de querys db2 para melhorar a performance dos jobs no datastage server
 análise e validação de especificações
 reuniões de kick-off junto ao cliente
 estimativa dos jobs nos projetos

eximia ti
• estagiário como analista de software 21/02/2011 / 26/05/2011
• atividades exercidas: desenvolvimento de arquivos pdf através do software hp extream
",nao informado,nao informado,nao informado,nao informado
23789,Engenheiro de Software,2021-01-26 10:15:58,Juliana Cassiano,2021-02-23 17:42:32,Dr. Leonardo Sousa,Site de Empregos: Catho,1979-01-06,masculino,uniao estavel,nao,"Relacionamento Técnico, TI - Arquitetura, TI - Banco de Dados, TI - Desenvolvimento/Design, TI - Desenvolvimento/Mobile, TI - Desenvolvimento/Programação, TI - Governança, TI - Infraestrutura, TI - Processos e Negócios, TI - Projetos, TI - Qualidade/Testes, TI - SAP, TI - Segurança da Informação, TI - Sistemas e Ferramentas, TI - Suporte, TI - Telecom, TI - UX","Graduado em Engenharia Elétrica com ênfase em Telecomunicações (UERJ 2005), com pós-graduação MBA Lato Sensu especialização em Engenharia de Segurança do Trabalho (UNICSUL 2018) e Engenharia de Software com metodologia ágil (UNICSUL 2020) e registro CREA ativo como Engenheiro Eletricista e Segurança do Trabalho. Tenho a certificação ITIL Foundation, Conhecimentos Aplicados em Gerenciamento de Projetos com PMP, SCRUM Master e LEED. Tenho experiência profissional com engenharia de requisitos, definição do escopo do projeto, configuração de ambientes e plataformas computacionais, desenvolvimento de software ágil, sustentação, manutenção (corretiva/evolutiva), analise de pontos de função, suporte técnico especializado em sistemas complexos e computacionais. Tenho sólidos conhecimentos e experiência em projeto de infraestrutura de Data Center e Desenvolvimento de Sistemas com metodologia ágil, utilizando banco de dados e linguagem de programação orientada a objetos, sendo especialista na plataforma .NET da Microsoft. Tenho experiência profissional em trabalhar em empresas e equipes de trabalho multiculturais e multidisciplinares, com inglês avançado e técnico direcionado para negócios.","Cisco Certified Network Associate - CCNA, Agile Product Lifecycle Management 9 Certified Implementation Specialist, COBIT - Governança de TI, Fujitsu M10 Servers Certified Implementation Specialist, ITIL v3 - IT Infraestructure Library, MS [70-290] Managing and Maintaining a Windows Server 2003 Environment, MS [70-410] Installing and Configuring Windows Server 2012, MS [70-432] Microsoft SQL Server 2008, Implementation and Maintenance, MS [70-448] MCTS: Microsoft SQL Server 2008, Business Intelligence Development and Maintenance, MS [70-486] Developing ASP.NET MVC 4 Web Applications, MS [98-361] Visual Studio Software Development Fundamentals, MS [98-365] Windows Server Administration Fundamentals, Oracle Advanced PL/SQL Developer Certified Professional, Oracle Application Expresss Developer Certified Expert, PMP - Project Management Professional","• BIZAGI: Get Started with Bizagi Modeler, Process Modeling, Administration and Operation. Essentials of Process Automation; Process Automation 1; Process Automation 2 (2020-Complete) • Automation Anywhere: Automation Anywhere Certified Advanced RPA Professional Prep. (v11); Automation Anywhere Certified Advanced RPA Professional Prep. (A2019); • Microsoft Partner Network. MPN Competency: Core Infrastructure - Datacenter for Sales, Datacenter for Presales, Business Productivy - Communication for Sales (Complete), Datacenter in Cloud Platform for Technical (2014-2016); Administration and Operation SQLServer, Power BI, Visual Studio (2020-Complete); • IBM: IBM Cloud Private Foundation Technology (2018-Complete); IBM Process Designer (2020-Complete) • Bentley Year Infrastructure 2017: Avanços BIM em Engenharia Ambiental. Proposta de Estudo de Caso de Aplicação BIM em Engenharia de Segurança para Heliportos. (2017-Complete) • VERITAS: Veritas Backup Exec 16 Sales Assessment, Backup Exec Learning Path, Enterprise Vault Learning Path, Veritas Backup Exec 16 Sales Expert Plus Assessment, Veritas Sales Expert + (2017-Complete) • Schneider Electric: Energy University: Data Center University Associate Development Path; A Comparison of AC and DC Power Distribution in the Data Center; How to Use the Energy University Site (2017-Complete); • Coursera: Wind Energy (DTU - Danmarks Tekniske Universitet 2016-In Progress); Introduction to System Engineering (UNSW - University of New South Wales 2016-Complete); Learning How to Learn (University of California, San Diego 2016-Complete); • CREA-PR. EAD. Professional Improvement in Public Works and Services (2016-Complete); • CISCO Courses: Small and Midsize Business Engineer Representative (Complete), Small and Midsize Business Account Representative Manager (Complete), Cisco Data Center Unified Computing Support Specialist (in progress), Cisco Data Center Unified Computing Design Specialist (in progress) (2014-2016) • POLYCOM courses: Partnering to Win Certification, Introduction to Voice and Video Technologies, Federal Program Overview, Federal Practice Specialization, Assessment Polycom Voice Level1, Introduction to Polycom, Introduction to RealPresence Desktop for Windows, Introduction to RealPresence Mobile RealPresence Solutions Solution Primer, Services (All Complete) (2014 -2015) • Black Box Associate, Basic and Advanced Sales ShoreTel, System Design and Architecture ShoreTel, Implementing the ShoreTel IP System, Advanced System and Troubleshooting, UC Solution, Wired for Wireless COMMSCOPE, SYSTIMAX IBIS COMMSCOPE (All Complete) (2013 - 2013) • RJN. PMP Preparatory Course. 2012-2013 • IDS Air Navigation Product: Introduction to Model AIXM, Data Reviewer, Publishing Editor, Publishing Manager, Chart Editor, Chart Manager, FPDAM.(All Complete) (2012-2013) • IT Governance. GREEN Training. COBIT, ITIL and PMP. ITIL Foundation V3 Certified. 2010.",Pós Graduação Completo,Avançado,Avançado,nao informado,"1. dados pessoais
• data de nascimento: 06/10/1979 • naturalidade: são paulo • nacionalidade: brasileiro

2. objetivo
• engenheiro eletricista | engenheiro de telecomunicações | engenheiro de segurança do trabalho | engenheiro de software | gerente de projetos | analista de requisitos | analista de sistemas
3. formação acadêmica
novembro/2019 – dezembro/2020. universidade cruzeiro do sul. são paulo, sp.
• pós-graduação lato sensu: engenharia de software – metodologia ágil. concluído.
novembro/2016 – abril/2018. universidade cruzeiro do sul. são paulo, sp.
• pós-graduação lato sensu: engenharia de segurança do trabalho. engenheiro de segurança. concluído.
• tcc: gerenciamento de projetos aplicado à engenharia de segurança do trabalho.
• estudo de caso: heliportos/datacenter/salacofre
agosto/1998 – janeiro/2005. uerj – universidade do estado do rio de janeiro. maracanã, rj.
• engenharia elétrica com ênfase em telecomunicações.
• projeto de graduação: “acesso remoto ao banco de dados com tecnologia wap”. estudo de caso: setor imobiliário.
fevereiro/1986 – dezembro/1997. instituto abel. (la salle) niterói, rj.
• 1º e 2º grau. nível fundamental e médio. formação acadêmica direcionada ao mercado de trabalho.
4. estudos complementares
março/2011 – march/2018. pmi – project management institute.
agosto/2010 – agosto/2018. exin – examination institute for information science.
• itil – information technology infrastructure library. certificate itil foundation v3
5. experiência
outubro/2019 – atual http://www.globalhitss.com\br
principais atividades:
• prestação de serviços como engenharia de requisitos em fábrica de software como profissional alocado em operação assistida, sustentação, manutenção e desenvolvimento de sistema. sustentação e manutenção corretiva e evolutiva de sistemas da computação, analise e contagem de pontos de função, integração de sistemas, testes qualitativos de software. suporte a documentação a área de negócio. análise de requisitos, especificação funcional, modelagem e prototipação, desenvolvimento de sistemas computacionais e administração de banco de dados; engenheiro de software especialista bpm, rpa, bi;
julho/2017 – agosto/2019 http://www.lifecon.com.br
principais atividades:
• prestação de serviço em gerenciamento de projetos de engenharia, sistemas computacionais e infraestrutura de telecomunicações; engenharia de orçamento e consultoria especializada para pesquisa e cotação de mercado; responsável por vistorias técnicas, parcerias estratégicas e competências para comercialização de produtos de fabricantes de tecnologias; especialista em serviço com alta tecnologia e valor agregado; gerente de novos negócios com clientes e de canais com distribuidores e fabricantes; suporte técnico e consultoria especializada em assuntos de governança corporativa, segurança da informação, gerenciamento de projetos e desenvolvimento de sistemas;
abril/2016 – outubro/2016 http://www.crialed.com.br
principais atividades:
• gerenciamento de projetos de instalação e monitoramento de painéis de led, realizando o planejamento de execução, definindo e acompanhando o escopo estabelecido e o progresso das rotinas de trabalho, a fim de cumprir metas, prazos e custos estabelecidos. identificar os riscos para estudar formas de diminuir impactos e corrigir ações. manutenção e expansão de contato com os fornecedores e clientes, acompanhando os serviços executados. controle de indicadores e apresentação de resultados. elaboração de estratégias da área e orçamentos. preparação de relatórios de gestão e controle de fluxo de informações. gestão de pessoas e condução de equipes. boa comunicação oral e escrita exercendo atividades sob pressão. emissão de art elétrica e execução de projetos de painéis de led em shopping center e postos de gasolina. utilização de habilidades de comunicação, negociação, liderança, influência e gestão de conflitos. elaboração de desenho técnico elétrico/telecomunicações e planilha em excel para tomada de decisão.
janeiro/2014 – julho/2015 http://www.lifecon.com.br
principais atividades:
• gerenciamento de projetos de engenharia de telecomunicações, sistemas computacionais e infraestrutura de ti integrados ao governo federal, estadual e municipal; consultoria especializada em projetos de ecm, crm, bpm, bi, workflow, videoconferência e data center; responsável por vistorias técnicas e geração de novos negócios na região de são paulo com participação em reuniões gerenciais de ti e com a área de negócios; coordenador de projetos de ti que utilizem banco de dados relacional, desenvolvimento de software e implementação de sistemas corporativos; especialista em serviço de instalação, configuração, implantação e migração, treinamento aos usuários, suporte técnico e manutenção de sistemas computacionais; suporte técnico e consultoria especializada em assuntos de governança corporativa, segurança da informação, gerenciamento de projetos e desenvolvimento de sistemas; análise de editais e temos de referência com participação ativa em licitação pública;

março/2013 – dezembro/2013 http://www.blackbox.com.br
principais atividades:

março/2012 – fevereiro/2013 http://www.idscorporation.com
principais atividades:
• treinamento, capacitação e instrução de oficias da força aérea brasileira ciscea | ctcea | ica aos produtos ids – navegação aérea, suíte ias e fpdam; suporte técnico e operacional à mineração e migração de dados do sistema ais para o modelo aim; consultoria especializada ao projeto thom; elaboração da estratégia de qualidade do plano de negócios do projeto thom no brasil.

setembro/2010 – março/2012 http://www.lifecon.com.br
principais atividades:
• implantação da estratégia, mapeamento e desenho do processo de virtualização e digitalização; transição, operacionalidade controle de qualidade do birô de digitalização; virtualização dos processos físicos e gestão do projeto; melhoria continua do serviço e gerenciamento da qualidade do projeto; gerenciamento e supervisão da linha de produção, controle e mensuração de resultados; suporte e manutenção do sistema da informação e equipamentos de digitalização (scanner's); consultoria especializada em projetos de ecm, crm, bpm, bi, workflow e assinatura digital.

outubro/2006 – abril/2010 http://www.lab245.com.br
principais atividades:
• gerenciamento de projetos e de suporte técnico; prospecção de novos clientes e projetos; mapeamento e modelagem de processo de negócio; construção, desenvolvimento e integração de sistemas automatizados e informatizados; dimensionamento de requisitos e funcionalidade de sistemas e equipamentos; coordenador e líder de projetos de ti; elaboração de documentação técnica com definição dos sla's; administração de servidores e banco de dados; desenvolvimento de soluções web para automatização e informatização de processos de negócio; preparação e apresentação de equipamentos e sistemas desenvolvidos; suporte técnico ao trabalho de analistas de desenvolvimento de sistemas; validação técnica funcional de sistemas operacionais e de infraestrutura de rede; validação com testes de desempenho dos sistemas desenvolvidos; prestação de suporte técnico aos clientes; capacitação e treinamento de funcionários e clientes; controle de acesso de usuários; em outubro de 2007, promovido de analista de sistemas no rj para gerente de filial sp.

outubro/2005 – setembro/2006 http://www.creci-rj.gov.br
principais atividades:
• regulamentação e fiscalização do setor imobiliário do estado do rio de janeiro; projeto de integração do banco de dados da fiscalização para aplicações com smart phone; suporte as eleições do conselho para o exercício 2006/2009.

agosto/2003 – abril/2005 http://www.cam-la.com
empresa: cam brasil – compañia americana de multiservicios. diretor: pablo calderon (56-2) 389 7300
principais atividades:
• participação do plano transformação cerj/ampla. prospecção de mercado e marketing. novas tecnologias. líder de projeto de integração do banco de dados a aplicações portáteis; fiscalização com a utilização de pda's; projeto de monitoramento e fiscalização veicular via gps com telemetria e voip; levantamento de custos para montagem do concentrador de dados para implantação na rede dat; acompanhamento da homologação do medidor eletrônico complant junto ao inmetro. iso 9000. em janeiro de 2004, efetivado de estagiário para engenheiro trainee junior.
6. proficiência em lingua estrangeira
• espanhol: yspanus institute of languages. intensive basic (1 semester / 2003) and semi intermediate (2 semesters / 2004).
7. atividades extracurriculares
• janeiro/2016 – atual – autodesk design academy. student expert orientation. https://academy.autodesk.com/users/danielwinther (student version uerj - instituto de aplicacao fernando rodrigues da silveira cap-uerj)
• janeiro/2003 – agosto/2003 - uerj – pcp – programa de capacitação profissional. estagiário da prefeitura universitária; suporte técnico/operacional a superintendência de recursos humanos. desenvolvimento de projetos cad e instalações elétricas, telecomunicações e hidráulicas. licitações internas.
8. participação em congressos, cursos, certificações e palestras
• bizagi: get started with bizagi modeler, process modeling, administration and operation. essentials of process automation; process automation 1; process automation 2 (2020-complete)
• automation anywhere: automation anywhere certified advanced rpa professional prep. (v11); automation anywhere certified advanced rpa professional prep. (a2019);
• ibm: ibm cloud private foundation technology (2018-complete); ibm process designer (2020-complete)
• bentley year infrastructure 2017: avanços bim em engenharia ambiental. proposta de estudo de caso de aplicação bim em engenharia de segurança para heliportos. (2017-complete)
• veritas: veritas backup exec 16 sales assessment, backup exec learning path, enterprise vault learning path, veritas backup exec 16 sales expert plus assessment, veritas sales expert + (2017-complete)
• crea-pr. ead. professional improvement in public works and services (2016-complete);
• polycom courses: partnering to win certification, introduction to voice and video technologies, federal program overview, federal practice specialization, assessment polycom voice level1, introduction to polycom, introduction to realpresence desktop for windows, introduction to realpresence mobile realpresence solutions solution primer, services (all complete) (2014 -2015)
• black box associate, basic and advanced sales shoretel, system design and architecture shoretel, implementing the shoretel ip system, advanced system and troubleshooting, uc solution, wired for wireless commscope, systimax ibis commscope (all complete) (2013 - 2013)
• it governance. green training. cobit, itil and pmp. itil foundation v3 certified. 2010.
9. resumo
graduado em engenharia elétrica com ênfase em telecomunicações (uerj 2005), com pós-graduação mba lato sensu especialização em engenharia de segurança do trabalho (unicsul 2018) e engenharia de software com metodologia ágil (unicsul 2020) e registro crea ativo como engenheiro eletricista e segurança do trabalho. tenho a certificação itil foundation, conhecimentos aplicados em gerenciamento de projetos com pmp, scrum master e leed. tenho experiência profissional com engenharia de requisitos, definição do escopo do projeto, configuração de ambientes e plataformas computacionais, desenvolvimento de software ágil, sustentação, manutenção (corretiva/evolutiva), analise de pontos de função, suporte técnico especializado em sistemas complexos e computacionais. tenho sólidos conhecimentos e experiência em projeto de infraestrutura de data center e desenvolvimento de sistemas com metodologia ágil, utilizando banco de dados e linguagem de programação orientada a objetos, sendo especialista na plataforma .net da microsoft. tenho experiência profissional em trabalhar em empresas e equipes de trabalho multiculturais e multidisciplinares, com inglês avançado e técnico direcionado para negócios.

são paulo, terça-feira, 26 de janeiro de 2021

carta de interesse


prezado departamento de recursos humanos, bom dia.


sou graduado em engenharia elétrica com especialização em telecomunicações (uerj), atualmente cursando pós-graduação lato sensu em engenharia de software com metodologia ágil e curso em pós graduação concluído em engenharia de segurança do trabalho (unicsul) e possuo experiência em projetos de engenharia aeronáutica, infraestruturas de telecomunicações, desenvolvimento de sistemas web, elaboração de projeto básico e executivo data center, definição de escopo e execução de projetos de infraestrutura elétrica e de telecomunicações para projetos de tier e leed. experiência com o planejamento estratégico, levantamento de requisitos e definição do escopo de projeto para aplicação do plano de negócios para aplicação em projeto básico e executivos em projetos de engenharia.

tenho sólidos conhecimentos e experiências compatíveis em projetos de engenharia e atividades regulamentos como engenheiro responsável técnico junto ao crea, com emissão de art's. responsável em realizar vistorias técnicas, análise e desenvolvimento de arquivos cad referente a construção, infraestrutura de data center, instalações eléctricas, ar condicionado e monitoramento ambiental, cabeamento estruturado, fibra óptica, sistema de detecção precoce e combate a incêndio, controle de acesso, catv, sistema de telefonia ip, uc e painéis de led.

possuo estudos, experiência profissional e conhecimentos em gestão de projetos e serviços de ti, mapeamento e modelagem de processos de negócios (conceitual, lógica e física), com habilidades e conhecimento para o suporte técnico, gestão operacional, supervisão e fiscalização da equipe de trabalho. experiência em desenvolvimento de sistemas web mobile e tradicional, usando o windows server e administrador de banco de dados (oracle e sql server) com a manutenção do ambiente de maquinas virtual.

tenho a certificação itil foundation v3 e conhecimentos nas melhores práticas nos módulos itil practitioner, cobit e pmp. possuo nível avanço na interpretação de texto, leitura e leitura, audição e conversação, com objetivos a atingir a certificação toelf. experiência de trabalho e no ciclo de vida do projeto com equipes multidisciplinares e multiculturais adquirindo experiência profissional em governança corporativa, desenvolvimento de sistemas, controle e manutenção de projetos, treinamento e certificação em projetos de engenharia e ti.

além disso, encaminho anexo meu currículo e os principais projetos em que estive envolvido:

• instalação de painéis de led em shopping center's (clientes: shopping aricanduva, shopping interlagos, shopping união de osasco, shopping central plaza-2016);
• instalação e manutenção de painéis led em postos de gasolina (cliente: ipiranga produtos de petróleo-2016);
• gerenciamento de projetos de data center (clientes: tjm-sp-2015, pão pullman-2013, nead-unesp-2013, ish-2013);
• cabeamento estruturado para rfid antenas (cliente: empresa brasileira de correios e telégrafos-2014);
• mineração e migração de dados suite ias and fpdam ids corporation (cliente: força aérea brasileira-2012);
• gerenciamento de projeto e serviços bureau scanning (clientes: trt-sp-2010, tj-sp-2014);
• gerenciamento de projetos, desenvolvimento e implementação de sistemas ecm and workflow web systems (clientes: br distribuidora-2006, ipiranga-2006, odebrecht-2007, universidade metodista-2008, haztec engenharia-2009);
• gerenciamento de projetos, desenvolvimento e implementação de processos automatizados de fiscalização de campo utilizando pda’s (clientes: cam brazil-ampla-2004/2005)


• engenheiro responsável técnico. empresa: black box, período: 05-mar-2013 até 31-jul-2013. projetos de data center e voip.
• engenheiro eletricista. empresa: nead - núcleo de educação a distância unesp, período: 05-mar-2013 até 31-jul-2013. data center e subsistemas ups, ar-condicionado de precisão hvac, sistema de monitoramento ambiental, sistema de detecção precoce e combate a incêndio, sistema de controle de acesso, projeto básico e executivo de data center.
• engenheiro eletricista. empresa: bimbo do brasil - pão pullman, período: 05-mar-2013 até 31-jul-2013. data center e subsistemas ups, ar-condicionado de precisão hvac, sistema de monitoramento ambiental, sistema de detecção precoce e combate a incêndio, sistema de controle de acesso, projeto básico e executivo de data center.
• engenheiro responsável técnico. empresa: dg10 - data global tecnologia e informações, período: 16-jul-2014 até 14-aug-2014. projeto rfid empresa brasileira de correios e telégrafos.
• engenheiro eletricista. empresa: empresa brasileira de correios e telégrafos. período: 16-jul-2014 até 14-aug-2014. projeto rfid empresa brasileira de correios e telégrafos. unidades (ctc mooca, ctc vila maria, teca guarulhos, teca jaguaré, ctc santo amaro, ctc santo andré).
• engenheiro eletricista. empresa: tjm - tribunal de justiça militar de sp, período: 02-jan-2015 to 20-dez-2015. data center e subsistemas ups, ar-condicionado de precisão hvac, sistema de monitoramento ambiental, sistema de detecção precoce e combate a incêndio, sistema de controle de acesso, projeto básico e executivo de data center.
• engenheiro eletricista. empresa: led channel. período. 05-apr-2016 até 23-oct-2016. instalação de painéis de led em shopping center's. shopping aricanduva (jun-2016); shopping interlagos(jul-2016); shopping união de osasco(aug-2016); shopping central plaza(sep-2016).

atenciosamente,

engenheiro eletricista | engenheiro de telecomunicações |
engenheiro segurança do trabalho | engenheiro de software |
",engenharia de software,sao paulo,sao paulo,site de empregos
15031,,2019-04-26 17:09:23,Paulo Peixoto,2019-04-26 17:09:23,Oliver Gomes,:,,nao informado,nao informado,nao informado,,,,,nao informado,nao informado,nao informado,nao informado,"analista de business intelligence
rio de janeiro, rio de janeiro, brasil
resumo
profissional com 4 anos de experiência em etl utilizandoinformatica powercenter e ibm datastage com o origens emteradata, oracle, sql server.desenvolvimento de artefatos olap em oracle analytics cloud(oac/obiee) e powerbi.
experiência
provider it & business solutions
analyst
agosto de 2018 - present
rio de janeiro e região, brasil
evolução do dw corporativo da universidade estácio de sá na plataformaoracle analytics cloud utilizando informatica powercenter.
everis
solutions assistant
outubro de 2015 - setembro de 2016 (1 ano)
rio de janeiro e região, brasil
desenvolvimento jobs no datastage no projeto unificação do inventário derede da tim brasil na plataforma amdocs oss (antigo cramer).
ibm brasil
analista bi
outubro de 2011 - julho de 2013 (1 ano 10 meses)
evolução e manutenção do dw corporativo da oi e da tim. utilizandoteradata, datastage, informatica powercenter e oracle.
siemens enterprise communications
estágio técnico telecom e ti
julho de 2011 - outubro de 2011 (4 meses)
instalação e manutenção voip com a tecnologia hicorder
page 1 of 2
formação acadêmica
unirio
bsc, sistemas de informação · (2008 - 2014)
universidade estácio de sá
gestão de tecnologia da informação, ti · (2017 - 2018)
cefet/rj
técnico, turismo e entretenimento · (2006 - 2008)
page 2 of 2
",nao informado,nao informado,nao informado,nao informado
15531,,2019-06-03 10:29:33,Paulo Peixoto,2019-06-03 10:29:33,Sra. Ana Cecília Novais,:,,nao informado,nao informado,nao informado,,,,,nao informado,nao informado,nao informado,nao informado,"c u r r i c u l u m v i t a e
dados pessoais

objetivo outras funções:
analista de negócios analista de processos / analista de requisitos / analista funcional

formação

qualificações
20 anos de experiência no desenvolvimento de sistemas em arquitetura cliente-servidor e n-camadas distribuídas.
proficiência em visual basic .net e c#. análise e programação orientada ao objeto. integração mainframe-web.
profundos conhecimentos em banco de dados oracle e sql server ( dba ) e na administração de redes windows nt.

vivência na especificação e implementação de serviços e componentes e em modelagem de dados. inglês avançado.
habilidades na implantação de processos ágeis de desenvolvimento de software, treinamento e integração de equipes.

conhecimentos
programação - visual basic 6 e .net, c#, c++ e java ( j2ee ).
banco de dados - oracle 8, sql server 2000 (dba) e sybase.
erp / crm - sap, bpcs, xpps, sigom, microsoft dynamics, findur
metodologias - cmm, cmmi , pmi , fpa, itil , scrum, cobit , msf.rpa
ferramentas case - rational rose, ea enterprise architect , etl axure e erwin.
ferramentas web - asp, asp.net, html, xml e jsp ( websphere ), remedy e salesforce.
comunicações - odbc, ado, sna, tibco, mqseries, comti e sockets ( tcp/ip ).
componentização - uml, com+ ( activex ), javabeans, framework, soa , mts.

areas de desenvolvimento
negócios - business intelligence bi, seguros e previdência, cartões (cartão de crédito)
financeiro - tesouraria, empréstimos, previdência, risco de mercado, risco de crédito.
governança – otimização e gestão de kpi ’ s e acordo de nível de serviço sla / slm

outros cursos
2011 - analise de requisitos de software e sistemas / ancs
2009 - programação em microsoft visual studio c# .net 2005 / globalit
2008 - implementando um banco de dados em sql server 2005 / microsoft
2002 - esl - english as second language - university of toronto / canada
1998 - integrando aplicações com mq series / ibm do brasil

projetos
naçoes unidas - onu 15/03/2017 a 19/02/2018 otimização de processo de desenvolvimento de software
dpaschoal s/a 15/08/2011 a 02/01/2012 sistema de monitoramento de empréstimos e leasing
banco itau bba s/a 26/10/2009 a 14/02/2011 migração do ibs para openlink findur ( loans e bonds )
banco bradesco s/a 12/03/2001 a 31/05/2002 tesouraria e risco de mercado ( var - value at risk, swap e renda fixa )
ibm do brasil ltda 01/04/1997 a 31/03/1999 production planning and control (operational research and business intelligence)

experiência
empresa oliver consultoria - são paulo - sp
período desde 15/03/2017
atividades levantamento de requisitos. implementação de interface. modelagem de dados. suporte ao desenvolvimento e testes.
descrição atuo em análise e modelagem de negócios em sistema multi-plataforma (web-android-iphone). atuo na modelagem de processos em ferramenta powerdesign e modelos de integração. atuo em protótipo de interfaces e gerenciamento de campanhas.

período de 17/03/2014 a 15/05/2016
atividades levantamento de requisitos. especificação funcional. modelagem de processos. suporte a desenvolvimento e testes.
descrição atuei no levantamento de requisitos em sistemas financeiros envolvendo avaliação de risco de crédito em propostas, criação e adaptação de novas modalidades de crédito (empréstimos e leasing) e adequação dos sistemas a novos produtos (importados) contendo diferentes modelos de tarifação. atuei com metodologia ágil (scrum based) utilizando ferramentas ea e rational e erwin.

período de 18/03/2013 a 14/03/2014
atividades levantamento de requisitos. especificação funcional. gestão de incidentes em ferramenta remedy.
descrição atuei no levantamento de requisitos e especificação funcional em sistemas da área de seguros e previdência. atuo em modelagem de processos e negócios (uml) nas atividades de contratação, endosso, sinistro e renovação de seguros em geral. atuo na identificação de gaps em processos de negócios, incluso identificação da causa raiz, utilizando metodologia ágil e ferramentas ea, bizagi, etc.

período de [26/10/2009 a 14/02/2011] como analista de negócios pela instisys
de [24/07/2006 a 08/06/2007] como analista de requisitos pela ogedait
atividades levantamento de requisitos. especificação funcional. modelagem de processos. suporte ao desenvolvimento.
descrição atuei no levantamento de requisitos para soluções do mercado financeiro internacional (off-shore). efetuei especificação de processos e serviços (bpmn), utilizando diagrama de classes, sequência e demais diagramas da uml. atuei no acompanhamento de demandas junto ao desenvolvimento, testes unitários e sistêmicos, bem como na aderência dos processos a metodologia mds/itaú.

período 10/11/2008 a 23/10/2009
atividades especificação de processos de negócios. levantamento de requisitos. modelagem de dados, casos de uso e casos de teste.
descrição atuei no processo de elaboração de soluções fiscais e contábeis. atuei na especificação funcional de processos de negócios em metodologia orientada a serviços. efetuei levantamento de requisitos e modelagem de software utilizando diagrama de classes, casos de uso e demais diagramas da uml. interagi no desenvolvimento, testes e implantação. atuei na gestão de mudanças e no controle de versões.

período de 01/12/2002 a 13/06/2005
atividades programação em pl/sql e asp. suporte ao desenvolvimento. análise e performance de aplicações. sistema sigom.
descrição estive envolvido no desenvolvimento de aplicações para o mercado financeiro em ambiente web distribuído utilizando arquitetura com+, asp e javascript. efetuei modelagem uml e implementação de componentes comti e sna base para integração mainframe/web. atuei na implementação de stored procedures em pl/sql e na otimização de desempenho de aplicativos.

período de 12/03/2001 a 31/05/2002
atividades coordenar equipe. suportar desenvolvimento. especificar regras de negócios. modelar banco de dados
descrição estive envolvido no desenvolvimento de aplicações financeiras em ambiente n-camadas windows dna (componentes com+, framework proprietário em c++ e interdev ). efetuei especificação de componentes e regras de negócios para cálculo de var (value at risk). efetuei administração de servidores sql server ( performance e tunning ). implementei triggers e stored procedures transact-sql.

período de 06/12/1999 a 02/03/2001
atividades analisar sistemas e programar em c++. extrair regras de negócios. modelar banco de dados.
descrição atuei no desenvolvimento sistema integrado de tesouraria abrangendo mesa de operações (boleto eletrônico), risco de mercado, backoffice e contabilidade. atendendo originalmente o mercado europeu o sistema foi migrado de uma plataforma cliente-servidor (c++/sql server) para arquitetura n-camadas. efetuei migração e modelagem de dados ( erwin ), triggers e stored procedures.

período de 01/04/1997 até 31/03/1999
atividades analisar sistemas. programar em visual basic 5. modelar e implementar banco de dados
descrição trabalhei no desenvolvimento de sistema integrado para planejamento e controle da produção (pcp). implementei componentes em ambiente distribuído de arquitetura n-camadas utilizando mqseries. desenvolvi interfaces gráficas e algoritmos de otimização utilizando vb 5, triggers e stored procedures em pl/sql. modelei banco de dados oracle 8 utilizando designer/2000.

pretensão salarial
r$ 5000,00

referências pessoais
",nao informado,nao informado,nao informado,nao informado
28561,Desenvolvedor Cobol,2021-07-26 15:03:37,pelo próprio candidato,2021-07-26 15:03:37,Luiz Gustavo Novaes,Escolas/Faculdades: Escola de programadores,1960-02-02,masculino,casado,nao,TI - Desenvolvimento/Programação,,,,Ensino Superior Completo,Intermediário,Básico,nao informado,"

perfil profissional:



resumo das qualificações:

linguagens: cobol/db2/vsam, cobol(net express microfocus), pro-cobol, rm-cobol, cobol vms, pl/sql, cobol ii ibm, blis/cobol, vb, visual studio6, delphi, dataflex, oracle 8.17, html, cics (aplicações online db2/vsam).

sistemas operacionais: dos, ibm vms, open/vms, unix, linux, blis/cobol, windows.

equipamentos: digital (modelo alpha 1000), unisys, ibm risc 6000, sisco, edisa, sid, hp.

conhecimentos gerais: contas a pagar; contas a receber; sistemas de cliente e de fornecedor; controle de estoque, de compras, de vendas, de cotações; sistema de faturamento, de comissões, de escrita fiscal, de contabilidade e de folha de pagamento; telemarketing, logística, centro de distribuição, dentre outros específicos às áreas de atuação das empresas. implantação, corretiva e desenvolvimento de projetos.

ocupação atual: atuando como sócio/administrador na empresa império clinica odontológica ltda.


experiência profissional:

editora abril
ago/2006 - set/2017 (a partir de 2010, 100% home office)
consultor
análise e programação em cobol microfocus net express, cobol microsoft versão 4.5, db2 e pl/sql para manutenção e projetos novos na micro distribuição física de revistas sendo responsável por mais de 1000 programas compondo o envio e recolhimento de produtos para bancas de revistas, além da geração de notas fiscal, prestações de contas e cobranças.

unisys
nov/2003 - jul/2006
consultor
análise e programação em cobol microfocus net express, pl/sql e pro-cobol para manutenção do projeto carrefour.

lojas marabraz
mar/2003 – out/2003
consultor
análise e programação em net express cobol, pro-cobol e html para as áreas de transporte, carregamento, controle de mostruário e performance de vendas.

unisys
dez/2001 - fev/2003
consultor
análise e programação em cobol microfocus net express, pl/sql e pro-cobol para manutenção do projeto carrefour.

pandata informática s/c ltda.
maio/2001 – nov/2001
consultor
análise e programação cobol microfocus, db2 e vb para sistemas de automação bancária (conta-corrente e poupança) projeto banco real e itaú.

unisys
fev/2001 – maio/2001
consultor
análise e programação em cobol microfocus para a área de cofins e pis. projeto carrefour.

schering do brasil química e farmacêutica ltda.
abr/1999 – jan/2001
analista programador
análise e programação em linguagem cobol para todas as áreas da empresa, conversão de sistemas para o bug do milênio, interfaces de comunicação para o sistema sap (desenvolvimento e estratégias de migração). programação em visual studio para setor de telemarketing. manutenção de sistemas em dataflex. equipamento de grande porte, sistema (open vms).

1995 –1998
prestação de serviço autônoma nas áreas de assessoria, consultoria, desenvolvimento e terceirização de sistemas nas linguagens cobol risc 6000, dataflex, para empresas nos ramos comerciais, alimentícios, financeiros e industriais.

germon's – mercantil super couro ltda.
distribuidora de produtos alim. marsil ltda.

triunfo do brasil imp. e exp. ltda.
cba – cesta brasileira de alimentação imp. exp. ltda.

shapeness ass. proj. em informática ltda.
1992 – 1995
coordenador de projetos
análise, coordenação e desenvolvimento de projetos. levantamento junto aos usuários das reais necessidades para desenvolvimentos específicos para os mais diversos ramos de atividades (bancárias, comerciais, automobilísticas, alimentícias, industriais e financeiras). buscando sempre a utilização dos equipamentos já existentes nas empresas e utilizando-se da melhor linguagem para um bom desempenho dos mesmos. análise, coordenação, desenvolvimento e codificação dos sistemas juntamente com a colaboração de 5 programadores. linguagens: cobol (microfocus, microsoft, sid, edisa), dataflex.

treisa informática ltda.
1989 a 1992
analista programador

sodicar s/a distribuidora de carros
1988 – 1989
encarregado de cpd


formação acadêmica:


fasp – análise de sistemas ecônomico-financeira
fev/92 – dez/96
10 - semestres


cursos extracurriculares:

- oracle
- pl/sql
- html
- mastering microsoft visual basic 6 – development (brás & figueiredo)
- mastering microsoft visual basic 6 – fundamentals (brás & figueiredo)
- delphi 4.0 standard (impacta)
- tso, jcl, cics (ead na escola de programadores)
idiomas:

- inglês intermediário
- inglês técnico


salário pretendido: a combinar.
",analise e desenvolvimento de sistemas,sao paulo,sao paulo,escolas faculdades
38585,Analista de Sistemas,2022-08-23 12:51:56,Elisa Barbosa,2023-06-30 14:59:16,Catarina Aragão,:,,nao informado,nao informado,nao informado,,,,,nao informado,nao informado,nao informado,nao informado,"profissional pós-graduado em engenharia de software com
ampla experiência com suporte técnico em sistemas erp”s
níveis 1 e 2, através das melhores práticas adotadas pelo itil,
objetivando sempre os cumprimentos dos sla's. experiência
como desenvolvedor web em linguagens ruby, php vb.net
e java.entusiasta pelas novas tendências de mercado como:
machine learning,iot e data science.
por fim, sou um profissional que almeja novos desafios que possam
confrontar meus conhecimentos e me desenvolverem como
profissional.
vivência internacional - programa: english as second language:
fnu -flórida

experiência
grupo big - brasil
analista de sistemas
junho de 2020 - agosto de 2022 (2 anos 3 meses)
fortaleza, ceará, brasil
atuo na equipe de arquitetura de sistemas, onde no momento estamos
concentrando nossos esforços na migração dos sistemas legados como
também, modelando e desenvolvendo as novas soluções do grupo junto
ao nosso erp.ademais, atuamos como facilitadores da cultura devops
nos processos da empresa como: integração e entrega contínua, gestão de
configuração, desenvolvimento, modelagem e etc.
trabalhamos com uma ampla stack de tecnologias, dentre elas destaco as
seguintes:
-dev - java, angular,javascript, frameworks (framework baseado em java
próprio para desenvolvimento em mainframe).
page 1 of 4
process automation - rundeck
continuos delivery - jenkins
task manager -jira
virtualization: docker
databases: sql server, oracle
team workspace: confluence
casebrasfactoring
analista de sistemas
janeiro de 2020 - maio de 2020 (5 meses)
fortaleza e região, brasil
• responsável pela evolução dos sistemas legados, levantar requisitos para
desenvolvimento de novas features, desenvolver e suportar novos produtos
conforme demandas de mercado.
• gerir equipe de sustentação, objetivando os melhores percentuais de
sla`s através da ferramenta glpi.
-criar e gerar documentação que otimize as resoluções de incidentes e
problemas recorrentes.
mil tecnologia
software developer
agosto de 2019 - janeiro de 2020 (6 meses)
fortaleza, ceará
desenvolver novas features aos sistemas legados e novos, utilizando as
linguagens java e ruby com utilização dos principais frameworks de mercado
voltados ao back end e front end.sempre visando o cumprimento das
melhores praticas do agile (xp, scrum).
dar suporte aos módulos existentes, realizando refatorações em códigos e
alterações requisitadas.
grupo marquise
analista de suporte - erp - ebs
fevereiro de 2017 - novembro de 2018 (1 ano 10 meses)
fortaleza
responsável pelo suporte técnico a todos os módulos do erp ebs oracle
utilizados por clientes internos e externos.além disso, criar e manter query's
page 2 of 4
(consultas) em pl/sql.incrementar repositório de documentações, através da
geração de artefatos para auxílio das resoluções de incidentes e problemas.
via lógica - softwares de gestão para o varejo e distribuição
técnico de suporte erp
fevereiro de 2016 - fevereiro de 2017 (1 ano 1 mês)
fortaleza e região, brasil
• prestar suporte técnico sobre a solução erp fornecida pela empresa aos
clientes em ambientes varejista e atacadista.
•criação de consultas(query) em banco de dados para solução de problemas
envolvendo módulos do sistema..
• automatizar rotinas de segurança como: backup, importação e exportação
de dados, das bases de dados
dos clientes.
*prestar suporte técnico em geral.
jr sistemas
programador vb.net
janeiro de 2015 - abril de 2015 (4 meses)
desenvolver módulos de sitemas voltados ao mercado varejista.
*relatórios gerenciais
*rotinas de abertura e fechamento de caixa
*prototipação
*nota fiscal eletrônica
defensoria pública do estado do ceará
estagiário de desenvolvimento de software - rubyonrails
dezembro de 2010 - novembro de 2012 (2 anos)
fortaleza e região, brasil
• auxiliar no desenvolvimento de sistemas utilizando à linguagem ruby em
conjunto com o framework rails utilizando as metodologias ágeis xp e
scrum.
• criar estrutura de banco de dados para as aplicações
• participar de reuniões acerca dos sistemas a serem desenvolvidos pela
defensoria.
page 3 of 4
• auxiliar nos desenvolvimentos de testes funcionais dos sistemas
desenvolvidos.
formação acadêmica
universidade 7 de setembro - uni7
especialização, engenharia de software · (abril de 2018 - junho de 2021)
universidade 7 de setembro - uni7
sistemas de informação, tecnologia da informação · (2005 - 2012)
",nao informado,fortaleza,ceara,nao informado
40918,Cobol,2022-12-16 14:52:57,Laura Pacheco,2022-12-16 14:52:57,Dra. Ana Clara Ribeiro,:,,nao informado,nao informado,nao informado,,,,,nao informado,nao informado,nao informado,nao informado,"sobresobre

experiênciaexperiência
especialista em tecnologiaespecialista em tecnologia
autônomoautônomo
jan de 2015 - o momento · 8 anosjan de 2015 - o momento · 8 anos
rio de janeiro, brasilrio de janeiro, brasil
atendimento para suporte de programas criados em cobol /
fortran
suporte em sistema de banco de dados
suporte em transições de antigos sistemas para tecnologias
atuais (servidores e front-end)
criação de sistemas de segurança em lojas nos estados unidos)atendimento para suporte de programas criados em cobol / fortran suporte em sistema de banco de dados suporte em transições de antigos sistemas para tecnologias atuais (servidores e front-end) criação de sistemas de segurança em lojas nos estados unidos)
competências: uml (linguagem de modelagem unificada) · .net framework · java · cobol ii · cics · cobolcompetências: uml (linguagem de modelagem unificada) · .net framework · java · cobol ii · cics · cobol
logo da empresa ambev
desenvolvedor de cobol sêniordesenvolvedor de cobol sênior
ambev · tempo integralambev · tempo integral
mar de 2002 - ago de 2009 · 7 anos 6 mesesmar de 2002 - ago de 2009 · 7 anos 6 meses
rio de janeiro, brasilrio de janeiro, brasil
transição de sistemas antigos para novas plataformas;
cobol para outras linguagens;transição de sistemas antigos para novas plataformas; cobol para outras linguagens;
competências: html · microsoft sql server · cobol · pl/sql · c# · xml · ibm db2competências: html · microsoft sql server · cobol · pl/sql · c# · xml · ibm db2
logo da empresa sayonara.co
sayonara.cosayonara.co
autônomo · 8 a 2 mautônomo · 8 a 2 m
analista de software sênioranalista de software sênior
abr de 2000 - mar de 2002 · 2 anosabr de 2000 - mar de 2002 · 2 anos
suporte nos sistemas já existentes;
controle dos sistemas feitos em cobol;
analise de issues em novos sistemas java;suporte nos sistemas já existentes; controle dos sistemas feitos em cobol; analise de issues em novos sistemas java;
competências: json · postgresql · sql · java · cobol ii · cics · cobolcompetências: json · postgresql · sql · java · cobol ii · cics · cobol
programador cobolprogramador cobol
fev de 1994 - abr de 2000 · 6 anos 3 mesesfev de 1994 - abr de 2000 · 6 anos 3 meses
rio de janeiro, brasilrio de janeiro, brasil
desenvolvimento de sistemas de controle de transportes;
desenvolvimento e criação de sistemas de emissão de notas
scais;desenvolvimento de sistemas de controle de transportes; desenvolvimento e criação de sistemas de emissão de notas scais;
competências: cobol · pl/sql · c# · xml · ibm db2competências: cobol · pl/sql · c# · xml · ibm db2
grupo monte castelogrupo monte castelo
tempo integral · 11 a 8 mtempo integral · 11 a 8 m
rio de janeiro, brasilrio de janeiro, brasil
gerente de cpdgerente de cpd
out de 1990 - fev de 1998 · 7 anos 5 mesesout de 1990 - fev de 1998 · 7 anos 5 meses
liderança e gerenciamento de time de desenvolvedores das
imobiliárias do grupo;
responsável pela entrega, mapeamento e renamento de
sistemas;
responsável por trazer novas tecnologias para os sistemas da
empresa e mercado de imóveis;liderança e gerenciamento de time de desenvolvedores das imobiliárias do grupo; responsável pela entrega, mapeamento e renamento de sistemas; responsável por trazer novas tecnologias para os sistemas da empresa e mercado de imóveis;
competências: fortran · cics · integração de sistemas de grande porte · cobolcompetências: fortran · cics · integração de sistemas de grande porte · cobol
desenvolvedor cobol / fortrandesenvolvedor cobol / fortran
jul de 1986 - out de 1990 · 4 anos 4 mesesjul de 1986 - out de 1990 · 4 anos 4 meses
desenvolvimento de sistemas para condomínios;
desenvolvimento de rotinas de atualização de pagamentos de
alugueis;
controle de banco de dados e servidores;desenvolvimento de sistemas para condomínios; desenvolvimento de rotinas de atualização de pagamentos de alugueis; controle de banco de dados e servidores;
competências: cobol ii · fortran · cics · cobol


formação acadêmicaformação acadêmica
logo da empresa senac rj
senac rjsenac rj
analista desenvolvedor de sistemas, tecnologia da informaçãoanalista desenvolvedor de sistemas, tecnologia da informação
jan de 1982 - dez de 1985
",nao informado,rio de janeiro,rio de janeiro,nao informado
42663,Cyber,2023-04-25 15:27:32,Emanuella Campos,2023-04-25 15:27:32,Eduardo Novais,:,,nao informado,nao informado,nao informado,,,,,nao informado,nao informado,nao informado,nao informado,"29 anos – solteiro – brasileiro - Telefone: 119999999999


segurança da informação
profissional com mais de 6 anos de experiência em t.i, desenvolvida na área de
redes e segurança da informação, atuando com suporte técnico a grandes
empresas, com altas demandas e solicitações voltadas a segurança da informação
(soc), (roteamento, comutação, configurações de redes mpls e vpn client to site
ssl/ipsec). configurações/alteração/ remoção de regras de firewall(fortinet),
configurações/alteração/ remoção de objetos de entrada nat, verificações de
proxy (forcepoint),e troubleshoting para segmentar falhas.
atuando também em gestão de identidade e acesso. com gestão de permissões,
gestão e administração de cofre de senha, análise de incidentes através de
ferramentas de monitoração. atualmente na área de segurança da informação em
gestão de acessos (iam).




resumo das qualificações
• conhecimento em tcp/ip, frame relay, vpn, atm, mpls, gerenciamento de
rede de dados e voz, interconectividade de rede, plataforma de telefonia,
protocolo de transmissão.
• conhecimento em iso27001/iso27002
• conhecimento em gestão de acesso idm e ad (active directory) criação de
grupos polices, administração de permissão de acesso e etc.
• conhecimento em linguagem c e python.
• conhecimento em cobit e itil foundation.
• conhecimento em aws e azure
• conhecimento em siem ( investigação e extração de informações)
• conhecimento em splunk
redes.
• bom relacionamento interpessoal, focado, pró-ativo e responsável.
• tcc implementação de uma arquitetura de segurança para plataformas de
prototípação de dispositivos iot baseadas na arquitetura fiware
• conhecimentos avançados em segurança da informação e cyber security;
• conhecimento avançado em arquitetura e tecnologia de redes, telecom e
infraestrutura;
• conhecimentos sólidos em firewalls fortinet, siem e ferramentas de mitigação
de ataques ddos;
• conhecimento e vivência em ambientes microsoft e linux;
• conhecimento no desenvolvimento de políticas, normas e procedimentos da
área de segurança da informação;
• conhecimentos em ambientes web e cloud;
• conhecimento avançado em firewall (configuração/criação/alteração e
remoção de regras



formação acadêmica


técnico em eletrônica, senai jacob lafter - concluído


segurança da informação, fatec antônio russo – diurno (são caetano do sul) –
(junho/2021) - superior completo


pós graduação em cloud computing - cursando


cursos extras/ certificações
ccna r&s: routing and switching essentials
lógica de programação – senai
python e mysql
web hacking – técnicas de invasão em ambientes web
lei brasileira de proteção de dados – lgpd
azure – segurança em cloud
excel (avançado)

az 900 microsoft azure

nse1, nse2 e nse3 (nse4 in progress)

histórico profissional

tim brasil - desde novembro de 2017 até novembro de 2021

consultor de atendimento técnico e especializado(noc)

• abertura de chamados;
• controle de sla;
• identificação de falhas no circuito;
• gerenciamento de rede de dados;
• segmentação da rede do cliente para identificar possíveis falhas;
• controle de casos através de planilhas no excel;
• interações com outras áreas (engenharia, noc, infraestrutura).
• conjuntas técnicas com noc e provedores parceiros;
• alinhamento de processos com outras áreas;

agile thought at santander - desde dezembro 2021

analista de segurança da informação (iam)



• atuação de filas de requisições de incidentes
• utilização de ferramentas de gia (sailpoint), administração e gerenciamento
de cofres;
• salas de crise que envolvem incidentes críticos de gestão de identidade de
acesso
• realizar troubleshooting e investigação de incidentes
• atuação em sistemas unix para administração de idm
• comandos sudo, acl,
• permissão de acesso a grupos
• criação de grupos
• administração de permissões de diretórios em contas exchange
• utilização do splunk para monitoração
• utilização da plataforma cyberark para administração de cofre de senha
• utilização de plataforma hue para administração de bdac
• gestão de permissões de hdfs
• acompanhamento e monitorção de alertas, incidentes e requisições.
• desbloqueio e categorização de url.
• análise e monitoramento via zabbix/ splunk/checkpoint, (troubleshooting).
• adminisração e gerenciamento do akamais/ips (gerenciamento de ip
(adicionar/ remover/ limpesa de cache bloqueio de supostos ataques como
ddos
• análises de regras firewall checkpoint/ vpn, validação de rotas e nat.

analista de segurança da informação (soc) atual

 atendimento de chamados de soc;
 registro e categorização de incidentes;
 gestão das filas e tarefas
 configuração/alteração/remoção de regras firewall;
 configuração/alteração/remoção de objetos de entrada nat;
 configuração/alteração/remoção de vpn client to site (ssl/ipsec);
 monitoramento de segurança e análise de logs (siem)
 utilização de frameworks de segurança (isso,nist mitre, owasp e etc)
 detecção e resposta á incidentes de segurança, com acompanhamento,
investigação das causas.
idiomas

• inglês (avançado)
• espanhol (intermediário)
",nao informado,sao paulo,sao paulo,nao informado
42048,Analista,2023-03-09 13:27:17,Clara Rios,2023-03-09 13:27:17,Davi Lucca Souza,:,,nao informado,nao informado,nao informado,,,,,nao informado,nao informado,nao informado,nao informado,"carreira desenvolvida há mais de 10 anos com supervisão/coordenação de equipes de atendimento, service desk e field service, liderança e gestão com a utilização das melhores práticas.
responsável por desenvolver projetos para melhoria no nível de atendimento e controle de solicitações, elaborar relatórios de índice de qualidade de serviço e indicadores nível executivo. garantir o cumprimento de metas e slas.
vivência nos subsistemas de recursos humanos; recrutamento e seleção (baseado em competências); treinamento e desenvolvimento (comportamentais e técnicos); pesquisa de clima e avaliação de desempenho; comunicação interna e responsabilidade socioambiental; gestão de conflitos; feedbacks com equipes formais e informais;
",nao informado,guarulhos,sao paulo,nao informado
42049,Analista,2023-03-09 13:30:06,Clara Rios,2023-03-09 13:30:06,Vicente Souza,:,,nao informado,nao informado,nao informado,,,,,nao informado,nao informado,nao informado,nao informado,"nalista de segurança da informação e grc pleno analista de segurança da informação e grc pleno
open co · tempo integralopen co · tempo integral
jan de 2022 - fev de 2023 · 1 ano 2 mesesjan de 2022 - fev de 2023 · 1 ano 2 meses
· governança de dados;
· onetrust;
· atas;
· lgpd;
· elaboração de políticas, normas e termos;
· comunicação interna;
· proteção de dados pessoais;
· resposta a incidentes de segurança;
· jira;
· confluence;
· due diligence;
· análise de contratos;
· treinamento de funcionários;
· norma iso 27001.· governança de dados; · onetrust; · atas; · lgpd; · elaboração de políticas, normas e termos; · comunicação interna; · proteção de dados pessoais; · resposta a incidentes de segurança; · jira; · confluence; · due diligence; · análise de contratos; · treinamento de funcionários; · norma iso 27001.…ver mais
competências: nist (instituto nacional de padrões e tecnologia dos eua) · governança de dados · onetrust · atas · lgpd · elaboração de políticas de orientação · comunicação interna · proteção de dados pessoais · resposta a incidentes de segurança · jira · confluence · due diligence · analise de contratos · treinamento de funcionários · norma iso 27001competências: nist (instituto nacional de padrões e tecnologia dos eua) · governança de dados · onetrust · atas · lgpd · elaboração de políticas de orientação · comunicação interna · proteção de dados pessoais · resposta a incidentes de segurança · jira · confluence · due diligence · analise de contratos · treinamento de funcionários · norma iso 27001…ver
",nao informado,sao paulo,sao paulo,nao informado
42050,Analista,2023-03-09 13:35:35,Clara Rios,2023-03-09 13:35:35,Sra. Sarah da Mota,:,,nao informado,nao informado,nao informado,,,,,nao informado,nao informado,nao informado,nao informado,"analista de segurança da informação pleno - grcanalista de segurança da informação pleno - grc
hdi seguros · tempo integralhdi seguros · tempo integral
dez de 2021 - o momento · 1 ano 4 mesesdez de 2021 - o momento · 1 ano 4 meses
são paulo, são paulo, brasilsão paulo, são paulo, brasil
definir e revisar políticas, normas e procedimentos de segurança da informação; atuar nas avaliações dos controles da norma nbr iso/iec27001 e da circular susep nº 638; acompanhar atividades de auditorias e seus planos de ação; atuar na gestão de riscos de segurança da informação, identificar, avaliar e propor medidas de mitigação; atuar nas definições e implementação de ferramentas de desenvolvimento seguro; atuar na gestão de vulnerabilidades, realizando varredura e análise das vulnerabilidades encontradas nos ativos da empresa; propor soluções de arquitetura de segurança da informação; atuar na proteção e prevenção de violação de dados, visando atender a lgpd; definir regras de hardening de segurança; identificar necessidades de patches de segurança; atuar em programas de conscientização de segurança da informação.definir e revisar políticas, normas e procedimentos de segurança da informação; atuar nas avaliações dos controles da norma nbr iso/iec27001 e da circular susep nº 638; acompanhar atividades de auditorias e seus planos de ação; atuar na gestão de riscos de segurança da informação, identificar, avaliar e propor medidas de mitigação; atuar nas definições e implementação de ferramentas de desenvolvimento seguro; atuar na gestão de vulnerabilidades, realizando varredura e análise das vulnerabilidades encontradas nos ativos da empresa; propor soluções de arquitetura de segurança da informação; atuar na proteção e prevenção de violação de dados, visando atender a lgpd; definir regras de hardening de segurança; identificar necessidades de patches de segurança; atuar em programas de conscientização de segurança da informação.…ver mais
competências: norma iso 27001
",nao informado,sao paulo,sao paulo,nao informado
42053,GRC,2023-03-09 14:37:27,Luna Correia,2023-03-09 14:37:27,Amanda Câmara,:,,nao informado,nao informado,nao informado,,,,,nao informado,nao informado,nao informado,nao informado,"   


contato
analista de segurança da informação - grc /consultora em

principais competências resumo
suporte técnico
atendimento ao cliente
profissional com mais de 6 anos de experiência em segurança da
microsoft office informação, passando desde escopos como gestão de acessos,
iam, a configuração de firewall, mitigação de ataques ddos,
languages resposta a incidentes de segurança e governança riscos e
inglês (limited working) compliance. acredito que segurança da informação deve ser
espanhol (limited working) incorporada no dia dia das pessoas, de maneira simples e eficiente
❤️
certifications
info sec fondation certificate
information security officer experiência
certificate
iso 27001: construindo políticas de daryus
segurança da informação consultora de segurança da informação
lgpd: política de privacidade e janeiro de 2023 - present (3 meses)
proteção de dados pessoais são paulo, brasil
ethical hacking essentials
certificate
accesstage
analista de governança pleno - grc
agosto de 2022 - novembro de 2022 (4 meses)
são paulo, brasil

atuação na equipe de governança corporativa/ grc.


apoio a processos de resposta a auditoria (t.i., lgpd, segurança da
informação)
atualização de documentações;
criação de documentação;
pesquisas de cotação para fornecedores.
acompanhamento a aderência ao pacto global da onu e processos de esg.


uol - universo online
5 anos 8 meses

analista de segurança da informação - grc
novembro de 2021 - junho de 2022 (8 meses)
são paulo, brasil

  page 1 of 4
   


equipe de governança, riscos e compliance – grc


atuação com demandas de scan de vulnerabilidades
criação de documentação relacionada a procedimentos e processos de
segurança.
criação do processo de conscientização em segurança (documentação,
implementação de plano de certificação de curso interno)
análise de usuários de banco de dados pelo ibm guardium, (incluindo escopo
sox) incluindo extração de relatórios e alterações no sistema, coleta de
evidências para auditoria.
processos de revisão de acessos de usuários de banco de dados, tratando
acessos de terceiros, transferidos e desligados.
atuação em demanda de descarte de dados para implementação da
conformidade com a lgpd.

analista de segurança da informação
novembro de 2016 - junho de 2022 (5 anos 8 meses)
são paulo


analista de segurança da informação - csirt
junho de 2019 - novembro de 2021 (2 anos 6 meses)
são paulo, brasil

equipe de respostas a incidentes de segurança -csirt


análise de phishing / spam relacionados a marca
análise de fraudes na criação de domínios do uolhost
apoio técnico ao departamento jurídico, cumprimento de ofícios, garantindo
disponibilidade e confidencialidade no processo.
treinamento de conscientização de segurança sobre engenharia social.
criação de conteúdo para treinamento geral de segurança na empresa.
responsável pela campanha de conscientização de clientes do uolhost
contra phishing.
análises de observáveis através do thehive para tratativa de possíveis
phishings, uso indevido da marca e divulgação de dados sensíveis.

analista de segurança da informação - segurança em redes / soc
novembro de 2016 - junho de 2019 (2 anos 8 meses)
são paulo, brasil

uol diveo tecnologia


segurança em redes / soc

  page 2 of 4
   


liberação de acessos a rede através de configurações de acess lists,
firewall (fortinet,checkpoint entre outros)
gestão de acessos em ferramentas internas
configurações no active directory.
mitigações de ataques ddos, uso do painel de controle peakflow e splunk.
análise de urls suspeitas e solicitação de takedown de site.
produção de relatórios mensais de ddos e waf.


antlia
analista jr - segurança da informação
março de 2014 - novembro de 2016 (2 anos 9 meses)
cto - itau unibanco ( av dos estados)

projeto itaú unibanco - departamento de segurança da informação- gestão
de identidade iam


analise de solicitações de acessos a sistemas referentes a segurança
da informação. criação, exclusão, inclusão de acessos no sistema sap.
liberação de acessos no rsa e administração no sistema tacacs(acs
cisco) segregação de tipos de acesso. administração de acessos via
mainframe (alteração de transações e criação de menu ep). criação de perfis
no oc9 (produto conta corrente). administração de acessos ao serasa,
equifax e bvs (spc).
análise para liberação de perfis de consulta ou produto exclusão de restritivo /
sisconvem exclusão. atualização e manutenção na base de dados de logons.


stefanini
1 ano 10 meses

team leader - controle de acessos
junho de 2013 - outubro de 2013 (5 meses)

liderar a equipe responsável por administrar acessos de usuários aos
sistemas aplicativos com o bloqueio e desbloqueio nos sistemas (active
directory, oracle, new skies, exchange, comarch etc). gerenciar acessos
e perfis de usuários concedendo acessos, realizando alterações e exclusões
atendimento de service desk para análise e decisão de aprovação de
exceções referente a atividades de segurança da informação.

analista de suporte - controle de acessos
janeiro de 2012 - maio de 2013 (1 ano 5 meses)
  page 3 of 4
   


administrar acessos de usuários aos sistemas aplicativos com o bloqueio
e desbloqueio nos sistemas (active directory, oracle, new skies,
exchange,loyalt - comarch e etc). gerenciar acessos e perfis de usuários
concedendo acessos, realizando alterações e exclusões de acordo com o




formação acadêmica
faculdade impacta tecnologia
mba gestão e tecnologia em segurança da informação, segurança da
informação · (2014 - 2016)


fatec mauá
informática para gestão de negócios, ciências da computação e
informática · (2009 - 2013)




  page 4 of 4
",nao informado,sao paulo,sao paulo,nao informado
42055,"Analista pleno em Governança, Riscos e Compliance",2023-03-09 14:56:26,Lara Duarte,2023-03-09 14:56:26,Dr. Erick Camargo,:,,nao informado,nao informado,nao informado,,,,,nao informado,nao informado,nao informado,nao informado,"
objetivo: atuar na área de segurança da informação/lgpd

➢ pós-graduação em direito digital e proteção de dados - uniamérica (cursando)
➢ mba em segurança da informação - uniamérica (cursando)
➢ pós-graduação em direito penal e processual penal - unip (2016 - 2017)
➢ bacharel em direito - faculdade das américas (2015 - 2021)
➢ bacharel em administração em ti - faculdade impacta tecnologia (2009 - 2012)


resumo:
➢ profissional com 20 anos de experiência na área de tecnologia da informação
➢ advogado com conhecimento em lgpd (certificado dpo it.certs)
➢ conhecimento avançado em windows (nível administrador), pacote office e
internet.
➢ sólido conhecimento em segurança da informação (certificado iso 27001 exin).
➢ conhecimento nos frameworks mitre att&ck, cis, pci-dss e nist
➢ conhecimento e certificação em frameworks de gerenciamento e governança de
ti, como itil, iso 20.000 e cobit (certificado itil axelos).
➢ conhecimento em iaas, saas em azure (certificado sc-900 microsoft)
➢ conhecimento em fortinet firewall
➢ conhecimento em linguagem python e r
➢ conhecimento em linux
➢ conhecimento em citrix metaframe
➢ conhecimento em ad, dns, wins, dhcp, gpo,scripts netlogon,tpc/ip,
criptografia, vpn,proxies.firewall stateful vs stateless, ips,ids.
➢ conhecimento em intune, ferramenta de mdm e mam
➢ conhecimento em endpoint sophos xdr
➢ conhecimento em ferramentas de governança de identidade e acessos, como
iam, pam, pim.
experiência profissional



clávis segurança da informação (08/2022) atual


➢ mapeamento dos fluxos e processos que envolvam dados pessoais
➢ levantamento e análise das bases legais da lgpd
➢ planejamento de escopo para contratação de soc
➢ planejamento do plano de continuidade de negócios
➢ elaboração de disaster recovery plan
➢ gestão de riscos
➢ elaboração do business impact analysis
➢ gestão de identidades e acessos
➢ elaboração do relatório de impacto à proteção de dados
➢ elaboração do legitimate interests assessment
➢ desenvolvimento do plano de respostas à incidentes de si
➢ elaboração do record of processing activities
➢ desenvolvimento e revisão de políticas de segurança da informação, com
aplicação de privacy by design e privacy by default..




perisson advogados associados (01/2022 a 04/2022)


➢ mapeamento dos fluxos e processos que envolvam dados pessoais
➢ análise dos riscos existentes e criação de planos de ações
➢ elaboração do relatório de impacto à proteção de dados
➢ treinamento de conscientização relacionado à segurança da informação
➢ elaboração do record of processing activities
➢ elaboração do legitimate interests assessment



kefelt tecnologias (12/2014 a 09/2021)
➢ reestruturação de service desk utilizando as boas práticas da itil
➢ desenvolvimento de políticas de segurança da informação
➢ desenvolvimento de plano de continuidade de negócio
➢ elaboração de disaster recovery plan
➢ implementação de serviços em nuvens (cloud computing)



universidade paulista (03/2015 a 11/2019)
➢ consultoria jurídica ao público carente no escritório de assistência jurídica
➢ elaboração de petições junto ao advogado
➢ palestrante em feiras e eventos representando o curso de direito
auxilio ao coordenador do curso
designer tours operadora de turismo (12/2011 a 09/2014)
➢ administração e controle da infraestrutura (windows server 2008)
➢ compra de suprimentos de informática.
➢ backup de dados, criação de conta e-mails, controle de acesso à internet,
manutenção de computadores e servidores.
➢ suporte interno ao usuário.
➢ reestruturação do service desk utilizando as boas práticas da itil
➢ desenvolvimento das políticas de segurança da informação
➢ implementação de serviços em nuvens (cloud computing)

penso consultoria de ti (09/2011 a 12/2011)
área de tecnologia
➢ suporte ao cliente
➢ controle e atualização periódica da intranet do cliente
➢ administração e controle da rede (windows server 2008)
➢ suporte ao citrix metaframe
➢ suporte ao worksite e ao sisjuri (totvs)
➢ backup de dados, criação de conta e-mails no exchange/outlook, controle de acesso
à internet, manutenção de computadores.


likstrom eng. ind. com. (07/2007 a 11/2009)
área de tecnologia
➢ suporte interno ao usuário.
➢ administração e controle da infraestrutura (windows 2003 server)
➢ controle e atualização periódica do website da empresa.
➢ compra de suprimentos de informática.
➢ suporte aos usuários do erp protheus/microsiga
➢ backup de dados, criação de conta e-mails, controle de acesso à internet,
manutenção de computadores e impressoras.

sjtec internacional (06/2006 a 11/2006)
área de suporte de ti
➢ manutenção e configuração de impressoras e computadores.
➢ configuração e controle do compartilhamento de periféricos através da rede interna.
➢ implementação do outsourcing
➢ visita técnica com sla em contrato


servicompo (06/2002 a 02/2004)
área de suporte de ti
➢ manutenção de computadores, scanners, impressoras, e unidades de backup.



idiomas:
➢ inglês
➢ entidade: cultura inglesa (02/2006 a 12/2009)
➢ leitura: intermediária
➢ conversação: básica
➢ escrita: intermediária




foundation
",nao informado,sao paulo,sao paulo,nao informado
42060,Analista de GRC,2023-03-09 16:10:03,Emanuelly Vieira,2023-03-09 16:10:03,Dr. Ravi Lucca Rodrigues,:,,nao informado,nao informado,nao informado,,,,,nao informado,nao informado,nao informado,nao informado,"privacidade proteção de dados /iso27001, riscos
compliance e segurança da informação
cursos e certificações:
• bacharel em direito: firb
• especialização em privacidade e proteção de
dados: puc minas
• ransomware & lgpd:ti exames
• lgpd setor público: anppd
• big data e ia: fia
• gerenciamento de risco:ti exames
• riscos: iso3100 /31004/31010 ti exames
• análise de legitimo interesse: udemy
• auditor líder 27001: pecb
• iso27002- tiexames
• contratos - legale
• políticas e contratos: udemy
• pacote office: avançado
• palestrante e professora
perfil profissional
políticas, procedimentos, governança de dados, resposta a incidentes, criação e
gerenciamento de controle de privacidade, criação de comitê de privacidade, comunicação
interna e externa, criação de avisos de privacidade, ajustes a contratos conforme iso
27701.
matriz de riscos, elaboração e recomendações para a mitigação dos riscos mapeado, entrevistas de
identificação de riscos ,relatório de impacto, mapeamento de dados, privacy by designs, análise
de transferência de dados internacionais, gap, análise de riscos, auditoria interna (análise
a regularidade e avaliação de eficiência da gestão administrativa e dos resultados
alcançados, apresentação de subsídios para o aperfeiçoamento dos procedimentos
administrativos, sempre alinhada aos objetivos e metas fixados pela administração,
monitoria e auditoria do sgsi, analise de ambiente externo e interno , avaliação de riscos,
referente a processos, solicitando as correções necessárias.
dpo as a service: recebimento de reclamações de titulares internos e externos,
esclarecimento e resposta aos titulares, participação e formação de comité de privacidade,
recebimento de comunicação de anpd e providencias, boas praticas, treinamento de
conscientização.
avaliação de eficácia de controles de riscos internos (iso 27001)
programa de compliance, apurações do canal de ética e denúncias, entrevistas egestão de
fornecedores, elaboração de código de conduta, due dilingence, lei de prevenção à
lavagem de dinheiro e anticorrupção.
licitações, análise de contratos administrativos, elaboração de defesas e ofícios, análise e
prospeção de edital.
experiência profissional
especialista em lgpd/ti (tempo determinado)
f1rst tecnologia
junho a dezembro /22
• estruturação de equipe de analistas, desenvolvedores, sm e po;
• treinamento de conscientização, mapeamento de dados e dpia;
• anonimização de dados pessoais;
• reuniões semanais com dpo, com a finalidade de entender as demandas e próximos
passos a serem traçados para equipe;
• análise e implementação de melhores práticas de lgpd em tecnologia;
• atas e status report a diretoria de dados;
• acompanhamento da equipe e contratação de novos colaboradores;
• reuniões com diversas squads para entender as demandas no quesito lgpd e juntos
decidir as melhores soluções;
• comité de privacidade.
consultora em privacidade e proteção de dados/si e compliance
grupo daryus
janeiro/21 a julho/22
• implementação lgpd, gerenciamento de riscos, governança de dados,
• identificação de riscos referente a gaps 27001/27701,27005;
• entrevistas de identificação de riscos;
• elaboração e recomendações para a mitigação dos riscos mapeado;
• treinamento de conscientização lgpd e si, análise de dados conforme bases
legais, criação de comitês de privacidade, mapeamento de dados, gap análises,
plano de ação, relatório de impacto, relatório de operações, implementação,
monitoramento, análises, criação de políticas e ajustes de contratos, plano de
resposta a incidentes e a titulares de dados pessoais, gestão de projetos.
• projetos de segurança da informação 27001, auditoria internas e pré certificação;
• análise a regularidade e avaliação de eficiência da gestão administrativa e dos
resultados alcançados, apresentação de subsídios para o aperfeiçoamento dos
procedimentos administrativos, sempre alinhada aos objetivos e metas fixados
pela administração, monitoria e auditoria do sgsi;
• programa de compliance, apurações do canal de ética e denúncias, entrevistas egestão
de fornecedores, elaboração de código de conduta, due dilingence, lei de prevenção à
lavagem de dinheiro e anticorrupção;
• análise de ambiente externo e interno, avaliação de riscos, referente a processos,
solicitando as correções necessárias.
gestora de privacidade/especialista em lgpd (lei geral de privacidade)
compliance e auditoria interna
ribeiro dantas consultoria e treinamento.
agosto20 a jan/21
• dpo as a service: recebimento de reclamações de titulares internos e externos,
esclarecimento e resposta aos titulares, participação e formação de comité de
privacidade, recebimento de comunicação de anpd e providencias, boas praticas,
treinamento de conscientização.
• implementação lgpd, gerenciamento de riscos, governança de dados;
• treinamento de conscientização lgpd e si, análise de dados conforme bases legais
• criação de comitês de privacidade, mapeamento de dados, gap análises, plano de
ação,
• relatório de impacto, relatório de operações, implementação, monitoramento,
análises, criação de políticas e ajustes de contratos, plano de resposta a incidentes,
prospeção de editais com a finalidade de participar de licitações.
account manager sénior
leaseplan brasil
agosto 19 a agosto20
• gerenciamento de carteira de grandes contas;
• execução de estratégias de acordo com o perfil do cliente,
• desenvolvimento de plano de trabalho com objetivo de crescer e manter a conta,
visitas e reuniões estratégicas, consultoria e analise de frota própria para migração
para leasing operacional;
• elaboração de atas de reuniões, renovações contratuais, licitações públicas e bids ,
elaboração de representações, impugnações, recursos e processos judiciais,
elaboração de ofício, defesas, elaboração de planilha de custos, analise de contratos e
aditivos .
gerente de grandes contas (governo e privado)
wappa
junho18 a julho19
• gestão de carteira de grandes contas (banco itaú, rede globo, amil, air
france,dpzt, natura, ibama, petrobras
• prospeção cliente corporate, identificação de clientes com potenciais para
utilização da plataforma
• gestão de carteira de governo, análise e auditoria em base de dados, venda de
serviços e produtos dentro da carteira, responsável por manter e incrementar o
faturamento, treinamento técnicos e comerciais nos clientes.
• busca e análise de edital, recursos, impugnação, juntada de documentos,
participação em pregão, analise de certidões, contratos e documentos.
• execução de estratégias de acordo com perfil de cada empresa cliente,
entender o cenário e desenvolver plano de trabalho de desenvolvimento para os
principais clientes, acompanhando evolução dos projetos com decisor.
executiva de contas estratégicas sênior
pointer cielo
janeiro17 a abril 18
• gerenciamento de carteira de clientes corporativos (algar, vivo, arteris,
solaris brasil, sgs, dentre outras).
• analise de indicadores, incremento de carteira;
• planos de comunicação, precificação de projetos, treinamento de sistemas,
análise de relatórios gerenciais, consultoria, projetos de ampliação de redes e
redução de custos, venda de serviços e produtos dentro da carteira de clientes.
consultora comercial sênior – hunter:
sodexo benefícios
setembro 15 a dezembro 16
• projeto e desenvolvimento de processo de implantação do produto frota pass;
• análise de relatórios, treinamento de clientes e fornecedores;
• incremento em sistema, prospeção, desenvolvimento de regiões, instalações de
pos, segmentação de empresas.
gestora de relacionamento
embratec good card
maio 12 a agosto 15
• gestora de relacionamento;
• atendimento, manutenção e fidelização de médias e grandes contas no módulo
abastecimento;
• manutenção de frotas (autogestão e plataforma);
• gerenciamento de frota própria e frota terceirizada;
• implantação, treinamento de gestores sistema web, treinamento de condutores e
frentistas postos.
• relatórios de sustentabilidade a fim de evitar aumento de gases poluentes.
incremento de negócios na carteira através da venda de módulos agregados,
manutenção, gestor dedicado abastecimento, recolha de notas, arquivo de integração
e apresentação de relatórios gerenciais customizados (fleet inteligente),
• aumentando a receita da cia. visita presencial na carteira de clientes , fidelização
através de mapeamento, ações táticas e planejamento estratégico de venda, pósvendas.
consultora de serviços empresa:
thyssenkrupp elevadores
junho 05 a dezembro 11
• responsável pela carteira de clientes dentre eles (rede globo, vivo, hyatt,
tam, tivit.)
• gestão de uma equipe de 13 funcionários na parte técnica,
• orçamentos, relatórios, visita a clientes, vendas, negociação, negociação
com construtoras, análise de minuta contratual leitura de editais, juntada de
documentos, pregão eletrônico, concorrência, reuniões, planilhas,
coordenação de serviços a serem executados e executados, feiras,
treinamentos motivacional e operacional, budget, pregão eletrônico, licitação
presencial
",nao informado,sao paulo,sao paulo,nao informado
42064,GRC,2023-03-10 09:03:13,Luna Correia,2023-03-10 09:03:13,Dr. Felipe Melo,:,,nao informado,nao informado,nao informado,,,,,nao informado,nao informado,nao informado,nao informado,"   


contato
são paulo, são paulo, brasil
resumo
principais competências atuando na área de segurança da informação há 8 anos executando
privacidade e proteção de dados atividades de avaliação de riscos em projetos, avaliação de
pessoais
fornecedores, elaboração e revisão de políticas, normas e
sistemas operacionais
procedimentos internos, apoio consultivo às áreas de ti, negócio e
information security
fornecedores. atuação em operações e atividades de computação
forense. atuação em projetos de adequação à lgpd. gestão de
languages
ferramentas de si (antivírus, dlp). membro da anppd (associação
português (native or bilingual)
nacional dos profissionais de privacidade de dados).
inglês (limited working)


certifications
experiência
scrum foundation professional
certificate
flash
information security foundation
basead on iso/iec 27001 (isfs) analista grc e privacidade
agosto de 2022 - present (8 meses)
privacy and data protection
são paulo, brasil
practitioner (pdpp)
mcp - managing and maintaining
windows 8 70-688
virtuspay
icsi | certied network security analista de segurança da informação
specialist (cnss)
setembro de 2021 - agosto de 2022 (1 ano)
brasil

-elaboração e gestão de políticas, norma de segurança da informação,
privacidade e proteção de dados;
-avaliação de segurança da informação para fornecedores e/ou terceiros e
sistemas;
-criação e execução de programa de adequação à lgpd (mapeamento de
dados, gestão de acessos, adequação de avisos de consentimento, avaliação
de riscos, dentre outras atividades);
-apoiar as áreas de negócios quanto ao tratamento dos dados indicando as
melhores práticas de si, privacidade e proteção de dados;
-acompanhamento de projetos (novos sistemas e/ou tecnologias) para
garantir adequação às políticas e melhores práticas de si, privacidade e
proteção de dados;
-suporte e atendimento as áreas internas. analisar solicitações de exceções a
políticas de si;
  page 1 of 3
   


-implementar melhorias (criação de regras) e monitoramento de ferramentas
como antivírus e provedor de e-mail.


ibptech
analista de segurança da informação
abril de 2019 - setembro de 2021 (2 anos 6 meses)
são paulo e região, brasil

atuação em equipe multidisciplinar em acompanhamento de perícias e
análises técnicas envolvendo tecnologia da informação, redes e segurança da
informação. atuação em projetos de adequação à lgpd.


clavis segurança da informação
analista de segurança da informação
abril de 2017 - março de 2019 (2 anos)
são paulo e região, brasil

análise de risco; entrevistas nas áreas de negócio para mapear
os processos da área visando identificar os riscos que possam
comprometer a confidencialidade, integridade e disponibilidade da
informação, realizar medidas preventivas, documentar os riscos e
implementar controles; atendimento de chamados; participação em
projetos para implementação de correções e recomendações de
segurança da informação; criação e revisão de procedimentos internos,
políticas, normas de segurança da informação; gerar relatórios e
monitorar os incidentes reportados na ferramenta de prevenção a
vazamento de informações.


contax
analista de segurança da informação e prevenção a fraude
março de 2015 - abril de 2017 (2 anos 2 meses)
são paulo -sp

• análise de vulnerabilidade utilizando ferramenta nessus;
• criação e revisão de procedimentos e processos corporativos internos,
confecção de relatórios;
• criação e ajustes de regras em ferramentas para prevenção à vazamento
de informação, em ferramentas que identificam vulnerabilidades e antivírus;
• participação em projetos para implementação de correções e
recomendações de segurança da informação;
• realizar análise de fraude buscando evidências que comprovem a suspeita
de fraude, criação de relatório de apuração de fraude com as informações



  page 2 of 3
   


coletadas orientando a ação que deverá ser tomada com áreas envolvidas
(rh, jurídico e gestão).
• coleta de evidências em e-mails corporativos, sistemas, dentre outros;
• entrevista com o colaborador investigado para obtenção de informações
sobre a fraude feita e também sobre envolvimento de outros colaboradores;
• preparação e coleta de arquivos armazenados em sistemas computacionais
para análise forense.




proteus security system
2 anos 9 meses

analista de segurança windows
janeiro de 2013 - março de 2015 (2 anos 3 meses)
análise e gestão de risco, troubleshooting de sistema operacional windows
estações e servidores , análise de vulnerabilidade de ambiente.

estagiária de segurança windows/unix
julho de 2012 - dezembro de 2012 (6 meses)
análise e gestão de risco tecnologias windows e unix, análise de
vulnerabilidade de ambiente, help desk entre outros.


instituto de criminalística de são paulo
estágio em perícia forence
maio de 2012 - julho de 2012 (3 meses)
execução de procedimentos técnicos utilizados na computação forense;
análise e recuperação de arquivos em dispositivos com sistemas operacionais
windows e linux;
preparação e coleta de arquivos armazenados em sistemas computacionais;




formação acadêmica
mba usp/esalq
pós-graduação lato sensu - mba, data science e analytics · (outubro de
2021 - outubro de 2023)


fatec são caetano do sul
tecnologia em segurança da informação, segurança da
informação · (2009 - 2012)




  page 3 of 3
",nao informado,sao paulo,sao paulo,nao informado
42069,Analista GRC,2023-03-10 09:47:15,Emanuelly Vieira,2023-03-10 09:47:15,Dra. Zoe Lopes,:,,nao informado,nao informado,nao informado,,,,,nao informado,nao informado,nao informado,nao informado,"ão bernardo do campo – são paulo
objetivo especialista em governança de segurança da informação
graduação &
certificações
fatec - gestão de tecnologia da informação
concluído em dezembro/2017
exin – information security foundation based on iso 27001
emissão em agosto/2020
udemy - lgpd | lei geral de proteção de dados
emissão em novembro/2020
daryus - mba gestão em tecnologia de segurança da informação
concluído em fevereiro/2023
habilidades &
competências
 responsável pela estruturação da governança de segurança da informação,
conduzindo processos de gestão de ativos, gestão de riscos, gestão de
vulnerabilidades, gestão de incidentes;
 responsável pela criação do programa de conscientização de segurança da
informação, desde a criação de conteú dos até a condução de palestras e workshops;
 responsável por elaborar e revisar todas as polı́ticas, normas e procedimentos
voltados a segurança da informação;
 realização de auditorias internas com base na iso 27001, iso 27701 e nist;
 acompanhamento de auditoria externa para certificação de conformidade com o pci
dss v3.2.1:pos (2022);
 atuação em projetos relacionados a segregação de funçõ es. elaboração de matriz sod
para sistemas sap, financeiro e jurı́dico em clientes com mais de mil colaboradores.
 elaboração de dashboards em power bi para análise de dados;
 atuação em projetos voltados a adequação a lei geral de proteção de dados (lgpd),
desde a elaboração de dpias até a condução de auditoria para avaliar a efetividade dos
processos criados para adequação à lgpd.
 condução de treinamentos sobre lgpd em grandes clientes, realizando diferentes
abordagens para os pú blicos administrativo e fábrica;
 responsável pela elaboração de relató rio anual de implementação do plano de ação e
de resposta a incidentes para reporte ao bacen.
 idiomas: - inglês intermediário - cursando
- espanhol intermediário – concluı́do
cel centro de estudo de lı́nguas do estado de são paulo
página2
experiência
profissional
blu instituição de pagamento
maio 2022 – 2023 – atual
principais responsabilidades:
• atuação no nú cleo de sgsi (sistema de gestão de segurança da informação), responsável
pelo programa de conscientização de segurança da informação, reduzindo de 32% para 5% o
nú mero de vı́timas de phishing;
• condução de processos como gestão de riscos, gestão de ativos, gestão de vulnerabilidades,
gestão de incidentes, gestão de conformidade e melhoria contı́nua e avaliação de
fornecedores, elevando a maturidade da companhia em relação à segurança da informação;
• responsável pela elaboração e revisão de polı́ticas e procedimentos relacionados à
segurança da informação;
• responsável pela elaboração de relató rios e dashboards para reporte ao diretor de
segurança da informação;
• responsável pela conduçã o de auditoria interna e acompanhamento de auditoria externa de
logicalis
fevereiro 2021 – abril 2022 – 1 ano e 3 meses
principais responsabilidades:
• atuação em projetos de adequação a lei geral de proteção de dados (lgpd), realizando
levantamento e análise de gaps de segurança e privacidade e implantação e melhorias;
• elaboração de polı́ticas e procedimentos de voltados a segurança e privacidade de dados;
• responsável por realizar o processo de auditoria para avaliação de efetividade e adequação
aos requisitos legais;
beijaflore do brasil
março 2019 – fevereiro 2021- 2 anos
principais responsabilidades:
• atuação em projetos de classificação da informação, com o objetivo de mapear todas as
informaçõ es geradas pela empresa e protegê-las de acordo com seu grau de
confidencialidade;
• atuação em projetos de matriz de segregação de funçõ es (sod), com o objetivo de identificar
riscos nos processos de negó cios e criar controles para mitigação dos riscos;
bdo brazil – auditores e consultores independentes
abril 2017– março 2019 – 2 anos
principais responsabilidades:
• participação em projetos relacionados a revisão do ambiente de ti, buscando não
conformidades para atendimento a norma iso27001;
• melhoria dos processos internos realizando testes conformidade para adequação a it
general controls audit (itgc) e sarbanes-oxley (sox);
• realização de testes de journal entries (jet), com o objetivo de identificar
possıv́ eis desvios financeiros
",nao informado,sao paulo,sao paulo,nao informado
42074,GRC,2023-03-10 10:45:06,Luna Correia,2023-03-10 10:45:06,Dr. Isaque Jesus,:,,nao informado,nao informado,nao informado,,,,,nao informado,nao informado,nao informado,nao informado,"consultora senior grc, pwc do brasil em sp
de 06/2011 até o momento

informática, ti, telecomunicações - segurança da informação (consultor)

- consultora senior de grc - projetos de governança risco e compliance.- auxílio na implementação do process control 3.0 no grupo votorantim- auxílio como supervisor na implementação do process contr... +info

ensino superior em sistemas de informação, mackenzie em sp
de 07/2003 até 12/2007

objetivos profissionais
auditoria - auditoria interna
informática, ti, telecomunicações - segurança da informação
informática, ti, telecomunicações - ti
informática, ti, telecomunicações - análise de sistema
qualidade - qualidade de serviços
pretensão salarial: r$ 5000,00 - 6000,00 (bruto mensal)
jornada: período integral
tipo de contrato: efetivo – clt
nível hierárquico: analista - coordenador
formação acadêmica
ensino superior em sistemas de informação, mackenzie em sp
jul. 2003 até dez. 2007
experiência profissional
consultora senior grc, pwc do brasil em sp
jun. 2011 até o momento

informática, ti, telecomunicações - segurança da informação (consultor)

- consultora senior de grc - projetos de governança risco e compliance.- auxílio na implementação do process control 3.0 no grupo votorantim- auxílio como supervisor na implementação do process control e risk management 10.0 na cemig. - restruturação de perfil e transações sap na natura.- análise de transações e perfis de acesso em sistemas legados

consultora de negócios e processos, finity consultoria em sp
ago. 2009 até mai. 2011

informática, ti, telecomunicações - análise de sistema (consultor)


analista comercial de ti, tivit tecnologia em sp
ago. 2005 até abr. 2008

informática, ti, telecomunicações - ti (analista)

auditora interna - 4 meses- iso 9001:2000 com certificação e modelagem de processos comerciaisanalista de processos - 4 meses- monitoração e documentação de processos itil e acompanhamento de crisesexecutiva de venda de e-business - 2 anos- responsável pelo gerenciamento de clientes, visitas, propostas, prospecções, negociação de valores e solicitações de contratos e apoio operacional á área comercial- venda de soluções de bpo, gateway de pagamento e transmissões de arquivos -edi-estagiária - 7 meses- apoio a área comercial, emissão de relatórios gerenciais e implementação de clientes provenientes das operadoras de cartões de crédito utilizando as ferramentas remedy e oracle

informática
aplicações de escritório
microsoft word microsoft powerpoint microsoft excel microsoft access microsoft outlook lotus notes
sistemas operacionais
windows
outros programas
microsoft project sap
idiomas
inglês, avançado
português, nativo
espanhol, básico
dados complementares
disponibilidade para viajar: sim
disponibilidade para mudar de residência: sim
carteira de habilitação: b
tipo de veículo: carro particular
dados pessoais
nasceu em 21 de novembro de 1983, 39 anos.

feminino, solteira

",nao informado,sao paulo,sao paulo,nao informado
42076,Analista GRC,2023-03-10 10:53:39,Emanuelly Vieira,2023-03-10 10:53:39,Dr. Theodoro Costa,:,,nao informado,nao informado,nao informado,,,,,nao informado,nao informado,nao informado,nao informado,"douglas lizardo da
silva
formado em gestão de tecnologia da informação pelo centro
universitário senac em 2015 e atualmente cursando pós-graduação
em cibersegurança e proteção digital de negócios pela fia. em minhas
últimas experiências atuando como analista de privacidade e
segurança da informação e anteriormente como consultor em
governança, riscos e conformidade em segurança da informação,
realizando avaliação de conformidade, mapeamento de processos de
dados pessoais, condução de auditorias, recomendações de melhores
práticas com base em normas de mercado como pci-dss 3.2.1, iso/iec
27001:2013, iso/iec 27002:2013, cobit 4.1 e iso/iec 27005:2011, para
e empresas de tecnologia.
45 - jardim eliana - grajaú
in/douglas-lizardo
experiência
tecnobank, são paulo - analista de
segurança da informação pleno.
de maio de 2022 – nov de 2022.
atuando na área de privacidade e segurança da informação.
principais funções:
● acompanhamento no gerenciamento de gestão de
segurança da informação, contribuindo na elaboração
e manutenção das atualizações de políticas, normas,
controles e procedimentos da área e disseminação de
conteúdos de conscientização.
● acompanhamento e preparação de ações,
documentações e processos de auditoria interna e
externa, realizando cobrança e acompanhamento dos
gaps e melhoria contínua.
● estabelecer controles e disponibilizar relatórios,
avaliar e monitorar os riscos de privacidade e
segurança da informação.
● elaborar e integrar as ações de segurança da
informação referente a monitoração de incidentes
relacionados à privacidade e segurança da
informação.
● conduzir as iniciativas de security by design junto às
áreas, avaliando os riscos potenciais na
implementação de projetos.
cipher, são paulo — consultor de segurança da
informação - governança, riscos e compliance
dez de 2017 - dez de 2021
atuando na área de grc focado em consultoria e auditoria em
segurança da informação.
principais funções:
● realização de avaliação do ambiente do escopo,
apresentado e auxiliar na definição de arquitetura;
● realização de mapeamento e processos de dados pessoais
(lgpd);
● responsável por avaliação e recomendação de segurança
da informação baseada em melhores práticas de mercado
(pci-dss 3.2.1, iso/iec 27001:2013, iso/iec 27002:2013 e
cobit 4.1);
● acompanhamento e realização auditoria interna de
segurança da informação baseadas na iso/iec 27001:2013,
iso/iec 27002:2013 e iso/iec 27005:2011.
● administração e criação de políticas voltadas a segurança
da informação;
● definição e implementação de controles de segurança da
informação;
● acompanhamento de processos e implementação de
controles de segurança da informação.
nidera sementes, são paulo — analista de segurança da
informação
dezembro de 2015 - maio de 2017
● responsável pela elaboração de políticas de segurança da
informação e mapeamento de processos internos;
● gerenciamento da console de agentes - symantec endpoint
protection manager;
● controle da console de antispam - symantec advanced
threat protection;
● controle do filtro de privacidade - symantec advanced
threat protection;
● criação de usuário para vpn (vip access);
● análise de vulnerabilidades do ambiente;
● levantamento de ataques, possíveis ameaças e
vulnerabilidades e elaboração de relatório;
● mapeamento e análise de riscos de acessos no sap grc-ac;
● controle de acesso a sistemas e diretórios;
● responsável pelo comitê de riscos e acessos no ambiente
sap.
formação
fia business school, são paulo — pós-graduação
desde maio de 2022
a pós-graduação em cibersegurança e proteção digital de negócios
com o crescimento da transformação digital, cresce o mercado da
cibersegurança. com a transformação digital acelerada, com
novas tecnologias como a inteligência artificial, cada vez mais
dados e dados estão trafegando pelas nuvens e redes com
informações importantes, estratégicas e vitais para as empresas e
pessoas em todo o mundo. e por que estamos falando disso? porque
junto com esse volume de dados, também cresceram os ataques
cibernéticos. com isso, o mercado de cibersegurança nunca foi tão
importante como agora, sendo considerado uma das melhores
profissões do futuro.
centro universitário senac, são paulo — superior
agosto de 2013 - dezembro de 2015
o curso de tecnologia em gestão da tecnologia da informação
está orientado por três pilares fundamentais:
• formação do indivíduo: o curso desenvolve habilidades de
comunicação e relacionamento interpessoal para uma melhor
compreensão dos diversos contextos de negócio em que o
estudante, como profissional, atuará.
• governança: neste pilar, o curso aborda o desenvolvimento de
competências para aplicar modelos, processos e ferramentas para
a gestão da ti, seja em infraestrutura, desenvolvimento de
sistemas, segurança e negócios. alguns exemplos de modelos e
guias de referência estudados são: itil, cobit, iso/iec 27001,
iso/iec 27002, pmbok.
• capacitação para a técnica e certificações técnicas: o curso
desenvolve habilidades para implementação e gestão de serviços e
projetos de ti. além disso, os alunos deste curso são preparados
para certificações como cobit, itil e dentre outras
",nao informado,sao paulo,sao paulo,nao informado
42085,GRC,2023-03-10 13:16:49,Luna Correia,2023-03-10 13:16:49,Davi Lucca Aragão,:,,nao informado,nao informado,nao informado,,,,,nao informado,nao informado,nao informado,nao informado,"   


contato
avenida aparecida do rio negro
profissional graduado em processos gerenciais e cursando mba
principais competências
em gestão da tecnologia
auditing
da informação, com mais de 9 anos de experiência profissional na
analytical skills
área de tecnologia. solido
project management
conhecimento em mapeamento de processos, auditoria interna e
externa, controles internos,
languages
com foco em iso 27001, sox e isae. experiencia em grandes
português
empresas com foco em
english (limited working)
melhoria de processos e adequação dos controles para
espanhol (limited working)
implementação e certificação das
normas iso. experiencia em big four com auditoria em controles
certifications
sox e isae, mapeamento de
auditor interno iso 27001
riscos e desenho de controles mitigatórios.
certificação kanban foundation -
kikf
gestão ágil no trabalho:
retrospectivas ágeis para a experiência
melhoria de processos
excel 2016: gestão e análise de mapfre
dados
analista de seguranca da informação sr
setembro de 2022 - present (7 meses)
são paulo, brasil


atlas governance
information security analyst - grc
março de 2022 - setembro de 2022 (7 meses)
são paulo, brasil

• gestão de projeto para certificação iso 27001 e 27701
• condução de reuniões estratégicas de processos internos
• realizações de comités de si
• status report a alta direção
• mapeamento de processos e gestão de documentos
• análise de risco em fornecedores e processos internos
• auditoria interna iso 27001 e 27701
• grc dos processos internos
• governança de si
  page 1 of 4
   


• gestão de documentos (políticas, normas e procedimentos)


ey
technology risk consultant
julho de 2021 - janeiro de 2022 (7 meses)
são paulo, são paulo, brasil

• auditoria interna e externa, com foco em controles internos e gerenciamento
de riscos.
• realização de testes de controles dependentes de ti (itdm), controles
gerais de ti (itgc) e
controles automáticos (itac)
• teste em ambientes de ti, parametrização de sistemas, revisão de acessos
(concessão,
revogação, validação de segregação de função, acessos sensíveis /
privilegiados)
• experiência em auditoria externar com clientes de grande porte.
• reunião de entendimento dos riscos associados ao negócio e teste de
controles mitigatórios para cobertura dos riscos.


global hitss
analista de processos de ti
abril de 2019 - julho de 2021 (2 anos 4 meses)
são paulo e região, brasil

- auditor interno do sistema de gestão de segurança da informação do data
center embratel/claro
- levantamento de informações para criação de processos operacionais e
administrativos,
- responsável por manter o programa de conformidade do pci dss,
coletando evidências dos controles periódicos juntos as equipes responsáveis.
(backup, n3, segurança predial, segurança da informação)
- solicitação de evidências, intermediador de ações e acompanhando
auditorias interna e externa.
- realização de follow-up com áreas envolvidas na auditoria, para traçar
planos de ações corretivos e de melhorias.
- levantamento de processos, utilizando bpmn, para criação de instruções de
trabalho, procedimentos, manuais e políticas.
- auditor interno: iso 27001, formado pelo instituto vanzolini através do
consultor que assessora a embratel/claro;
- implementação da norma iso 27001 no escopo de cloud



  page 2 of 4
   


- acompanhamento de auditoria externa nos escopos do data center
embratel/claro.


stefanini brasil
assistente administrativo de ti pleno
novembro de 2016 - abril de 2019 (2 anos 6 meses)
são paulo e região, brasil

- responsável pela gestão de sla, datacenter e governança,
- análise de performance e qualidade do serviço prestado aos clientes,
- elaboração de relatórios: incidentes, indicadores diários, solicitações e
acompanhamento,
- áreas acompanhadas: n3, service desk,
- elaboração de kpi’s internos, sugestão de melhorias,
- atuação junto a equipe de processos na elaboração de documentos,
- mapeamento de processos do datacenter,
- implementação da ferramenta casdm no datacenter,
- desenho de fluxo de abertura de chamado junto a área de processos,
- gerenciamento da criação de relatórios automatizados na ferramenta
cauim,
- acompanhamento da elaboração e homologação junto a equipe de
desenvolvimento e bi,
- elaboração de gráficos, apresentações, tabelas dinâmicas, macros entre
outros.


netpro ltda
técnico administrativo
dezembro de 2013 - novembro de 2016 (3 anos)
são paulo, são paulo, brasil

- gestão de sla,
- análise e elaboração de relatórios de sla,
- foco em melhoria contínua e cadeia interna e externa de clientes e
fornecedores.


b2w digital
auxiliar administrativo
março de 2013 - maio de 2013 (3 meses)
osasco, são paulo, brasil

- atendimento de empresas e suporte a logística,
- análise de transportadoras,
- controle de entregas,


  page 3 of 4
   


- apresentações.


giroflex
aprendiz de qualidade
março de 2011 - fevereiro de 2013 (2 anos)
são paulo, são paulo, brasil

- análise e busca de causa raiz,
- elaboração de gráficos e indicadores para mostrar o desempenho,
- controles de produção,
- elaboração de planos de ações para melhoria do processo de produção e
entrega,
- sistema: sap.




formação acadêmica
universidade anhembi morumbi
bacharelado, processos gerenciais · (2018 - 2020)


universidade anhembi morumbi
master of business administration - mba, gestão da tecnologia da
informação · (novembro de 2021 - novembro de 2022)




  page 4 of 4
",nao informado,sao paulo,sao paulo,nao informado
42098,GRC,2023-03-13 13:34:57,Luna Correia,2023-03-13 13:34:57,Dr. Juan Leão,:,,nao informado,nao informado,nao informado,,,,,nao informado,nao informado,nao informado,nao informado,"   


contact
linhas aéreas brasileiras
são paulo, são paulo, brazil
www.instagram.com/
correa.renatam (personal) summary
top skills
de riscos e consultoria. efetuo projetos de risk assurance em setores
auditoria interna
industriais, seguradoras e empresas aéreas e tem experiência em
controle interno
avaliação de controles internos, processos e gerenciamento de
microsoft excel
riscos.


experiências
auxílio no planejamento dos trabalhos e execução de atividades
como: mapeamento de processos, identificação e avaliação de
riscos, execução de plano de testes, treinamento de equipe e
discussão dos trabalhos com o cliente e alta administração.


desenvolvimento de normas e procedimentos internos, levando em
consideração minimização de riscos e melhoria dos processos.


realização de trabalhos em conformidade com exigências
regulatórias, como susep , anac e apoio a lei sarbanes-oxley.


foco no atendimento ao cliente e na qualidade ao trabalhar para
atender às expectativas da empresa e aos prazos apertados.


formação:
mba em governança, gestão de riscos e compliance |
universidade anhembi morumbi
bacharel em sistemas de informação | universidade federal de
lavras



experience
azul linhas aéreas brasileiras
4 years 6 months

information technology analyst | grc | information security
may 2022 - present (11 months)
  page 1 of 2
   


brazil


senior de auditoria interna
october 2018 - may 2022 (3 years 8 months)
alphaville


pwc brasil
4 years 4 months

senior de auditoria interna
july 2018 - october 2018 (4 months)
são paulo e região, brasil


associate (pleno)
july 2014 - june 2018 (4 years)
são paulo

auditoria de controles e processos internos.


dgti - ufla
modelagem de banco de dados
lavras

modelagem de banco de dados - mysql
suporte sipac
suporte infraestrutura de redes




education
universidade anhembi morumbi
master of business administration - mba, governança, gestão de riscos e
compliance · (2019 - 2020)


universidade federal de lavras
bacharel em sistemas de informação, sistemas · (2009 - 2014)




  page 2 of 2
",nao informado,sao paulo,sao paulo,nao informado
42099,grc,2023-03-13 13:52:47,Maria Clara Pires,2023-03-13 13:52:47,Dra. Mirella Ferreira,:,,nao informado,nao informado,nao informado,,,,,nao informado,nao informado,nao informado,nao informado,"

analista de segurança

código apinfo : 527.618

clique aqui para entrar em contato com o profissional
escolaridade : superior completo idade : 41 anos aceita propostas como : clt
disponibilidade : imediato inglês : fluente
sexo : masculino possui empresa aberta ? não portador de necessidades especiais ? não
pretensão salarial clt : a partir de r$ 9.000,00 pj : a combinar última atualização :
qualificações

•mais de 20 anos de experiência profissional, sendo que os últimos 13 anos desenvolvidos na área de
segurança da informação.
•vivência em gestão de projetos da área de segurança, criando e implantando políticas de segurança
da informação corporativa e suporte nível especialista na solução de problemas complexos, processos
de qualidade, governança de ti, grc, lgpd e grdp.
•consolidada vivência em gerenciamento e compliance de servidores para ambientes de produção e
desenvolvimento, seguindo normas e regulamentos da segurança da informação (tempest,
proteus, etc).
•ponto focal para treinamento, handover, knowledge transfer e suporte de atividades para equipes de
segurança.
•experiência em participações nos processos de auditorias sox, isae, pci-dss (concordância das
políticas de segurança internas e do cliente de acordo com as práticas nbr iso 27002, cobit e itil).
•coordenação de equipe de operação níveis 1 e 2 e atuando como um ponto de escalonamento para
todas as necessidades de segurança do cliente e interface.
•grande experiência em análise e investigação de incidentes, bem como, análise e gerenciamento de
vulnerabilidades e manutenção microsoft active directory (administração e gerenciamento de acessos).
•graduado em engenharia de telecomunicações, com vivência internacional e inglês avançado
complementam o perfil.

experiência profissional

•t-systems do brasil - jun/2017 - atual
especialista segurança da informação

-atuando na governança de ti, process, quality e audit gerenciando conformidades e grc;
-coordenação, manter e orientar a equipe operacional relatando os (kpis) e desenvolver
implementações de gerenciamento de ti para cliente em conformidade com os slas e baselines;
-gestão de pessoas controlando atividades, contratações, férias e horários e coordenando equipes
soc e níveis 1, 2 e 3.
-responsável pela elaboração, revisão e atualização de processos, revisões de políticas,
procedimentos, kpi’s e checklist de atendimento de s.i. e representação nos incidentes de segurança,
projetos, reuniões e reports;
-envolvimento nos processos de assessment dos projetos internos e externos para atendimento e
conformidades das leis gdpr e lgpd;
-execução de poc’s estudando conceitos de produtos voltados a s.i..
-opm (operation manager security) sendo ponto focal, escalation e facilitador de contato com o cliente,
-participação junto à equipe global no aperfeiçoamento do portfólio de segurança da empresa e planos
de ações para agilizar os processos dos clientes, determinar produtos mais adequados considerando
os negócios, cenários e necessidade.
-responsável pela elaboração, revisão e atualização de processos, revisões de políticas,
procedimentos, kpi’s e checklist de atendimento, garantindo melhores práticas de processos entre
áreas de t.i. e representar a segurança em todos os incidentes, projetos, reuniões e reports;
- responsável em reportar e garantir o atendimento e entrega de sla dos baselines contratados de
antivírus, proxy, ips, antispam, hardening, processo de patch management e controles de
vulnerabilidades, entre outras ferramentas de segurança;
- ponto focal no cliente mercedes-benz para assuntos e processos relacionados à s.i.

•hpe - hewlett packard enterprise - jun/2001 – jul/2016
especialista/consultor/auditor de segurança da informação

-fui responsável por compliance e controle (gestão) de acesso, análise de issues e logins privilegiados,
gerenciamento de políticas por gpo´s, processos de lastlogon e desligados, projetos e auditorias de
segurança.
-reduzi em 95% os itens de segurança no-compliance no ambiente, passando assim pela auditoria
externa internacional com nenhuma não-conformidade em segurança.
-atuei em projeto de segregação de acessos no banco cetelem, obtendo prêmio de reconhecimento
entregue em mãos pelo vice-presidente hpe brasil por este trabalho.
-atuei nos processos de dpp’s input e output de servidores windows com aplicação de hardening.
-trabalhei no projeto de dupla custódia no cliente nextel, para cumprimento da auditoria sox.
-participei no projeto pti (padrão telefônica de informática) para o cliente telefônica e migração de
domínios de plataforma windows server.
-analise e reporte de rca’s (análise de causa raiz).
-elaborei, revisei e atualizei checklists e procedimentos de atendimento internos da hpe.
-ajudei no atendimento de chamados, dentro da sla estipulada, dos clientes natura, femsa e
telefônica reduzindo em 98% dos incidentes em nossa inbox, sendo reconhecido e ganhando prêmios
dentro do departamento.
-elaboração de relatórios executivos de billing e volumetrias de s.i..
-atuei em projeto de implementação das normas de segurança pci para o cliente banco votorantim,
mantendo 100% os controles de vulnerabilidades, conquistando um prêmio de reconhecimento
entregue em mãos pelo vice-presidente hpe brasil.

•2n engenharia ltda - jul/1999 – jun/2001
técnico eletrotécnico

-atuei como responsável pelo levantamento técnico junto aos clientes (interpretação e criação de
desenho de projeto elétrico e hidráulico (auto cad), cotação de orçamento para compra de materiais,
suporte ao cliente e cronograma de obra) assim como verificação técnica de projeto em andamento
(coordenação das instalações conforme projeto elaborado);
-trabalhei com processo de levantamento de documentação para concorrências em propostas
públicas e privadas;
- executei o gerenciamento de contratos das empresas prestadoras de serviços e fornecedores de
materiais;

experiência - internacional - dublin/irlanda - 2008

•metro newspaper – the network ltda
•marks _ spencer

programa extensivo - complementar do curso de língua inglesa – trabalhei como assistente
administrativo no escritório de um jornal de circulação internacional e como coordenador de
manutenção em uma rede de loja de departamento, podendo assim vivenciar a língua e os costumes
",nao informado,sao paulo,sao paulo,nao informado
42100,grc,2023-03-13 13:55:24,Maria Clara Pires,2023-03-13 13:55:24,Dra. Isabella Sampaio,:,,nao informado,nao informado,nao informado,,,,,nao informado,nao informado,nao informado,nao informado,"

analista de segurança

código apinfo : 532.664

clique aqui para entrar em contato com o profissional

escolaridade : superior completo idade : 55 anos aceita propostas como : clt
disponibilidade : até 1 semana inglês : tecnico espanhol intermediário
sexo : masculino possui empresa aberta ? não portador de necessidades especiais ? não
pretensão salarial clt : a combinar pj : a combinar última atualização :

funções:
analista sap - basis security 2014 à 2017
administrador de banco de dados oracle 2011 à 2014
administrador de servidores 2008 à 2011
suporte aos usuários 2005 à 2008

suporte como basis security em 1º e 2º níveis, aos usuários de 10
países do cluster laser (américa latina), bem como aos consultores
do grupo de analistas responsáveis dos módulos sap, nos sistemas sap
erp, bw, crm, srm, grc, pi, ce, portal;
* utilização do grc ac para provisionamento de acessos, e para o
atendimento às solicitações de usuários em geral, para ajustes de perfis
e acessos;
* utilização do grc rar para verificação e análise de conflitos entre
tarefas sap;
* definição de estruturas de autorização sap em conjunto com a equipe
de basis security;
* acompanhamento da estrutura de segurança utilizada, propondo
melhorias e correções;
* controle do processo de user lifecycle sap, e não sap;
* administração de banco de dados oracle (dba) em sistemas sap,
dimensionando e ajustando o ambiente conforme necessário;
* novas instalações e upgrades de versões;
* monitoramento por scripts, grid control e solman;
* participação no projeto de implementação e administração do oracle
rac;
* participação no projeto de instalação do ambiente exadata;
* administração de servidores windows, lotus notes, antivírus e
command series;
* suporte em 2º nível para administradores das unidades remotas;
* suporte em 1º e 2º níveis aos usuários locais e remotos nos ambientes
windows e lotus notes;
* visitas às unidades remotas no estado de são paulo para suporte,
verificação e substituição de equipamentos de it local e rede;

atos origin brasil ltda 1991 à 2004

função:
atuei durante 13 anos como prestador de serviços no cliente philips do brasil
ltda., onde exerci atividades como:
* suporte em 1º nível aos usuários locais e remotos, principalmente nos
ambientes windowsnt, windows2000 e lotus notes;
* atuação no projeto de padronização de sistemas operacionais windows
e e-mail lotus notes;
* participação no processo de implementação da política interna de
segurança da informação;
* participação no processo de downsizing da philips components, fazendo
parte do grupo de customização e implementação do novo ambiente;
* suporte a sistemas corporativos em mainframe, utilizados pela philips
antes do processo de downsizing, envolvendo os ambientes cms,
profs, sistemas industriais e comerciais;

empresas do ramo de eletrônica 1986 à 1991

função:
atuei durante 5 anos no setor de manutenção eletrônica, no seguimento de
microcomputadores, na função de técnico eletrônico, em nível de atendimento
a campo, e manutenção em laboratório.
",nao informado,sao paulo,sao paulo,nao informado
42101,grc,2023-03-13 14:04:29,Maria Clara Pires,2023-03-13 14:04:29,Sra. Eduarda Correia,:,,nao informado,nao informado,nao informado,,,,,nao informado,nao informado,nao informado,nao informado,"

consultor / especialista

código apinfo : 472.124

clique aqui para entrar em contato com o profissional
escolaridade : superior completo idade : 34 anos aceita propostas como : indiferente
disponibilidade : até 1 semana inglês : intermediário
sexo : feminino possui empresa aberta ? sim portador de necessidades especiais ? não
pretensão salarial clt : a combinar pj : a combinar última atualização :
construdecor s/a - dicico 03/2013 a atual

análise de negócios - 03/2013 a atual
_ participação em projetos:
o apuração de vendas e premiação de vendedores;
o cadastro em massa via b2b;
o grc inbound 10.0;
o tracking de ordens de venda via b2b;
o crossdoking

_ suporte ao sistema sap no módulo mm.
_ conhecimento em correlação entre tabelas de mm para
criar especificações funcionais.

rádio e televisão record s/a 06/2012 a 02/2013

analista de negócios - 6/2012 a 02/2013
_ analista de regras de negócio, requisitos e restrições que
compõe os projetos internos. elaboração de documentos
para a continuidade do projeto, com base nos requisitos
coletados. o contato é direto e constante com o cliente
interno e intermediando as análises com a equipe de
desenvolvimento. acompanhamento do status dos projetos
semanalmente.

construdecor s/a - dicico 05/2008 a 12/2010

encarregada de gestão de contratos - 05/2009 a 12/2010
_ interação com diversos departamentos dentro da
empresa, principalmente o departamento de compras e com
o recebimento de mercadorias, com a particularidade do
ramo de atuação e assim foi adquirido um rico aprendizado
na área. elaboração de relatórios gerenciais do período para
reuniões de diretoria, além de outros tipos de relatórios que
eram feitos durante o mês com diversas informações
gerenciais como vendas, descontos, lucro, impostos,
de mercadorias e solução de problemas dos mais variados,
preço negociado e na quantidade solicitada. confecção de
contratos de fornecimento e aplicação de descontos nos
preços de compra. os dois últimos itens partiam de
negociações entre o departamento comercial e o fornecedor.
abertura de verbas previstas em contrato e verbas
negociadas casualmente. realização da conferência do
custo da última entrada da mercadoria com o custo
calculado em planilha. auxílio ao setor de cadastro de
produtos e fornecedores quando necessário.
_ noções de controle de estoque, ações comerciais para a
venda de produtos fora de linha.
_ relatórios gerenciais no excel de diversos tipos.
_ conhecimento no sap, módulo mm, com a experiência
de ter participado da implementação do sap na empresa.
",nao informado,sao paulo,sao paulo,nao informado
42102,GRC,2023-03-13 14:34:56,Maria Clara Pires,2023-03-13 14:34:56,Antony Moreira,:,,nao informado,nao informado,nao informado,,,,,nao informado,nao informado,nao informado,nao informado,"resumo
busco uma oportunidade no mercado de trabalho, sou comprometida, engajada e com uma imensa vontade de crescer.
objetivos profissionais
contábil, finanças, economia - economia
informática, ti, telecomunicações - segurança da informação
jurídica - advocacia geral
pretensão salarial: r$ 3500,00 - 4500,00 (bruto mensal)
jornada: período integral
tipo de contrato: efetivo – clt
nível hierárquico: analista - gerente
formação acadêmica
ensino superior em direito, universidade são judas tadeu - usjt em sp
ago. 2017 até o momento (finalização prevista - jul. 2023)
ago. 2013 até jun. 2017
experiência profissional
analista de compliance, proteção de dados e privacidade (grc), more star em são paulo - sp
jun. 2019 até o momento

auditoria - auditoria externa (analista)

gerente administrativo financeiro, cineramabc em blumenau - sc
out. 2018 até abr. 2019

administração - administração geral (gerente)

financeiro, embracon em florianópolis - sc
jan. 2018 até jul. 2018

contábil, finanças, economia - finanças (consultor)

recepcionista, academia rio sport em rs
set. 2016 até mar. 2017

administração - recepção (operacional)

vendedora, livraria vanguarda em rs
out. 2015 até mar. 2016

comercial, vendas - atendimento (operacional)

vendedora de loja, livraria saraiva em am
out. 2012 até mar. 2014

comercial, vendas - lojas / shopping (operacional)

vendedora do setor juridico abordagem de clientes estoque entre outros.

auxiliar administrativo, secretaria de educação do estado do amazonas em am
out. 2007 até set. 2008

administração - administração geral (auxiliar)

informática
gráficos/web
adobe ilustrator adobe photoshop coreldraw
aplicações de escritório
microsoft excel microsoft powerpoint microsoft word
sistemas operacionais
linux windows
outros programas
autocad edição de som edição de video servidores de e-mail
idiomas
português, nativo
inglês, intermediário
dados complementares
disponibilidade para viajar: sim
disponibilidade para mudar de residência: sim
carteira de habilitação: b
dados pessoais
larissa pereira
nasceu em 17 de agosto de 1990, 32 anos.

feminino, solteira

",nao informado,sao paulo,sao paulo,nao informado
42103,GRC,2023-03-13 14:43:16,Maria Clara Pires,2023-03-13 14:43:16,Sr. Matheus Costa,:,,nao informado,nao informado,nao informado,,,,,nao informado,nao informado,nao informado,nao informado,"objetivos profissionais
logística - distribuição, recebimento e expedição
engenharia - engenharia industrial, produção
qualidade - controle de qualidade
pretensão salarial: r$ 3000,00 - 4000,00 (bruto mensal)
jornada: período integral
tipo de contrato: efetivo – clt
nível hierárquico: analista - especialista
formação acadêmica
ensino superior em engenharia de produção/industrial, universidade são judas tadeu em sp
fev. 2013 até dez. 2017
experiência profissional
analista de grc (governança, riscos e compliance), thb group em são paulo - sp
abr. 2018 até o momento

auditoria - auditoria interna (analista)

atuação em governança e controles internos. responsável pelas análises e reestruturações de processos das áreas da empresa. mapeamento dos processos ""as is"", para identificação de pontos de atenção, riscos e oportunidades de melhoria. elaboração do mapeamento ""will be"", projetando o cenário futuro com a implantação de melhorias, mudanças necessárias e mitigação ou eliminação de riscos e falhas. acompanhamento e suporte na implantação de projetos. elaboração, acompanhamento e revisão dos controles internos, políticas institucionais, matriz de riscos, manuais operacionais e segregação de função (matriz de responsabilidade). participação em auditorias internas e treinamentos. aplicação da metodologia lean seis sigma e das ferramentas value stream mapping (vsm), matriz raci e capacity planning para melhorias de processos e projetos.

assistente de controladoria, mazars cabrera em são paulo - sp
out. 2017 até abr. 2018

contábil, finanças, economia - controladoria (assistente)

atuação na área de planejamento estratégico e inteligência gerencial. apoio ao comitê executivo com dados sobre o desempenho da empresa para tomada de decisão. acompanhamento e suporte para criação do plano estratégico e econômico-financeiro das áreas de negócio através de kpi’s, cenários e reportes mensais (indicadores gerenciais como turn over, custo médio, taxa de ocupação e curva abc). controle orçamentário (criação, revisão e acompanhamento do ""realizado x orçado"" e estudo das premissas básicas). análise de resultados dos projetos (faturamento e horas incorridas).

assistente de mis (management information system), master intermediação e tecnologia de negócios em sp
out. 2016 até fev. 2017

informática, ti, telecomunicações - análise de sistema (assistente)

principais atividades: atuação na área de processo e estratégia mis. responsável pelas elaborações e análises de relatórios e dashboard, criações de estratégias para alcançar melhores resultados, desenvolvimento e controle dos processos administrativos mis, otimizações de atividades, extração de informações no banco de dados, contato com fornecedores e clientes, estudos de métodos de previsões (estatística) e atualizações de planilhas diárias.

informática
programação
c
gráficos/web
adobe photoshop
aplicações de escritório
microsoft excel microsoft powerpoint microsoft word microsoft outlook libreoffice
sistemas operacionais
linux windows
outros programas
autocad microsoft project
idiomas
português, nativo
inglês, intermediário
espanhol, básico
dados complementares
disponibilidade para viajar: sim
disponibilidade para mudar de residência: sim
carteira de habilitação: b
tipo de veículo: carro particular
dados pessoais
nasceu em 3 de março de 1995, 28 anos.

feminino, solteira

",nao informado,sao paulo,sao paulo,nao informado
42105,Especialista em Continuidade de Negócios e Certificação,2023-03-13 14:52:39,Lara Duarte,2023-03-13 14:52:39,Sra. Juliana Pacheco,:,,nao informado,nao informado,nao informado,,,,,nao informado,nao informado,nao informado,nao informado,"resumo profissional
aloysio regis
gouveia filho
mais de 20 anos de experiência na área de segurança da informação,
implementando grandes projetos complexos envolvendo equipes
multidisciplinares de ti e negócios.
responsável pela implementação e gerenciamento de planos de
recuperação de desastres (drp/pcn) para ti e para negócios,
aloysreg2012@yahoo.com
backup-site, work-area.
implementação e coordenação de equipes e sistemas de gestão de
segurança da informação, garantindo a aplicação de normas
internacionais de conformidade – familia iso, itil, cobit e outros
frameworks aplicáveis de acordo com a necessidade do negócio.
realização de avaliação de riscos e mitigação de vulnerabilidades com
de análise e testes de vulnerabilidades, engenharia social, confecção
de politicas, normas e procedimentos de segurança da informação e
governança de ti. mitigação de incidentes com ações corretivas.
execução e analise de investigações de incidentes de segurança da
informação aplicando técnicas forenses. desenho, implementação e
testes de controle de segurança de informação.
in/aloysio-regis-gouveia- internacionais. atendimento a certificação iso27001/iso27701.
filho-9109ab/
desenvolvimento de fornecedores e gerenciamento de projetos
utilizando metodologias de mercardo (pmp, agil, scrum).
residente em são paulo,
elaboração de controles internos e indicadores (pki´s), gestão e
separado.
controle financeiro aplicando os modelos financeiros opex e capex.



educação
objetivo

analista de • mba em gestão de riscos corporativos e continuidade de
negócios – idesp - 2019
governança de ti • pós-graduação em computação forense e perícia digital – ipog
– 2018
• pós-graduação em investigação de fraudes e forense
habilidades computacional. – daryus – 2009
• pós-graduação em gestão e tecnologia em segurança da
foco em metas e objetivos, informação – daryus - 2008
• pós-graduação em governança em tecnologia da informação -
dinamico, analitico, instituto de pesquisas tecnológicas (ipt) – 2007
desenvolver soluções de americana - 1995
conflitos e problemas, hábil
em planejamento e bom idiomas
relacionamento interpessoal.

inglês avançado
noções de espanhol
resumo profissional


certisign – certificadora digital – set/2019 a jan/2023

principais responsabilidades:
• responsável por todo o processo de continuidade de negócios na empresa (sistemas, processos e
pessoas);
• responsável pela manutenção e melhoria do sgsi – sistema de gestão de segurança da informação;
• desenvolvimento do sistema de gestão de privacidade de dados – sgpd a ser integrado no sgsi
já implementado;
• desenvolvimento de projetos de continuidade de negócios fisicos e lógicos, em conformidade com as
boas práticas internacionais e normativas;
• elaboração e manutenção da matriz de riscos e fluxos de continuidade de negócios;
• desenvolvimento e manutenção de declaração de aplicabilidade (iso27001/iso27701), políticas e
planos de continuidade de negocios (planos operacionais, planos de contingência, planos de
comunicação e resposta, planos de gerenciamento de crises e recuperação de desastres) em diversas
plataformas computacionais;
• responsavel pelo planejamento, coordenação e execução dos testes de continuidade de negócios;
• responsavel por documentar as lições apreendidas e acompanhar os planos de ações e
oportunidades de melhorias identificadas nos testes e eventos críticos;
• participação no projeto de privacidade de informação e lgpd da empresa;
• desenvolvimento e implementação de controles internos e compensatórios de continuidade de
negócios da empresa;
• desenvolvimento de treinamento de continuidade de negócios, on-boarding e de desenvolvimento de
cultura de segurança da informação (nivel executivo e operacional);
• elaboração, análise e acompanhamento dos indicadores que envolvem o sgsi, garantindo a
conformidade e qualidade dos serviços;
• elaboração de planos de ações para correção de não conformidades/oportunidades de melhoria
apontadas em auditoria interna e externa;
• atendimento a auditorias internas, externas, de certificação e normativas.

grupo hinode – jun/2018 até set/2019

principais responsabilidades:
• implementação da área de segurança da informação no grupo hinode;
• implementação da política global de segurança da informação no grupo hinode;
• implementação de controles físicos e lógicos de segurança da informação;
• implementação da área de governança de ti;
• ponto focal de segurança da informação em projetos de ti para tomada de decisões e participação
em projetos especiais nacionais e internacionais;
• desenvolvimento e implementação dos controles internos de ti para a lei de proteção de dados
pessoais (lgpd) no ambiente de ti – auxilio no desenvolvimento do código de conduta e
compliance na empresa;
• levantamento de todas as informações da empresa – classificação da informação (lgpd);
• classificação e desenvolvimento do relatório de proteção de dados pessoais - dpia;
• melhoria dos ambientes computacionais (produção/homologação/desenvolvimento);
• responsável pela condução, suporte e auxilio na resposta à incidentes de segurança da informação;




2
• responsável pela pericia computacional forense (escritório terceirizado contratado);
• análise de vulnerabilidades de sistemas (testes de vulnerabilidades) e acompanhamento do plano
de ação (incluindo mobile);
• análise de riscos e mapeamento de vulnerabilidade em sistemas e processos internos;
• negociação com clientes internos, externos para implementação de novos serviços;
• desenvolvimento e implementação do plano de continuidade de negócios e ti;
• gerenciamento e acompanhamento de orçamento de ti em opex e capex.

orizon sistemas de saúde – fev/2017 a out/2017

principais responsabilidades:
• restruturação da área de governança de ti, com enfase na metodologia lean-it;
• elaboração de políticas, normas e procedimentos de governança de ti e segurança da informação;
• implementação das disciplinas itil - gerência de mudanças, gerência de incidentes e gerência de
problemas, com implementação de novos procedimentos de controle e indicadores;
• atendimento e acompanhamento de auditorias internas, externas e de investidores;
• suporte a governança corporativa, compliance, áreas de negócios, sistemas e infraestrutura para
o desenvolvimento de mudanças no ambiente computacional;
• negociação com clientes internos e externos para implementação de novos serviços;
• participação e responsavel pela execução do plano de continuidade de negócios - ti;
• desenvolvimento da classificação da informação em toda a empresa;
• gerenciamento projetos de governança de ti utilizando metodologia pmp e lean-it;
• analise de riscos e mapeamento de vulnerabilidades em sistemas e processos internos;
• gerenciamento e acompanhamento de orçamento de ti em opex e capex.


allianz seguros s/a – dez/2010 a jan/2015

banco pine – nov/2006 a nov/2010

cardif do brasil seguros e previdencia – jan/2006 a out/2006

atos origin – abr/2005 a out/2005

carrefour comércio e indústria ltda – jul/2004 a fev/2005

maxblue investimentos dtvm – mai/2001 a jul/2003




3
certificações



• information security officer – itcerts
• csirt foundation – itcerts
• ethical hacking essentials – itcerts
• cybersecurity foundation – itcerts
• information security policy foundation – itcerts
• computer forensics foundation – itcerts
• it governance foundation – itcerts
• lgpd foundation certification – itcerts
• information security manager – itcerts
• information security risk mgmt foundation certification – itcerts
• infosec foundation certification – itcerts
• it governance foundation certification – itcerts
• information security risk management foundation – itcerts
• cissp em andamento
• crisc em andamento




4
",nao informado,sao paulo,sao paulo,nao informado
42119,GRC,2023-03-14 11:05:05,Luna Correia,2023-03-14 11:05:05,Srta. Eloah Oliveira,:,,nao informado,nao informado,nao informado,,,,,nao informado,nao informado,nao informado,nao informado,"   


contato
são paulo, são paulo, brasil
www.facebook.com/karina.pacini.9 resumo
(personal)
trabalhando com segurança e proteção de dados, auditoria e grc,
principais competências há aproximadamente 6 anos.
análise de sistemas
microsoft powerpoint formada em tecnologia em análise e desenvolvimento de
microsoft excel sistemas pela fiap - faculdade de informática e administração
paulista.
languages
português (native or bilingual) curso profissionalizante em formação de auditor interno iso
inglês (full professional) 9001:2008 – com base na nbr iso 19011, certificado pela
fundação vanzolini.
certifications
curso profissionalizante em inglês avançado.
formação de auditor interno iso
9001:2008 – com base na nbr iso
19011
experiência
stone
analista de segurança da informação sênior
junho de 2021 - present (1 ano 10 meses)
são paulo, são paulo, brasil

implementação de melhorias para a evolução do processo de monitoramento
de bancos de dados, elaboração de documentações, análise de risco,
tratamento de incidentes e realização de testes de segurança para garantir o
aprimoramento contínuo dos controles de auditoria existentes;
análise e auditoria dos processos executados pelo time de dbas;
criação de regras de correlações de eventos de segurança relacionados
(siem) elk;
recomendação de implementação de hardening nos diversos ambientes de
bd;
análise dos dados coletados pelo siem;
validação do ambiente de bd com relação a vulnerabilidades e patches;
criação de controles de hardening para aplicações de banco de dados;
desenvolvimento de documentações e procedimentos técnicos.



  page 1 of 4
   



exprivia
it security database - grc - auditoria
fevereiro de 2019 - maio de 2021 (2 anos 4 meses)
são paulo e região, brasil

segurança e proteção de dados, atendimento a auditoria e grc;
implementação de políticas de segurança, análises de risco e auditoria;
oracle database vault – implementação, customização e gerenciamento
da ferramenta de segurança de dados (em conformidade com regulações
sox, hipaa, pci-dss, entre outros) para bancos oracle, incluindo
bancos suportados para sistemas sap, ebs, entre outros, para garantir a
confidencialidade das informações e prevenção de fraudes;
oracle identity manager (oim) – implementação, customização e
gerenciamento da ferramenta de gestão de identidade para bancos de dados
oracle, em conjunto com o oid (oracle internet directory);
oracle audit vault – implementação, customização, gerenciamento e análises
da ferramenta de auditoria de bancos de dados oracle e sql server, para
auxílio na prevenção de fraudes e detecção de acessos não autorizados;
conhecimentos na lgpd – lei geral de proteção de dados, iso 27001;
gerenciamento de concessão de privilégio e, acessos;
atendimento às solicitações de evidências de auditoria para cumprimento das
normas, automação dos processos de magistratura;
elaboração de documentação e processos referente a área de banco de
dados, junto área de compliance para auditorias externas e internas da tim
brasil.


atos
3 anos 8 meses

it security database - grc - auditoria
agosto de 2016 - janeiro de 2019 (2 anos 6 meses)
são paulo e região, brasil

segurança e proteção de dados, atendimento a auditoria e grc;
implementação de políticas de segurança, análises de risco e auditoria;
oracle database vault – implementação, customização e gerenciamento
da ferramenta de segurança de dados (em conformidade com regulações
sox, hipaa, pci-dss, entre outros) para bancos oracle, incluindo
bancos suportados para sistemas sap, ebs, entre outros, para garantir a
confidencialidade das informações e prevenção de fraudes;
oracle identity manager (oim) – implementação, customização e
gerenciamento da ferramenta de gestão de identidade para bancos de dados
oracle, em conjunto com o oid (oracle internet directory);

  page 2 of 4
   


oracle audit vault – implementação, customização, gerenciamento e análises
da ferramenta de auditoria de bancos de dados oracle e sql server, para
auxílio na prevenção de fraudes e detecção de acessos não autorizados;
conhecimentos na lgpd – lei geral de proteção de dados, iso 27001;
gerenciamento de concessão de privilégio e, acessos;
atendimento às solicitações de evidências de auditoria para cumprimento das
normas, automação dos processos de magistratura;
elaboração de documentação e processos referente a área de banco de
dados, junto área de compliance para auditorias externas e internas da tim
brasil.

analista de sistemas bscs
junho de 2015 - julho de 2016 (1 ano 2 meses)
são paulo

suporte e gerenciamento à solução de problemas, manutenção,
desenvolvimento e melhoria no sistema de faturamento e tarifação (bscs)
pela equipe de troubleshooting da tim telefonia celular;
consulta de tfs em visual studio;
elaboração de cenários de teste para validação em fqa;
gerenciamento de sistemas rqm e xtts.


minas comércio de pedras ltda.
consultora de qualidade/auditoria interna
agosto de 2013 - dezembro de 2014 (1 ano 5 meses)
são paulo, brasil

análise e diagnóstico de processos produtivos, administrativos e de vendas;
desenvolvimento de projetos e planejamentos de acordo com as
necessidades da empresa e do cliente;
implementação de projetos de padronização dos processos da empresa de
acordo com a iso 9001 e ohsas 18001;
apontamento e diagnóstico de não conformidades;
realização de auditorias internas relativas a todos os processos da empresa
para identificação de soluções e recomendação de ações corretivas e
preventivas.


nexus traduções consultoria ltda.
supervisora de produção e projetos
março de 2011 - junho de 2013 (2 anos 4 meses)
são paulo, brasil

supervisão de toda equipe envolvida na realização dos projetos (freelancers,
tradutores, revisores, diagramadores e coordenação);
  page 3 of 4
   


alta direção;
contato direto e reuniões com o cliente para definir a realização de cada
etapa do serviço prestado;
adequação aos padrões e preferências de cada empresa;
coordenação da produção interna e externa, garantindo a qualidade
dos serviços prestados por meio de feedbacks, visando atender as
particularidades e perfil de cada cliente, elaboração de planos de ação para
melhoria contínua dos procedimentos internos e externos;
recrutamento de freelancers que se adéquem às diversas áreas técnicas
atendidas pela empresa, com foco na qualidade dos serviços;
verificação final dos serviços prestados pela produção para submissão
definitiva ao cliente.




formação acadêmica
fiap
tecnologia em análise e desenvolvimento de sistemas, tecnologia da
informação · (2015 - 2016)


kasolution
sc-900t00-a - security, compliance, and identity fundamentals, segurança
da informação · (2021 - 2021)


udemy
curso online de lgpd - lei geral de proteção de dado, tec · (2020 - 2020)


faculdades oswaldo cruz
mba em gestão da qualidade e produtividade, gestão da
qualidade · (2011 - 2013)




  page 4 of 4
",nao informado,sao paulo,sao paulo,nao informado
42163,GRC,2023-03-16 15:15:59,Luna Correia,2023-03-16 15:15:59,Dr. Davi Lucca Souza,:,,nao informado,nao informado,nao informado,,,,,nao informado,nao informado,nao informado,nao informado,"
informações pessoais

brasileiro, solteiro, 23 anos

formação acadêmica

- bacharel em direito (universidade são judas tadeu).
- cursando segurança da informação (fmu), conclusão: julho/2025

experiência

ao longo da minha jornada de profissional, estou a 8 anos no mundo corporativo, atuando como aprendiz administrativo no departamento jurídico, assistente de auditoria interna, auditor junior e atualmente, analista de governança da segurança da informação/privacidade pleno no departamento de grc.

já participei de diversas auditorias de processo, elaborando papeis de trabalho, testes de controle e relatório final de auditoria, também apoiei a equipe de ti em algumas auditorias de sistema, exerci a função de backoffice do departamento de auditoria interna, apoiando a gestão com os controles gerenciais, também possuo familiaridade com questões regulamentares, normas e procedimentos legais, que envolva o campo do direito.

foi ponto focal durante o período que atuei como auditor para dar os primeiros passos da implementação da auditoria continua, através das ferramentas de analytics, como power bi, acl e o modulo de auditoria ais do sistema sap.

recentemente, estou apoiando o programa de governança da segurança da informação e de privacidade da companhia, respondendo diretamente ao dpo, atuando em parcerias entre as áreas jurídicas e tecnologia da informação, com ações diretas nos planos de adequação a lgpd e melhores práticas de segurança da informação.

resumo profissional

mills
de: 17/05/2021– atual
função: analista de governança da segurança da informação/privacidade pleno

principais atividades: apoio na construção e implementação do programa de governança da segurança da informação e privacidade na companhia, participação direta no desenvolvimento de políticas/normas relacionadas as boas práticas de segurança da informação e privacidade.
participação no desenvolvimento do treinamento e capacitação dos colaboradores da companhia sob os aspectos legais da lgpd e boas práticas de segurança da informação.

responsável por acompanhar os planos de adequação juntamente às áreas de tecnologia da informação e jurídico, assim como suporte à área jurídica nas análises contratuais para definição das possíveis responsabilidades cível da lgpd (controlador x operador).

responsável pelas análises de riscos de projetos e serviços de tecnologia da informação/segurança da informação com viés de privacidade, utilizando os frameworks e melhores práticas (iso27001, cis control e nist).

encarregado pelas revisões e atualizações dos mapas de dados da companhia (ropa), elaboração dos relatórios dpia e lia. suporte as áreas de investigação corporativa e de auditoria interna, em trabalhos especiais.

acompanhamento dos trabalhos de consultoria e assessoria externas relacionados a segurança da informação e privacidade (assessment, itgc, pen teste). responsável pelo programa de adequação a lgpd das empresas adquiridas e incorporadoras ao mesmo grupo econômico.

via varejo s.a.
de: 01/01/2020 – 15/05/2021
função: auditor interno junior

principais atividades: atuação em auditorias de processo, realização de mapeamentos dos processos, elaboração de fluxograma, execução de testes de controle, inventários, memorandos e relatórios de auditoria interna.
responsável também pelos controles administrativos do departamento (backoffice), acompanhando mensal as despesas, através de relatórios do sap, participação na elaboração do orçamento b0, b1 e b2 juntamente com a alta gestão.

via varejo s.a.
de: 15/05/2017 – 31/12/2019
função: assistente de auditoria interna

principais atividades: responsável pelos controles administrativos do departamento (backoffice), acompanhamento mensal de despesas através de relatórios do sap, elaboração de orçamento b0, b1 e b2 juntamente com o gerente de auditoria interna e solicitação de reembolso de despesa dos auditores.

via varejo s.a.
de: 17/12/015 – 15/04/2017
função: aprendiz administrativo departamento jurídico e auditoria interna




cursos

pacote office

inglês básico ao intermediário

cybersecurity - fiap

gestão de infraestrutura de ti - fiap
",nao informado,sao paulo,sao paulo,nao informado
42164,GRC,2023-03-16 15:17:00,Luna Correia,2023-03-16 15:17:00,Dra. Ana Júlia Monteiro,:,,nao informado,nao informado,nao informado,,,,,nao informado,nao informado,nao informado,nao informado,"são paulo / sp
perfil profissional:
a clientes e planejamento, forte atuação na área de segurança da informação, privacidade e proteção de dados, lgpd, administração
de infraestrutura, projetos de outsourcing, administração de parcerias, ambiente microsoft, firewall check point, patching, hardening
de servidores e redes, políticas de segurança, levantamento de vulnerabilidades, forense computacional, infra estrutura, certificados
digitais, implementação de segurança, sistemas de backup, sistemas de e-mail e antispam, conectividade, antivírus, antispyware,
filtro de conteúdo, continuidade de negócios.
formação acadêmica:
- graduação
faculdade de administração e ciências econômicas. (até 1985) instituição toledo de ensino - baurú – sp
faculdade de análise de sistemas. (concluído em 2002) universidade ibirapuera – unib - sp
- idiomas
inglês avançado
espanhol leitura técnica
histórico profissional:
autônomo desde fev/2021
prestação de serviços em proteção de dados e lgpd;
consultor
- consultoria em proteção de dados pessoais e adequação a lgpd;
- aplicação e acompanhamento de compliance iso27000, nist, cis, pci-dss, iso20000 e iso9000, cobit, itil;
- consultoria em segurança da informação, continuidade de negócios, governança;
- conscientização e treinamento em segurança da informação.
bk consultoria e serviços ltda. de dez/2015 a fev/2021
prestação de serviços públicos e privados;
gestor de contratos
- gestão de equipes multidisciplinares, governança;
- implementação de processos, procedimentos e treinamentos;
- aplicação e acompanhamento de compliance da norma iso9000, gestão e análise de controles;
- implementação de melhorias nos sistemas internos.
tivit terceirização de procs, servs e tecnologia s/a de fev/2008 a ago/2015
datacenter/outsourcing em ti;
analista especialista em suporte e segurança
- participação no grupo de resposta a incidentes a diversos clientes da empresa;
- participação na gestão análise de riscos e vulnerabilidades;
- gerenciamento dos níveis de serviço: slm e sla, interno e externo;
- implementação de processos, procedimentos e treinamento das equipes interna e externa (parceiros);
- implementação de melhorias nos sistemas internos;
- avaliação de documentos rfp e rfi;
- aplicação e acompanhamento de compliance iso27000, pci-dss, iso20000 e iso9000, sas70, cobit, itil;
- acompanhamento de implementação matriz de responsabilidades (raci);
- habilidades em microsoft windows, patching wsus, checkpoint firewall, iis, certificados digitais, normas de segurança,
monitoração de ambientes críticos, cofre de senhas, custódia.
banco nossa caixa s.a. de maio/99 a nov/07
instituição financeira de economia mista;
analista de segurança da informação
- gerenciamento da infraestrutura de rede, garantindo a tecnologia, estabilidade e disponibilidade;
- desenvolvimento dos projetos de internet para netbanking, extranet, intranet e acesso corporativo, promovendo a implantação,
documentação e manutenção destes ambientes;
- gerenciamento do ambiente de lan e wan, garantindo todas as rotinas de segurança e atividades inerentes;
- participação na melhoria de qualidade dos processos de segurança utilizando metodologia itil;
- participação na medição quantitativa e qualitativa de controles de segurança utilizando metodologia cobit;
- colaborador nos processos de compra de novas tecnologias, sugerindo equipamentos e sistemas;
- implementação de procedimentos para administração do ambiente, desenvolvimento e gerenciamento de serviços e produtos;
- gerenciamento de equipes multidisciplinares, desenvolvimento e homologação de novos parceiros e produtos;
- desenvolvimento e garantia do plano de contingência;
- realização de poc de novas tecnologias e ferramentas
- gerenciamento de projetos, desenvolvendo fornecedores e equipes para implantação;
- implementação de mentoria, com objetivo de difundir conhecimento entre os colaboradores e parceiros, motivação das equipes;
- habilidades em iso 17799/27001, cofre e custódia de senhas, microsoft windows, patching wsus, checkpoint firewall, sql
server, exchange server, iis, protocolos de rede, certificados digitais, normas de segurança, monitoração de ambientes críticos.
março 2023
igaras papéis e embalagens s.a. de mar/98 a mai/99
fábrica de papéis e embalagens;
analista de suporte e segurança
- colaborador na implantação do sap r/3 (equipe basis) - asap.
- coordenação e administração de segurança da rede corporativa (nt e novell) em 10 sites remotos.
- responsável pela manutenção da rede intranet e integração das redes.
- responsável pela criação e manutenção do backup corporativo e integridade dos sistemas.
- colaborador na implantação da rede wan mantida pela comsat brasil.
- colaborador na manutenção e execução das normas iso.
- participação na indicação e compra de equipamentos e serviços na adequação y2k.
starwinfor distribuidora de jul /96 a jan/98
distribuidora de hardware, partes e peças;
gerente operacional
- coordenador da linha de produção de microcomputadores pc e servidores de rede.
- administração de redes novell e windows nt, manutenção da rede interna e internet.
- responsável pela indicação de partes e peças integráveis para os produtos da empresa.
- responsável pelo suporte técnico interno e contato técnico junto aos clientes da empresa.
- responsável pela criação do laboratório de testes e da linha de produção de máquinas montadas e certificadas.
- participação em feiras e eventos de telecomunicações e informática.
grupo abril de nov/95 a jul/96 grupo empresarial de comunicações;
black box do brasil de set/94 a nov/95 distribuidora de produtos de informática;
elebra informática ltda de ago/89 a fev/94 fabricante de periféricos de informática;
projetores cibié do brasil s.a. de ago/88 a jan/89 fabricante de auto peças;
hora instrumentos s.a. de set/86 a abr/88 fabricante de auto peças;
abc abril listas telefônicas s.a. – listel de jan/86 a ago/86 editoração de listas telefônicas;
unidata aplicação em computadores – fmu de mai/84 a jan/86 empresa do grupo fmu;
laredo s.a. indústria e comércio de mar/82 a jan/83 fabricante de equipamentos para lavoura;
proconsult ltda de fev/79 a fev/81 bureau de serviços de informática.
cursos e certificados
• e|he ethical hacking essentials acadi-ti
• lei brasileira de proteção de dados pessoais lgpd – enap, bradesco, certiprof, daryus exin,
sebrae, senai, tiexames exin, anppd, sest-senat, data ux
• privacy & data protection essentials – idesp, antebellum
• excel básico, intermediário e avançado – fundação bradesco
• formação de líderes digitais – faculdade fia de administração e negócios
• instrumentos de renda variável, renda fixa e derivativos – 2020 – anbima
• certificação pqo-b3 – back office - ancord
• six sigma yellow belt – 6sigma
• scrum fundamentals certified – scrum study
• modalidades, tipos e fases da licitação – instituto legislativo brasileiro, senado federal
• excelência no atendimento - instituto legislativo brasileiro, senado federal
• excel 2007- módulo ii – impacta
• mcso – módulo, firewall – check point ngx / firewall – check point ng
• check point ng atualização
• check point next generation – enterprise
• check point 2000 – enterprise - hitech do brasil
• check point 2000 - administration e advanced
• check point 4.1 - administration e advanced
• visual age for java
• curso de linguagem java
• formação sap em r/3 r4 administration, core e abap/4
• formação microsoft system engineer em windows nt
• novell 4.1 implantação e administração
• técnica de administração de vendas – abev
",nao informado,sao paulo,sao paulo,nao informado
42165,GRC,2023-03-16 15:17:57,Luna Correia,2023-03-16 15:17:57,Dra. Maria Julia Leão,:,,nao informado,nao informado,nao informado,,,,,nao informado,nao informado,nao informado,nao informado,"brasileira, casada, 32 anos de idade.
são paulo/sp, vila sofia (santo amaro).
objetivo
analista de segurança da informação, analista de ti/suporte técnico.
experiência profissional
• 8/2021 até hoje – 3mcyber (pj)
principais atividades: elaboração de relatório de incidentes, poc, pós venda e mss
com foco nas ferramentas darktrace, threat simulaitor (scan de vulnerabilidade) e palo
alto (cortex xdr), monitoramento de rede, siem, apresentação de report
semanal/mensal para clientes, elaboração das políticas de atendimento/chamado
usando o jira service management (visando sla, drp, configuração de permissão do
projeto e seus envolidos e integração com ferramentas para atendimento 24/7 ou 8/5),
conhecimento em ferramentas para ngfw, waf, edr, iam, dhcp, dns. conhecimento
em linux, windows 10 e 11 aplicando boas práticas de segurança visando nist
framework e lgpd.
• 10/2021 até 8/2022 – hrtech.
principais atividades: analise de relatos e bugs do cliente referente ao sistema,
auxilio da utilização dos módulos fiscal (entrada de notas), dre, fluxo de caixa,
financeiro, tesouraria no qual leciono treinamentos. visita aos clientes para
implantação do sistema ajustando os pdv, skytef/sytef, cartões, cnab,
recebimentos, certificados de licença para emissão de notas, importação de xml via
cloud (imap,pop,smp), e atualização dos módulos após liberação do
desenvolvimento usando api para integração com outros softwere (zanthus, arius,
cobrarbem, pagar.me e vizzo), analise de redes visando a lgpd
(confidencialidade, integridade e disponibilidade), varredura de acesso de redes e
documentação de acesso de usuarios junto com treinamento de boas praticas de
uso de dados como: navegação segura pela web, privacidade de dados, gestão de
senhas, sistema byod, boas praticas contra o phishing.
• 01/2019 até 09/2021 – niagara ind e com de valvulas ltda.
principais atividades: cobrança de clientes, elaboração de propostas de acordos
financeiros e planilhas, contato com compradores e fornecedores, alíquotas de
icms, registro contábil no sistema totvs 12.7, parâmetros e importação de
pagamentos via cnab, carta de anuência, apuração de impostos em notas de
serviço como csll, pis, cofins, irrf e iss, elaboração de dirf anual,
responsável por todo o setor de contas a receber da empresa.
• 11/2016 até 06/12/218– elastobor
principais atividades: elaborar e alimentar planilhas, conciliação bancária, contas
a receber e a pagar, elaboração de contratos, envio de malotes contabilidade,
arquivo, separação de notas de fornecedores para controle de previsão de
pagamento, cobrança de títulos em aberto,protestos, cartório, carta de anuência,
acompanhamento de títulos protestados, conhecimento do sistema totvs na rotina
financeiro, integração pedidos e-commerce com vtex, repasse de marketplace
como walmart e mercado livre, analise de faturamento e projeção de
vendas/recebimento, fluxo de caixa e arquivo bancários cnab e conciliação
usandosistema tef/sitef gw e protheus.
• 10/2012 até 07/2016– presença soluções de crédito
principais atividades: elaborar e alimentar planilhas, fazer monitoramento dos
atendimento, elaboração de contratos, envio de malotes aos respectivos bancos,
cotação de motoboy, analise de rotas, analise de fraude, logística, contratação de
fornecedores de serviços, analise de contratos, recepcionar visitante e verificação
de veracidade usando ferramentas como brsafe e intouch de qualquer
documentação do cliente.
• 05/2011 à 08/2012 – dv assessoria
principais atividades: admissão, demissão, homologação, atuar como preposto
para as empresas, responsável pela manutenção e compra dos materiais de
escritório e copa, recrutamento e seleção, triagem de currículos, convenções
sindicais, 13° salário, benefícios, férias, atendimento direto ao empresário e ao
funcionário, atualização da ctps, controle de ponto, conhecimento nos programas
de folha de pagamento como folhamatic, abertura e fechamento de empresas, esocial, conectividade social, sefip, inss, fgts, caged, pis, grrf, rais e
conhecimento em cálculos trabalhistas.
formação acadêmica
• graduação em administração de empresas - concluído em 12/2015 – fappes –
faculdade paulista de pesquisa e ensino superior.
certificações
cursos complementares
• tecnico em cibersegurança - caj – concluído em 10/2022– conhecimentos:
lgpd, conceitos basicos de linux (ubunto), engenharia social, malware,
ransomware, dos, ddos, gêmio mal, man-in-the-middle, backdoor, spoofing,
etapas de um ataque hacker, wireshark, nmap, fundamentos de firewall,
cibersegurança ofenciva e cibersegurança defensiva.
• excel avançado versão 2016 – concluido – udemy- 2020
• ec-council essentials acadi-ti – concluido – nde
• ec-council essentials acadi-ti – concluido - ehe
idiomas
• curso de japonês - intermediário – concluído em 2006 – gakoen kaikan
• curso de inglês – intermediário – concluído em 2014 – professor particula
",nao informado,sao paulo,sao paulo,nao informado
42166,GRC,2023-03-16 15:18:51,Luna Correia,2023-03-16 15:18:51,Dr. Bryan da Rosa,:,,nao informado,nao informado,nao informado,,,,,nao informado,nao informado,nao informado,nao informado,"paloma caroline da silva
candido
analista de grc
zona leste
são paulo, sp
experiência profissional
service it, são paulo - analista de segurança da informação jr
fevereiro de 2022 - setembro de 2022
● analista de segurança da informação (blue team/soc) realizando
monitoramento de alertas de segurança na ferramenta logrythm, xdr
trend micro e atividades de threat intelligence na ferramenta axur
intel.
pwc, são paulo - forensics associate
julho de 2019 - outubro de 2021
● atuação em projetos na área de cyber security em atividades de
respostas a incidentes através da ferramenta rsa archer.
● consultora de ti na área de tecnologia forense e e-discovery na
empresa pwc, atuando em projetos de investigação interna e externa,
e compliance, além de realizar coleta e processamento de dados,
utilizando as ferramentas mais atuais do mercado, como: relativity,
encase, guymager (linux kali), tableau tx1 e falcon forensic.
educação
pontifícia universidade católica, são paulo - pós-graduação
agosto de 2022 - dezembro de 2022
● direito digital e proteção de dados
instituto daryus, são paulo - pós-graduação
outubro de 2020 - outubro de 2021
● perícia forense digital
fiap, são paulo - graduação
janeiro de 2017 - dezembro de 2018
● gestão de tecnologia da informação
etec - professor adhemar batista heméritas, são paulo - curso
técnico integrado ao ensino médio
janeiro de 2014 - dezembro de 2016
● informática.
idiomas
● inglês avançado.
● espanhol básico.
projetos acadêmicos
• challenge blockchain contest 2018 - fiap proposta: aprender sobre o
funcionamento do blockchain e na fase final estabelecer uma situação em que
uma moeda virtual sirva como moeda de troca. objetivo: obter maior
pontuação de acordo com as atividades aplicadas durante cada fase do
projeto. resultados: equipe finalista, 2º lugar na colocação.
• startup 2018 - fiap proposta: criar uma startup através dos conhecimentos
aplicados durante o curso. objetivo: criar uma solução inovadora e chegar até
a fase final. resultados: criação de um chatbot intuitivo que tira dúvida dos
alunos, economizando o tempo dos professores
",nao informado,sao paulo,sao paulo,nao informado
42188,GRC,2023-03-20 14:47:38,Luna Correia,2023-03-20 14:47:38,Sra. Sabrina Freitas,:,,nao informado,nao informado,nao informado,,,,,nao informado,nao informado,nao informado,nao informado,"analista de segurança da informação
são paulo - sp
objetivo
analista de segurança da informação/grc e gestão de acesso
resumo
vivência e experiência na área de grc, executando controles sox, criando documentos e
procedimentos chaves para o time.
também tenho vivência e experiência em gestão de acessos, cuidando do ciclo de vida dos
acessos dos colaboradores da empresa, onde atuei por 5 anos nesta frente.
conhecimento em iso27001
experiências profissionais
analista de segurança da informação - algar tech - 11/2021 – atualmente
cliente: azul linhas aéreas
execução e revisão de controles sox (controles detectivos de revisões de acessos), análise
de demandas pontuais, coleta de evidências de auditoria, apoio na otimização de gestão de
acessos, apoio em melhoria continua de processos, criação de documentos e procedimentos
pontuais para o time de grc, defesas de auditoria, acompanhamento de criação de matriz
sod, treinamento de novos analistas entre outras atividades no time de grc / segurança da
informação.
analista de gestão de acessos - psm company – 01/2017 – 05/2021
cliente: united health group (amil)
experiência em gestão de acesso e identidade, cuidando do ciclo de vida dos acessos dos
colaboradores nos sistemas legados da companhia. testes integrados de implantação de novas
aplicações, políticas de segurança, auditoria, revisões de acessos, gestão de serviço no controle de
atendimentos e cumprimento de sla. auditoria no ciclo de vida dos acessos e manutenções de
perfis e treinamento de novos analistas.
formação acadêmica
segurança da informação
unip
início em: 02/2023
idiomas
português nativo
espanhol básico
cursos extras
 gestão de segurança da informação baseado na norma iso27001–
udemy
 iso27001: construindo políticas de segurança da informaçãoudemy
 gestão de riscos baseado na iso 31000:2018 – udemy
 gestão da qualidade, interpretação e aplicação iso 9001 – udemy
",nao informado,sao paulo,sao paulo,nao informado
42311,Cobol,2023-03-24 16:05:12,Emanuella Campos,2023-03-24 16:05:12,Maria Alice Machado,:,,nao informado,nao informado,nao informado,,,,,nao informado,nao informado,nao informado,nao informado,,nao informado,brasilia,distrito federal,nao informado
42313,analista/desenvolvedor,2023-03-24 16:47:07,pelo próprio candidato,2023-03-24 16:47:07,Dr. Francisco Teixeira,Indeed:,1964-09-07,masculino,casado,nao,TI - Desenvolvimento/Programação,,,,Ensino Superior Completo,Intermediário,Básico,nao informado,"
formação

instituto de ensino “barão do rio branco” – técnico contábil
colegial técnico “eniac” – técnico em processamento de dados
imes (instituto municipal de ensino superior) – ciências da computação

cursos extra-curriculares

isql, sql windows, cics, informix/4gl/genero, access, ingress, crystal report, análise essencial, modelagem de dados, erwin, rup, uml, oo/uml, java, html, jsp, eclipse, netbeans, pl/sql, mysql, git, dbeaver, ireport, jira, azure devops

certificações

tso, jcl, cobol, db2, vsam, cics

experiências profissionais
qwa serviços de ti ltda – 01/09/2022 a 22/03/2023
av. ordem e progresso 157 – conjunto 412 – barra funda – sp
assurant seguradora – 07/12/2021 a 29/07/2022
alameda rio negro 245 – alphaville – sp
atribuições: levantamento e especificação de requisitos, regras e processos do negócio conhecimento em metodologia ágeis, realizar levantamento e especificação de requisitos, regras e processos de negócios e encaminhar aos desenvolvedores tanto do time nacional como do time internacional, experiencia técnica em compreender estruturas de dados, scripts , bons conhecimentos em azure devops participação em dailys diarias , analisar o desempenho, testar e acompanhar a evolução dos sistemas implantados, solucionar problemas técnicos, prestar suporte aos usuários e elaborar manuais, utilização das ferramenta pl/sql, mysql para extração de dados para criação de relatórios e dashboards personalizados em power bi

dasa – diagnosticos da america – 01/10/2007 a 07/12/2021
atribuições: desenvolvimento/manutenção de sistema de analises clinicas de atendimento de pacientes desde o início do atendimento até a entrega dos resultados, utilizando as plataformas informix/4gl, levantamento e especificação de regras e processos do negócio em metodologia ágeis , testar e acompanhar a evolução do sistema implantado, atuando desde o ano de 2018 na plataforma java utilizando as ide eclipse,netbeans,sts(spring tool suite), metodologia agil, banco de dados oracle , utilização do git para controle de versão, conhecimento nos banco de dados mysql, oracle, sqlserver e pl/sql para extração de dados e geração de relatórios, prestação de suporte ao usuário final como também a elaboração de manuais sistêmicos
c.b.a – companhia brasileira de aluminio – 09/01/2004 a 24/09/2007
atribuições : desenvolvimento/manutenção de sistema em informix/4gl, nos sistemas de p.c.p. e realizado a integração do sistema informix/4gl com o sistema sap/r3
ogeda consultoria – 22/04/03 à 01/12/03
av. paulista 1009, 2o andar
atribuições: desenvolvimento/manutenção em informix/4gl, nos sistemas de
comissões, contas a pagar/receber, cobrança, realização de orçamento de projeto, realização do diagrama de visão, use-case

unimed de são paulo coperativa de trabalhos médicos – de 24/08/01 à 20/02/03
atribuições: desenvolvimento/manutenção em informix/4gl, nos sistemas de
faturamento

zogbi-promovel – de 27/09/99 à 23/08/01
av. brig. faria lima – são paulo
atribuições: projeto e desenvolvimento/manutenção em informix/4gl

porto seguro – de 23/09/98 à 27/09/99
av. rio branco, 260 – barra funda – são paulo/s.p.
atribuições: projeto e desenvolvimento em informix/4gl do sistema de comissões de corretores, contas a pagar/receber, contabilidade e apoio ao usuário.





unimed de são paulo coperativa de trabalhos médicos – de 03/07/96 à 19/08/98
atribuições: projeto e desenv. em informix/4gl, implantação do sistema de cartão magnético, implantação do sistema interquadram, customização de vários relatórios de contas a pagar/receber relatórios gerenciais e financeiros desenvolvimento de programas de remessa eletrônica de cobrança e pagamento escritural de vários bancos como também apoio ao usuário

neo data – de 06/11/95 à 02/07/96
atribuições: desenv. e manutenção em programas na linguagem informix/4gl.

casa leal cosméticos ltda. – de 07/12/92 à 10/10/95
av. presidente castelo branco, 1795 – são paulo/s.p.
atribuições: projeto e desenv. de sistemas em cobol db2/vsam, cobol cics, jcl, tso e informix/4gl.

negrini indústria elétrica ltda. – de 01/06/90 à 23/03/92
estrada de pouso alegre, 22 – ribeirão pires/ s.p.
atribuições: desenvolvimento e manutenção em sistemas em cobol db2/vsam, cobol cics(online), jcl, tso

transporte e braçagem piratininga ltda. – de 21/10/87 à 01/06/90
av. cons. antonio prado, 340 – são caetano do sul/s.p.
atribuições: desenvolvimento e manutenção em programas cobol utilizando banco de dados db2/vsam, jcl, tso, cobol cics (online)

pretensão salarial : a/c
",ciencia da computacao,sorocaba,sao paulo,indeed
42316,Cobol,2023-03-27 08:59:30,Luna Correia,2023-03-27 08:59:30,Dra. Liz Pereira,:,,nao informado,nao informado,nao informado,,,,,nao informado,nao informado,nao informado,nao informado,"brasileiro, 62 anos, casado
• av. zumkeller,933 bloco b apto. 102 – parque mandaqui – sp
t.i. – analista de sistemas/analista de testes/desenvolvedor
qualificações
• profissional com mais de 43 anos de experiência em informática, prestando
serviços a empresas de grande porte e instituições financeiras, como:
bankboston, unibanco, banco itaú-unibanco, bradesco, banco
nacional, banco bandeirante, banco santander, nossa caixa
nosso banco, casas pernambucanas, viavarejo, vigor.
• sólidos conhecimentos em cobol, cics, db2, vsam, easytrieve, jcl, tso,
ims-dc, visual age changeman, análise estruturada, exercendo atividades
de desenvolvimento, manutenções, levantamento de dados, modelagem de
dados, definição de cronogramas, elaboração de especificações, testes
integrados, implantação e treinamentos.
• experiência em testes funcionais e análise de requisitos junto ao usuário com
aplicação de metodologia de testes. (modelagem e elaboração de casos de
testes/ciclos de testes)
• treinamento agilidade – brq
• treinamento aws – brq / aws
iniciante
• graduado em administração de empresas - faculdade santana e são paulo.
experiência profissional
itaú/unibanco
fev2021 a fev/2023
analista de sistemas sênior - (através da consultora brq)
ag8 – centralizador de bases clientes legados
ax2 – parametrização e configuração mdm de clientes
cy7 – gestão das origens de clientes
zb – cadastro integrado de clientes – movimentação de contas
tratamento dos tombamentos dos cadastros de clientes para o eq3 (modernizado),
sincronismo das bases, dos eventos de dados de clientes, contato eletrônico, contato
efetuando construções e manutenções no ambiente online, principalmente na interface junto à
sigla eq3 (modernizado) e tratamento batch.
inclusive o tratamento cadastral dos grupos de siglas,
grupo 1 – cc (conta corrente)
grupo 2 – f5 (sacados)
l7 (arrendatário)
grupo 3 – in (previdência)
l2 (títulos)
l5 (repasses)
grupo 4 – c4 (cambio)
gg (controle de garantias)
od (custodia credito imobiliário)
tratamento de soluções dos incidentes em relação às bases de clientes, efetuando
levantamento e tratativas para solucionar os problemas relacionados pelos clientes.
com atuação em conformidade com a squad a solicitações pela equipe.
jun2020 a fev/2021
sh e b0 – abre contas e cc – contas correntes -
preparação da seleção da base do b0 e sh com as informações de agenciais, utilizando a fila
do mq para transmissão para o fron-end
tratamento do produto deezer, no sistema sh, efetuamos alteração para trafegar informação
do produto na oferta deste beneficio no abre contas.
tratamento do produto pix, no sistema sh, efetuamos alteração para trafegar informação do
produto na oferta deste beneficio no abre contas.
tratamento dos segmentos inicia da analise nos programas do sistema cc para
tratamento dos segmentos person e uniclas para a principio no caminho conta
online no cockpit.
com atuação em conformidade com a squad a solicitações pela equipe.
itaú/unibanco
dez/2019 a mar/2020
analista de sistemas pleno - (através da consultora rsi)
b4 – captação/carteiras - controle de operações, atuando em conformidade a atender
à ausência de um ambiente integrado no desenvolvimento para todos os produtos,
desenvolvimento e tratamento das massas de dados para os teste primeira pista de
testes integrado para o banco itaú (novo sistema de financiamento – pista ts8),
atuando com malha batch (control-m), aumentando em 80% a automatização
dos testes, utilizando a ferramenta jira, entre outros.
itaú/unibanco
set/2019 a dez/2019
analista de sistemas sênior - software test engineer (através da consultora inmetrics)
f5 e g6 – zero erro empréstimos - controle de operações de empréstimos, atuando
em conformidade a atender à ausência de um ambiente integrado no
desenvolvimento para todos os produtos, desenvolvi e implantei um projeto da
primeira pista de testes integrado para o banco itaú (novo sistema de
financiamento – pista ts8/tt7), atuando com malha batch (control-m),
aumentando em 80% a automatização dos testes, utilizando a ferramenta jira,
entre outros.
via-varejo
mar /2017 – out/2017
analista de sistemas sênior (através da consultora emphasys)
atividades desenvolvidas:
controle de emissão de o.s. - analise e elaboração de manutenções e ajustes para tratamento
da reabertura de o.s. via sat e pcon, com manutenção e criação de módulos e agregando
processos para este novo tratamento das o.s.
bradesco
jul/2015 – set/2015
analista de sistemas sênior (através da consultora gft)
atividades desenvolvidas:
antecipação de recebíveis - analise e elaboração de telas no cics, fluxo de navegação das
transações pertinentes as antecipações de recebíveis
itaú/unibanco
jul2012 a fev/2014
analista de sistemas sênior (através da consultora bsi)
atividades desenvolvidas:
sistema “x0” - controle das operações via o sistema contas correntes:
- confecção da documentação do produto grbe.
- manutenção nos módulos do sistema para adequá-lo as necessidades dos produtos do
banco.
bradesco
fev/2012 – jun/2012
analista de sistemas sênior (através da consultora bsi)
atividades desenvolvidas:
projeto femp/empf - manutenções e confecção de planilhas de controles dos de/para das
tabelas db2 do legado com o sistema novo.
itaú/unibanco
jun2010 a jan/2012
analista de sistemas sênior (através da consultora bsi)
atividades desenvolvidas:
projeto de campanhas de correntistas - manutenções e confecções de processos tanto ao
segmento pf e pj, gerando novos gatilhos, warning’s aos clientes
projeto fluir - manutenções e confecção de módulos, com atuação em vários sistemas.
sistema “eg” - controle de acesso aos caixas eletrônicos e tesouraria:
- confecção da documentação do produto grbe, o qual se tornou modelo de
trabalho do banco e de fábrica para confecção e manutenção dos módulos.

conhecimento e ferramentas técnicas/linguagens
file-aid (vsam) / tso / cobol / cics / db2 / jcl / visual age / endevor /
easytrieve / cobol / cics / db2 / vsam / jcl / ims / mvs / cms / xpediter /
control-m / file manager (db2) / serena changeman / utilitários
ibm/jira/test link.
formação acadêmica
graduação em administração de empresas - faculdade santana e são paulo 1986.
cursos de extensão profissional
• linguagem cobol a.n.s, lógica estruturada, sistemas operacionais dos/vs,
• análise de sistemas avançados– spci
• programação visual age generator - rellegusti
• ibm - cic/vs codificação command level
• data model designer – banco bandeirantes
• fundamentos em gestão de projetos – emmenel consulting
• easytrieve plus – pansophic
• jcl/mvs – vigor
• ads/online – tecom sistemas
• db2 / sql / csp - stefanini
• file-aid for db2 – compuware corporation
• introdução a aws – brq
• topaz workbanch – brq/itaú
idiomas
inglês - nível iniciante de compreensão e leitura técnica
",nao informado,sao paulo,sao paulo,nao informado
42317,Cobol,2023-03-27 09:06:07,Luna Correia,2023-03-27 09:06:07,Srta. Maya Cassiano,:,,nao informado,nao informado,nao informado,,,,,nao informado,nao informado,nao informado,nao informado,"
adneycn@hotmail.com
brasileiro - casado
objetivo: analista de sistemas

formação:

graduado em engenharia elétrica - universidade veiga de almeida - rio de janeiro - rj - agosto/2001


experiência profissional:

longa vivência em ti, com ênfase em ambientes mainframe ibm.

atuação em diversas áreas de negócios, como seguros, capitalização, contabilidade, folha de pagamentos, bancária, telecomunicações, financeira, construção, indústrias e software houses;
em atividades de análise de sistemas, programação, manutenção, modelagem de dados, monitoração de processos, solução de abends, elaboração de jobs e procs, liderança de equipes, otimização de queries db2.

longa experiência em programação cobol (>20 anos), acessando bases de dados vsam, hierárquicas (dl/i) e relacionais (db2), cics commarea/container, mapas bms, natural/adabas, por mais de 6 anos, pl/i (3 anos) e rexx (1 ano) acessando db2. interação micro-mainframe via mq series, da ibm, entre servidores unix remotos e mainframe.

elaboração de testes utilizando ferramenta kdz, entre outras.


tecnologias

s.o. windows, z/os, mq series, mvs, vm, vse, roscoe, tso, com-plete, cms.

linguagens cobol, jcl, rexx, pl/i, natural, cics (transações cics e aplicações online),
bms, csp, sql, cobol microfocus, fortran.

bases de dados db2, vsam (ksds, esds, etc), adabas, dl/i.

ferramentas rdz (kdz), jira, scrum, kanban, requisite pro, control-m, quality center, clearquest,
endevor, intertest, chgman, sclm, ftp, visio, word, excel, project, powerpoint,
erwin, dbeaver, qmf, spufi.

idiomas


inglês (avançado), francês (avançado), espanhol (básico).



experiência profissional - detalhes:

analista de desenvolvimento de sistemas
minsait brasil ltda – grupo indra company (clt – home office) – cliente banco do brasil
mai/2022 a set/2022
ambiente vse, z/os, jcl, cobol, cics, db2, vsam, ferramentas kdz, dbeaver, scrag, genti, qteste

elaboracao de testes de programas cobol/db2/cics container-commarea atraves de ferramentas kdz (rdz), dbeaver, documentados por ferramentas genti e qteste.
acompanhamento diário de atividades através de reuniões utilizando metodologia ágil.

analista de desenvolvimento de sistemas
brq digital solutions (clt – home office) – cliente volvo do brasil
out/2021 a mai/2022
ambiente vse, z/os(em implantação), jcl, cobol, cics, db2, vsam.

codificação de programas cobol/cics container-commarea. elaboração e execução de testes e documentação de evidências. gerenciamento diário de atividades, com utilização de metodologia ágil
(scrum, kanban).

analista de suporte técnico
spassu tecnologia – cliente petrobrás – rj
set/2018 a jul/2019
ambiente z/os, jcl, roscoe, tso, db2, qmf for workstation.

responsável pelo suporte técnico no tratamento de dados de smf para fechamento estatístico e contábil
da petrobrás e tratamento dessas informações para alimentar diversos sistemas administrativos.
interação com analistas do control-m quando de mudanças necessárias na programação de jobs em produção ou para solução de eventuais problemas.. analise e solução de abends.

técnico de suporte sr
algartech– cliente microsoft – projeto rio2016-olimpíadas – rj
jul/2016 a set/2016
ambiente windows – plataforma sharepoint - itsm

suporte a usuários do portal colaboração e do skype for business:
colaboração é um portal criado para que usuários envolvidos nas olimpíadas rio2016 pudessem
compartilhar documentos como textos, imagens, vídeos, relativos ao evento olímpico, nos ambientes de comunidades em que estivessem cadastrados, dentro do portal colaboração. através da ferramenta itsm era feita a monitoração de fila de incidentes reportados pelos usuários do skype for business e do portal colaboração e documentados os procedimentos adotados para a solução.

analista desenvolvedor
systemplan consultoria – cliente ibm do brasil – rj
fev/2015 a nov/2015
ambiente z/os, jcl, sclm, vsam, tso, ftp, linux, unix, db2, rexx, mq series, tsrm, qmf for workstation, spufi.

projeto efactory (trabalhando na modalidade “home office”):
efactory é um sistema que recebe solicitações on line (chamadas ordens) e fornece produtos e serviços para clientes ibm (aquisição/upgrade de softwares, serviços), onde todos os passos são realizados eletronicamente, desde a solicitação até a conclusão, incluindo a configuração do ambiente (criação de página internet para o cliente fazer os procedimentos para obtenção do software), escolha de servidores, para que o cliente possa realizar o download dos itens componentes da sua solicitação (programas, manuais, etc).
a maior parte dos programas utiliza a linguagem rexx acessando tabelas db2, existindo também
módulos em perl e java. os diversos módulos do sistema têm sua intercomunicação feita através do sistema mq series, onde mensagens são colocadas para inicializar módulos, controlar execução e verificar integridade do processo, que pode ser executado em plataforma alta ou ainda envolvendo outras plataformas, como servidores unix remotos.
minha atividade consistiu em manutenção de programas rexx-db2 e scripts em perl, além de investigação e solução de ‘abends’ em ordens nos ambientes de produção e teste; documentação de sistemas (códigos e base de dados com histórico de resolução de erros); acesso a servidores unix remotos, para recuperação ou atualização de informações; monitoração de filas mq para verificar situações normais ou anormais de operação.

analista de sistemas
stefanini consultoria – cliente ibm do brasil – hortolândia/sp
ago/2009 a abr/2012
ambiente z/os, jcl, tso, vsam, cobol, cobol ii, db2, control m, ms visio, excel, sql server, requisite pro, quality center, clearquest

at&t project (eua) - equipe fm (feature management) jun/2011 a abr/2012:
trabalhando em projetos de negócios com levantamento de requisitos e população de tabelas, para implantação de novos produtos ou melhoramentos nos atualmente em produção. manutenção em programas cobol/db2. análise de manutenções propostas em tabelas via queries de validação.
at&t project (eua) - equipe pi (product implementation) dez/2009 a jun/2011:
manutenção em informações de tabelas de produção, conforme solicitação de usuários através de lcrs (life cycle requests). solicitações de periodicidade semanal, provenientes de correções necessárias devido implementação de novos produtos, novas ofertas, agrupamento de pacotes de produtos, mudanças em planos de tarifas, descontos e compromissos, mensagens a serem impressas em faturas, criação de novos componentes relacionados a produtos e serviços, etc. manutenção em programas cobol/db2. análise de manutenções propostas em tabelas via queries de validação.
medco health solutions project (eua) ago/2009 a dez/2009
ambiente z/os, mq series, jcl, tso, db2, cics, bms, cobol ii, endevor, intertest, ms visio
manutenção em programas on-line cobol/cics/db2 (versionados e não-versionados), rotinas e books de arquivos. participação em reuniões com equipes do sistema de brasil e de eua, para acompanhamento das atividades e para revisões de modificações de códigos efetuadas e de testes realizados (testes pré e pós alterações, evidências documentadas e salvas, de acordo com metodologia - modelo cmi).

consultor
dba engenharia de sistemas ltda – cliente embratel – rj
fev/2009 a abr/2009
ambiente mvs, jcl, vsam, tso, sclm, adabas, natural, cobol/cobol ii.

codificação e testes de programas em natural/adabas e cobol 2, no projeto descontos especiais de tarifação.

analista programador sr
stefanini consultoria - cliente ibm do brasil – hortolândia/sp
out/2008 a nov/2008
ambiente z/os, jcl, vsam, tso, jes, cobol/cobol ii, db2, control-m, ms visio.

at&t project (eua)

analista de sistemas sr
dba engenharia de sistemas ltda – cliente embratel – rj
abr/2008 a set/2008
ambiente mvs, jcl, vsam, tso, sclm, adabas, natural, cobol/cobol ii.

elaboração de especificação técnica, definição, codificação e testes de programas natural/adabas e cobol, no projeto portabilidade numérica de terminais (sistemas rin/tco).

analista de sistemas sr
lint (londrina information technologies)/satyam – cliente first data resources (eua)
nov/2007 a mar/2008
ambiente mvs, jcl, vsam, tso, cobol, cics, db2, qmf.
treinamento em sistemas de cartões de crédito e softwares de apoio, com instrutores brasileiros e indianos (em inglês), objetivando trazer operação de sistema legado, da fdr, para o brasil.

analista de sistemas sr
stefanini consultoria – cliente embratel – rj
set/2007 a out/2007
ambiente mvs, jcl, vsam, tso, sclm, adabas, natural, cobol, cobol ii.
documentação jobs/procs, conversão programas natural/adabas para cobol/adabas c/ comandos básicos adabas, visando melhoria de performance.

analista de sistemas sr
stefanini consultoria – cliente bradesco seguros – rj
mai/2006 a set/2007
ambiente mvs, jcl, vsam, chgman, cobol, cics, db2, qmf, erwin.

responsável pelo sistema de capitalização.
manutenções no sistema, melhoria em performance de programas, criação e otimização de queries e
indices db2. implantação de novos produtos de capitalização (análise, definição de programas, rotinas de testes). manutenções no modelo de dados utilizando ferramenta erwin. manutenções em programas cobol do sistema de vida. definição de programas para fábrica de software da stefanini. solução de abends.

analista de sistemas sr
stefanini consultoria – cliente embratel – rj
out/2005 a abr/2006
ambiente mvs, jcl, vsam, tso, sclm, adabas, natural, cobol, cobol ii.

construção e manutenção de jobs, procs e programas do sistema cce (integração entre contas da embratel e empresas de telecomunicação estrangeiras). formulação e execução de planos de testes.

analista de desenvolvimento de sistemas ii
eds – electronic data systems do brasil – rj
jun/2002 a jun/2004
ambiente cobol, assembler, rexx, cics, vsam, jcl, clists, tso, endevor, control m, jes.

wellmark claims - health care project (eua)
manutenções (cobol e assembler), levantamentos, testes e também ""production support"", nos sistemas: payment resolution, eligibility, claims edits, tables maintenance, e flexible data entry (fde), electronic edit correct (eec), national regular business system (nrbs). evidências de testes antes e após correções, salvas em diretório, seguindo procedimentos conforme metodologia da empresa.
general motors (usa) – sistemas automotivos
construção e manutenção de jobs e procs, monitoramento de execução de jobs. treinamento e utilização de metodologia cmm nível 4. utilização do idioma inglês, falado e escrito em contatos diários com usuários (usa, india, etc).

analista de sistemas sr
peopleware tecnologia – cliente citibank s/a – rj
mar/2002 a jun/2002
ambiente mvs, natural/adabas, predict, jcl, vsam.

codificação e testes de programas natural/adabas do sistema recheque-serasa.

analista de sistemas sr
universidade do estado do rio de janeiro – cliente bndes
abr/2000 a mar/2002
ambiente cobol, vsam, natural 2/3, adabas, predict, com-plete, jcl.

construção, levantamentos, manutenções e testes em programas natural 2/3 e cobol, nos sistemas ifo (integração dos sistemas operacionais e sistema financeiro), ctb (contabilidade), scc (sistema de controle de contratos), ift (sistema de informações trimestrais p/ bacen), col (sistema de coleta de dados)

analista de sistemas sr
peopleware tecnologia – cliente fininvest s/a – rj
jan/2000 a abr/2000
ambiente cobol, csp, vsam, jcl, ims, roscoe

manutenções e testes em programas csp e cobol do sistema de faturamento.

analista de sistemas sr
peopleware tecnologia – cliente losango promotora de vendas s/a – rj
out/1999 a dez/1999
ambiente cobol, csp, jcl, vsam, roscoe.

construção e testes de programas csp e cobol do sistema de recebimentos

analista de sistemas sr
peopleware tecnologia – cliente citibank s/a – rj
abr/1999 a out/1999
ambiente mvs, natural/adabas, predict, roscoe, jcl, vsam.

construção e manutenção de programas dos sistemas: interfaces contábeis, payment facilities, safety box, consulta integrada.

analista de sistemas sr
procwork serviços informática – cliente banco boavista s/a – rj
dez/1998 a fev/1999
ambiente mvs, roscoe, natural/adabas, cobol, cics nt, cics ibm, jcl, vsam.

construção e testes de programas do sistema cadastro geral de eventos.

analista de sistemas sr
telerj – telecomunicações do rio de janeiro s/a (concursado 1996 ) – rj
fev/1997 a nov/1998
ambiente cobol, vsam, mvs, roscoe, jcl


analista de sistemas sr
jfk consultoria – cliente gsi-ibm do brasil/cisper – rj
out/1996 a jan/1997
ambiente cobol, cics, vsam, mvs, roscoe, jcl.

manutenção e desenvolvimento de programas batch e on-line, em sistemas de vendas, faturamento, materiais.

analista de sistemas sr
seac consultoria – cliente sul américa seguros – rj
nov/1995 a set/1996
ambiente dos-vse, cms, cobol, cics, vsam, db2, qmf. cobol e dialog microfocus.


analista de sistemas sr
concrebrás s/a – são paulo/sp
ago/1990 a jun/1994
ambiente dos-vse, iccf, cms, cobol, cics, bms, vsam

lider de equipe responsável por sistemas de folha de pagamento, mala direta, textos jurídicos
(batch e on-line – cobol-cics). levantamentos e implantação de entrega de dados para fgts para a caixa econômica federal via meio magnético. manutenções e implementações nos sistemas anteriores.
transicionei toda base de dados do sistema de folha de pagamentos para a adp systems.

analista de sistemas sr em cia paulista de seguros (atual liberty seguros) – são paulo/sp
de ago/1989 a jun/1990
ambiente dos-vse, cms, cobol, cics, bms, vsam, db2, qmf, jcl.
►manutenções nos sistemas de cobrança e reserva técnica. elaboração de relatórios através de ferramenta qmf. implantação de cobrança escritural junto ao banco itaú.

programador até analista de sistemas sr
mai/1981 a ago/1989
ambiente control data
ambiente ibm: dos-vse, cms, cobol, dl/i, cics, bms, csp, vsam.

reformulação das rotinas de produção, e backup, elaboração de manuais de produção, treinamento de funcionários, em ambiente control data. desenvolvimento e manutenção de programas cobol em ambientes control data e micros (edisa-281/381).
conversão de programas cobol de ambiente control data para ambiente ibm.
atuei em sistemas de emissão, prêmios emitidos/cobrados, sinistros, cosseguros, automóveis.
customização, testes e implantação de sistema de folha de pagamento (on-line e batch), oriundo do
levantamentos com usuários de seguros e contabilidade para definição e implementação de novos interfaces contábeis.
lider em sistemas de folha de pagamento, interfaces contábeis de seguros, folha de pagamento,
contabilidade e reserva técnica.

analista programador
nanodata informática – campinas/sp
out/1980 a fev/1981
ambiente control data, sistema operacional nos, linguagens cobol e fortran.

responsável por bureau de serviços (representação da control data), liderando 2 analistas-programadores. treinamento de clientes em operação de terminais, utilitários, e em sistema de planejamento financeiro (ifps). suporte a cliente no sistema ifps.

trainee em analise até analista de aplicacao jr
control data do brasil computadores - rj
mai/1978 a set/1980
ambiente control data, sistemas operacionais scope e nos, cobol, fortran.
►suporte a clientes em sistema operacional, utilitários diversos, 'packages' de planejamento financeiro, folha de pagamento, engenharia elétrica, controle de projetos e aplicações gráficas.





cursos relevantes


brq (2021):
treinamento agilidade brq: compreender o mindset ágil, conhecer o framework scrum e o framework kanban.
trilha ágil para backoffice: conceitos sobre o ágil, scrum e kanban e reflexões de como pode funcionar dentro de um time de backoffice.
treinamento lean brq: conteúdos sobre os processos que mais utilizamos no dia a dia.

cics ts – miscelaneous commands, cics and db2, intercommunication, cemt and cics display
ibm-2015
db2 stored procedures ibm-2015
pl/i language ibm-2015
rexx programming language ibm-2015
perl language ibm-2015
java programming language ibm-2015
mq – basics concepts; introduction to messaging and websphere mq
ibm-2015
web designer senac-fatec - 2013
programação assembler (básico) eds
internet e conectividade uerj (universidade do estado do rio de janeiro)
visual basic 5 rtc
adabas/natural 2 fyt computer software
cics/esa codificação command level ibm – são paulo
análise orientada a objetos uniway coop prof informática
gestão de processos de negócios uniway coop prof informática
análise essencial uniway coop prof informática
modelagem de dados uniway coop prof informática
análise estruturada stefanini consultoria
sql cia paulista de seguros
dl/i ibm - são paulo
cics/vs ibm - são paulo
programação estruturada ibm - rj
pert-cpm aplicado a projetos fgv - rj
",nao informado,rio de janeiro,rio de janeiro,nao informado
42325,Desenvolvedor COBOL,2023-03-27 11:53:05,Elisa Barbosa,2023-03-27 11:53:05,Sr. Arthur Gabriel Aparecida,:,,nao informado,nao informado,nao informado,,,,,nao informado,nao informado,nao informado,nao informado,"analista de sistemas mainframe | especialista em engenharia de
software | cobol, db2, cics, vsam, tso
fortaleza, ceará, brasil
resumo
experiência em desenvolver e implantar sistemas em mainframe
ibm/zos, linguagem cobol, banco de dados db2, endevor, rdz
em ambientes cics e batch, atuando na tecnologia desde 1980.
capacidade de trabalho em equipe e liderança, experiência com
metodologia ágil scrum e requisitos de software. conhecimento
acadêmico de governança em ti e gerência de projetos. experiência
em implantar sistema erp-enterprise resource planning, treinar
usuários, parametrizar sistema e interação com o fornecedor para
relatar problemas ou sugestões de melhoria do sistema.
experiência
brq digital solutions
programador sr
maio de 2022 - fevereiro de 2023 (10 meses)
fortaleza, ceará, brasil
atividades realizadas: função de consultant na volvo it:
-melhorias pontuais no subsistema de faturamento na linguagem cobol em
ambiente ibm cics/mvs.
-participar de cerimônias do scrum ( sprint planning, daily scrum, sprint
review, sprint retrospective ) referente ao projeto de melhorias do subsistema
de faturamento.
banco do nordeste do brasil s.a
analista de sistema cobol
setembro de 1997 - março de 2021 (23 anos 7 meses)
fortaleza
terceirizado pelo banco do nordeste, atuando nas empresas: unisys, ivia,
totvs, engsoftware, dentre outras em mais de 20 anos.
atividades realizadas:
page 1 of 2
-manter e evoluir os sistemas de conta corrente, spb-sistema brasileiro de
pagamentos e crédito em ambiente mainframe ibm/zos-linguagem cobol
batch e cics.
-manter e realizar testes integrados font-end (windows) / back-end
(mainframe) do sistema de seguros em ambiente mainframe ibm/zoslinguagem cobol batch.
-atualizar e manter o modelo de dados, tabelas físicas relativas ao sistema de
seguros no gerenciados de banco de dados db2 em ambiente mainframe.
serviços
analista de sistemas
fevereiro de 1991 - fevereiro de 1997 (6 anos 1 mês)
fortaleza
empresas: armazém esplanada, cia.industrial ducoco, finobrasa
função: analista de sistemas.
atividades realizadas:
-treinar e parametrizar sistema de gestão integrada - erp, módulos de
contabilidade, fiscal, compras e estoques.
-implantar o sistema de pedidos e faturamento na linguagem de
programação cobol.
-liderar equipe de ti.
formação acadêmica
inefe - instituto de estudos e de formação especializada
pós-graduação lato sensu - especialização, alta plataforma mainframe
ibm · (fevereiro de 2023 - dezembro de 2023)
uni7 - centro universitário 7 de setembro
especialista, engenharia de software · (2018 - 2020)
faculdade aiec
análise e desenvolvimento de sistemas, tecnologia em tecnologia da
informação/sistemas da informação · (2014 - 2018)
",nao informado,fortaleza,ceara,nao informado
42326,Desenvolvedor COBOL,2023-03-27 11:56:10,Elisa Barbosa,2023-03-27 11:56:10,Dr. Luiz Fernando Marques,:,,nao informado,nao informado,nao informado,,,,,nao informado,nao informado,nao informado,nao informado,"alexsandro ferreira
pinheiro
analista desenvolvedor cobol na ci&t
jaguariúna, são paulo, brasil
experiência
ci&t
analista desenvolvedor cobol
março de 2017 - present (6 anos 1 mês)
campinas e região, brasil
desenvolvimento de programas cobol, ims e jcl para ambientes batch,
cics e ims, utilizando as ferramentas tso, changeman e base de dados
db2, arquivos sequencias e vsam.
ci&t
analista desenvolvedor cobol as400
junho de 2016 - janeiro de 2017 (8 meses)
campinas
análise de sistema, levantamento de requisitos e desenvolvimento de
programas cobol em sistema operacional as400.
stefanini it solutions
5 anos 7 meses
analista desenvolvedor mainframe
janeiro de 2015 - julho de 2016 (1 ano 7 meses)
jaguariúna
desenvolvimento de programas natural, bms, jcl e, cobol para
ambientes batch, cics e altair. utilizando as ferramentas microfocus,
mfe(mainframe exress), tso, endevor, roscoe e changeman,
utilizando em conjunto de uma base de dados db2, arquivos sequencias e
vsam.
desenvolvedor mainframe
janeiro de 2012 - dezembro de 2014 (3 anos)
jaguariúna
desenvolvimento, manutenção e teste integrados de projetos cobol batch/
on-line(cics), arquitetura altamira, jcl, banco de dados db2, arquivo
vsam e sequênciais. utilizando as seguintes ferramentas tso, endevor,
changeman e mfe (micro focus).
page 1 of 2
estagiário
janeiro de 2011 - janeiro de 2012 (1 ano 1 mês)
desenvolvimento, manutenção e testes integrados em programas cobol
cics(online) e batch.
prefeitura municipal de jaguariuna
estagiário
janeiro de 2010 - dezembro de 2010 (1 ano)
jaguariúna
formação acadêmica
faculdade de jaguariúna
faj, ciência da computação · (2009 - 2012)
",nao informado,jaguariuna,sao paulo,nao informado
42327,Mainframe Cobol Analyst / DevOps,2023-03-27 12:35:00,pelo próprio candidato,2023-03-27 12:35:00,Sr. Thiago Peixoto,Site de Empregos: indeed,1985-06-17,masculino,divorciado,nao,TI - Desenvolvimento/Programação,,,,Ensino Superior Completo,Básico,Nenhum,nao informado,"brasileiro, 37 anos.
lago norte - brasília – df



resumo do currículo

possui conhecimento em diversas linguagens de programação, como cobol , delphi, java e
javascript. possui experiência em desenvolvimento cobol e jcl.possui graduação em sistemas de
informação. inglês intermediário. coordenou diversas equipes de sistemas e de infra-estrutura.
experiência como gerente de configuração e mudanças, executando a função de implantação de
diversas ferramentas de gcs e como analista de sistemas cobol. possui facilidade em aprendizagem e
muita flexibilidade a mudanças, pró-ativo e autodidata. atuou em grandes projetos da cef e caixa
seguradora, exercendo papéis fundamentais para o desenvolvimento destes projetos. conhecimento
em sistemas operacionais, windows e linux. conhecimento em desenvolvimento na plataforma low-
code outsystems.



objetivos profissionais

atuar na área de análise de sistema e de negócio, assim também contribuir na busca de novas
soluções, para aprimorar e agilizar os processos de desenvolvimento.


qualificações e atividades profissionais



● cobol ibm (batch), cobol ads, cobol db2, idms, jcl – dba engenharia de sistemas.
● curso de delphi 5 – senac - 2003.
● curso de inglês – mississipi english school (incompleto) – 2001.
● outsystems – rafa outsystems



experiência profissional



indra company - (bb) – 10/2021 até 10/2022
● atuando como analista de sistema cobol (db2) nos projetos 360, rpj e opr.
● cobol, db2, cics, container.
● atuando na correção de abends em produção.
● atuando em evolutivas criando novos programas para melhor desempenho do sistema e
também para atender as demandas de novas funcionalidades.


spread tecnologia - (cef) – 08/2019 até 10/2020
● atuando como analista de sistema cobol (db2) no sistema de habitacional.
● atuando na sustentação com manutenção do sistema
● atuando em evolutivas criando novos programas para melhor desempenho do sistema.
● atuando como plantonista, atendimento de abends ocorridos durantes as diárias em produção
em ambientes de testes.
hi soluções tecnológicas - experiência empresarial – desde 03/2015
● atuando como sócio-proprietário
● empresa voltada para a área de tecnologia, trazendo soluções corporativas e tecnológicas para
as empresas.
● atuando na automação e automatização de processos tecnológicos de empresas e residências.
● empresa voltada na área de segurança eletrônica e redes.


stefanini (caixa seguros) – 03/2013 até 03/2015
● atuando com atividade nos dois maiores projetos rrs e smart (sistemas cobol/java).
● atuando na implantação de gcs(gestão de configuração de software);
● atuando no levantamento e definições de processos para desenvolvimento interno e para
fábrica externa;
● atuando na implantação das ferramentas da ibm rtc, rdz, rqm, rrc e rsa;
● atuando na customização da ferramenta rtc, desenvolvendo plug-ins em javascript para
controle e geração de métricas;
● atuando junto com a equipe de alm(gerenciamento de ciclo de vida de aplicativos), com as
seguintes ferramentas:
o plataforma ibm (ferramentas utilizadas na corporação para os sistemas que estão em
plataformas java, cobol e html, onde todas as ferramentas são integradas) sendo as
seguintes ferramentas:
▪ rtc (rational team concert)
● ferramenta responsável pelo controle de atividades, gerenciando assim o
ciclo de vida dos projetos, repositório de código, trabalhando com
desenvolvimento colaborativo.
▪ rqm (rational quality manager)
● ferramenta responsável pelo controle de artefatos e de atividade de
qualidade.
▪ rrc (rational requirements composer)
● repositório e editor de artefatos.
▪ rdz (rational developer for system z)
● ferramenta utilizada para desenvolvimento de sistemas z, no caso
cobol.
▪ rsa (rational software architect)
● ferramenta utilizada para desenvolvimento de artefatos de arquitetura,
como diagrama de sequência, descrição de métodos e atributos, diagrama
de classes.
o plataforma microsoft - tfs (team foundation server)
▪ ferramenta responsável controle de atividades e de repositório de sistemas em
plataforma dot net, java, coldfusion, asp legado.
● atuando como responsável pela elaboração, manutenção e controle dos sistemas da diretoria
de saúde.


indra – 01/2013 até 03/2013

2
estruturas de pastas, auxiliando na implantação de ferramentas como redmine e otrs nos
o capes
o ministério do esporte
o stj


spread tecnologia – 10/2012 até 01/2013
● atuando na implantação de gcs.
● atuando na implantação de novas ferramentas redmine e svn para controle de demandas e de
versionamento de código e documentações.
● atuando no controle de usuários caixa.
● atuando na elaboração de novos processos, para a gestão da qualidade.


dba engenharia de sistemas –10/2009 a 10/2012.
● atuando como analista de requisitos efetuando engenharia reversa do siapi (sistema de
aplicação da caixa)cobol, fazendo a leitura de códigos-fontes em alta plataforma (batch e
idms) e executando testes unitário e integrado do sistema(jcl), para elaboração de requisitos
(di e uc).
● atuando também na elaboração de requisitos do siapx, sistemas de integração java e cobol.
● atuando como responsável por todos os acessos de usuários caixa. controlando e executando
cadastramento e exclusão de acessos.
● atuando como analista e configurações e mudanças, com as seguintes atividades:
o implantação de gcm.
o efetuando entrega de artefatos para a caixa via svn.
o implantação da ferramenta redmine.
o elaborando e executando novos processos para melhoria de qualidade no atendimento
em atividade de gcs (gerenciamento de configuração de software).


stm informática – 01/07/2003 a 15/12/2008.
● atuando na manutenção e instalação do sistema siscom (sistema comercial), linguagem
cobol microfocus.
● atuando como técnico em informática, manutenção em hardware e software.
● atuando como programador em cobol.
● atuando como treinador de novos funcionários.



formação

● graduação em sistemas de informação (concluído em 2012).




3
",analise de sistemas tecnologia da informacao,brasilia,distrito federal,site de empregos
42328,Analista de Sistemas,2023-03-27 13:11:09,pelo próprio candidato,2023-03-27 13:11:09,Sr. Yuri Lima,Indeed:,1978-01-25,feminino,divorciado,nao,TI - Desenvolvimento/Programação,,,,Ensino Superior Incompleto,Intermediário,Nenhum,nao informado,"
brasileira
embaré - santos - são paulo 45 anos


formação
faculdade de tecnologia da baixada santista - fatec
processamento de dados - 2003

escola técnica federal de são paulo
processamento de dados - 1997

idiomas
inglês intermediário - intercâmbio de 7 meses nos estados unidos

qualificações
atuando há mais de 20 anos como profissional de sistemas, possuo grande
experiência técnica e pessoal para atuar como analista ou líder de projetos
de sistemas mainframe. vivência em todo o processo de desenvolvimento:
levantamento de requisitos, análise, criação, testes, homologação,
implementação e documentação de sistemas. experiência no contato com o
usuário e com as áreas de suporte e produção. habilidades interpessoais
para resolver conflitos e resiliência nos momentos de pressão.

conhecimentos técnicos:
linguagens: cobol, cics, jcl, easytrieve, natural
banco de dados: db2, vsam, adabas, sybase, oracle
ferramentas: tso, endevor, roscoe, rdz, visual age, mfe, cms, ca-realia ii
workbench

experiência profissional
banco safra sa 2019 -
2022
são paulo - sp
analista de sistemas sr
projetos destaque: folha de pagamentos e fgi.

principais atividades: análise de projetos e desenvolvimento de programas
para o sistema de contas correntes. acompanhamento das etapas de
homologação, implantação e pós-implantação dos projetos.

via varejo 2015 - 2017
são caetano do sul - sp
líder de projetos da área de logística
projeto tms, novo cnpj jundiaí, leves no boss, entre outros.
responsável pela equipe de desenvolvimento.
principais atividades: receber os projetos, analisar e estimar custo e
prazo. alocar os profissionais e distribuir as atividades. acompanhar o
andamento e resolver os impedimentos. fornecer report aos gestores e
clientes.

capitani it solutions 2012 -
2014
são paulo - sp
analista consultor
alocação na equipe customer service da serasa experian.
análise da solução, desenvolvimento do código, execução de testes e
homologação, implantação e documentação do sistema de agrupamento de
empresas.
analista desenvolvedor das consultas e relatório positivo (projeto positivo
pf)
atuação no sistema bureau de crédito pf.


brq informática 2010 - 2011
são paulo - sp
analista consultor
atuação no sistema de garantias e câmbio prestando serviços para banco
bradesco.

stefanini it consulting 2010 -
2010
são paulo - sp
analista consultor
atuação no sistema de tesouraria e valores prestando serviços para a caixa
econômica federal.

banco itaú sa 2007 -
2009
são paulo - sp
analista pleno
atuação nos sistemas de previdência privada, tarifas bancárias e cadastro
de contas correntes. responsável pelo desenvolvimento e implantação do
sistema para a tarifa de renovação de cadastro do banco.

cetelem serviços - financeira 2003 -
2006
são paulo - sp
analista pleno
conhecimento geral do fluxo de abertura e manutenção de cartões de crédito
e crediários, interface com bancos, seguradoras, emissão de extratos a
clientes, etc. desenvolvimento de diversos arquivos para entidades externas
como bacen, itaú, tecban.

7 comm, multi informática, ats sistemas 1998 -
2003
são paulo - sp
analista programadora
manutenção e desenvolvimento de programas de apoio nas empresas cetelem
serviços, banco bcn, telefônica, bank boston. participação em projeto de
bug do milênio. experiência em fábrica de software - 7 comm.

1996 - 1998
cubatão - sp
estagiária em processamento de dados
sistemas de laminação e aciaria
manutenções e desenvolvimento de programas, telas e relatórios nas
linguagens cobol, cics (vsam) e natural (adabas).
",nao informado,santos,sao paulo,indeed
42330,Analista de segurança da informação,2023-03-27 14:15:43,Lara Duarte,2023-03-27 14:15:43,Dr. Valentim da Paz,:,,nao informado,nao informado,nao informado,,,,,nao informado,nao informado,nao informado,nao informado,"qualificações:1° segurança da informação.iso 27001.gestão de riscos – iso 31000.cofre de senhas.edr antivírus windows.e-mail securiti – forcepoint.siem – qradar – ibm.securiti.ai – ferramenta de privacidade de dados – lgpdformação academicaunisantannaanalise e desenvolvimento de sistemas(concluído em 12/12/2013)experiência profissional.iguatemi s/a
analista de segurança da informação
atualização / criação de políticas, normativos de s.i,campanhas de conscientização, phishing,analises de riscos.e-mail – securiti da forcepoint, liberação de e-mails.securiti.ai, ferramenta de privacidade de dados, autei na gestão da ferramentas e toda parte de ativação dos conectores, avaliação de fornecedores, gestão de consentimentos e cookies, e apoio nos dsrs em conjunto com a compliance.(projeto em fase final de entrega dos conectores ativos e a ferramenta já coletando dados nos ambientes e bases de dados e, formulários de fornecedores configurados)
grupo protege
analista de segurança da informação
atualização / criação de políticas, normativos de s.i,campanhas de conscientização, phishing,analises de riscos.auditoria iso 27001,monitoramento windows defender edr,siem qradar,cofre de senhas.
vivo - telefônica s/a
analista de segurança da informação jr
gestão de identidades e acessos.
responsável pelos acessos aos sistemas e aplicações.atendimentos de chamados,ad,azure, mfa,criação de scripts powershell,criação e manutenção de perfis,monitoramento de acessos privilegiados,matriz de riscos,rbac.
02/2020 a 03/2021
certisign certificadora digital s/a
analista de segurança da informação jr.
apoio nas atualizações do sgsi e, politicas.analise de fraudes,analise de vulnerabilidades, monitoramento de bases de dados críticos e, auditando acessos e tentativas de acessos a bases de dados com auditwalt oracle.auditoria interna.
12/2015 a 12/2019.
treinamentos
cisco - ccnaconfiguração e gerenciamento de redes cisco, lan, wanroteadores, switches, wireless.tcp/ipc-sharp(c#)criação de formularios, interfaces,procedures de evento, tipos de dados e variaveis e operadores,tratamentos de erros,ferramentas de depuraçao.banco de dados (sql server)banco de dados relacional, sql e t-sql, arquitetura cliente / servidor, consultas de dados, atualizando e excluindo dados.cursos/treinamento.- privacidade e segurança do computador - 8 horas.- processo de desenvolvimento de software - 12 horas.- análise estruturada de sistema - 31 horas.- engenharia de requisitos - 26 horas.- gestão de processos - 8 horas.- gestão de projetos. como trabalhar com projetos - 20 horas.- lógica de programação - 37 horas.- c++ desenvolvimento orientado a objeto -35 horas.- cmm. sistema de modelagem para desenvolvimento de software - 58 horas.-programação em java – 46 horas.-programação delphi – 50 horas.-computação em nuvem – 30 horas.-auditoria de sistemas – 10 horas.
",nao informado,sao paulo,sao paulo,nao informado
42342,analista desenvolvedor cobol senior,2023-03-27 17:58:04,pelo próprio candidato,2023-03-27 17:58:04,Sr. Arthur Miguel Nascimento,Indeed:,1962-03-26,masculino,casado,nao,TI - Desenvolvimento/Programação,,,,Ensino Superior Completo,Básico,Nenhum,nao informado,"avenida papa joão paulo ii, 650 apto 71
urbanova – são jose dos campos/sp

áreas de interesse:

- desenvolvimento de sistemas senior


perfil profissional:
 35 anos de atuação na área de informática, com experiência nas plataformas mainframe e baixa
 gerenciamento de projetos: prazos, recursos.
 sólidos conhecimentos em:
o análise de sistemas
o levantamento de dados/requisitos junto ao usuário

 experiência profissional na área de sistemas em empresas de grande/médio porte no
desenvolvimento/implantação de sistemas em diversos segmentos: produção, engenharia,
cartão de crédito, bancário.
 experiencia de 5 anos em microfocus.
 experiência em cobol/cics/oracle/pl/sql/jcl/db2
 facilidade no contato e relacionamento interpessoal, trabalho em equipe.


idiomas:
 inglês intermediario




formação superior:

 graduação tecnologia em processamento de dados
 universidade mackenzie em 1985




conhecimentos:

plataforma: mainframe e web e micro focus

ferramentas: cobol, cics, jcl, endevor, roscoe, microsoft office

banco de dados: db2 e oracle pl/sql



experiência profissional:
qintess informatica
desde setembro/2022 a hoje – analista desenvolvedor
 participação no projeto de cartão da caixa economica federal
tecnologias: micro focus, cobol, oracle


gsw software ltda
(cliente embraer)
desde janeiro/2020 a abril/2022 - arquiteto de soluçoes
 participação no projeto one-embraer unificação das empresas
 participação no projeto carveout em função da joint venture entre embraer e boeing
desde janeiro/2006 a janeiro/2020 – lider tecnico
 analista responsavel pelo desenvolvimento e manutenções dos sistemas de peças de reposição
para emissão do manual do cliente/operadores

tecnologias: micro focus, cobol, oracle pl/sql, batch, control-m
web , asp, oracle
cobol, cics, db2, mvs, tso

sof consultoria
(empresa orbitall – sistemas de pagamento parcelado)
agosto/2003 à dezembro/2005 – analista consultor
 desenvolvimento e manutencão do sistema pagamento parcelado

tecnologias: cobol, cics, db2, vsam, mvs


eds
(empresa visanet)
janeiro/2002 à julho/2003 – analista consultor
 desenvolvimento e manutencão no cadatro de clientes do sistema pagamento parcelado
tecnologias: cobol, vsam, mvs


embraer -
agosto/1999 à dezembro/2001 – analista responsavel
 pelos sistemas de controle de incorporações e modificações das aeronaves

ambiente: mainframe ibm / plataforma baixa
tecnologias: cobol, oracle , cics, mvs
delphi , oralce


redecard
julho/1997 à julho/1998 – analista responsavel
 pelo atendimento eletrônico(ura) para antecipação de pagamentos a clientes

ambiente: mainframe ibm
tecnologias: cobol, cics, vsam
credicard
julho/1995 à julho/1997 – analista de sistemas
autorização

ambiente: mainframe ibm
tecnologias: cobol, cics, vsam, db2


embraer
julho/1988 à junho/1995 – analista de sistemas
 analista e desenvolvedor pelos sistemas de produção e fabricação de aeronaves

ambiente: mainframe ibm
tecnologias: cobol, cics, vsam, db2, mvs, tso

johnson & johnson
julho 1987 a julho 1988 – analista programador

 manutencão do sistema de qualidade e logistica

ambiente: mainframe ibm, dos/vse
tecnologias: cobol, cics, vsam, dl-i


o estado de são paulo
julho 1987 a julho 1988 – programador

 manutencão do sistema de assinantes e assinaturas

ambiente: mainframe ibm
tecnologias: cobol, cics, vsam

banco de tokyo
janeiro 1985 a junho 1986 – programador

 manutencão do sistema de contas correntes

ambiente: mainframe ibm
tecnologias: cobol, cics, vsam




são jose dos campos, agosto de 2022.
",processamento de dados,sao jose dos campos,sao paulo,indeed
42356,Cobol,2023-03-28 12:00:43,Emanuella Campos,2023-03-28 12:00:43,Kaique Freitas,:,,nao informado,nao informado,nao informado,,,,,nao informado,nao informado,nao informado,nao informado,"


objetivo: atuar em ti / análise e desenvolvimento


qualificação profissional

 mais de 30 anos de experiência na área de ti, trabalhando com mainframe, em
empresas de grande porte e consultorias
 vivência em ambiente mainframe, com ênfase em projetos voltados às áreas,
administrativas, contábeis, financeiras, industriais, crédito, cobrança, cartões e edi.
 vivência em ambiente ibm: vse/mvs, cms/vm, jcl, control-m, tso, roscoe, db2,
sql/qmf, vsam, changeman, endevor, smarttest, xpedit, cics, cobol, easytrieve,
assembler, csp, generol, dl/i, ims/vs, edi, fastedi, manager e jira, sc3 e team.
 vivência na sustentação de sistemas
 experiência na gestão de pessoas, projetos e incidências.
 critério no planejamento e pontualidade na execução das atividades.
 vivência, no desenvolvimento, manutenção e implantação de sistemas.
 experiência em desenvolvimento de programas.
 vivência em melhorar a performance de sistemas e unificar cadastros.
 amplo conhecimento em análise e solução de problemas nos processos de ti.
 facilidade no diálogo com clientes.
 vivência de 20 anos como professor de lógica e cobol.
 formação em administração de empresas e especialização em informática.
 italiano intermediário, inglês técnico.


experiência profissional

keeggo technology brasil s/a 06/2022 até 10/2022
analista de sistemas sr.

 suporte ao ambiente de produção do banco cetelem, fazendo análise e
manutenção em programas.

atos 04/2021 até 01/2022
analista de sistemas sr.

 suporte ao ambiente de produção da volkswagen, fazendo análise de incidentes,
levantamento de procedimentos, projetos, e, sugerir melhorias.

tivit terceirização de processos, serviços e tecnologia s.a 03/2014 até 07/2020
analista de sistemas sr.

 suporte ao ambiente de produção do bradesco seguros, fazendo análise de incidentes
e tps, com o intuito de solucionar problemas e também, sugerir melhorias.
 fiz parte da equipe de projetos do edi, fazendo levantamentos de caixas postais,
e fazendo toda a rotina de migração para o ambiente hadoop (neste projeto, foi
utilizado o método ágil, utilizando diversas ferramentas, como scrum, devops,
sprint, hadoop e, etc.)

 suporte ao ambiente de produção do edi (mainframe), acompanhando execuções das
diárias
analisando e dando solução aos abends, fazendo analise dos problemas e sugerindo
melhorias

 suporte ao ambiente de homologação da cielo, acompanhando execuções das diárias
analisando e dando solução aos abends, fazendo analise dos problemas e sugerindo
melhorias.

 suporte ao ambiente de produção da cielo, fazendo melhorias de performance em
programas, procedures e jobs, melhorando consideravelmente os tempos de execução,
espaços utilizados, etc.


telecomunicações de são paulo (telefônica) 06/2003 até 08/2011
 stefanini it solutions (cliente telefônica) 06/2003 até 06/2005
 telefônica (funcionário) 07/2005 até 08/2011
analista de sistemas iii (sr.)

fiz parte da equipe que:
 obteve informações, acompanhou testes e executou rollouts de clientes do sistema
legado para o sistema atis, os rollouts totalizaram 8,5 milhões de clientes.
 validou , acompanhou testes e implantou as interfaces entre os sistemas legado e o
sistema atis, de maneira que os dados chegassem a todos os pontos necessários,
como por exemplo, a contabilidade e aos bancos.
 validou e implantou em produção, os procedimentos da diária, cíclicas e históricas.
 acompanhou e validou os testes, o paralelo e a implantação do subsistema cobros.
 coordenei a equipe de cobros, no acompanhamento da produção, resolvendo e
conectividade com outros subsistemas do átis, horários de execuções, performance,
etc.
 fiz a gestão de incidências, junto às fábricas (consultorias que prestavam serviço à
telefonica, como everis, hindra, accentury, etc.), usando, para controle, as ferramentas
remedy, sig@ e gmud.


consultoria sof informática 09/2002 até 12/2002
consultor de sistemas

cliente – unibanco seguros
 atualizei o sistema de renovação de seguros, no que tange aos ramos, sucursais e
corretores, para o cliente unibanco seguros.

cliente – orbitall
 melhorei a performance do processamento do sistema de pagamento parcelado (cartão
de crédito) para o cliente orbitall.


consultoria g & p 02/2002 até 09/2002
consultor de sistemas
cliente - bankboston s.a.
 realizei a unificação dos diversos cadastros de cliente, para o cliente bankboston s.a.


consultoria procwork 09/2001 até 01/2002
consultor de sistemas


cliente – banco safra
 controle de formalização, aprovação e liberação de crédito

consultoria cpm 10/2000 até 08/2001
consultor de sistemas


cliente – banco bandeirantes
 migração dos sistemas do banco bandeirantes para o unibanco


consultoria procwork 03/1997 até 09/2000
consultor de sistemas


cliente – banco bandeirantes
 sistema de acionistas: cadastro da carteira de acionistas, pagamento de direitos dos
acionistas (dividendos, juros sobre capital e bonificações); relacionamento com bolsa de
valores, imposto de rendas, transferência de ações, curva abc de acionistas, mala direta
 sistema de tesouraria: controle de recepção e envio de numerários para agências e postos
de arrecadação, controle de transportadoras e interbancário
 sistema de administração de pessoal: sistema geral (proventos, descontos e imposto de
rendas); histórico pessoal (controle de ocorrência de funcionários dentro da empresa);
emprestimos (controle de empréstimos e recebimentos); previdência privada (cadastro de
associados, pecúlio, lançamentos de descontos e pagamentos na folha de pagamento,
distribuição de lucros e mala direta) e sociedade recreativa(cadastro de associados,
controle de pagamentos, prospecção para novos sócios e mala direta).


santa marina s.a. 05/1989 até 08/1995
analista de sistemas sr.

departamento de domésticos
 gestão de todos os sistemas de informação do departamento
 gestão da produção
 gestão das compras de embalagem
 gestão do estoque de embalagem
 controle de envio/recepção de embalagens a 6 empresas coligadas
 implantação de kanban na produção


pirelli s.a. 04/1980 até 02/1989
analista de sistemas sr.

departamento de pneus
 desenvolvimento e gestão de diversos sistemas gerenciais
rhodia ind. quim. e têxteis s.a.
05/1966 até 03/1980
programador


os primeiros 7 anos, na recepção de materiais, passando, por todos os serviços, nesse
período fiz os cursos, dentro da empresa, para a programação de computadores, depois, por
mais 7 anos trabalhei na área de ti, sendo 3 anos e meio, como programador (assembler e
cobol), na implantação de um computador de processos, na produção do polímero, na divisão
têxtil da empresa e outros 3 anos e meio, no cpd , onde fui programador cobol até a saída da
empresa.


atividades extracurriculares

 professor de informática em linguagem cobol e lógica:
- instituto pentágono de ensino, nível médio./1984/1997
- e.e. dr. fausto cardoso figueira de mello, nível médio /1978/1982 (lecionando
outras disciplinas)


formação

 curso de especialização em análise de sistemas, fundação santo andré/1978
 graduação: administração de empresas , inst. de ensino sup. senador flaquer/1976.


cursos e certificados

 cobol
 cics
 easytrieve
 assembler
 csp
 generol
 ims/vs
 sql/qmf
 endevor
 db2
 jcl
 tso
 roscoe
 vsam
 sap
 itil
 az 900 microsoft azure fundamentals
 fundamentos de scrum
 servicenow - funcionalidades gerais_files
 servicenow - incidentes, solicitações e km
 servicenow - mudanças_files
 servicenow - problemas_files
 microsoft yammer
 big data
 cientista de dados
 customer centricity
 conceitos básicos de middleware
 inteligência emocional
 mindset de serviços
 tivit pulses_leadership academy
 lgpd conhecendo e entendendo seus impactos - cursos - alura
 trilha digital - lean – brasil
 trilha digital - blockchain online – brasil
 trilha digital - chatbot – brasil
 trilha digital - design thinking online – brasil
 trilha digital - devops online – brasil
 trilha digital – iot
 trilha digital - kanban – brasil
 trilha digital - machine learning – brasil
 trilha digital - inteligência artificial – brasil
 trilha digital - realidade aumentada – brasil
 trilha digital - sprint – brasil
 trilha digital - scrum online – brasil
 trilha digital - rpa - brasil
 ux em 7 minutos – brasil
 segurança da informação_2021
 código de conduta_2021
 código de conduta e segurança da informação
 mentalidade de riscos
 relacionamento com cliente online
 gestão do tempo e produtividade
 gestão de times multidisciplinares
 novas interfaces tsc2-funcionalidades globais
 novas interfaces tsc2-problemas
 redefinindo-se após uma mudança empresarial
 empresas mudam, então prepare-se


idiomas

 italiano: intermediário
 inglês: técnico.


nacionalidade
 italiana


estado civil

 casado
",nao informado,santo andre,sao paulo,nao informado
42516,Segurança da Informação,2023-04-11 12:58:24,Maria Clara Pires,2023-04-11 12:58:24,Augusto Costa,:,,nao informado,nao informado,nao informado,,,,,nao informado,nao informado,nao informado,nao informado,"resumo
profissional de segurança da informação, redes e telecomunicações. entusiasta em segurança da informação, blueteam e pericia forense. vivência em multinacional de grande porte no ramo de telecomunicações, com experiência comprovada em noc (network operations center), database admin, business intelligence, webdev, gestão técnica e planejamento. conhecimentos em redes, incluindo routing e switching de equipamentos de rede, configuração e troubleshooting de firewall fortinet, cloud aws e azure, supervisão de rede em noc, efetuando troubleshooting de eventos de rede em diversas plataformas de transmissão em backbones dwdm e sdh (incluindo siemens, alcatel, marconi e huawei).
objetivos profissionais
informática, ti, telecomunicações - segurança da informação
pretensão salarial: r$ 6000,00 - 9500,00 (bruto mensal)
jornada: período integral
tipo de contrato: efetivo – clt
nível hierárquico: analista - especialista
formação acadêmica
pós-graduação - especialização/mba em ethical hacking e cybersecurity, vincit em sp
jun. 2020 até o momento (finalização prevista - jun. 2021)
ensino superior em engenharia de telecomunicações, universidade cidade de são paulo - unicid em sp
jan. 2010 até dez. 2015
ensino superior em sistemas de telecomunicações, universidade cidade de são paulo - unicid em sp
jan. 2010 até dez. 2013
experiência profissional
analista de segurança da informação, cycle - tecnologia e prevenção em são paulo - sp
jun. 2020 até o momento

informática, ti, telecomunicações - segurança da informação (analista)

consultoria com foco em segurança da informação e processos para o mercado de tecnologia e meios de pagamentos.[- consultoria para adequação de sistemas e bancos de dados em conformidade com a lgpd;- coleta de informações e report- blueteam, cloud security em aws/azure

analista de redes, telefonica vivo em são paulo - sp
jun. 2015 até jun. 2018

informática, ti, telecomunicações - administrador de redes (analista)

analista de redes noc plenotempo integralperíodo do emprego dez. de 2016 – jun. de 2018localidade são paulo, brasiltroubleshooting de redes de transmissão dentro do noc vivo fazendo a supervisão das redes dwdm e sdh com plataformas huawei, siemens, alcatel e marconi, dando suporte as operações de campo na resolução de problemas em backbone. ponto focal de projetos de melhoria de rede e implantação, em conjunto com squads de projetos.analista de business intelligence plenotempo integralperíodo do emprego jul. de 2015 – dez. de 2016localidade são paulo, brasilgeração de reports, dashboards e apresentações a nível executivo e operacional, extraídos de diversos bancos de dados, incluindo sqlserver, mongodb e oracledb, relacionando informações de vendas das lojas vivo, e dar suporte para as equipes de operações, e executivos, em decisões estratégicas para os negócios.implantação de projeto de app para smartphones, que integra todas as informações básicas (mais de 90 kpis de controle) para os diretores e investidores acompanharem a saúde financeira da loja visitada, facilitando a tomada de decisões estratégicas mais rapidamente.analista de telecomunicações juniortempo integralperíodo do emprego jul. de 2014 – jul. de 2015localidade são paulo, brasilgestão de serviços e projetos para os dgs (distribuidores gerais) da capital de são paulo. implantação de projeto de automatização de serviços para os técnicos de campos (wfm - workforce field management), melhorando a qualidade e produtividade dos serviços de campo, aos clientes da vivo.100+ dgs+3 milhões de acessos

habilidades
nessus burp suit firewall cisco firewall forensics cnss - certified network security specialist pentesting basico sfpc - scrum foundation professional certificate network security cyber threat infraestrutura gdpr lgpd azure aws cloud security blueteam cybersecurity
informática
banco de dados
oracle postgresql sql server
programação
python javascript html css jquery c+ c# asp c++
gráficos/web
3ds max adobe ilustrator adobe photoshop coreldraw gimp
aplicações de escritório
microsoft powerpoint staroffice open office microsoft outlook microsoft word microsoft access lotus notes libreoffice microsoft excel
sistemas operacionais
windows vms solaris nt 4.0 netbsd unix linux javaos ibm os freebsd mac os
outros programas
servidores web autocad crm edição de som edição de video erp sap servidores de e-mail servidores proxy software de contabilidade
idiomas
espanhol, intermediário
português, nativo
inglês, avançado
japonês, básico
dados complementares
disponibilidade para viajar: sim
disponibilidade para mudar de residência: não
carteira de habilitação: a
dados pessoais
nasceu em 8 de maio de 1992, 30 anos.

masculino, casado

",nao informado,sao paulo,sao paulo,nao informado
42517,Segurança da Informação,2023-04-11 13:02:51,Maria Clara Pires,2023-04-11 13:02:51,Sr. Ravy Rios,:,,nao informado,nao informado,nao informado,,,,,nao informado,nao informado,nao informado,nao informado,"resumo
conhecimento na área de tecnologia, experiência na implantação e gerenciamento de infraestrutura, liderança e controle do suporte técnico destinado aos usuários, controle de licenciamento microsoft e autodesk, redes e servidores, efetuando modernizações quanto a sua operacionalização e solucionando deficiências técnicas. sistemas operacionais windows 7, 8, 10, macos, windows server, file server, ad, dns, dhcp, iis, wsus, printserver, configuração e gerenciamento switch dell, hp e cisco, firewall sonicwall e checkpoint, pfsense, access point ruckus, rotinas de backup symantec exec, netbackup, ferramenta de chamados itsm e glpi, administração de redes, macos, suporte técnico, cabeamento estruturado, configuração ipad, iphone, android, ibm resilient, waf, splunk, treinamento para capacitação de funcionários, metodologias itil v3-fundamentos.
objetivos profissionais
informática, ti, telecomunicações - segurança da informação
informática, ti, telecomunicações - administrador de redes
informática, ti, telecomunicações - infraestrutura
pretensão salarial: r$ 4500,00 - 5000,00 (bruto mensal)
jornada: período integral
tipo de contrato: efetivo – clt
nível hierárquico: analista - especialista
formação acadêmica
ensino superior em gestão da tecnologia da informação, unicid em sp
jan. 2018 até o momento (finalização prevista - jun. 2020)
experiência profissional
analista de segurança da informação, redbelt em são paulo - sp
jul. 2018 até o momento

informática, ti, telecomunicações - segurança da informação (analista)

líder time de soc // estruturação de processos, procedimentos e estruturas de defesacibernética, como soc // gerenciamento das ferramentas de siem (splunk enterprise security, alienvault) // threat analysis (microsoft advanced threat analytics) // administração e monitoramento web (web application firewall) // firewall (check point, pfsexnse) // atendimento ao cliente // definição, monitoramento e reporte de métricas de segurança da informação // implementação de normas e procedimentos aderentes à(s) política(s) de segurança // administração e gerenciamento ambiente do cliente (linux / windows), levantamento para melhores práticas de segurança.

coordenadora pré-vendas solução bitdefender, securisoft em são paulo - sp
mar. 2017 até mai. 2018

informática, ti, telecomunicações - ti (coordenador)

coordenar equipe suporte pré-vendas // implantar processos de atendimento // visita presencial cliente final // implantação solução // treinamento técnico solução

analista de infraestrutura pleno (noturno) 12x36, marx consulting em são paulo - sp
jan. 2017 até fev. 2018

informática, ti, telecomunicações - infraestrutura (analista)

monitoramento batchs sistema ebao // acionamento analista responsável pela aplicação // abertura chamado para resolução de incidente // monitoramento de serviços ca-introscope

analista de suporte pleno, ibrowse em são paulo - sp
jul. 2016 até mar. 2017

informática, ti, telecomunicações - suporte técnico (analista)

atendimento suporte vip // analista responsável por toda a administração de ti no cliente irb brasil re // ponto focal de apoio a área de infraestrutura para manutenção no data center // atendimento suporte usuário // controle de estoque // atendimento videoconferência // administração cisco telepresence management suite // portal de gerencia rede wi-fi – cisco // administração ad // administração printserver // administração acessos fileserver // administração políticas de segurança // controle definições de políticas de acesso – gpo // gerenciamento sharefile // administração cisco m160 // gerenciamento exchange management console // administração portal office 365 // administração citrix app center // administração console trend micro

administradora de redes, acecoti em sp
jun. 2012 até mar. 2016

informática, ti, telecomunicações - administrador de redes (analista)

atendimento suporte vip // definições de políticas de acesso – gpo // projeto de fileserver seguindo as boas práticas de segurança // administração básica firewall sonicwall // administração de equipamentos dell (servidores e switches) // administração do sistema de access point – ruckus // administração de servidores windows // rotinas de backup // administração portal office 365 // extração relatórios utilizando powershell // administração controle de acesso e câmeras de segurança // gerenciamento, extração de relatórios, manutenção sistema glpi // administração do ad, dns, dhcp, wsus, printserver // gerenciamento sla // gerenciamento console antivírus symantec // gerenciamento servidores e atendimentos filiais e latam // gerenciamento e controle de licenciamento, microsoft e autodesk // treinamento para capacitação de analista // monitoramento de links (zabbix) // atendimento telefônico e remoto a usuários suporte técnico nível ii // acesso remoto via mstsc, team viewer, vnc // resolução de problemas relacionados a software e hardware // instalação e configuração sistemas internos // elaboração de documentos técnicos relacionado a área // formatação e padronização de máquinas

analista de suporte pleno, servnet em sp
fev. 2011 até jun. 2012

informática, ti, telecomunicações - suporte técnico (analista)

atendimento telefônico a usuários // acesso remoto via netmeeting, mstsc, sccm // atuação bcrs / ibm // resolução de problemas relacionados a software e hardware // formatação de máquinas // configuração pacote office // gerenciamento sla // gerenciamento workflow // lotus notes // monitoramento antivírus // instalação e configuração de sistemas internos // elaboração de documentos para suporte

analista soluções corporativas suporte / pré-vendas, panda security s.a em sp
ago. 2009 até fev. 2011

informática, ti, telecomunicações - suporte técnico (analista)

atendimento telefônico a clientes suporte brasil ao produto;acesso remoto para resolução de problemas com antivírus; analise e integração com o terceiro nível de suporte espanha;coordenação do atendimento espanha a clientes no brasil;habilidade na identificação de incidentes;

informática
banco de dados
oracle sql server db2
programação
c++ java
gráficos/web
macromedia flash macromedia dreamweaver adobe photoshop
aplicações de escritório
staroffice open office libreoffice lotus notes microsoft outlook microsoft access microsoft excel microsoft powerpoint microsoft word
sistemas operacionais
windows linux vms mac os
outros programas
crm servidores de e-mail erp microsoft project
idiomas
inglês, intermediário
português, avançado
espanhol, intermediário
dados complementares
disponibilidade para viajar: sim
disponibilidade para mudar de residência: sim
carteira de habilitação: a, b
tipo de veículo: moto, carro particular
dados pessoais
nasceu em 8 de maio de 1990, 32 anos.

feminino, solteira

",nao informado,sao paulo,sao paulo,nao informado
42518,Segurança da Informação,2023-04-11 13:42:37,Maria Clara Pires,2023-04-11 13:42:37,Apollo Abreu,:,,nao informado,nao informado,nao informado,,,,,nao informado,nao informado,nao informado,nao informado,"resumo
objetivos profissionais
moda - costura
pretensão salarial: r$ 5000,00 - 10000,00 (bruto mensal)
jornada: período integral
tipo de contrato: efetivo – clt
nível hierárquico: analista - consultor
formação acadêmica
pós-graduação - especialização/mba em computação forense, universidade presbiteriana mackenzie em sp
fev. 2015 até jul. 2016
experiência profissional
analista de segurança da informação, tim celular s/a em santo andré - sp
nov. 2011 até jul. 2018

informática, ti, telecomunicações - segurança da informação (analista)


habilidades
rbac; ? gestão de mudanças; ? oracle identity analytics; ? control-m; ? benner jurídico; ? sql; ? active directory;
informática
banco de dados
sql server
aplicações de escritório
microsoft excel microsoft outlook microsoft powerpoint microsoft word
sistemas operacionais
linux unix windows
outros programas
crm sap
idiomas
português, nativo
inglês, intermediário
dados complementares
disponibilidade para viajar: sim
disponibilidade para mudar de residência: não
carteira de habilitação: b
dados pessoais
nasceu em 24 de maio de 1985, 37 anos.

feminino, solteira

",nao informado,sao paulo,sao paulo,nao informado
42519,Segurança da informação,2023-04-11 13:49:38,Luna Correia,2023-04-11 13:49:38,Cauã Barros,:,,nao informado,nao informado,nao informado,,,,,nao informado,nao informado,nao informado,nao informado,"   


contato
santo andré - sp
michelenathalierocha@hotmai lgpd
l.com são paulo, são paulo, brasil
nathálie-rocha-64689b167 resumo
www.facebook.com/ profissional de segurança focada em privacidade de dados voltada
michele.nathalierocha (personal)
a segurança da informação e governança com passagem por
consultorias dedicadas de segurança, bancos e softwarehouses.
principais competências
sistemas operacionais
experiência técnica (auditoria, privacidade de dados [lgpd/gdpr],
banco de dados
privacy and data protection
aplicando treinamentos preventivos de segurança e privacidade de
dados na companhia.
certifications
lei geral de proteção de dados
atualmente residindo no brasil, cidadania portuguesa
(lgpd)
privacy and data protection
foundation
privacy and data protection experiência
pratictioner
data protection officer sidel
analista de segurança da informação
novembro de 2022 - present (6 meses)
brazil

sidel, one of three industry groups of tetra laval, is a leading provider of
equipment and
services solutions for packaging beverage, food, home and personal care
products.
⇢ responsible for elaborating and reviewing company policies, standards and
procedures in
accordance with security standards, as iso 27001, nist and gdpr;
⇢ responsible for improving internal processes related to information security;
⇢ responsible for internal communication and awareness trainings related to
cyber security
company wide.
⇢ responsible for responding to external audit related to security information.
responsible for
monitoring and analyzing security alerts.




  page 1 of 5
   



foxbit
analista de segurança da informação
fevereiro de 2022 - novembro de 2022 (10 meses)
são paulo, brasil

atuação com proteção e privacidade de dados (lgpd), realizando a gestão
de políticas, normas e procedimentos internos de segurança da informação
(criação e atualização) e específicos de privacidade de dados como a
normativa de privacy by design [nist, iso 27701 e regulamentos locais].
elaboração e aplicação de treinamento interno de segurança e privacidade
de dados para todos os colaboradores, na forma de apresentação de
onboarding para novos colaboradores, apresentação de treinamentos para
colaboradores internos e externos e na forma de criação de comunicados de
conscientização de segurança da informação. elaboração e atualização, em
conjunto com os times, dos inventários e mapas de dados das aplicações
e áreas, evidenciando o ciclo de vida dos dados por meio de um data flow.
responsável por realizar a pesquisa, poc e implantação de ferramentas de
privacidade e segurança como dlp e casb. análise de riscos de privacidade
em processos internos que envolvem dados pessoais com elaboração do
ripdp (relatório de impacto de proteção de dados pessoais).⇢ responsible
for elaborating all the company policies, standards and procedures in
accordance with security standards, as iso 27001 and brazilian data privacy
law (lgpd);
⇢ responsible for data privacy at foxbit security information management
committee, asides the technology director, legal director and technology
manager;
⇢ focal point for data privacy and digital law review and development of the
required process and documentation regarding data leak risks and security risk
evaluation (ripdp, ropa, data mapping and third party risk management
(tprm));
⇢ responsible for tools evaluation to support processes related to data
privacy and grc (data loss prevention (dlp), cloud access security broker
(casb) and one trust);
⇢ focal point of awareness trainings related to information and cyber security
and data privacy company wide.


m4u
analista de segurança da informação
abril de 2021 - janeiro de 2022 (10 meses)
brasil



  page 2 of 5
   


atuação com proteção e privacidade de dados (lgpd e gdpr), realizando
a gestão de políticas, normas e procedimentos internos de segurança
da informação (criação e atualização) e específicos de privacidade de
dados como a normativa de privacy by design [nist, iso 27701 e
regulamentos locais]. elaboração e aplicação de treinamento interno
de segurança e privacidade de dados para todos os colaboradores, tanto
na forma de apresentação semanal de onboarding como na gestão da
plataforma de treinamentos hacker rangers. elaboração e atualização, em
conjunto com os times, dos inventários e mapas de dados das aplicações
e áreas, evidenciando o ciclo de vida dos dados por meio de um data flow.
responsável por realizar a pesquisa, poc e implantação de ferramentas
de privacidade e segurança como dlp e casb. análise de impacto em
incidentes de segurança que envolvem dados pessoais com elaboração do
ropa.


banco pan
analista de segurança da informação
agosto de 2020 - abril de 2021 (9 meses)
são paulo, brazil

atuação com monitoramento e análise de incidentes voltados à segurança
da informação (soc) com ferramenta de siem própria da empresa terceira
contratada, análise de phishings, implementação de ferramenta siem,
elaboração de documentos e procedimentos da área como casos de uso e
playbooks.


cycle - tecnologia e prevenção
consultor em privacidade de dados
março de 2020 - abril de 2021 (1 ano 2 meses)
são paulo, brazil

consultoria com foco em segurança da informação e processos para o
mercado de tecnogia, atuando na frente tecnica dos projetos de melhorias de
processos focados para segurança da informação e lgpd (adequação de
ambiente, jurídico e tecnologias utilizadas), auditorias e consultorias voltadas
a proteção de dados, treinamentos voltados para proteção de dados, escrita
de relatório técnico e interface entre clientes e gestão da consultoria.


atuação com r&s para novos projetos, prospecção de candidatos por meio
triagem de currículos por fit de perfil e durante a realização de entrevistas de
fit cultural e técnico.

  page 3 of 5
   



real protect - serviços gerenciados de segurança
analista de segurança da informação
março de 2020 - agosto de 2020 (6 meses)
são paulo, brasil

atuação com monitoramento e análise de incidentes voltados a segurança da
informação (soc / csirt) com a ferramenta splunk, análise de abuse como
spam, engenharia social e phising, atendimento de chamados via supravizio,
escrita da wiki do time com descrição dos procedimentos realizados no dia-a-
dia da operação.


9 meses

trainee em segurança da informação
janeiro de 2020 - março de 2020 (3 meses)
pinheiros, são paulo


estagiário de segurança da informação
julho de 2019 - janeiro de 2020 (7 meses)
atividades com foco em compliance e governança corporativa de segurança
da informação, aplicando lgpd, gdpr, iso 27000 e outras normas e
franeworks de boas práticas de mercado.
auxílio na gestão de projetos com elaboração e acompanhamento de
cronogramas de projetos com ferramentas como ms project e sharepoint e
com report diário aos gestores e sócios.
execução de testes de invasão em aplicações web e mobile (testes eht).


finnet
estágio análise de requisitos
agosto de 2018 - julho de 2019 (1 ano)
são paulo, são paulo

atividades de análise e elaboração de requisitos de softwares, escrevendo
histórias de usuário, entendendo a necessidade do cliente e realizando
estudos de evolução do produto.
aplicação da metodologia ágil scrum, estágio como treinamento para product
owner.


sintel s.a
estagiário de suporte de informática
janeiro de 2018 - julho de 2018 (7 meses)




  page 4 of 5
   


problemas e dúvidas por meio de análise de documentos enviados/recebidos
via edi e das funcionalidades do software da empresa, levando em conta sla
e métricas pré estabelecidas.




formação acadêmica
pontifícia universidade católica do paraná
postgraduate degree, governança de ti, segurança digital e gestão de
dados · (junho de 2022 - junho de 2023)


fatec são caetano do sul - antônio russo
superior, análise de sistemas de computação · (2017 - 2019)




  page 5 of 5
",nao informado,sao paulo,sao paulo,nao informado
42520,Segurança da informação,2023-04-11 13:51:48,Luna Correia,2023-04-11 13:51:48,Dr. Paulo Rodrigues,:,,nao informado,nao informado,nao informado,,,,,nao informado,nao informado,nao informado,nao informado,"   


contato
iso iec 27001 | membro anppd | csirt | nse1 | nse2
são paulo, são paulo, brasil


principais competências resumo
sistemas operacionais atuo como analista de segurança da informação executando
microsoft exchange atividades de gestão de vulnerabilidades, gestão de acessos,
servidor windows assessment de segurança da informação,thread intelligence e
antivírus.
certifications execução das atividades como criação e revisão de playbooks e
mitre att&ck defender™ (mad) processos relacionados a cyber security, csirt e soc utilizando
att&ck® cyber threat intelligence
padrões nist, mitre att&ck e resolução bacem nº4658.
certification training
hunting, criação e alteração de regras, relatórios e alertas baseados
gerenciamento de escopo do
projeto em comportamento de logs. (siem).
fundamentos da gestão de ti gestão de vulnerabilidades em projetos, controle de demandas,
qualys - vulnerability management mudanças e atualização de kpi´s.
detection & response tratamento de incidentes, ameaças, vulnerabilidades,
monitoramento de segurança e prevenção a vazamento de dados.


graduação:
tecnologia em segurança da informação


master in business administration:
gestão de segurança da informação


especialização:
defesa cibernética


certificações:
nse1 e nse2
itil 4
iso/iec 27001
veracode certified advisor
csfpc
check point pre sales cloudguard
check point pre sales harmony
qualys - vulnerability management detection & response


  page 1 of 4
   


membro anppd® - associação nacional dos profissionais de
privacidade de dados.



experiência
tempest security intelligence
information security analyst
dezembro de 2021 - present (1 ano 5 meses)
atuo como analista de vulnerabilidades e hardening, realizando ciclos de
varreduras de vulnerabilidades e compliance.
criações de baselines e recomendações de segurança.


avivatec
analista de segurança da informação pleno
agosto de 2020 - novembro de 2021 (1 ano 4 meses)
consultoria em segurança cibernética, criação e atualização de
procedimentos operacionais, monitoramento, detecção e analise, suporte à
definição de requisitos de si para gestão de incidentes de segurança.
revisão de processos relacionados a cyber security, controle de demandas e
atualização de kpi´s da área.
• respostas e tratativa de incidentes de segurança da informação
• monitoramento internet para identificar ameaças e fraudes contra clientes
• monitoramento de uso indevido da marca
• análise a suspeitas de vazamento de informação
• criação e homologação regras para o monitoramento de vazamento de
informação
• análise e monitoria de fraude interna
• controle de pendências e acompanhamento de processos em investigação
• criação de procedimentos e fluxo de trabalho
• controle de relatórios e indicadores
• interação com demais áreas de tecnologia para atuação no atendimento de
incidentes
• coleta de evidências e desenho de ações para estancar/mitigar riscos
decorrentes de incidente
• apoio na sustentação de ambientes de segurança para os clientes do cdc
avivatec.
• gestão de vulnerabilidades
• assessment de segurança da informação



  page 2 of 4
   



duk informática & cloud
analista de infraestrutura de ti
março de 2018 - agosto de 2020 (2 anos 6 meses)
são paulo e região, brasil

administração de ambientes windows server 2008, 2012,2016 e 2019
serviços dns, dhcp, iis, file server, gpo, administração de servidores
linux , implantação e administração de servidores cloud, administração
de voip, hardening, troubleshooting, auditoria de acessos, gestão ad,
administração bitdefender endpoint, políticas de segurança da informação,
documentação de rede, gestão de acessos, gerenciamento de ativos,
suporte de usuários, suporte de infraestrutura, administração de roteadores
mikrotik, gestão de contratos, sla, abertura de chamados com parceiros,
atendimento presencial e remoto, monitoramento via ferramentas,
gestão de backup cloudberry, aws, windows backup e syncback,
administração hyper-v, administração vmware esxi 6.5, configuração de
vpn, administração de firewall fortgate e sonicwall.


procelera - soluções em tecnologia
analista de suporte de tecnologia da informação
julho de 2015 - setembro de 2017 (2 anos 3 meses)
são paulo e região, brasil

administração de ambientes windows 2008 e 2012, serviços dns,
dhcp, iis, file server, gpo, backup, liberação de acessos, gestão ad,
administração vmware esxi, políticas de segurança, administração firewall
sophos utm e firewall endian, gerenciamento de ativos, suporte de
usuários, gestão de contratos, sla, abertura de chamados com parceiros,
administração office 365, administração google for work, administração
endpoint bitdefender, atendimento presencial e remoto, monitoramento via
ferramentas zabbix e prtg.


aymará educação
analisty support
agosto de 2012 - março de 2014 (1 ano 8 meses)
criação e administração de usuários ambiente windows 2003/2008, liberação
de acessos, server dns, server dhcp, server iis, ftp, file server, gestão
autoloader e storage, criação e administração de contas de e-mail plataforma
microsoft exchange 2007, administração microsoft forefront threat
management gateway 2010, administração symantec endpoint protection,
gerenciamento symantec backup exec 2010, gestão departamento ti,



  page 3 of 4
   


administração symantec messanging gateway, administração vmware esxi,
políticas de segurança e gerenciamento de ativos e suporte usuários


zelson informática.
analista de suporte
agosto de 2006 - agosto de 2012 (6 anos 1 mês)
são paulo

suporte a usuários em vários níveis, administração de redes windows
server 2003 e 2008, rede wireless, emissão de relatórios, controle de
equipamentos, suprimentos de informática e configuração de sistemas
operacionais, instalação de switch, roteadores, responsável por copias
de segurança através do symantec backup exec 2010, instalação do
sap, documentação do sistema, verificação do data center da empresa e
planejamento.


cyrela brazil realty s/a empreendimentos e participacoes
analista de suporte
2009 - 2012 (3 anos)




formação acadêmica
daryus
postgraduate degree,  cyber threat intelligence  · (março de 2023 - março de
2024)


centro de inovação vincit - uniciv
pós-graduação lato sensu - especialização, defesa cibernética  · (março de
2021 - março de 2022)


centro de inovação vincit - uniciv
master of business administration - mba , gestão em segurança da
informação · (fevereiro de 2021 - dezembro de 2021)


centro universitário nove de julho
technologies, security information system · (2009 - 2011)




  page 4 of 4
",nao informado,sao paulo,sao paulo,nao informado
42527,Segurança da informação,2023-04-12 10:49:50,Luna Correia,2023-04-12 10:49:50,Ana Laura Costa,:,,nao informado,nao informado,nao informado,,,,,nao informado,nao informado,nao informado,nao informado,"   


contato
são paulo, são paulo, brasil
resumo
principais competências tenho 14 anos de atuação na área de segurança da informação,
nist (instituto nacional de padrões meus melhores resultados foram atuando com elaboração de
e tecnologia dos eua)
políticas, processos e auditoria, além da atuação do dia a dia em
segurança de rede
frentes operacionais relacionadas a incidentes, controles e projetos
servidores
relacionados a melhora da defesa do ambiente.

languages
atuei com mapeamento de processos, criação e manutenção
ingles (professional working)
espanhol (limited working)
segurança da informação.
português (native or bilingual)

também estive a frente da operação dos processos de
cibersegurança e na parte de análise dos incidentes no ambiente,
fiz parte da colaboração de elaboração dos playbooks e criação de
matriz de responsabilidades para as areas de tecnologia.


tenho experiência nos processos de gestão de identidade e
vulnerabilidades do ambiente.


fiz a interface com fornecedores e terceiros responsáveis por
soluções de segurança no ambiente.


atuação direta como linha auxiliar do soc no processo de resposta
a incidentes.


os principais frameworks e normas que utilizei foram o pci, pci-
dss, iso 27001, owasp, cis e nist.


sou responsável por campanhas e treinamentos de s.i e também
coordenei equipes de desenvolvimento e infraestrutura com foco na
melhoria em seus processos com o olhar de s.i.


experiência na gestão de soluções de antivírus, dlp, imsva (trend
micro), ids, ips, firewalls (juniper e fortigate), siem e gestão de
vulnerabilidades (rapid7, nessus, qualys).
  page 1 of 4
   




experiência
nexa resources
consultor de segurança da informação
agosto de 2020 - present (2 anos 9 meses)
são paulo, brasil

atuando em projeto de criação de processos relacionados a incidentes e
gestão de ferramentas relacionadas a cyber security.


definindo processos (playbooks e runbooks) para relatórios mensais de
cyber security e atuando na rotina dos planos de ações para correção
de vulnerabilidades distribuídos junto as equipes de infra, bd, sistemas
operacionais, middleware, desenvolvimento e sap, para mitigação dos
principais riscos a companhia.


sustentação de gestão vulnerabilidades.


desenvolvimento de controles de segurança da informação com foco na
melhora continua dos processos, políticas e procedimentos. 


identificar e catalogar os principais ataques de cyber security.


gestão e analise de relatórios em ferramentas trendmicro, fortigate, office
365 e azure sentinel para elaboração de processos de atuação e mitigação
de vulnerabilidades.


elaboração de instruções de trabalho e guias voltados para as equipes de
tecnologia que sustentam a infraestrutura.


sustentação de programação de conscientização em segurança da
informação.


responsável pela atuação junto aos fornecedores que suportam a estrutura
de cyber security da empresa.


cpmidias
analista de infraestrutura e segurança da informação
março de 2018 - outubro de 2019 (1 ano 8 meses)
são paulo e região, brasil


  page 2 of 4
   


responsável pela infraestrutura e processos de t.i. realizei trabalhos de
consultoria em s.i.


gestão de ativos t.i.;


gestão de projetos de infraestrutura de t.i;


criação de políticas de t.i e s.i;


assessoria em projetos de segurança lógica para parceiros;


treinamentos de conscientização em s.i;


mapeamento de riscos e vulnerabilidades;


gestão de identidade e acesso;


gestão de firewall;


manutenção de infraestrutura de portal em docker;


atuação de forma corretiva e preventiva em caso de ocorrências de incidentes
que comprometam a segurança da informação.


intelcav
10 anos 5 meses

analista de segurança da informação sr
agosto de 2009 - novembro de 2017 (8 anos 4 meses)
parte da equipe responsavel por definir, implantar, revisar e divulgar políticas,
processos e diretrizes de segurança da informação. responsavel por realizar
pentest e analise de vulnerabilidades, além de conduzir auditorias internas e
receber auditores externos.


• criação e revisão de politicas, diretrizes e procedimentos de s.i.
• elaborar e divulgar campanhas de conscientização de s.i
• coordenação de comitês de discussão do planejamento de s.i e t.i
• auditorias com foco na iso27001 e pci.
• projetos de segurança lógica e analise de impacto de infraestrutura.
• analise de vulnerabilidade.
• pentest.
  page 3 of 4
   


• gestão de identidade e acesso.
• gestão de firewalls.
• gestão plano de continuidade de negócios e recuperação de desastres.
• conhecimento em ferramentas de antivírus, antispam, nac, dlp e filtro de
conteúdo.
• gestão de chaves criptográficas e certificados de segurança.
• atuar de forma corretiva e preventiva em caso de ocorrências que
comprometam a segurança da informação.
• acompanhar o departamento de tecnologia e desenvolvimento sobre os
requisitos de segurança da informação durante os períodos de projetos ou
modificações de sistemas e infraestrutura de redes.

administrador de redes
julho de 2007 - julho de 2009 (2 anos 1 mês)
• responsável pela administração da rede windows server 2003, do sistema
de correio exchange server 2003 com trend micro client server messaging
for smb, das regras de firewall com isa server 2004 e 2006, do banco de
dados microsoft sql 2005 e configuração de roteadores.
• responsável pelo envio e recebimento de arquivos através das seguintes
aplicações: connectdirect da sterling commerce; rvs da t-systems; stcp
oftp da riversoft
• participação ativa nas negociações de links mpls e frame-relay.
• participação na implantação de iso 17799 para segurança da informação.




formação acadêmica
uninove
tecnologo, gestão de ambientes de rede internet · (2007 - 2009)




  page 4 of 4
",nao informado,sao paulo,sao paulo,nao informado
42529,Cyber,2023-04-12 11:21:32,Emanuella Campos,2023-04-12 11:21:32,Srta. Maria Alice Brito,:,,nao informado,nao informado,nao informado,,,,,nao informado,nao informado,nao informado,nao informado,"objetivo
atuar na área de segurança da informação


educação
ensino superior
curso: segurança da informação
conclusão: dezembro de 2024
instituição de ensino: anhembi morumbi


ensino médio
conclusão: dezembro de 2014
instituição de ensino: e. e. joão amos comenius


experiências profissionais
analista de segurança da informação ll | claro brasil | de agosto de 2018 até o
momento.
principais atividades: atendimento de chamados via ca service desk manager,
alteração de dados e criação via sgt3, atuação no active directory, criação de
usuários para acesso remoto via citrix e vpn, cofre de senhas, auditoria,
monitoramento de usuários vips.


técnico em atendimento e vendas | terceirize | de junho de 2017 até dezembro
de 2017.
principais atividades: realização de testes em todos os sistemas da empresa para
localizar possíveis erros e encaminhar para o setor de tecnologia, para que
fizessem a correção. fazia também a venda do sistema da empresa.


estagiária em publicidade e propaganda | central on line | de janeiro de 2017 a
junho de 2017.
do sistema da empresa.



recuperador de crédito junior | credit cash assessoria financeira | de março de
2014 até agosto de 2014 | de setembro de 2015 até fevereiro de 2016.
principais atividades: realização de cobrança de contratos atrasados da riachuelo.


habilidades e conhecimentos
· liderança:

· proatividade: a proatividade me fez entender as necessidades das áreas
trazer novas ideias que facilitaram a rotina.


línguas estrangeiras
· língua inglesa: nível básico.


cursos extras
· auxiliar de necropsia - escola santa luzia;
· informática – microlins.


aplicações de informática
· sap;
· ca service desk;
· active directory (ad);
· vpn;
· citrix;
· identity services engine (ise);
· autoatendimento de identidade (idm);
· cyber ark;
· duo mobile.





",nao informado,sao paulo,sao paulo,nao informado
42539,Analista de Segurança,2023-04-12 15:12:29,Melina Montenegro,2023-04-12 15:12:29,Joaquim da Paz,:,,nao informado,nao informado,nao informado,,,,,nao informado,nao informado,nao informado,nao informado,"   


contato
sta bárbara - guarulhos - sp segurança da informação | iam | gestão de identidade e acessos
marcelorubio_lopes@hotmail.
com
resumo
informação a serviço do banco itaú.
principais competências atuação na superintendência de segurança da informação.
capacidade analítica • concessão, manutenção e revogação de acessos aos sistemas do
auditoria banco itaú, bba e rede no brasil e para unidades externas;
gestão da informação • elaboração de manuais com as regras de negócio para abertura
de chamados; efetuar o levantamento e atualizar o owner das siglas
da rede;
• concessão, manutenção e revisão de contas nominais e
genéricas, utilizando ferramentas como: mainframe, cyberark,
ldap, sap, tívoli, exchange, rsa, skype, máximo, salesforce etc.;
• tratamento de auditoria interna e externa dos sistemas da rede e
participação em walkthrough para demonstrar à equipe de auditoria
como os acessos são concedidos ou revogados;
• tratamento de transferência: levantar o apontamento das
transferências do itaú para a rede e vice-versa; identificar a
identificar a necessidade da criação de acessos básicos ou
revogação destes; envio de comunicado para o gestor; abertura
de chamado para alteração de acesso ou revogação; atuar nos
chamados abertos e dar baixa nas transferências via ferramenta da
rede (sgsi).



experiência
antlia -consultoria
analista em seguranca da informação
maio de 2015 - present (8 anos)
são paulo

a serviço do banco itaú


antlia - consultoria
analista de suporte técnico help desk - pleno
dezembro de 2011 - setembro de 2014 (2 anos 10 meses)


  page 1 of 2
   



tms - tellus
analista de suporte help desk - n2
abril de 2010 - dezembro de 2011 (1 ano 9 meses)




formação acadêmica
universidade anhembi morumbi
tecnologo em segurança da informação, programação de computadores -
aplicativos específicos · (dezembro de 2021 - dezembro de 2023)


faculdade - eniac
t.i., sistema de informação · (janeiro de 2012 - dezembro de 2018)


fundação bradesco
fundamentos cobit 4.1, tecnologia da informação · (2021 - 2021)


fundação bradesco
fundamentos itil, tecnologia da informação · (2021 - 2021)


udemy alumni
noções para ser um analista em segurança da informação, tecnologia da
informação · (março de 2021 - março de 2021)




  page 2 of 2
",nao informado,guarulhos,sao paulo,nao informado
42542,Analista de Segurança,2023-04-13 09:14:47,Emanuelly Vieira,2023-04-13 09:14:47,Dra. Agatha Costela,:,,nao informado,nao informado,nao informado,,,,,nao informado,nao informado,nao informado,nao informado,"liderança na criação da área de segurança da informação da
pin people, garantindo a aplicação das boas práticas de
revisão e atualização de documentos e processos relacionados
à segurança da informação.
garantia da execução da agenda recorrente de testes e
auditorias dos sistemas.
análise dos requisitos de ti e fornecimento de conselhos
objetivos sobre o uso das melhores práticas de segurança da
informação.
projeto, análise e implementação de frameworks eficientes de
segurança da informação.
disseminação de conhecimento sobre segurança da
informação, privacidade e governança.
atuação como interface com a área de segurança da
informação dos clientes e equipes internas da empresa que
impactavam o tema.
histórico profissional
pin people
março 2022 - abril 2023
formação
fiap
defesa cibernetica - fev 2022 (cursando)
consultora de segurança da informação
auxílio a mais de seis empresas na sua jornada de adequação à
lgpd.
adequação à lgpd (interno e externo/clientes da consultoria).
suporte ao dpo (interno e externo/clientes da consultoria).
ropa (interno e externo/clientes da consultoria).
data mapping (interno e externo/clientes da consultoria).
suporte aos fornecedores em caso de dúvidas relacionados à
adequação (externo/clientes da consultoria).
ripd (interno e externo/clientes da consultoria).
desenvolvimento de documentação como política de
privacidade, política de cookies, plano de ação em caso de
incidentes e outros documentos da área de segurança da
informação (interno e externo/clientes da consultoria).
plano de conscientização dos colaboradores (externo/clientes
da consultoria).
regras do data loss prevention (interno e externo/clientes da
consultoria).
",nao informado,sao paulo,sao paulo,nao informado
42544,Segurança da informação,2023-04-13 09:42:34,Luna Correia,2023-04-13 09:42:34,Sra. Sofia Campos,:,,nao informado,nao informado,nao informado,,,,,nao informado,nao informado,nao informado,nao informado,"   


contato
julianaformagiodeoliveira@o cybersecurity consultant | iso iec 27001 | itil v4 | membro
utlook.com anppd® | projetos | processos | soc
são paulo, são paulo, brasil
resumo
principais competências
i love teamwork and i am a big fan of the companies that promote
itil this type of interaction, who love us as professionals help us in the
segurança
continuous and incessant search for knowledge. i have been working
security
for more than 10 years in the information technology sector and i
certifications
scrum foundation professional
certificate (sfpc)
rsa se professional in netwitness
experiência
interpretação da nbr iso
vivo (telefônica brasil)
9001:2000 - course
cyber security consultant
field service - course
janeiro de 2022 - present (1 ano 4 meses)
rsa se in netwitness

tempest security intelligence
information security analyst
fevereiro de 2021 - janeiro de 2022 (1 ano)


ish tecnologia
1 ano 7 meses

cyber defense incident responder pl.
setembro de 2020 - janeiro de 2021 (5 meses)
vitória, espírito santo, brasil

csirt team, working directly in the security incident response team, using
nist 800-61 rev2, supporting staff in dealing with siem alerts (qradar, rsa
netwitness and arcsight), implementation of a project for antivirus solution,
implementation of automation using the security incidend reponse (secops)
module in service now to handle alerts from over 40 customers.

soc analyst
julho de 2019 - agosto de 2020 (1 ano 2 meses)
vitória, espírito santo, brazil

working in a soc with security incident response team using nist 800-61
rev2, configuring siem, antivirus solution and other security tools, with a focus
on several customers throughout brazil and latin america.

  page 1 of 4
   




threat analysis from security incident alerts
support in the transition of mss from the project team to operation;
onboarding of new employees, transferring good practices, procedures,
instructions and work flow;
analysis, mapping, design of new flows and processes, as well as creation of
work instructions


cartório 1º ofício 2ª zona serra - es
senior technical support analyst
abril de 2013 - junho de 2019 (6 anos 3 meses)
paraque residencial laranjeiras, serra- es

support to internal users, registering and setting priorities in service, providing
maintenance and guiding solutions and / or consultations in order to restore
the normality of services quickly and efficiently.


• kaspersky antivirus management (installation, update, monitoring of stations
and servers, creation of rules, asset management, etc.);
• registration of occurrences in the effettivo system (non-compliant services
and user complaints), non-compliances;
• identification of problems / risks and implementation of solutions to improve
processes;
• implementation and administration of the topdesk ticket management tool,
using kanban to manage activities;
• design of the sector's process map, process profile;
• creation of the ict management manual to comply with nbr iso 9001:
2015, iso27000 and iso2000;
• consultations, performing backup and restoration of sql databases 2012
and 2016, as well as creating security user accounts.


cvc veículos - serra
techinical support assistant
janeiro de 2013 - abril de 2013 (4 meses)
serra, es

technical support to users, maintenance on desktops, printers, multifunction
devices, scanners, notebooks, windows servers, structured cabling,
maintaining good functioning of the datacenter.


brpc

  page 2 of 4
   


techinical support assistant
maio de 2007 - outubro de 2012 (5 anos 6 meses)
technical support via service desk performing remote support and on-site
service. promoted to assistant master technician, i developed an activity
between analysts, service desk and management providing training to the
team.




• analysis, diagnosis and troubleshooting with a focus on efficiency and
effectiveness with regard to the assembly and maintenance of desktops,
notebooks;
in the processes for entering / analyzing and diagnosing / maintaining / leaving
laboratory equipment;
• update of the protheus10 system with information on all calls made, called
technicians and work orders;
• technical support (helpdesk).


ative engenharia ltda
technical support assistant
abril de 2004 - setembro de 2006 (2 anos 6 meses)
documents; keep customers' computerized and interconnected systems up
to date; enter data in the computerized systems regarding requests and
inspections.


responsibilities:
• maintain permanent contact with customers, updating personnel records;
• control the performance of internal and external satisfaction surveys
(customers);
• participation in the implementation of improvements, corrective and
preventive actions, controlling and preparing records, following the processes
in order to adapt them to nbr isso 9001: 2000;
• carry out price quotations for materials, and purchase, for the operational
and workplace safety areas;
• support to the personnel department sector, assisting in the selection,
referral of employees to carry out exams, admission, dismissal and other
activities relevant to the area;



  page 3 of 4
   


• general support to the other administrative and operational sectors of the
company.




formação acadêmica
fia business school
postgraduate degree, cybersegurança e proteção digital de
negócios · (janeiro de 2022 - fevereiro de 2023)


estácio
information technology management, it management · (2018 - 2020)




  page 4 of 4
",nao informado,sao paulo,sao paulo,nao informado
42545,Analista de Segurança,2023-04-13 09:43:25,Emanuelly Vieira,2023-04-13 09:43:25,Gabriel Silveira,:,,nao informado,nao informado,nao informado,,,,,nao informado,nao informado,nao informado,nao informado,"leonardomartins

ambicioso e focado na carreira, busco obter uma vaga na área de segurança de redes e
gerenciamento de equipes e tarefas, estou disposto a assumir responsabilidades adicionais.
habilidades
• gerenciamento de firewalls e avs
• segurança de assets (físicos e em cloud)
• gerenciamento de siem (splunk e qradar)
• condução de auditorias e relatórios
técnicos
• ferramentas do microsoft defender
• nível avançado de inglês
experiência
2022 – atualmente
analista em cybersecurity / cybersafe
• monitoria e análise das ferramentas do soc;
• investigação de possíveis incidentes e criação de relatórios para informar ao cliente sobre
alertas gerados e possíveis vulnerabilidades;
• criação e implementação de use cases para o siem e alertas de melhorias;
• criação e implementação de playbooks para uma melhor otimização do soc.
• uso de ferramentas como darktrace, insightidr e cisco amp.
2020 – 2022
líder técnico de soc / vertros technology and security
• implementar política de boas práticas a fim de mitigar riscos de vazamento de dados;
• gerenciar equipe de 4 analistas que monitoram o soc de forma 24/7;
• gerenciar dados e storages para proteger tais dados de serem comprometidos;
• investigar incidentes e gerar relatórios de atuação;
• utilizar ferramentas fornecidas pelo alienvault para monitorar requisições web, tentativas
de logon, scans de nmap, eventos de encaminhamentos de tráfego e alertas de antivírus;
• atualizar firewall e avs com indicadores de ioc para bloqueios de possíveis ameaças.
2017 – 2020
analista de help desk / rlsi
• analisar e prover o suporte de sistemas windows e linux para o usuário final e efetuar o
troubleshooting de possíveis problemas.
• instalar e atualizar hardware, software e aplicações em computadores.
• gerenciar servidores de antivirus e e-mail.
• gerenciar assets de rede (sonicwall, roteadores, switches e access points)
• configurar e gerenciar servidores windows (gerenciamento de ad, compartilhamento de
arquivos, configuração de raid, rotinas de backup e virtualização hyperv).
2
educação
fev 2016 - dez 2017
tecnólogo em redes de computadores / fiap, são paulo
• administração de ambientes windows, configuração de ad, raid, gpos, gerenciamento e
virtualização.
• infraestruturas de redes e comunicação, elementos de redes, transição ipv4-ipv6,
configuração de redes estáticas, dinâmicas, nat, ospf (área única e múltipla), eigrp, bgp,
acl e protocolos.
de gateway.
• implementação de wan com os protocolos mpls, metroethernet, frame relay, hsrp, ppp
multilink e vpn
",nao informado,sao paulo,sao paulo,nao informado
42549,Segurança da Informação,2023-04-13 10:41:53,Maria Clara Pires,2023-04-13 10:41:53,Sra. Amanda Sales,:,,nao informado,nao informado,nao informado,,,,,nao informado,nao informado,nao informado,nao informado,"41 anos, casado
são paulo - sp
objetivo
head ou gerente de ti, com ênfase em arquitetura, devops, cloud, cibersegurança e
infraestrutura.
resumo profissional
gerente de ti, com mais de 20 anos de experiência em arquitetura, devops, cloud, cyber e
infraestrutura, com atuação em empresas líder de mercado, nacionais e multinacionais. nos
áreas de arquitetura e cibersegurança, sustentação e migrações de ambientes cloud e data
center, transformação digital, modernização e integrações de aplicações. gestão de equipes,
terceirização de serviços, contratos (slas), planejamento estratégico e financeiro (budget, opex,
capex, metas).
especialidades:
 especialista em plataformas cloud (aws, azure, gcp), com envolvimento direto em
sustentação, migrações, arquitetura, integrações, devops, finops e governança.
responsável pelo primeiro projeto de migração de ambientes sap para cloud aws, no
brasil (2013).
 experiência com projetos de transformação digital, desenvolvimento de novas soluções,
implantações (sap, salesforce, ms dynamics), modernização e integrações, utilizando
api’s, microserviços, containers, kubernetes.
 entusiasta devops e demais metodologias ágeis (scrum, agile, lean), com forte atuação na
disseminação da cultura, automatização, qualidade da entrega, segurança e
monitoramento contínuo.
 especialista em cibersegurança, estratégias de proteção (nist, cis, mitre att&ck),
implantação e revisão de normas/politicas, auditorias internas/externas. implantação de
ferramentas e serviços, gestão de soc, execução de testes de vulnerabilidades (pentest),
analises de maturidade, phishing simulado, treinamentos e conscientização de usuários.
 sólida experiência em infraestrutura de ti, com ênfase em ambientes de missão crítica e
alta disponibilidade, data center, servidores (windows/linux), storage, virtualização
(vmware / hyper-v), replicação de dados, disaster recovery (dr) e redes.
experiência profissional
agrogalaxy – início: 03-2021 – término: 02-2023
gerente de arquitetura e cibersegurança de ti report.: cio
principais responsabilidades:
 desenvolvimento e gestão das áreas de arquitetura e cibersegurança, liderando uma
equipe de 10 colaboradores. definições de metas, feedback, avaliação de desempenho,
planos de desenvolvimento e capacitação. planejamento estratégico das áreas, gestão do
budget e contratos.
 arquitetura de projetos envolvendo, novas implantações, transformação digital e
processos de m&n. adoção e controle de padrões arquiteturais, desenhos técnicos,
estratégia de integrações e disseminação da cultura devops
 definição de roadmap/projetos de cibersegurança, analises de maturidade (nist, cis,
mitre att&ck), gestão de privilégios (pam) e incidentes, auditorias, gestão de
ferramentas e serviços (firewall, sase, antispam, mdm, edr, soc, pentest)
 gestão de ambientes multicloud (azure, gcp e cloud privada), finops e monitoramento.
resultados:
 maior eficiência operacional, através da implantação do sap e salesforce, unificando todas
as 8 empresas do grupo. atuando nas definições arquiteturais (desenho da solução, fluxos,
integrações e desenvolvimento) e cibersegurança (proteção de dados, criptografia, gestão
de acessos, conectividade e auditoria).
 elevado em 80% o nível de maturidade de ti, com a implantação de programa de
cibersegurança, composto por mais de 20 iniciativas, entre definição de normas, gestão
identidade, riscos e incidentes. padronização/adequação de ferramentas – implantação de
200 ngf (fortigate), prisma access (sase) e cortex edr (paloalto), fortimail (antispam),
intune (mdm). contratação de serviços de soc, pentest, phishing simulado e treinamentos
de conscientização de usuários.
 maior qualidade e eficiência no desenvolvimento e integrações, através da implantação de
plataforma de api management (wso2), arquitetura cloud native (kubernetes,
microserviços), cultura devops, analise de qualidade e segurança de código (sonarqube).
 redução de 30% nos custos diretos de infraestrutura, através do programa de unificação
das 8 empresas do grupo, adequação de ambientes on-premises, cloud publica/privada,
unificação de domínios/o365
líder arquitetura de ti report.: gerente ti
principais responsabilidades:
 desenvolvimento da área de arquitetura de ti, definição de padrões arquiteturais,
desenhos técnicos, estratégias de integrações, armazenamento e segurança da informação.
 disseminação da cultura devops, interface com o time de cibersegurança na adoção de
boas práticas, padronização de processos de ci/cd, automatização, iac, testes, qualidade
de código e governança.
 projetos de transformação, migração e integração de aplicações.
 gestão de ambientes multicloud (azure e gcp) e controle de custos (finops)
resultados:
 maior qualidade e eficiência no desenvolvimento de novos projetos através da adoção da
cultura devops e arquitetura cloud native. implantação de ferramentas/soluções (azure
devops, ansible, terraform, aks, docker, sonarqube), definições de estratégias de branch,
deploy, pr, pipelines e testes automatizados. – mais de 70 workloads em execução.
 participação em mais de 30 projetos, como responsável pela arquitetura, cloud e segurança
das novas aplicações.
 transformação/migração de 40 aplicações para o ambiente cloud, em especial soluções
outsystems, .net e java.
europ assistance brasil – inicio: 11-2011 – 11-2017
arquiteto de soluções cloud report.: gerente ti
principais responsabilidades:
 arquitetura de novas projetos, adoção de padrões arquiteturais, desenhos técnicos,
estratégias de integrações, sizing, disponibilidade, segurança e custos.
 gestão de plataforma multicloud (aws, ms azure), esteiras devops e conectividade.
 gestão de data center, administração de clusters vmware e hyper-v, storage, bancos de
dados (oracle, sql), servidores (windows, linux e aix).
 análises de segurança – revisão de acessos, auditorias, gestão de privilégios (pam) e
incidentes
resultados:
 transformação/migração de aplicações para cloud (aws) – tendo como destaque a
primeira migração de sap para a aws do país (2013)
 migração de data center (dc local para embratel), movimentação de sistemas de voz
(avaya), servidores virtuais (vmware), banco de dados (oracle) e storage.
 implantação de site dr, desenvolvimento e replicação dos ambientes, fornecendo
redundância completa (sistema, voz e dados).
grupo linx – início: 01/2007 – término: 11/2011
analista de infraestrutura sênior
telsul serviços s/a – início: 07/2004 – término: 01/2007
analista de infraestrutura pleno
ebit tecnologia em marketing - início:01/2002 – término: 06/2004
administrador de rede
atento brasil s.a. – início: 05/2001 - término: 12/2001
analista de suporte help desk
public contact center - início:03/2000 – término:08/2000
analista de suporte
formação acadêmica
 mba: gestão de projetos – universidade nove de julho – concluído em 2012
 graduação: ciências da computação – universidade nove de julho – concluído em 2007
certificações
 az 104 – microsoft azure administrator - 2022
 az 900 - microsoft azure fundamentals - 2020
 aws solution architect – associate - 2015
idiomas
 inglês - nível avançado (cursando)
formação complementar
 agile expert local: igti data: 05/2021
 devops professional local: igti data: 08/2020
 az-203 – developing solutions for ms azure local: ka solution data: 03/2020
",nao informado,sao paulo,sao paulo,nao informado
42552,Segurança da Informação,2023-04-13 11:06:31,Maria Clara Pires,2023-04-13 11:06:31,Srta. Sofia da Paz,:,,nao informado,nao informado,nao informado,,,,,nao informado,nao informado,nao informado,nao informado,"idade: 56 anos.
estado civil: solteiro.
objetivo: analista de suporte em administração de rede / infraestrutura
escolaridade:
superior completo
curso: processamento de dados
universidade mackenzie
conclusão: 1990
idioma:
inglês técnico.
experiência profissional:
hewlett packard brasil ltda.
período: 6 anos
06/01/2004 à 09/02/2010
função: analista de segurança da informação.
atribuições: administração de segurança em servidores, controle de acessos nos servidores
de arquivos e aplicações do cliente, e atendimento de chamados dentro de sla.
promon engenharia.
período: 4 anos
17/04/2000 à 05/01/2004
função: analista de suporte.
atribuições: administração dos servidores de backup, servidor de arquivos, servidor de
acesso a rede e antivírus, administração de usuários na rede (ad) e atendimento de
chamados relativos a estes servidores.
promom eletrônica.
período: 3 anos
01/09/1996 à 16/04/2000
função: operador de sistemas
atribuições: início como operador de sistema da área contábil, depois atuei como analista
de suporte.
prestador de serviço [anct – associação nacional das cooperativas de trabalho].
bfb leasing s.a. arrendamento mercantil.
período: 3 anos
04/02/1993 a 11/06/1996.
função: operador de sistemas jr.
atribuições: operador de sistema de leasing do bfb e suporte técnico em micro informática
do departamento de leasing.
engepartes com. imp. exp. e rep. ltda.
período: 2 anos
01/11/1991 a 31/01/1993.
função: operador de microcomputador.
atribuições: operador do sistema de controle de estoque e suporte em microinformática.
banco bradesco s/a.
período: 5 anos
10/01/1985 a 05/02/1990.
função: chefe de seção.
atribuições: início como contínuo fazendo atendimento ao público e promovido a chefe de
seção após dois anos e tendo atuado nesta função em vários departamentos da agência.
qualificações profissionais:
- instalação e configuração de programas nos sistemas operacionais windows 7, windows 8,
windows 2000, windows 2003, windows 2008, windows 10 e windows 11.
- suporte ao usuário na utilização do computador e dos programas nele instalados.
- instalação, montagem e configuração de computadores e periféricos em geral.
- atendimento de chamados dentro de sla estabelecida.
- gerenciamento de aplicações específicas do cliente (controle de acesso, cadastro de
usuários e manutenção da segurança).
- gerenciamento de servidores de arquivos, de antivírus e de backup.
- administração de usuários na rede (active directory).
- administração, controle e execução de backup de servidores (arcserve e omnibak).
conhecimentos/cursos técnicos:
- instalações e configurações de softwares em smartphone e tablet com sistema android.
",nao informado,sao paulo,sao paulo,nao informado
42553,Segurança da Informação,2023-04-13 11:22:28,Maria Clara Pires,2023-04-13 11:22:28,Theo da Rosa,:,,nao informado,nao informado,nao informado,,,,,nao informado,nao informado,nao informado,nao informado,"resumo profissional
com mais de 7 anos de atuação na área da tecnologia da informação, trilhei uma
carreira onde passei por diversas áreas, iniciando no desenvolvimento, depois para
infraestrutura, redes e finalmente segurança da informação, onde tenho me
estabilizado e aprofundado nos últimos 2 anos.
técnicos e de gestão, onde pude trabalhar com um grande número de profissionais e
também adquirir os mais diversos conhecimentos, que hoje me ajudam a entender
todo o ciclo existente nas empresas em que trabalhei e principalmente na área de
tecnologia da informação. estas experiências exigiram que eu me adaptasse e
procurasse o conhecimento através de normas, frameworks, boas práticas e
ferramentas suficientes para atingir as expectativas da instituição em um curto período
de tempo, devido a necessidade da empresa.
características pessoais
confiável, determinado, persistente, atencioso, facilidade para trabalhar em grupo e
ágil no aprendizado.
formação acadêmica
curso: graduação em ciência da computação.
instituição: universidade cidade de são paulo.
conclusão: dezembro de 2017.
cursos complementares
• técnico de informática – etec parque st. antonio – 360 horas
• inglês básico – microcamp – 120 horas
• windows server 2012 r2 - ka solutions – 80 horas
• privacy & data protection foundation – daryus – 12 horas
• privacy & data protection practitioner – daryus – 16 horas
certificações
information security foundation iso/iec 27001
instituição: exin
experiência profissional
spdm - associação paulista para o desenvolvimento da medicina (6 anos)
período: abril de 2021 até o momento.
atribuições: responsável pelo setor de segurança da informação, realizando o
gerenciamento de projetos, relatórios, riscos, vulnerabilidades e incidentes, realizando
a implantação de novas soluções e processos, visando a expansão da área na
instituição e a entrega de resultados.
outros projetos:
- implantação de políticas e normas de segurança da informação
- implantação de firewalls
- implantação de endpoint de segurança com detecção e resposta
- implantação de hardening e baseline
- implantação de cofre de senhas de acessos privilegiados
- implantação de software de anonimização de banco dado não produtivo
- implantação de siem
- implantação do soc
período: março de 2020 até março de 2021.
atribuições: responsável pelas equipes de suporte de todas as 45 filiais, pelo setor
de governança de ti, segurança da informação e privacidade de dados, utilizando
metodologias como itil e cobit. gestão de contratos e fornecedores de tecnologia,
criação, análise e acompanhamento de indicadores.
outros projetos:
- implantação e desmobilização do hospital de campanha da zona norte;
- planejamento e condução da implantação dos setores de governança de ti,
segurança da informação e privacidade de dados;
- desenvolvimento de processos, documentação, contratação de pessoal e soluções.
período: junho de 2018 até fevereiro de 2020.
atribuições: responsável pela rede de dados e telefonia de mais de 45 unidades de
saúde de pequeno a grande porte. gestão de projetos de implantação e melhoria,
desde o cabeamento até a implantação de equipamentos como pabx, switches e
servidores.
gestão dos fornecedores de link de dados e voz de todas as filiais, suporte e
manutenção a switches, servidores e ao office 365.
outros projetos:
- implantação de novas unidades absorvidas pelo grupo spdm, provendo treinamento
e documentação para continuidade do serviço;
- implantação e treinamento dos colaboradores nas ferramentas do office 365;
- implantação de links mpls e de telefonia;
conhecimento em tecnologias como:
- windows server 2008, 2008 r2, 2012, 2012 r2 e 2016
- switches 3com, hp e aruba
- office 365 e microsoft azure
período: fevereiro de 2017 até maio de 2018 (1 ano e 3 meses).
atribuições: gestão de duas equipes de suporte utilizando a metodologia itil e
cobit, atendendo 30 unidades de saúde básica em são paulo como pronto socorros,
amas, ubss e hospitais dia. estas equipes eram responsáveis pelo suporte de mais
de 1000 ativos de tecnologia, entre eles, computadores, impressoras, servidores,
pabx, além dos sistemas administrativos utilizados pelas unidades.
responsável também pela gestão de fornecedores, interface com a equipe de
tecnologia da prefeitura e gerência das unidades.
outros projetos:
- implantação de call center
- expansão do parque de computadores e impressoras
- adequação de servidores e backups
- implantação de novas unidades
- desenvolvimento e implantação de novos processos e melhoria dos existentes.
período: março de 2016 até janeiro de 2017 (11 meses).
atribuições: suporte geral a diretoria da empresa, apoio técnico na implantação de
novas unidades, apoio de nível dois as equipes de suporte das filiais, administração
de emails, criação e manutenção geral em servidores físicos e virtuais.
conhecimento em tecnologias como:
- windows 7 e 10
- office e microsoft exchange.
- windows server 2008, 2008 r2, 2012 e 2012 r2
- ad, gpo, dns, dhcp e wsus
- hyper-v e vmware
itx mídia online
período: março 2014 até fevereiro de 2016. (1 ano e 11 meses)
atribuições: criação de layout, desenvolvimento web, gerenciamento de projetos,
criação e envio de e-mail marketing, atendimento e suporte aos clientes.
conhecimento em tecnologias como:
- photoshop cs6
- fireworks cs6
- java script
- php
- html
",nao informado,sao paulo,sao paulo,nao informado
42554,Segurança da informação,2023-04-13 13:55:05,Luna Correia,2023-04-13 13:55:05,Dra. Anna Liz Cardoso,:,,nao informado,nao informado,nao informado,,,,,nao informado,nao informado,nao informado,nao informado,"   


contato
são paulo, são paulo, brasil
principais competências
verificação de vulnerabilidade experiência
gratidão de vulnerabilidade
proxy reverso
act digital
analista de segurança da informação sênior
novembro de 2022 - present (6 meses)
languages são paulo, brasil
ingles (limited working)

catho
certifications
analista de segurança da informação
segurança web: vulnerabilidades outubro de 2019 - outubro de 2022 (3 anos 1 mês)
do seu sistema e owasp
são paulo e região, brasil
amazon vpc: provisione uma
nuvem privada responsável por implementar e gerenciar as aplicações de segurança (edr
privacy and data protection - crowdstrike, casb - dlp - netskope, proxy - netskope, pam - senha
practitioner (pdpp) segura, ips - fire eye, siem - eventlog analyzer, mdm - google workspace,
fortigate – connected utm scan de vulnerabilidades - qualys, f-secure e insightvm).
(fortinet)
responsável pela implementação de regras de restrição de compartilhamento
amazon s3: manipule e armazene
objetos na nuvem de arquivos corporativos, com o propósito de evitar o vazamento de dados
""lgpd"".
análise e ajustes de configurações conforme melhores práticas de segurança
da informação.
gestão de vulnerabilidades em dispositivos windows, linux e ativos de redes,
gerenciamento de riscos.
criação e manutenção de documentações, políticas de segurança da
informação (psi, pci-dss, procedimentos).


logical it
analista de segurança da informação
outubro de 2017 - outubro de 2019 (2 anos 1 mês)
são paulo e região, brasil

responsável pela gestão das ferramentas corporativa (antivírus, firewall,
active directory, siem, proxy e proteção de vulnerabilidade).
gestão de documentações (criação/alteração) voltadas a políticas de
segurança da informação (pci, checklist, procedimentos, etc...).
gestão de logs através da ferramenta splunk (antivírus, firewall, active
directory, etc...).

  page 1 of 3
   


gerenciamento e acionamento do plano de resposta a incidentes (soc).
análise e ajustes de configuração das plataformas gerenciadas conforme
melhores práticas de mercado.
análise de riscos e vulnerabilidades e gerenciamento de patches.
analise e tratamento de incidentes de acordo com os procedimentos técnicos
de cada cliente e slas acordados.


construdecor s/a
analista de segurança da informação
setembro de 2015 - julho de 2017 (1 ano 11 meses)
são paulo e região, brasil

responsável pelo gerenciamento do firewall de borda fortigate da fortinet
(regras, web filter, vpn e etc...).
responsável em administrar o servidor de antivírus officescan v11 da trend
micro, tem como principal atividade o monitoramento e bloqueio de ameaças
(malware, ransomware, backdoor e etc...).
monitoramento em tempo real de toda a rede através da ferramenta fireeye
serie nx (ips).
administrador da ferramenta endpoints epolicy orchestrator (solidcore)
da mcafee que é responsável pela blindagem total do computador contra
qualquer execução de aplicações não autorizadas.
criptografia em 100% do disco (hd) com a ferramenta endpoint encryption da
trend micro.
analisar e atuar sobre os logs retirados da ferramenta forticloud da fortinet e
gerar relatórios para a gerencia e diretoria da ti.
gestão de acessos, criação/alteração e bloqueio de todo tipo de acesso
corporativo (sap, active directory, vpn, e-mail, internet e etc...).


dicico
coordenador de suporte / analista sap
março de 2013 - agosto de 2015 (2 anos 6 meses)
são paulo e região, brasil

coordenava a equipe de suporte em garantir o bom atendimento de todos
os chamados dentro do sla e garantir que os chamados fossem encerrados
de forma adequada e garantindo a resolução da duvida e problema do
usuário final sobre qualquer aplicação ou so, como configuração de e-mail
na ferramenta outlook, problemas de conexões de rede, análises e soluções
técnicas em hardware, monitoramento de serviços (link de dados, link de voz),
formatação de computadores (windows 7 e windows xp), backup de arquivos
e gerencia de usuários e computadores através do windows server 2008.

  page 2 of 3
   




como analista sap prestava suporte presencial e remoto, em qualquer
chamado sobre essa ferramenta, auxilio na utilização correta da ferramenta,
suporte em todos os erros apresentados em todos os módulos e tratava o
erros direto com consultores sap dentro da ti.


abyara brasil brokers intermed. imob. s/a
analista de suporte
junho de 2010 - junho de 2012 (2 anos 1 mês)
são paulo e região, brasil

suporte a sistemas - criação de usuários, configuração de e-mail na
ferramenta outlook, informações para utilizar o sistema, auxilio na ocorrência
de indisponibilidade do sistema.


suporte a usuário - presencial e remoto, auxilio na utilização de softwares,
conexões de rede, análises e soluções técnicas em hardware, monitoramento
de serviços (link de dados, link de voz), formatação de computadores
(windows 7 e windows xp), backup de arquivos e gerencia de usuários e
computadores através do windows server 2008.


todo!
técnico em informática
abril de 2009 - novembro de 2009 (8 meses)
alameda santos, 1767/1773

suporte ao usuário remoto, auxilio na utilização de softwares, configuração
de e-mail na ferramenta outlook, conexões de rede, formatação de
computadores (windows 7 e windows xp), backup de arquivos e gerencia de
usuários e computadores através do windows server 2008.


contax
operador de cobrança
setembro de 2005 - março de 2009 (3 anos 7 meses)




formação acadêmica
universidade paulista / unip
gestão em tecnologia da informação, ti · (2011 - 2013)




  page 3 of 3
",nao informado,sao paulo,sao paulo,nao informado
42556,Analista de Segurança,2023-04-13 14:22:19,Melina Montenegro,2023-09-28 18:23:22,Dr. Gael Moura,:,,nao informado,nao informado,nao informado,,,,,nao informado,nao informado,nao informado,nao informado,"brasileiro, casado, 28 anos, telefone: 11999887766



formação acadêmica:

● pós-graduação – segurança da informação ead – faculdade unyleya - concluído em
2022
● graduação - tecnólogo em análise e desenvolvimento de sistemas – universidade nove
de julho – ano de conclusão: 2015;


conhecimentos em:

● gcp/workspace,
● microsoft azure,
● antivírus - crowdstrike, kaspersky e trend micro.
● darktrace (investigação do incidente pelo jira, saas console, email console, análises pelo
breach log, antigena, system config)
● firewalls cisco asa e juniper, switches, vlans
● software de backup - backup exec e acronis
● windows server
● sistemas operacionais: linux, windows, windows server e macos

realizações:

● participei de implantações importantes como antivírus crowdstrike, endpoint central,
implantação de regras sox (sarbanes-oxley) e lgpd.
● responsável da empresa no projeto de migração do sistema erp protheus (versão 11 para
a 12) desde o mapeamento de processo até o roll out para outras áreas da companhia;
● responsável pelo projeto gmud da empresa global máquina cohn & wolfe;




experiência profissional:

tembici – uma das maiores empresas de micromobilidade da américa latina. empresa
nacional com cerca de 1000 funcionários

principais responsabilidades:

responsável pelo primeiro atendimento a resposta de incidentes, criação das políticas de
segurança e conscientização de colaboradores. responsável pelas configurações de
segurança no antivírus crowdstrike, endpoint central e darktrace

principais responsabilidades:
atendimento geral aos colaboradores, desde estagiários (as) até c-levels. responsável pela
implantação do antivírus crowdstrike, responsável pela implantação do endpoint central para
gerenciamento de computadores, configuração/ativação mfa nas contas google workspace,
configurações de gpo, configurações/automações no jira service management

máquina cohn & wolfe – uma das maiores agências de assessoria de imprensa do brasil,
empresa multinacional, com cerca de 250 funcionários.


27/04/2020) principais responsabilidades:


● como analista de ti, fui líder da área e responsável direto pelo pela escolha de projetos de
ti, contas a pagar, elaborando estratégias e procedimentos de contingências, coordenando
os trabalhos da equipe e negociando com consultorias. responsável pelo capex,
adequação às leis sox (sarbanes oxley), adequação à lei geral de proteção de dados
(lgpd) e disaster recovery.
● como assistente de ti e estagiário, além de prestar suporte geral aos colaboradores, fui
responsável por administrar o inventário, relatórios de antivírus e backup, e execução dos
backups de rede, controle de fitas lto, instalação de antivírus, implantação de backup em
nuvem e monitorar o todo o ambiente on-premise (switches, nobreaks, links de outros sites
e etc)


ericsson gestão e serviços – ramo tecnológico, multinacional com mais de
1000 funcionários (início 01/2014 – saída 05/2015)


principais responsabilidades:

● responsável por realizar atendimento telefônico com foco em prestação de assistência aos
técnicos. esclarecer dúvidas, passar informações, resolver problemas, auxiliar nas dúvidas
de prazos, dúvidas técnicas e demais assuntos relacionados com a finalidade de tirar
dúvidas oferecendo todo o suporte necessário.

start professional – ensino técnico, nacional, 20-40 funcionários


12/2013) principais responsabilidades:


● como coordenador pedagógico, fui responsável pelo corpo docente, delegando tarefas a fim
de alcançar resultados e desenvolvê-los profissionalmente. executar abertura de novas
turmas e suas nomenclaturas, marcar reuniões de pais, fazer avaliações com os
professores para melhorar a qualidade de aula.
● como professor e subcoordenador, fui responsável por lecionar aulas de informática, inglês
e gestão empresarial além de auxiliar os professores em todas as tarefas e a coordenação

idiomas
• inglês básico

cursos

● ethical hacker
● itil 4 – foundations
● itil 4 fast track
● 29900 - microsoft azure fundamentals (az-900)
● 30104 – microsoft azure administrator (az-104)
● 30500 - microsoft azure security technologies (az-500)
● protheus 12 - arquitetura e instalação
● inglês – english conversation course (ecc)
● 20411 administrando o windows server
● líder training
● excel avançado
● inglês, informática e gestão empresarial
● c.n.i – inglês básico e intermediário
",nao informado,sao paulo,sao paulo,nao informado
42557,Segurança da informação,2023-04-13 14:35:56,Luna Correia,2023-04-13 14:35:56,Gael Fonseca,:,,nao informado,nao informado,nao informado,,,,,nao informado,nao informado,nao informado,nao informado,"22 anos, solteiro - são paulo, sp - vila regente feijo
enviar mensagem


ver email
resumo do cv
cyber security consultant por 1 ano e 3 meses
security operations center analyst por 8 meses
português avançado e inglês intermediário
pretensão salarial: a partir de r$ 5.000,00
atualizado: há 7 meses
objetivo e qualificações
qualificações: analista de segurança da informação jr. consultor de segurança da informação. graduação em tecnólogo em segurança da informação . técnico em técnico em informática. inglês avançado. português fluente. japonês básico. experiência profissional com siem, soc, tratativa de tickets e abertura de chamados. contato com tecnologias de firewall, ips, ids, av, waf. experiência em gestão de projetos. desenvolvimento em grupo e conclusões de projetos.
experiência profissional
safeway consultoria empresarial ltda. epp


último salário: não informado

principais atividades: nivel 2 soc, responsável pela saúde do ambiente do siem realizando troubleshootings e implementando novas funções ao mesmo, consultoria de segurança para clientes, gestão de projetos, administração de equipe, criação de casos de uso para tratativa de incidentes de segurança.

safeway consultoria empresarial ltda. epp


último salário: não informado

principais atividades: analise de logs, utilizar o siem qradar para tratativa de ofensas, tratativa de tickets, criação de reports para clientes

fatec são caetano


último salário: não informado

principais atividades: desenvolvimento em grupo e conclusões de projetos.

formação
graduação em tecnólogo em segurança da informação - 01/2018 até 12/2020

fatec - faculdade de tecnologia de são caetano do sul

técnico em técnico em informatica - 01/2016 até 12/2017

colégio nossa senhora de lourdes

cursos e especializações
cybersecurity foundation

cecyber

curta (até 40 horas) - ano de conclusão: 2021

formação em redes de computadores - módulo 1

udemy

curta (até 40 horas) - ano de conclusão: 2021

engenharia reversa

uniciv

curta (até 40 horas) - ano de conclusão: 2021

pentest para iniciantes

udemy

curta (até 40 horas) - ano de conclusão: 2021

microsoft windows server 2019 [completo]

udemy

curta (até 40 horas) - ano de conclusão: 2021

total: comptia security+ certification (sy0-601)

total seminars

média (de 41 a 360 horas) - ano de conclusão: 2021

appgate commander

appgate

média (de 41 a 360 horas) - ano de conclusão: 2021

fundamentos em cibersegurança

learn-a-thon cisco

curta (até 40 horas) - ano de conclusão: 2019

introdução em cibersegurança

learn-a-thon cisco

curta (até 40 horas) - ano de conclusão: 2019

informações adicionais
certificações e certificados voltados para à área da tecnologia e segurança da informação
cnh categoria a e categoria b

idiomas
português avançado

inglês intermediário

japonês básico

dados pessoais

sexo: masculino

estado civil: solteiro

idade: 22 anos

data de nascimento: 07/12/2000

cidade: são paulo - sp

bairro: vila regente feijo



país: brasil
",nao informado,sao paulo,sao paulo,nao informado
42558,Segurança da informação,2023-04-13 14:42:11,Luna Correia,2023-04-13 14:42:11,Dr. Gael Castro,:,,nao informado,nao informado,nao informado,,,,,nao informado,nao informado,nao informado,nao informado,"33 anos, solteiro - são paulo, sp - jardim cinco de julho

enviar mensagem
resumo do cv
analista soc por 2 anos e 6 meses
analista de segurança da informação / soc por 1 ano e 8 meses
inglês e espanhol básicos
pretensão salarial: a combinar
atualizado: há um ano
objetivo e qualificações
qualificações: profissional de ti com mais de 7 anos de experiência na área de suporte , infra, noc, soc.
ampla experiência com sistemas operacionais microsoft e apple (windows xp, 7, 8, 8.1,10,servers, 2003/2008r2/2012r2).
experiência em active directory e administração da floresta.
ampla experiência com desktops, laptops e periféricos.
conhecimento em zabbix e grafana
conhecimento em qradar, splunk, alienvault ossim.
experiência em vmware, ambiente virtualizados.
tcp/ip, dns, dhcp, ftp, http, etc.
experiência com firewall dell sonicwall e fortinet.
conhecimento itil v3 foundation

garanto o cumprimento dos requisitos dos clientes (sla / nível de serviço) no que se refere à disponibilidade dos recursos de informática através do atendimento, registro, resolução das solicitações, administração das plataformas de tecnologia em operação.
experiência profissional
stone co


último salário: r$ 6200,00

principais atividades: siem (splunk enterprise security, algosec).
threat analysis (microsoft advanced threat analytics).

redbelt security sistemas e soluções de s. digital


último salário: r$ 5100,00

principais atividades: - siem (splunk enterprise security, alienvault).
- threat analysis (microsoft advanced threat analytics).
- web monitoring (web application firewall).
- firewall (check point).
- customer service.
- monitoramento de url's interna e externa.

magazine torra torra ltda.


último salário: não informado

principais atividades: realizamos monitoramento de links de lojas, sites e componentes da infraestrutura, a fim de detectar desvios e evitar indisponibilidade no ambiente, registramos ocorrência de falhas e acompanhamento de resolução de incidentes.
criação de regras em firewall sonic wall e fortinet, envio de relatórios diários sobre disponibilidade de serviços via monitoramento zabbix e grafana.

digisystem serviços especializados ltda


último salário: não informado

principais atividades: suporte n1 e n2 no software soul mv locado no hospital hc, realizamos um conjunto de soluções que facilitam o fluxo de dados entre os setores e integram todos os processos hospitalares. o sistema gerencia informações clínicas, assistenciais, administrativas, financeiras e estratégicas, proporcionando uma gestão mais eficiente e melhor atendimento para os pacientes.
o atendimento era realizado por abertura de sla, e realizávamos a solução via remotamente, ou presencial.

inove tecnologia em redes ltda.


último salário: não informado

principais atividades: realizando atendimento em chamados via sla, e atuando como field service em atendimento interno e clientes externo da empresa.
atendimento remotos e presenciais, criação e exclusão de usuários no active directory,
instalação de softwares diversos nos equipamentos, preparações de novos equipamentos,
renomeação de ramais via telecom, configuração de vpn, gerenciamento de riscos,
alteração de configuração em load balance, criação de regras em firewall sonic wall, e
inclusão de usuários em pastas corporativas.

todo! soluções em tecnologia ltda.


último salário: não informado


formação
graduação em engenharia de computação. - 02/2020 - atual

univesp - universidade virtual do estado de sp.

cursos e especializações
phising

cybrary

curta (até 40 horas) - ano de conclusão: 2019

fundamentos de rede

cybrary it

curta (até 40 horas) - ano de conclusão: 2019

liderança com inteligência emocional


curta (até 40 horas) - ano de conclusão: 2019

informações adicionais
wide sight escola de profissões:
windows, word, excel, access, internet, power point e montagem e manutenção em micros, e vasto conhecimento em redes.

sebrae sp – serviço de apoio às micros e pequenas empresas.
• qualidade máxima no atendimento ao cliente.
• como desenvolver liderança e estimular a motivação.
• auto desenvolvimento: como se tornar um líder eficaz.

habilitação categoria: a/b

idiomas
inglês básico

espanhol básico

dados pessoais

sexo: masculino

estado civil: solteiro

idade: 33 anos

data de nascimento: 18/08/1989

cidade: são paulo - sp

bairro: jardim cinco de julho



país: brasil
",nao informado,sao paulo,sao paulo,nao informado
42560,Analista de Segurança,2023-04-13 15:27:36,Emanuelly Vieira,2023-04-13 15:27:36,Rael Vieira,:,,nao informado,nao informado,nao informado,,,,,nao informado,nao informado,nao informado,nao informado,"objetivo
segurança da informação e privacidade de dados
formação
cursos e certiticados
 hacker rangers - white certified professional – 11-2022
 itcerts - certified data protection officer (dpo) - 05-2021
 itcerts - information security management foundation (iso/iec 27001) certification - 04-2021
 itcerts - information security riskt foundation (iso/iec 27005) v2 certification - 04-2021
 itcerts - lgpd foundation certification - 04-2021
 itcerts - gdpr foundation certification - 04-2021
 igti bootcamp – bootcamp profissional aws cloud computing – 05-2022
 igti bootcamp - curso técnico integrado – 12-2021
 igti bootcamp – arquiteto de cloud computing – 05-2021
 igti bootcamp – analista de defesa cibernética - 06-2021
 igti bootcamp – analista de ataque cibernético – 09-2021
 ti exames – jornada inicial de gestor de privacidade – 05-2021
 ti exames - jornada inicial do gestor de privacidade – 04-2021
 ti exames - curso itil v3 – 04-2013
 cruzeiro do sul – pericia forence computacional – 08-2021
 green - sc-900 - microsoft security, compliance, and identity fundamentals – 08-2021
 ti exames - curso itil v3 – 10-2013
 fundação bradesco - cursando ccna – 04-2011
 escola tecnosoft: linux (instalação e configuração básica e avançada), windows nt e 2000 server
(instalação e configuração básica e avançado) – 03-2000
 ingles – wizard – 06-2015
informações adicionais
leis, regulamentos, metodologias e melhores práticas internacionais
 sistema de gestão de segurança da informação, baseado na iso 27001 / 27002
 sistema de gestão de privacidade da informação, baseado na iso 27701
 lei geral de proteção de dados (lgpd)
 general data protection regulation (gdpr)
 payment card industry data security standard (pci dss)
sobre
● responsável por gerir o comitê de privacidade e comitê de segurança da informação
● garantir a aderência as melhores práticas de privacidade e segurança da informação, como nist, cis,
csa, iso2702 e well architected framework
● avaliar as melhores práticas e tecnologias, produtos e tendências do mercado de privacidade e
segurança da informação
● elaborar e revisar políticas, normas e procedimentos com foco em segurança da informação e
privacidade de dados
● conduzir e/ou responder às auditorias internas, externas e do banco carrefour (empresa do grupo
carrefour)
● estabelecer a continuidade de negócio e análise de processos primários e secundários do grupo
● liderar avaliações de riscos e traçar os planos de acompanhamentos e controle necessários para
proteger efetivamente os ambientes
● garantir governança, visibilidade e tratamento de vulnerabilidades dos recursos em ambientes cloud
e on-premises
realizamos um trabalho de implementar dentro da empresa politicas, processos e procedimentos onde
não existia, implementamos politicas de segurança da informação, continuidade de negocio. realizamos
todo o programa de consciência cibernética onde abrangia toda com treinamentos, quizzes e phishing.
realizemos ataques de phishing onde foram verificados quais setores não estavam capacitados para
esse ataque e ate onde tínhamos vulnerabilidades para ser explorado nesse ataque e para ser tomadas
ações de contra partida para essas vulnerabilidades. garantir a gestão contratual de todos os
fornecedores geridos pelo setor. realizamos o projeto junto ao parceiro onde tínhamos os
equipamentos de colaboradores entregue com cota monitoração e segurança do equipamento no
acesso da estrutura corporativa.
realizamos projeto onde foi analisado todos os recursos de infraestrutura onde reduzimos os gastos
em 20%, revisamos toda a estrutura de comunicação com clientes onde compunha equipamentos de
produtivo de datacenter sem interrupção.
experiência profissional
ewally – banco digital (empresa do grupo carrefour)
gerente de segurança da informação (segurança da informação e data protection officer)
09/2021 – 03-2023
● planejar e gerenciar as atividades e principais entregas de privacidade e segurança da
informação
● responsável por gerir o comitê de privacidade e comitê de segurança da informação
● realizar reports para alta direção através de dashboards, kpi, métricas, recomendações
e instruções
● realizar planejamento de capex/opex da área de segurança da informação
● garantir a aderência as melhores práticas de privacidade e segurança da informação,
como nist, cis, csa, iso2702 e well architected framework
● avaliar as melhores práticas e tecnologias, produtos e tendências do mercado de
privacidade e segurança da informação
● recomendar postura de segurança em cloud e on-premises identificando oportunidades
e melhorias
● efetuar desenho de arquitetura, soluções e ferramentas de segurança e privacidade
● conscientizar colaboradores e terceiros em ações de privacidade e segurança da
informação
● elaborar e revisar políticas, normas e procedimentos com foco em segurança da
informação e privacidade de dados
● conduzir e/ou responder às auditorias internas, externas e do banco carrefour
(empresa do grupo carrefour)
● conduzir e responder avaliações de conformidade de clientes, parceiros e fornecedores
● estabelecer a continuidade de negócio e análise de processos primários e secundários
do grupo
● liderar avaliações de riscos e traçar os planos de acompanhamentos e controle
necessários para proteger efetivamente os ambientes
● garantir governança, visibilidade e tratamento de vulnerabilidades dos recursos em
ambientes cloud e on-premises
● gerenciar simulações de ataque em sistemas, redes e aplicativos web e mobile
● conduzir o processo de resposta a incidentes de privacidade e segurança da informação
● forte parceria com a área de compliance, governança e riscos no mapeamento e
melhorias dos processos de negócio
● software express informática - empresa especializada no desenvolvimento de soluções
para comunicação, roteamento, autorização e conciliação de transações financeiras.
● realizamos um trabalho de implementar dentro da empresa politicas, processos e
e revogação de acesso que não existia, implementamos politicas de segurança da informação,
continuidade de negocio. realizamos todo o programa de consciência cibernética onde
abrangia toda com treinamentos, quizzes e phishing. realizemos ataques de phishing onde
foram verificados quais setores não estavam capacitados para esse ataque e ate onde
tínhamos vulnerabilidades para ser explorado nesse ataque e para ser tomadas ações de
contra partida para essas vulnerabilidades. garantir a gestão contratual de todos os
fornecedores geridos pelo setor. realizamos o projeto junto ao parceiro onde tínhamos os
equipamentos de colaboradores entregue com cota monitoração e segurança do equipamento
no acesso da estrutura corporativa.
software express/fiserv
analista de segurança e redes senior - 12/2011 – 09/2021
 elaborar e revisar políticas de segurança, controles de acessos a rede, sistemas e
ambiente cloud
 analisar e tratar vulnerabilidades e riscos para novos aplicativos e infraestrutura
 assegurar que os fornecedores estejam aderentes as melhores práticas de segurança
 combater e responder aos ataques cibernéticos
 acompanhar auditoria de certificação pci dss
 recomendar melhores práticas e tecnologias, produtos e tendências do mercado
 desenhar e implementar soluções, produtos e ferramentas de segurança
waf, siem, proxy, firewall, balanceador f5, roteador, switch
 trabalhar em conjunto com as equipes de desenvolvimento, operações, comercial e
produtos para implantação de novas soluções
 membro do comitê de governança para alterações de processos, adequação das normas lgpd,
iso, framework nist, auditorias internas e externas e apoio ao setor de noc, soc e boc.
 realizando um trabalho junto ao setor comercial garantindo desde o início do projeto todas as
normas de segurança, para que sua implementação seja seguida da forma que foi acordada no
início do projeto.
 realizamos projeto onde foi analisado todos os recursos de infraestrutura onde reduzimos os gastos em
20%, revisamos toda a estrutura de comunicação com clientes onde compunha equipamentos de
produtivo de datacenter sem interrupção.
iss facility services - empresa contratada da telefônica para implantação de projetos de
redes e telecom
analista de telecomunicações | 05/2010 - 10/2011
 gestão de rede e melhorias de comunicação e infraestrutura dos clientes telefônica
roteadores e switches: cisco, 3com, huawei e juniper
protocolos de roteamento: bgp, ospf e eigrp
nat, vpn, acl, qos, vlan, vlsm, vtp, stp, dhcp, dns e voip
 tecnologias mpls, metro ethernet, frame-relay, wimax, rádio, satélite, x.25
 redundância de lan: hsrp e vrrp
 troubleshooting avançado: redes lan e wan
dynamic tecnologia em ti - empresa voltada a prestação de serviço de infraestrutura
analista de infraestrutura junio | 05/2009 - 04/2010
 administração de servidores windows:
atualização de versões dos sistemas operacionais, aplicativos e patches
arquivos, e-mail, impressão, wsus, antivírus e ftp
rotinas de backup
administração de usuários, contas de e-mail, controle das permissões de acesso
implantação e administração das políticas baseadas em gpo
 estações de trabalho: configurar, instalar e manter estações de trabalho
windows 2000, xp, vista e seven
 configurar e manter switches, roteadores e rede sem fio.
membro da anppd®
associação nacional dos profissionais de privacidade de dados
",nao informado,sao paulo,sao paulo,nao informado
42562,Segurança da Informação,2023-04-13 15:37:59,Maria Clara Pires,2023-04-13 16:38:34,Luiz Otávio das Neves,:,,masculino,nao informado,nao informado,,,,,nao informado,nao informado,nao informado,nao informado,"

analista de segurança

código apinfo : 578.510

clique aqui para entrar em contato com o profissional
escolaridade : superior completo idade : 24 anos aceita propostas como : clt
disponibilidade : imediato inglês : fluente
sexo : masculino possui empresa aberta ? não portador de necessidades especiais ? sim
pretensão salarial clt : a partir de r$ 4.000,00 pj : a combinar última atualização : 13/04/23
profissional graduado em tecnologia em defesa cibernética pelo centro universitário fiap e pós-
graduando em direito da proteção e uso de dados pela pontifícia universidade católica de minas gerais
(puc minas), com 4 anos de experiência na área de segurança da informação, atendimento a clientes e
consultorias em segurança digital.
passagem pelas empresas: teleperformance (consultor de suporte técnico de maio/2018 a março/2019),
avanade (estagiário de junho/2019 a dezembro/2020 e analista de segurança da informação de
janeiro/2021 a dezembro/2021), vivo telefonica (analista de sistemas de janeiro/2022 a julho/2022) e
sovos (analista de segurança da informação de setembro/2022 a março/2023).
possuo bons conhecimentos em defesa cibernética, java, sql, lei de proteção de dados (lgpd) e
regulamentação de proteção de dados (gdpr), domínio em microsoft 365 com excel avançado,
forcepoint casb, logrhythm, symantec message gateway, symantec endpoint protection, microsoft
endpoint configuration management (sccm) e azure devops.

vivência internacional:
itália, hungria, república tcheca e suécia - viagem cultural e aprimoramento do idioma.

pcd com diagnóstico de transtorno do espectro autista (cid-10 f84.5/cid-11 6a02)
",nao informado,sao paulo,sao paulo,nao informado
42563,Segurança da Informação,2023-04-13 15:43:19,Maria Clara Pires,2023-04-13 17:02:14,Gael Pires,:,,masculino,nao informado,nao informado,,,,,nao informado,nao informado,nao informado,nao informado,"

analista de segurança

código apinfo : 546.023

clique aqui para entrar em contato com o profissional
escolaridade : superior completo idade : 27 anos aceita propostas como : clt
disponibilidade : até 1 semana inglês : intermediário
sexo : masculino possui empresa aberta ? não portador de necessidades especiais ? não
pretensão salarial clt : a partir de r$ 8.000,00 pj : a partir de r$ 14.000,00 última atualização : 27/03/23

brasileiro, 27 anos, solteiro

objetivo

analista de segurança da informação

resumo profissional

busco uma oportunidade na área de segurança da informação soc - resposta a incidentes.

formado em segurança da informação pela uninove e tenho experiência com análise de logs através
das soluções trend micro, splunk e graylog, responsável pela parte de mitigação e/ou eliminação dos
riscos de segurança através de gestão e correção.


graduação

segurança da informação , universidade nove de julho.
(dezembro de 2020) - concluído

cursos complementares

web hacking na prática, crowsec
(dezembro de 2023) - cursando

fundamentos de soc - security operations center, impacta
(junho de 2020) - concluído

ataques web, h4k security
(agosto de 2019) - concluído

pen test: técnicas de intrusão em redes corporativas, 4linux
(julho de 2019) - concluído

fundamental hacking, hacker security
(agosto de 2018) - concluído

office profissionalizante , bit company
(novembro de 2011) - concluído

idioma:

inglês - intermediário.

histórico profissional

logical it
analista de segurança pleno desde agosto/2022 a março/2023

- entendimento do contexto do incidente de segurança da informação;
- analisar os objetos envolvidos (ip, url, arquivo);
- analisar e responder os incidentes de forma apropriada com foco em minimizar os riscos do cliente;
- efetuar o tratamento adequado dos falsos-positivo;
- executar os playbooks apropriados;
- gerenciar filas e tickets (requisição de serviço, incidentes, problemas e gmud);
- documentar as ações no itsm (detalhamento da análise, comunicação e lançamento de horas);
- execução de tarefas agendadas e rotinas operacionais do soc;
- avaliar e testar procedimento e sistemas de segurança da informação, incluindo hardware e software;
- executar a curadoria de iocs no misp;
- auxiliar o time n1 com mentoria técnica;
- ministrar treinamentos técnicos para o n1.

banco santander
analista de cyber segurança - setembro/2021 a julho/2022

apoio a área de cyber executando atividades, tais como validação de controles, análise de riscos,
geração de indicadores e execução de testes com baixa supervisão.

modelagem de ameaças e análise de riscos. gestão das vulnerabilidades e acompanhamento das
correções junto as área de negócios.

gestão dos prestadores de serviços que executam os testes. acompanhamento da esteira devsecops.
execução de testes de segurança e hunting.

gerenciamento dos serviços de segurança contratados: controle dos terceiros, qualidade dos
entregáveis e níveis de serviço envolvendo gestão de vulnerabilidades definição de requisitos de
segurança e acompanhamento das esteiras agiles com as iniciativas devsecops.

manutenção dos planos de cyber resiliência.

logical it
analista de segurança da informação pleno desde abril/2021

- entendimento do contexto do incidente de segurança da informação;
- analisar os objetos envolvidos (ip, url, arquivo);
- analisar e responder os incidentes de forma apropriada com foco em minimizar os riscos do cliente;
- efetuar o tratamento adequado dos falsos-positivo;
- executar os playbooks apropriados;
- gerenciar filas e tickets (requisição de serviço, incidentes, problemas e gmud);
- documentar as ações no itsm (detalhamento da análise, comunicação e lançamento de horas);
- execução de tarefas agendadas e rotinas operacionais do soc;
- avaliar e testar procedimento e sistemas de segurança da informação, incluindo hardware e software;
- executar a curadoria de iocs no misp;
- auxiliar o time n1 com mentoria técnica;
- ministrar treinamentos técnicos para o n1.

logical it
analista de segurança da informação júnior - fevereiro/2020 a abril/2021

- monitoramento contínuo do ambiente frente à vulnerabilidades, intrusões ou sinais de atividade
anômala;
- atividades técnicas de primeiro nível no tocante à incidentes;
- análise de logs através das soluções trend micro, splunk e graylog;
- mitigação e/ou eliminação dos riscos de segurança através de gestão e correção de vulnerabilidades;
- execução de check-list diário e formulação de report ao cliente;
- elaboração de relatório referente à detecções/incidentes;
- auditoria de tickets/follow-up/within sla;
- gerenciamento, estruturação e melhoria contínua da ferramenta itsm (fresh service);
- apoio à análise de fluxo rotineiro de informações, estratégias e adequações internas necessárias;
- acompanhamento do andamento e eficácia das ações operacionais;
- confecção de playbook operacional para execução (n1);
- onboarding de colaboradores de primeiro nível.

trainee em segurança da informação i - junho/2019 a setembro/2019

- avaliação de segurança aplicações web e mobile (pentest grey e white box)
- análise de segurança de infraestrutura
- elaboração de cenários de testes
- elaboração de relatórios


outros objetivos

região de interesse
preferência pela região de são paulo/são paulo/br, somente no local selecionado
aceita viajar pela empresa.
aceita considerar propostas de outras regiões.

informações complementares

certificado em:
- fundamental hacking - 40h
- pacote office profissionalizante - 108h
- linux beginners in cloud online. - 20h
- pen test: técnicas de intrusão em redes corporativas - 40h
- ataques web - 60h
- fundamentos de soc - security operations center - 6h
",nao informado,sao paulo,sao paulo,nao informado
42564,Segurança da Informação,2023-04-13 16:11:52,Maria Clara Pires,2023-04-13 16:11:52,Sra. Luísa Aragão,:,,nao informado,nao informado,nao informado,,,,,nao informado,nao informado,nao informado,nao informado,"

analista de segurança

código apinfo : 396.050

clique aqui para entrar em contato com o profissional
escolaridade : superior completo idade : 39 anos aceita propostas como : clt
disponibilidade : até 15 dias inglês : tecnico
sexo : masculino possui empresa aberta ? não portador de necessidades especiais ? não
pretensão salarial clt : a combinar pj : a combinar última atualização : 28/02/23
- implantação, monitoramento e controle da certificação iso27001 - segurança da informação;
- elaboração e implementação de politicas e procedimentos;
- elaboração e implementação de kpis.
- realização de análises de risco com foco em melhorias e prevenção, bem como desenvolvimento de
planos de tratamento/ação;
- auditoria de processos e recursos de segurança e infraestrutura / auditoria interna iso27001;
- elaboração e realização de treinamentos de segurança da informação para conscientização dos
colaboradores.
- gestão da continuidade do negócio;
- coordenação de helpdesk com clientes em todo território nacional;
- contribuição para melhoria contínua nos processos de gerenciamento de serviços de ti;
- identificação e mapeamento de rotinas que possibilitem melhorias;
- gestão de ativos - inventário e uso aceitável.
- gestão de incidentes e requisições;
- gestão de mudanças, gestão da capacidade, cópias de segurança, registro de eventos,
monitoramento e vulnerabilidades;
- análise de fornecedores;
- suporte nível 2 e 3 a usuários internos e externos;
- rotinas e testes de restauração de backup;
- vivência em serviços de outsourcing de ti;
- experiência em auditorias como auditado e como auditor.

habilidades em:
- trabalhar em equipe;
- negociação;
- ministrar treinamentos;
- construir parcerias internas e externas.
- resolução de conflitos

certificações:
- itil v3 foundation certificated / osa
- iso/iec 27001:2013 - sistema de gestão da segurança da informação
- green it citizen

perfil:
- responsável, focado e sempre apto a aprender;
- postura colaborativa, flexível e proativa;
- boa comunicação verbal e escrita para todos os níveis hierárquicos.
",nao informado,sao paulo,sao paulo,nao informado
42566,Analista de Segurança,2023-04-13 20:39:16,Melina Montenegro,2023-04-13 20:39:16,Sra. Gabriela Moura,:,,nao informado,nao informado,nao informado,,,,,nao informado,nao informado,nao informado,nao informado,"analista de tecnologia i&o de nível hands-on, com trajetória de 13 anos na área de
tecnologia da informação. com atuação em empresas de diversos portes e
resumo segmentos, tais como: venture b2b especializada em soluções antifraude, indústrias,
instituto de pesquisas, centro de distribuição, transportadora, call center e noc.
profissional possuo experiência no gerenciamento de ambientes ti/ot, tic, iac, aplicações,
suporte, cibersegurança e segurança da informação, sólidos conhecimentos de
normativos e frameworks (itil, normas iso 27001, 27002, 27032 e lgpd).
pós graduado em segurança da informação. carreira evolutiva em si através de hard
skills.
histórico
information security analyst (atual) 04/2022
prossional topaz – group stefanini
 specialized analyst in ofd anti-fraud solutions..
analista de suporte de ti 03/2022
plural indústria gráfica
 atuação como analista nível sênior, onde prestei suporte para diversos níveis de
usuários e setores da empresa. além de ser apoio para a equipe composta por
assistentes de suporte;
 administração de servidores windows, active directory, gestão de usuários, glpi,
zabbix, backup exec, ad audit (dlp), kaspersky security center, controles de
documentação de rede, gerenciamento de roteadores, firewalls e switchs;
 atuei em ambientes certificado itil 27001 restritos segregado de alta segurança,
participei ativamente na criação de regras de segurança de prevenção contra
invasões físicas e lógicas;
 auditoria interna periódica de configurações de ações de políticas de segurança,
controles e gerenciamento de risco, de forma garantir adequação ao sistema sgsi;
 homologação dos processos de controle de acesso e sistema de segurança
eletrônica (cftv).

sysadmin (noc) 03/2019
o2b - operation to business
 administração google workspace e microsoft azure. monitoria proativa de
infraestrutura, servidores físicos e vms (cloud), banco de dados, redes desempenho,
integridade e performance dos sistemas, utilizando as ferramentas zabbix, grafana e
site 24x7. acompanhamento do workflow com ferramentas e processos devops;
 condução de incidentes críticos, responsável pela identificação de falhas, intermédio
com as áreas solucionadoras, participação de war room e comunicação de todo
formação ciclo do incidente, desde seu início até sua conclusão;

acadêmica pós-graduação lato sensu | mba, segurança da informação 2021
descomplica tecnologia e educação s.a

 ccsa - cybersecurity analyst | itcerts  devops essentials | 4linux
certificações  computer forenses foundation | itcerts  containers fundamentals | 4linux
 pentest essentials | itcerts  big data essentials | 4linux
e
 ethical hacking essentials | itcerts  linux essentials | 4linux
cursos  scrum essentials | itcerts  ccna 1 | cisco
 fundamento em cibersegurança | ibsec  cyberops associate | cisco
 microsoft security (sc-900) | ka solution  lgpdf | certiprof
 iso/iec 27001 information security associate |skillfront
 google cloud essentials | google
 cloud computing fundamentals | google
 create and manage cloud resources | google
",nao informado,cajamar,sao paulo,nao informado
42567,Analista de Segurança,2023-04-13 20:40:27,Melina Montenegro,2023-04-13 20:40:27,Sra. Pietra da Paz,:,,nao informado,nao informado,nao informado,,,,,nao informado,nao informado,nao informado,nao informado,"
nacionalidade – brasileiro
estado civil – solteiro
idade – 26 anos
cidade – mauá - sp
objetivo: oportunidade para atuação na área.
_____________________________________________________________
formação:
ensino superior – segurança da informação
fatec scs antônio russo.
inglês intermediário
arquitetura de redes
excel avançado
linguagem de programação (python, php, sap abap)
firewall
banco de dados
certificação iso27001/27002 exin
______________________________________________________________
experiência profissional
empresa – tata consultancy service
principais responsabilidades:
concessão, manutenção, revisão e remoção de acesso.
manutenção e elaboração de matriz sod.
mapeamento de riscos em acessos conflitantes.
extração de relatórios em sistemas e coleta de evidências em geral para atender auditorias internas e externas.
gestão de active directory, powershell, sap, sailpoint e ferramentas administrativas do office 365.
elaboração de procedimentos operacionais.
elaboração de macros para automatização de determinados processos.
gerenciamento de diretórios de rede em servidores.
atendimento a chamados e contato direto com outras áreas.
entre outras atividades do dia a dia.
período – fevereiro/2022 - atual
2023
",nao informado,maua,sao paulo,nao informado
19972,CONSULTOR SAS,2020-06-18 13:00:31,Eloah Leão,2021-05-11 11:18:11,Sr. Miguel Sampaio,:,1969-12-31,masculino,nao informado,nao informado,,,,,nao informado,nao informado,nao informado,nao informado,"av presidente humberto de alencar castelo branco, guarulhos –sp
casado, 47 anos

objetivo
consultor de informática, formado com 18 anos de experiência na área de informática, executando funções como coordenação de projetos, administrador de rede, analista/programador, analista de sistemas e administração de dados e modelagem de dados.
atualmente atuando com projetos de bi/dw, voltados para especificação, modelagem de dados, administração de dados e desenvolvimento.
atualmente na parte de modelagem de dados, estou atuando nas validações, construção e definição das melhores práticas de uso dos padrões utilizados pelo cliente nas ferramentas power designer e ea.
na administração de dados, estou atuando em validações dos modelos fisicos e lógicos recebidos das áreas cliente, nas tecnlogias oracle, db2 e sas.
gerenciamento de projetos e liderança técnicas em projetos de bi.

idioma
inglês avançado para conversão e escrita.

certificado oracle obiee./ owb

formação acadêmica
pós graduação em master in business intelligence – fasp 2008
superior em tecnologia de processamento de dados - faculdade hebraica brasileira renascença 1993 a 1996
colégio técnico em informática - colégio meta

experiências profissionais
leega consultoria (danone) 02/09/2019 consultor bi sênior
- projeto migração oracle para db2
- desenvolvimento em power center – projeto nutricia
- liderança de projeto de migração de banco de dados
- governança de dados
- modelagem de novos atributos e métricas
- desenvolvimento na ferramenta power bi
- desenvolvimento de etl na ferramenta talend

keyrus consultoria (banco bradesco s/a) 04/06/2019 – 01/09/2019 consultor bi sênior
- projeto credito financeiro veiculos
- especificação e mapeamento de processos
- desenolvimento e automatização em sas guide dos processos mis de crédito
- criação procedures em banco oracle
- modelagem de novos atributos e metricas
- desenvolvimento na ferramenta power bi

resource it (banco bradesco s/a) 06/08/2018 – 01/04/2019 consultor bi senior
-´desenvolvimento de etls no sas di
- desenvolvimento de rotinas e querys(sas guide / sql server)
- projetos de consórcio, financeiro e suporte e segurança
- mapeamento de informações, documentações e modelagem de dados.
- desenvolvimento de relatorios e dashboards em sas visual analytics
- desenvolvimento em alyteryx

assurance it (ache farmaceutica) 13/05/2017 - 13/07/2018 consultor bi sênior
-´desenvolvimento de etls no sas di
- desenvolvimento de etls na ferramenta data services (sap)
- modelagem multidimensional analsys services
- desenvolvimento de modelo/cubo (analisys services/qlkview)
- desenvolvimento de rotinas e querys(sas guide / sql server)
- parametrizacao e desenvolvimento de campanhas (salesforce crm/sas campaing)
- projetos de marketing e cuidados pela vida (programa de beneficios)
- desenvolvimento em power bi.
- desenvolvimento ferramenta datastage

sennit consultoria (cliente banco carrefour) 03/10/2016 -12/05/2017 consultor bi sênior
-´desenvolvimento de etls no sas di
- analise de campanhas – ferramentas sas ci e sas campaing
- análise de dados e manipulação no sas guide
- desenvolvimento de relatórios e dasboards no sas va
- modelagem multidimensional no dw corporativo oracle
- desenvolvimento com a ferramenta power bi.
- reuniões e especificações com o cliente de negócio
- projeto na área de portfolio de clientes
- projeto de campanhas em sas rtdm.

magna sistemas ltda (cliente artesp) 22/02/2016-03/08/2016
- gerenciamento e liderança técnica do projeto de bi de transportes
- projeto bi de transportes e acidentes de trânsito
- desenvolvimento de mapas (extração etl) na ferramenta power center
- desenvolvimento de mapas (extração etl) na ferramenta datastage
- desenvolvimento de etl nas ferramentas oracle obiee / owb.
- desenvolvimento de relatórios gerenciais na ferramenta sap bo web intelligence.
- construção de universos de modelos dm.
- consultas e origens sap bw.
- banco de dados db2 e oracle.

spread tecnologia s/a (cliente net - projeto pontual) 13/10/2015 – 19/01/2016
- projeto de campanhas net dbm
- desenvolvimento de campanhas na ferramenta sas/ci, sas campaign, sas rtdm;
- desenvolvimento de etls na ferramenta sas/di
- desenvolvimento da ferramenta guide 6.1 sas (etls e extração)
- administração do ambiente com a ferramenta sas/grid.
- construção de dashboards na ferramenta sas visual analytics

resource tecnologia s/a (cliente banco itaú -projeto pontual) 03/08/2015 – 10/10/2015
- projeto de tesouraria
- levantamento e entrevistas com os usuários
- desenvolvimento etl em sas guide.
- metodologia scrum

netpartners consultoria (cliente porto seguro - projeto pontual) 10/05/2014 - 01/08/2015
- projeto de controle de finanças de seguros residenciais
- levantamento e entrevistas com os usuários
- especificações funcionais
- desenvolvimento em datastage de etls
- criação de dashboards em qliqview nprinting

indra brasil s/a (cliente bhtrans - projeto pontual) 22/09/2014 – 05/05/2015
- gerenciamento de projeto bi de acidentes em belo horizonte
- projeto de mobilidade urbana – responsável técnico
- levantamento e entrevistas com os usuários
- especificação de requisitos e funcional
- modelagem de dados em power designer
- modelagem de dados na ferramenta ea
- desenvolvimento de relatórios e dashboards na ferramenta bo
- desenvolvimento de etls na ferramenta power center versão 9

victus consultoria ltda (cliente banco santander - projeto pontual) 24/03/2014 – 21/09/2014
- projeto campanhas conta conecta e sodexo, levantamento de requisitos
- desenvolvimento na ferramenta enterprise guide sas 4.0 (rotinas) e sas di
- homologação e implantação do projeto
- construção de views e procedures em oracle 11g
- desenvolvimento de relatórios em share point e excel.
- desenvolvimento de dashboards em sas visual analytics

digisystem consultoria (cliente /sesi) 12/06/2013 – 21/03/2014
- gerenciamento do projeto bi com metodologia scrum
- análises e levantamentos do projeto unidades sesi dw/bi
- construçäo, data warehouse sesi
- modelagem de dados ferramenta erwin 7.3
- desenvolvimento do cubo de dimensöes e fatos em analisys server(ssas) 2008
- desenvolvimento do etl do sistema origem para stage e dm na ferramenta integration server 2008(ssis)
- construção de relatórios gerenciais na ferramenta report services 2008
- desenvolvimento na ferramenta bi qlickview nprinting de indicadores/painéis de bi do projeto.

victus consultoria (cliente banco itaú) 05/05/2010 – 31/05/2013
- gerenciamento do projeto bi nas áreas de cobrança e cartão de crédito.
- análises de projetos voltados à área de cartão de crédito e cobrança.
- desenvolvimento e integração de dados em integration services micrisoft.
- desenvolvimento de cubos pra área de cartões de crédito na ferramenta analisys services microsofr.
- desenvolvimento de dasboards na ferramenta sas visual analytics.
- validação e administração de dados do modelo físico e lógico em banco oracle.
- especificação funcional para modelos voltados a projetos de cartão de crédito, cobrança e crm.
- definição e conceitos das melhores práticas de uso dos padrões utilizados nos modelos físicos e lógicos.
- desenvolvimento de modelos lógicos para área de cartão de crédito e cobrança na ferramenta power designer versão 15.
- participação na definição das entidades, atributos, relacionamentos e bibliotecas de modelos usados nos projetos de cartão de crédito e cobrança.
- criação e atualização de modelos corporativos de cartão de crédito e cobrança.
- criação e atualização do dicionário de dados (termos, natureza).
- apoio a modelagem de dados desenvolvidos no projeto.
- desenvolvimento em projetos em etl nas ferramentas (power center, sas, datastage versão 8.5 (sistema de proposta de cartão de crédito e cobrança) e cognos).
- desenvolvimento de painéis(dashboard), relatórios gerenciais em microstrategy na versão 9./ mobile.
- desenvolvimento de indicadires e dashboards em oracle business intelligence enterprise edition 11g.

h2m consultoria (cliente banco santander) 18/05/2009 – 04/05/2010
- coordenação e gerenciamento do projeto – calculadora financeira sas – basiléia.
- definição e especificação técnica do projeto basiléia.
- desenvolvimento de modelos físicos e lógicos do projeto basiléia.
- apoio e administração de dados (padrões, nomenclaturas e siglas) oracle sql developer data modeler.
- desenvolvimento etl na ferramenta power center – projeto basiléia
- desenvolvimento na ferramenta sas, (enterprise guide e data integration), módulo financeiro calculadora sas.
- otimização e desenvolvimento de macros sas (enterprise guide).
- desenvolvimento etl na talend open studio.

caad tecnologia 17/02/2009 – 10/05/2009
- desenvolvimento de relatórios e dashboard executivo na ferramenta
- microstrategy mobile, relatórios em bo.
desenvolvimento em oracle bi publisher.
modelagem em oracle report designer.
desenvolvimento de dashboard executivos em microstrategy/mobile.
modelagem de dados e documentação de processos nas ferramentas visio, erwin

tqi informática 18/08/2008 – 16/02/2009
modelagem de dados e documentação na ferramenta visio.
gerenciamento de projetos, trabalhando diretamente com a consultoria sas.
desenvolvimento e manutenção nas ferramentas cognos report studio, power play e report net.
desenvolvimento na ferramenta sas / enterprise guide, data integration relatórios gerenciais em data report studio, extração de dados etl.
manipulação de dados na ferramenta sas e pl/sql
implementação da solução cash management cliente tecban.
análises estatísticas para previsão de saque e abastecimento de caixas eletrônicos com a ferramenta forecast studio.
construção de metadados e rup
experiência em sistema datasul módulo ems5. (contas a pagar, receber, orçamentos)
desenvolvimento de vb. net com oracle e sql server do sistema de abastecimento.

unisystem consultoria 11/01/2008 – 17/08/2008
gerenciamento do projeto de datamining na vivo empresas.
desenvolvimento na ferramenta sas / macrovariaveis (criação de mailings, relatórios gerenciais, extração de dados ferramenta base do sas 9.1.
manipulação de dados na ferramenta sas e pl/sql
criação de relatórios em microstrategy
participação no projeto de crm (extração de dados)
desenvolvimento de etl na ferramenta power center
banco de dados teradata
elaboração de relatórios gerencias de billing para vivo empresas.

probank s/a 01/08/2007 a 10/01/2008
desenvolvimento de etl em teradata para projeto dw banco ibi méxico
desenvolvimento de relatórios gerenciais em b.o web intelligence.
criação e administração de universo em b.o para projeto ibi - extração de dados e procs em sas.
modelagem de dados e criação de universos
criação de procedures em pl/sql

softtek – consultoria 13/04/2007 a 31/07/2007
desenvolvimento de etl em sql server 2005
implantação de projeto dw com criação de relatórios (cubo em cognos)
desenvolvimento e manutenção na ferramenta cognos report studio, power play, report net e framework manager.
administração da base de dados em sql server 2005 e dts.
desenvolvimento de etl na ferramenta power center

telecomunicações de são paulo (telefônica) 05/09/2005 a 11/04/2007 analista de sistemas pleno (data warhouse)
desenvolvimento na ferramenta eti, na ferramenta power center com banco de dados teradata/oracle/sql (dw)
modelagem e administração de dados em erwin, sistema dw com metadados.
especificação funcional
experiência na ferramenta business objects.
experiência na ferramenta microstrategy versão 7 e 8.
desenvolvimento e implantação do sistema de atendimento a clientes
desenvolvimento, monitoração e acompanhamento dos processos no mainframe (módulos ctrl m, roscoe e tso2, racf), desenvolvimento de scripts em jcl e banco de dados adabas / db2.
desenvolvimento na ferramenta sas versão 8 e 9.
administração de dados no banco teradata.
desenvolvimento de querys e extração no banco de dados teradata e db2.
análise de negócio nas subjects (speedy, faturamento, cobrança/dívida, cartão pré-pago, atendimento a clientes, movimentações, tarifação e tráfego)
administração de sistema corporativo no ambiente unix/oracle (pl/sql)
certificação cmmi
homologação e testes de sistemas em ambiente unix e mainframe.
administração sistema de rh coorporativo sap r3.
suporte na ferramenta atlys.

grupo sms 19/07/2004 – 01/09/2005 analista de sistemas
extração de informações de bmp, interconexão, billing, fat, siu, tcl em querys desenvolvidas em sql plus oracle.
elaboração de relatórios gerenciais de tráfego, bilhetagem e risco para garantia de receita.
criação e administração de stored procedures e packages no pl/sql.
processo automatizado de atualização de relatórios de faturamento em macros.
desenvolvimento de portal de gráficos voltados para o resultado de garantia da receita em java.
extração e tratamento de dados no sas/base versão oito.
suporte na ferramenta atlys.

bunge fertilizantes s/a 07/03/2004 – 18/07/2005 analista de sistemas
desenvolvimento de sistemas na linguagem centura/ vb com banco oracle
criação e administração de stored procedures e packages no pl/sql.
definições e liderança de projetos voltados para a área industrial.

tci controller 20/11/2002 - 06/03/2004 analista de sistemas
modelagem e administração de dados oracle 9i (dba).
desenvolvimento de sistema de automação industrial em vb 6.0 com oracle.
coordenação de projetos de sistemas industriais.

telesp celular 06/02/2001 a 06/10/2002 analista de sistemas
responsável pelo sistema de caixa microsiga (protheus e siga loja) nas lojas telesp celular
desenvolvimento e suporte na ferramenta siebel crm.
gerenciamento dos projetos de implantação do sistema de caixa sap.
programação em sql windows centura – sistema antifraude com banco de dados sql server 2000.
responsável pela implantação do sistema de caixa microsiga
responsável pelo roll out do sistema de caixa microsiga para o sap módulo basis.
coordenação de projetos de sistema de senhas nas lojas telesp celular
administração e coordenação da abertura de lojas telesp celular
suporte help desk (windows xp, unix, windows nt 4.0)
implantação da solução de pdv.
experiência em transações com cartões de crédito pré-pago
implementação e administração de banco de dados sql server 7.0
protocolos de redes tcp/ip, lan/wan
implementação de servidor web iis, protocolos de segurança, chekpoint, firewall.
medição de performance de link com a ferramenta snifer
coordenação do projeto de auto-atendimento – desenvolvido em delphi com banco sql server 7.0
implementação e administração em banco de dados sybase
coordenação de projetos gerenciais

editora abril s/a 07/2000 a 02/2001 consultor de sistemas
desenvolvimento de projetos web
desenvolvimento do projeto web coca light e veja capitais
acompanhamento de projeto/equipe de informática da revista veja
desenvolvimento do sistema da redação da revista veja em asp, vb, delphi e sql windows centura com banco sql server 2000.
implentação de servidor web, protocolos de segurança, firewall, linux, check point
modelagem (mer) de banco de dados sql server 2000 e oracle 8i.
administração dba banco sql server 7/2000.
tunning de banco de dados sql server 2000.
coordenaçao de projeto web roteiros (bares, restaurantes, danceterias).

banco bradesco s/a 03/2000 a 07/2000 analista de sistemas/suporte
administração de banco de dados sql server 7 para as agências e caixas eletrônicos bdn
administração e suporte a redes windows nt 4.0 server

sispro sistemas ltda 03/99 a 03/2000 analista de sistemas
administração de redes windows nt 4.0, unix, linux
administração de banco de dados oracle e sql server 7/2000
desenvolvimento de sistemas em visual basic
desenvolvimento de sistemas integrado em delphi
suporte aos clientes - sistema financeiro desenvolvido
administração de banco de dados sybase
treinamento para usuários

universo online 06/98 a 03/99 analista de suporte
suporte a internet e conectividade
suporte a clientes nas plataformas windows nt, windows 98,95, unix
suporte a banco de dados oracle e sql server – help desk
implementação de servidor firewall para segurança de rede
implementação de servidor iis

danielle metais 06/96 a 06/98 analista/programador
desenvolvimento do sistema integrado na empresa em cobol 4.5 e cobol para unix
migração do sistema para visual cobol e visual foxpro.
programação sql windows centura – sistema financeiro (banco sql server 7).
experiência em administração de banco de dados progress e informix.
migração da rede sco para windows nt server 4.0
administração da rede windows nt server 4.0 e workstation nas estações
desenvolvimento da home page da empresa.
coordenação do departamento de sistemas e projetos
cabeamento estruturado de rede
protocolos de segurança, tcp/ip, lan/wan
implementação de servidor web – iis

itautec philco s/a 11/93 a 06/96 estagiário de processamento de dados/analista de sistemas
responsável pela manutenção de hardware e software nos departamentos de planejamento de materias e compras.
montagem de querys em sql/400 para cálculo de materiais do departamento de compras.
administração de rede novell 3.11, operação, instalação e configuração em sistema as/400 (sistema rpg, windows 95, excel, word e clipper.

cursos
- administração de windows nt server 4.0 / workstation 4.0 – impacta
- curso de pmi – fundação vanzolini usp
- administração de banco de dados sql server 6.5 – impacta
- administração e suporte avançado windows nt server 4.0 – brás figueiredo
- linguagem de programação visual basic 5.0 / 6.0 – impacta
- linguagem de programação visual objetcs – impacta
- administração de banco de dados oracle 8.0 server
- administração de rede novell 4.11 e 5 – café do ponto
- administração de rede unix sco/edisa / hp
- conexão com internet em windows 95/98, windows nt e 2000, windows nt server (proxy), linux
- protocolos ipx, tcp/ip, netbios, lan/wan, roteadores cisco, firewal, modems, hubs.
- curso de desenvolvimento de home page, html, java, photoshop – senac
- curso de microsoft exchange – brás figueiredo
- administração e implementação de sistemas para lojas – telesp celular s/a
- internet information server –iis – brás figueiredo
- curso de desenvolvimento na ferramenta etl
- curso de administração e desenvolvimento no banco de dados teradata
- treinamento em mainframe nas ferramentas ctrl m, roscoe e tso.
- curso de coodernação lógica em mainframe (permissões e acessos).
- curso de b.o designer na versão web intelligence (business objects)
- curso de universo b.o (business objects)
- certificação base programmer for sas®9 – empresa (sas)
- curso de modelagem de dados em power designer versão 15
- curso de desenvolvimento power center versão 8.6
",nao informado,nao informado,nao informado,nao informado
41461,Analista NOC,2023-02-02 09:29:03,Luna Correia,2023-02-02 09:29:03,Sr. João Guilherme Moraes,:,,nao informado,nao informado,nao informado,,,,,nao informado,nao informado,nao informado,nao informado,"26 anos, solteiro - são paulo, sp - jardim helian

enviar mensagem
resumo do cv
analista de redes (noc ii) por 3 anos e 4 meses
analista de infraestrutura - ti por 1 ano
inglês intermediário
pretensão salarial: a partir de r$ 2.000,00
atualizado: há 4 meses
objetivo e qualificações
qualificações:
experiência profissional
hostfiber


último salário: r$ 2597,00

principais atividades: atendimento aos clientes via chamado técnico e via voz, monitoramento de rede através de ferramenta nagios, verificações de link de internet via console de equipamentos: huawei, datacom, cisco, juniper e furukawa. ativação lógica de links de internet, tshoot de problemas técnicos relacionados a circuitos de redes desde interfaces de uplinks a link bgp internacionais.

vikstar contact center s.a.


último salário: r$ 1411,00

principais atividades: suporte a usuários, administração de servidores (ad), analise e escalabilidade da rede da empresa, criação de compartilhamento de arquivos entres os departamentos, administração de switches e routers cisco.

smartlink tecnologia em informática ltda. -me


último salário: r$ 1600,00

principais atividades: suporte a clientes da empresa na área de informática, montagem e manutenção de hardware, administração de servidores e a rede das empresas clientes.

duk informatica


último salário: r$ 1200,00

principais atividades: suporte aos clientes da empresa, manutenção e montagem das estações, cabeamento estruturado, instalação de softwares, administração de servidores windows e linux. permissão e criação de arquivos e pasta na redes, atendimento via ferramenta de chamados.

formação
graduação em redes de computadores - 07/2017 - atual

universidade cruzeiro do sul

técnico em tecnico em informática - 03/2015 até 06/2017

senac

ensino médio - 02/2011 até 11/2014

josé de oliveira orlandi

cursos e especializações
administrador de redes

senac são miguel

longa (acima de 360 horas) - ano de conclusão: 2019

operador de redes

senac

média (de 41 a 360 horas) - ano de conclusão: 2017

pacote office

senac sp

curta (até 40 horas) - ano de conclusão: 2017

montagem e manutenção de hardware

senac

média (de 41 a 360 horas) - ano de conclusão: 2017

windows server 2016

senac

curta (até 40 horas) - ano de conclusão: 2017

red hat linux

senac

curta (até 40 horas) - ano de conclusão: 2016

idiomas
inglês intermediário

dados pessoais

sexo: masculino

estado civil: solteiro

idade: 26 anos

data de nascimento: 21/01/1997

cidade: são paulo - sp

bairro: jardim helian



país: brasil
",nao informado,sao paulo,sao paulo,nao informado
41463,Analista de NOC,2023-02-02 09:38:32,Luna Correia,2023-02-02 09:38:32,Sra. Hellena Siqueira,:,,nao informado,nao informado,nao informado,,,,,nao informado,nao informado,nao informado,nao informado," graduação
administração, universidade paulista – concluída.
cursos complementares
ti – grenn treinamentos – concluído
sql– udemy
porto seguro
analista monitoramento noc
implementação e sustentação de monioramento utilizando a ferramenta zabbix,dynatrace e grafana
experiencia em suporte e servido linux
experencia com banco de dados mysql
bons conhecimentos em utlização de servidores windows.
conhecimentodas tecnologias: jira,sap erp, banco e b2b.
período da atuação: 10/2021 a 01/2023
oi s/a
analista de monitoramento
monitorar o desempenho de sistemas e componentes de infraestrutura. realizar abertura / acompanhamento / atualização de chamados na
ferramenta de gestão de serviços; garantir oacordo de nível de serviço (sla), dos chamados firmados com os clientes. acionamento técnico,
atualizações e realizando suporte as equipes envolvidas na resolução dos chamados; atualizarstatus dos incidentes e da operação através
das ferramentas noc zabbix, soc e 360 .grafana e service now . conduzir conferências técnicas para resolução dos incidentes status críticos
mais agravantes. atuava na execução de testes para identificar melhor forma de correção, manutenção dos dashboards, reports e alertas,
disseminar a base de conhecimento com os demais colaboradores.
período da atuação: 08/2017 a 10/2021
vivo
analista de suporte monitoramento
planilhas de atendimentos e registrospor meio dos sistemas erp/sap e outros integrados do grupo. priorizando as demandas de forma
ferramentas noc zabbix, grafana e service now .
período de atuação: 06/2013 a 07/2017
egs telecom
analista de suporte monitoramento
atuando nas operações de redes de transporte e dados. efetuando tratativas de trouble tickets referentes as redes de sdh e dados comutador por
circuito e pacotes. suportando as ações de correções locais dos equipamentos sdh/ mux,dwdm,new bridge e passport. experiência atuando
com zabbix , gerenciando de chamadas por meio da ferramenta jira .auxiliando no monitoramento dos equipamentos de redes e equipes
externas. acionamento e interação com outras áreas da empresa e também com outras operadoras, com a finalidade de correlacionar ecorrigir
falhas. análise de processos e participação em projetos de telefonia. telefonia estruturada e ip. backup. instalação e configuração de dwdm
alcatel, padtec
período de atuação: 05/2011 a 04/2013
",nao informado,sao paulo,sao paulo,nao informado
41464,Analista,2023-02-02 09:39:48,Clara Rios,2023-02-02 09:39:48,Erick Duarte,:,,nao informado,nao informado,nao informado,,,,,nao informado,nao informado,nao informado,nao informado,"analista noc jr, callflex sistemas digitais em sp
de 12/2020 até 01/2023

informática, ti, telecomunicações - ti (analista)

empresa no segmento de telecomunicações voltado para a área de entrega de soluções no setor de callcenter. realizo a monitoração da rede interna dos clientes, realizando reports e abertura de chamado... +info

ensino superior em tecnólogo em eletrônica industrial, faculdade de tecnologia senai anchieta em sp
de 01/2010 até 12/2014

redes sociais
resumo
tenho formação técnica da área de eletrônica. sou formado no curso superior na área de eletrônica industrial na faculdade de tecnologia senai anchieta. trabalhei por mais de 2 anos em bancada fazendo manutenção em aparelhos eletrônicos e trabalhei em monitoração de redes e dados (noc) em telefonia móvel por mais de 4 anos. trabalhei durante 4 anos na área de gestão de reparos direcionados a rede wi-fi e dados em agências bancárias. experiência em gerenciamento e monitoração em serviços de rede (noc) nas tecnologias 2g, 3g e lte. trabalhei em bancada de eletrônica na manutenção de equipamentos eletrônicos, reparos em placas e circuitos em geral. realização de relatórios e certificados de controle de qualidade de equipamentos mecânicos e eletrônicos na área aviônica. gerenciamento e coordenação de reparo referente a qualidade de entrega do serviço de wifi em agências bancárias. análise de entrega do serviço ao cliente. realizo relatório técnico de validação e instalação de equipamentos mensalmente para medição das equipes de campo para medição do trabalho entregue. monitoração da rede interna dos clientes, realizando reports e abertura de chamado para a equipe de ti/ infraestrutura em caso de falha no link ou queda de conexão dos servidores dos clientes. realizo a monitoração através da ferramenta zabbix e nos acessos aos servidores pela plataforma vmware para registrar evidências de falhas. pretensão salarial em torno de r$ 3300,00.
objetivos profissionais
engenharia - engenharia elétrica, eletrônica, eletrotécnica
engenharia - engenharia telecomunicações
informática, ti, telecomunicações - suporte técnico
informática, ti, telecomunicações - análise de sistema
informática, ti, telecomunicações - telecomunicações
pretensão salarial: r$ 3000,00 - 4000,00 (bruto mensal)
jornada: período integral
tipo de contrato: efetivo – clt
nível hierárquico: operacional - analista
formação acadêmica
ensino superior em tecnólogo em eletrônica industrial, faculdade de tecnologia senai anchieta em sp
jan. 2010 até dez. 2014
curso técnico em eletroeletrônica, e.t.e guaracy silveira em sp
jan. 2007 até jun. 2008
ensino médio (2º grau) em ensino médio (2º grau), e.e. comendador miguel maluhy em sp
jan. 2004 até dez. 2006
experiência profissional
analista noc jr, callflex sistemas digitais em são paulo - sp
dez. 2020 até jan. 2023

informática, ti, telecomunicações - ti (analista)

empresa no segmento de telecomunicações voltado para a área de entrega de soluções no setor de callcenter. realizo a monitoração da rede interna dos clientes, realizando reports e abertura de chamado para a equipe de ti/ infraestrutura em caso de falha no link ou queda de conexão dos servidores dos clientes. realizo a monitoração através da ferramenta zabbix e também nos acessos aos servidores pela plataforma vmware para registrar evidências de falhas.

ajudante geral, mile high ironworks em
dez. 2019 até fev. 2020

industrial, produção, fábrica - serralheiria (auxiliar)

empresa no ramo de serralheria localizado na cidade de aurora (eua). auxílio na construção e instalação de chapas de metal em empresas. realizar limpeza nos cortes de chapas de metal em serralheria. auxílio na construção e instalação de decks em residências. auxílio em cortes de chapas de metal em tubos.

analista de suporte sênior, mam informática em são paulo - sp
fev. 2016 até dez. 2019

informática, ti, telecomunicações - suporte técnico (analista)

monitoração e coordenação de chamados referentes a falha no serviço de wifi em agências bancárias. tratamento de chamados para falha em links tanto em reparo em cabeamento externo e equipamento interno. análise de desempenho de entrega do serviço ao cliente. elaboração de relatórios técnicos e validação nas medições de equipamentos entregues mensalmente.

técnico em telecomunicações iii, nextel telecomunicações ltda em sp
mai. 2013 até nov. 2015

informática, ti, telecomunicações - telecomunicações (operacional)


estágio em eletrônica, anritsu eletrônica ltda. em sp
nov. 2012 até abr. 2013

informática, ti, telecomunicações - suporte técnico (estagiário)

empresa multinacional especializada no ramo de teste e medição de instrumentos de telecomunicações. faço a análise, levantamento e coleta de dados, projeto dispositivos de comandos automáticos, auxilio na montagem e instalação. realizo orientação, execução e reparo nos instrumentos de medições e testes. faço o envio de orçamento e cotação de chamado técnico ao cliente.

técnico em telecomunicações jr., nokia siemens networks ltda em sp
mar. 2011 até jul. 2012

informática, ti, telecomunicações - telecomunicações (operacional)


auxiliar técnico júnior, navy aero space comércio e serviços importação e exportação em sp
jan. 2009 até jan. 2011

engenharia - engenharia elétrica, eletrônica, eletrotécnica (auxiliar)

empresa de pequeno porte no ramo de importação e exportação e manutenção de equipamentos aviônicos. exercer funções de manutenção de baterias alcalinas, processo de reciclagem, teste de capacidade e verificação de funcionamento de sensores de temperatura. preenchimento de ficha de teste e elaboração de relatório técnico. realização de calibração de equipamentos de bancada como fontes de alimentação e multímetros conforme procedimento de calibração. auxílio aos técnicos nas manutenções e instalações de equipamentos aviônicos.

auxiliar técnico, plebal plenna balanças comércio importação e exportação ltda em sp
out. 2007 até jul. 2008

engenharia - engenharia elétrica, eletrônica, eletrotécnica (estagiário)


auxiliar de produção, multek brasil ltda em sp
dez. 2005 até jun. 2006

engenharia - engenharia elétrica, eletrônica, eletrotécnica (estagiário)

empresa multinacional do ramo de eletrônica.exercer função de montagem de dispositivos, pinagem e levado para o teste elétrico para verificar o funcionamento dos dispositivos. cadastramento dos mesmos nos computadores e desmontar para próximos pedidos de testes e encaminhados para exportação.ajudar os funcionários em outros setores da empresa quando necessário.
",nao informado,sao paulo,sao paulo,nao informado
41465,Analista NOC,2023-02-02 09:41:02,Luna Correia,2023-02-02 09:41:02,Alexandre Sá,:,,nao informado,nao informado,nao informado,,,,,nao informado,nao informado,nao informado,nao informado,"44 anos, solteiro
objetivo

tecnologia da informação: suporte técnico, monitoramento (noc)
habilidades & competências

gestão de incidentes, gestão de chamados e níveis de serviços.
conhecimentos em itil, serviços de itsm, zabbix, dynatrace, grafana
experiência

analista de monitoração pleno – union it 03/01/2022 à 03/01/2023
execução de atividades de monitoração, suporte e operação. registro de chamados de incidentes e solicitações. atendimento de chamados de n1 de infraestrutura relacionados a servidores, banco de dados, redes, midleware, cloud e virtualização. acompanhamento das ferramentas de monitoração do datacenter e dos serviços em execução de forma pró-ativa. encaminhamento de ocorrências as equipes responsáveis, documentando as ações executadas nos controles internos.
analista de monitoração noc – c&a brasil - 24/06/2021 à 25/10/2021. temporário
monitoramento da infraestrutura física e lógica, através de ferramentas de monitoração. cadastro, classificação e controle de incidentes, acionamento suporte n2.
analista de suporte pleno – ctis tecnologia s/a - 11/10/2018 à 09/05/2020
acompanhamento de alertas através das ferramentas de monitoramento e direcionamento com os responsáveis pela resolução. acompanhamento do retorno do status de atendimento dos alertas direcionados, envio de reports referente ao processo de monitoramento. gestão de chamados junto a operadoras de dados e voz.

educação

fmu – faculdade metropolitana unidas – pós graduação: especialização em segurança da informação e gestão de ti
02/2021 à 12/2022 (cursando)
uninove – universidade nove de julho – graduação: tecnologia em análise e desenvolvimento de sistemas
02/2010 à 07/2012 (concluído)
cursos e certificações

windows, linux, pacote office.
ndg linux unhatched
fortinet nse 1-2-3 network security expert
uipath – certified rpa associate
",nao informado,sao paulo,sao paulo,nao informado
41466,Analista,2023-02-02 09:43:44,Clara Rios,2023-02-02 09:43:44,Dr. Renan Santos,:,,nao informado,nao informado,nao informado,,,,,nao informado,nao informado,nao informado,nao informado,"analista de noc - sênior, granito pagamentos em sp
de 01/2020 até 01/2023

informática, ti, telecomunicações - ti (analista)

analista de comand center - noc - realizar monitoramento de servidores, aplicações, banco de dados, redes, segurança da informação, execuções de backup e infraestrutura em geral. - responsável p... +info

curso extra-curricular / profissionalizante em especialização em direito de novas tecnologias, curso de gerenciamento da ferramenta - avamar - solução de backup da dell em sp
de 01/2022 até 02/2022

redes sociais
resumo
sou um profissional que gosta de interagir com pessoas, minhas experiências sempre foram no ramo de tecnologia, porém o que move o mundo são pessoas e por isso valorizo boas amizade, respeito, honestidade, transparência e trabalho em equipe. essas são minhas qualidades e princípio na vida pessoal e profissional. cada empresa tem uma forma de trabalhar e equipamentos diferentes, estou sempre atualizando meus conhecimentos e técnicas conforme as necessidades do mercado, que a cada dia tem se tornado mais presente no mundo todo. resumindo sou um profissional que gosta de trabalhar com qualidade, estudei e me especializei tirando várias certificações, hoje me considero uma pessoa apta para atuar em diferentes funções na área. amo a minha profissão e por ela sempre entregarei sempre o melhor ferramentas que já atuei nas empresas e que me especializei em cursos. • administração de ambiente linux • gerenciamento do windows server • implementação de firewall • implantação de servidores linux e windows • cabeamento de redes conhecimento em bancos de dados (mysql) • implementação shell script. • conhecimento de grafana • rotinas de backup implementação de novos projetos instalação • gerenciamento (apache/iis) • conhecimento - ftp/sftp • serviços de monitoramento (nagios/zabbix) • bancos de dados (postgree) • serviços de monitoramento (solarwinds) • bancos de dados (vcenter) • e-mail softwares configuração • softwares instalação • impressora configuração e impressora instalação. • instalação de antivírus configuração de celulares, tablet entre outros dispositivos. • instalação de antivírus configuração e. • instalação de office • dúvida de windows em geral • orientar e buscar resolver da melhor forma todas as dúvidas em tecnologia. • gerenciar e mantar atualizado todo parque tecnológico • aplicar atualizações em servidores e dispositivos da rede • tratar incidentes alertados no zabbix, grafana. solarwinds e ferramentas de itsm • gerenciamento e atendimento de chamados suprte telefônico suporte remoto suporte presencial suporte avançado em campo.
objetivos profissionais
informática, ti, telecomunicações - suporte técnico
informática, ti, telecomunicações - análise de sistema
informática, ti, telecomunicações - infraestrutura
pretensão salarial: r$ 2500,00 - 3500,00 (bruto mensal)
jornada: período integral
tipo de contrato: efetivo – clt
nível hierárquico: analista - especialista
formação acadêmica
curso extra-curricular / profissionalizante em especialização em direito de novas tecnologias, curso de gerenciamento da ferramenta - avamar - solução de backup da dell em sp
jan. 2022 até fev. 2022
curso extra-curricular / profissionalizante em itil v3 foundation, itil v3 foundation em sp
jan. 2020 até jan. 2020
curso extra-curricular / profissionalizante em certificação de segurança iso 27001, iso 27001 em sp
jan. 2020 até jan. 2020
curso extra-curricular / profissionalizante em php e mysql, green treinamentos em sp
jan. 2019 até fev. 2019
ensino superior em ciências da computação, uninove - universidade nove de julho em sp
jan. 2016 até dez. 2018
curso técnico em formação windows - mcitp, centro universitário senac em sp
mar. 2016 até nov. 2016
experiência profissional
analista de noc - sênior, granito pagamentos em são paulo - sp
jan. 2020 até jan. 2023

informática, ti, telecomunicações - ti (analista)

analista de comand center - noc - realizar monitoramento de servidores, aplicações, banco de dados, redes, segurança da informação, execuções de backup e infraestrutura em geral. - responsável por aplicar gmuds, ambiente de produção e desenvolvimento. -principais funções • monitoramento de serviços através das ferramentas zabbix, grafana, solarwinds e vecenter. • gerenciar e manter atualizado sistemas de backup. • realizar restore de pastas no caso de perda. • monitoração, primeira análise e suporte à instalação, operação e manutenção de aplicações, sistemas e equipamentos (físicos e virtuais). • abertura de chamados, levantamento de dados relacionados e a primeira tratativa de solução. • execução de scripts via sistemas de schedulagem. (gmud)manter a base de conhecimento atualizada e propor melhorias. • realizar diretores da empresa referentes aos tickets que estão sendo tratados na operação. • • monitoramento de toda a infraestrutura do ambiente. • avaliar cada incidente e automatizar a solução para cada caso. • identificar possibilidades de melhorias e participar de projetos juntos ao time de sustentação. • atuar junto ao time de segurança no monitoramento e prevenção antifraude • gestão de acesso active directory • gestão de antivírus, configuração, instalação e criação de novas regras • instalação e configuração de firewall (fortigate e sonicwall) • acompanhamento em atendimento de terceiros, links, infraestrutura, cabeamento (vivo, tim, edenred)competências: monitoramento – sustentação – segurança da informação banco de dados.

analista de monitoramento e produção, sabesp & connectcom em são paulo - sp
dez. 2018 até jan. 2020

informática, ti, telecomunicações - análise de sistema (analista)


analista de suporte n3, hitss do brasil projeto claro brasil em sp
ago. 2017 até nov. 2018

informática, ti, telecomunicações - telecomunicações (analista)

responsável pelo suporte e manutenção de todo o parque tecnologica no ambiente ( claro, net e embratel)principais funções. • gerenciamento de ambiente linux e windows • administrar solicitações, problemas e mudanças, analise de chamados, realizar testes e identificar a solução de problemas. instalar e prestar assistência aos sistemas operacionais. • resolução de problemas complexos em relação ao funcionamento da operação como: paradas repentinas em servidores, problemas em gerenciadores de e-mail, falhas de segurança, gerenciamento de permissões. • monitorar o ambiente de infraestrutura, atuar em problemas de média severidade. • monitoramento de serviços e aplicações através de ferramentas conceituadas no mercado como control-m. • monitorar conclusão dos jobs com sucesso ou falha. monitorar jobs com excedentes de tempo de execução. • atuar com incidentes gerados pela ferramenta de monitoração. registrar chamados nas ferramentas. • fazer a análise do erro, aviar e aplicar melhor solução. • necessário conhecimento de javascript, php, postgree e mysql - banco de dados,wordpress e outras linguagens de desenvolvimento. • abertura chamado interno quando o servidor apresentar falhas ou lentidão. • avaliar ambientes como linux e window. • obrigatório certificado plesk e cpanel ( feito as duas provas e certificados em mãos). • fazer toda a análise do ambiente e se preciso acionar equipe de servidores e segurança da informação. • fazer manutenção preventiva no hacks de servidores, bem como clipagem, troca de cabos, troca de switch e lâmina de servidores. • alimentar base de conhecimento • participar de novos projetos de melhorias • trabalhar na edição de sites e sistemas internos da empresa.• atender/escalonar/notificar e registrar ações sobre falhas de jobs/alertas de monitoramento conforme processo definido.competências: suporte avançado – gmud – monitoramento de job(schedulagem)gestão de ambiente – gestão de incidentes – suporte a aplicação

analista de sistemas junior, it2b inovação em ti e negócios em sp
set. 2015 até ago. 2017

informática, ti, telecomunicações - suporte técnico (analista)

analista responsável por aplicações, equipamentos, dispositivos e data center dentro do hospital das clínicas. • fui contratado pela empresa it2b para prestar serviço dentro do hospital das clínicas. • help desk, administração de senhas, impressoras, manutenção preventiva e corretiva de software e hardware, backup, telefonia, instalação e configuração de windows, pacote office, configuração de rede, website, auxiliar o usuário com erp, implantação da lgpd na área. • principais funções: atender e gerenciar chamados, resolver problemas de software e hardware em todo parque do hospital das clínicas, manter atualizados e funcionando computadores, impressoras, notebook e redes do hospital. • prestar suporte avançado ao sistema soulmv, sistema de gerenciamento e atendimento de pacientes no hospital das clinicas • prestar suporte avançado em equipamentos de ressonância magnética, equipamento de alta tecnologia da área de saúde competências: help desk- service desk- atendimento telefônico – remoto e presencial – – monitoramento de datacenter – escalonamento de chamados – gerenciamento do itsm (glpi)gestão de ambiente – gestão de incidentes – suporte a aplicação

analista de suporte pleno/vip - policia militar, stefanini - policia militar em sp
jan. 2014 até jul. 2015

informática, ti, telecomunicações - suporte técnico (especialista)

analista de suporte em camponesse projeto atuei em campo atendendo chamados aberto pela equipe da policia militar.principais funções. • fazer a gestão de incidentes e requisições – ferramenta de itsm • suporte a aplicação, desktop, notebook, servidores, switch, tablets, celulares e outros dispositivos usado pela policia. • prestar suporte vip para capitão e comandantes da policia militar • atendimento realizado com veículo próprio por toda a região de são paulo • participar de projetos e melhorias solicitado pelo cliente • participar de projetos rollout com troca de notebooks, impressoras, servidores, tablets. • atuar com times de desenvolvimento para atualização, instalação e configuração de novos sistemas. • conhecimento avançado em hardware, software, desenvolvimento e segurança da informação. • enviar relatórios semanais a supervisão sobre os atendimentos competências: suporte avançado – service desk – suporte em campo gestão de ambiente – gestão de incidentes – suporte a aplicação

analista de service desk -pleno, centro universitário belas artes de são paulo em sp
abr. 2013 até jan. 2014

informática, ti, telecomunicações - suporte técnico (especialista)


analista de suporte - junior / pleno, locaweb serviços de internet s/a em sp
ago. 2008 até abr. 2013

informática, ti, telecomunicações - suporte técnico (especialista)

responsável pelo suporte telefônico, presencial e remoto dentro da empresa locawebhospedagem, gerenciamento e atualizações de servidores plesk, cpanel, email marketing e cloud computerprincipais funções. • fazer a análise do erro, aviar e aplicar melhor solução. • necessário conhecimento de javascript, php, postgree e mysql - banco de dados, wordpress e outras linguagens de desenvolvimento. • abertura chamado interno quando o servidor apresentar falhas ou lentidão. • avaliar ambientes como linux e window. • obrigatório certificado plesk e cpanel ( feito as duas provas e certificados em mãos). • fazer toda a análise do ambiente e se preciso acionar equipe de servidores e segurança da informação. • fazer manutenção preventiva no hacks de servidores, bem como clipagem, troca de cabos, troca de switch e lâmina de servidores. • alimentar base de conhecimento • participar de novos projetos de melhorias • trabalhar na edição de sites e sistemas internos da empresa.competências: suporte avançado – service desk – gestão de ambiente – gestão de incidentes – edição de sites – banco de dados e linguagens de programação

habilidades
certificação mcitp especialista windows 7 itil v3 iso 9001 certificação php pela escola impacta mainframe 2200 - cobol opcon commvalt zabbix control m windows server active directory administração de redes debian linux winscp putty solarwinds nagios avamar serviço de hospedagem edição de site especialista windows linux sysadmin postgree instalação e configuração de software manutenção de hardware instalação de servidores lotus notes exchange microsoft ofice 365 mcse iso 27001
informática
banco de dados
db2 sql server postgresql sybase caché
programação
css java jquery php html c+
gráficos/web
coreldraw macromedia dreamweaver adobe ilustrator adobe photoshop 3ds max paint shop pro pixia macromedia freehand
aplicações de escritório
staroffice open office microsoft word libreoffice microsoft access microsoft excel microsoft outlook lotus notes microsoft powerpoint
sistemas operacionais
linux windows mac os unix ibm os javaos
outros programas
autocad sap servidores de e-mail servidores proxy microsoft project edição de video servidores web
idiomas
inglês, básico
espanhol, básico
português, avançado
",nao informado,sao paulo,sao paulo,nao informado
41471,NOC,2023-02-02 10:47:31,Emanuella Campos,2023-02-02 10:47:31,João Lucas Oliveira,:,,nao informado,nao informado,nao informado,,,,,nao informado,nao informado,nao informado,nao informado,"
06/05/1995 – brasileiro - solteiro




analista de sistemas



formação acadêmica

- cst - curso superior de tecnologia em redes de computadores
universidade cidade de são paulo


formação complementar

- central telefônica com asterisk (concluído)
udemy

- javascript (concluído)
udemy

- desenvolvedor full stack python (cursando)
escola britânica de artes criativas e tecnologia (ebac)

- fundamentos de tecnologia dwdm

- fundamentos de instalação física dos equipamentos de dwdm




experiência profissional

analista de suporte ii - 14/07/2021 até o momento
bit-tec tecnologia lda
- atualização, consulta e cadastro de circuitos na plataforma fênix
- abertura, acompanhamento e interface com cliente para a aprovação de ticket’s e tpl’s para realização
das atividades dentro da plataforma sigitm
- acesso e consulta aos equipamentos da plataforma nortel e huawei, para a verificação de circuitos e
status/ alarmes e portas.
analista de suporte computacional - 10/03/2020 até 23/06/2021
gennex software ltda
- análise e suporte para discador próprio
- análise de informações de plataforma de usuários
- suporte e treinamento para clientes
- coleta de informações dentro do banco de dados
- atuação no desenvolvimento do robô cpqd em análise de sentimentos humanos.



montador de equipamentos eletrônicos - 03/2019 até 06/03/2020
bit-tec tecnologia lda
- suporte para técnicos de campo para migração de equipamentos nortel para huawei
- análise e retirada de elementos em plataforma nortel e huawei
- cadastro e recadastro em plataforma fênix
- abertura de tpls em sigtm para realização de atividades noturnas
- abertura de t.a de campo direto com o noc.



assistente de noc ii - 05\2017 até 03/2019
icomon tecnologia ltda
- atividades de monitoramento e diagnóstico de falha na rede ip da vivo
- atuação remota em equipamentos de tecnologia gsm, wcdma, lte, soem, huawei, tx,siae,
ceragon, ericsson, pnms nec, marconi, alcatel
- tratamento de alarmes de infraestrutura, radio frequência, meio de transmissão envolvendo ethernet e
conflitos de rede ip
- análise de projetos da rede huawei e ericsson efetuando a aceitação de projetos.



atendente de help desk móvel 1 - 01\2017 até 05\2017
tel telecomunicações ltda
- help desk de telefonia móvel, com atividade de monitoramento e diagnóstico de falha na rede ip da
vivo
- atuação remota em equipamentos de tecnologia gsm, wcdma e lte dos fabricantes ericsson e huawei
- tratamento de alarmes de infraestrutura, rádio frequência, meio de transmissão envolvendo ethernet e
conflitos de rede ip
- realização de reset remoto em equipamentos com auxílio de técnico de campo.
",nao informado,sao paulo,sao paulo,nao informado
41472,Noc,2023-02-02 11:01:55,Emanuella Campos,2023-02-02 11:01:55,Sr. Caio Brito,:,,nao informado,nao informado,nao informado,,,,,nao informado,nao informado,nao informado,nao informado,"
resumo
com um pouco mais de três anos de experiência na área de monitoria/noc, procuro uma nova oportunidade na área para me reinserir no mercado buscando crescimento profissional, almejando me tornar um desenvolvedor.

objetivo

analista de monitoria/noc

experiências profissionais

01/10/2018 a 19/03/2019 – analista noc e service desk na sianet data
center provedores ltda
18/04/2019 a 18/11/2019 – analista de suporte computacional noc na spread teleinformatica ltda
02/12/2019 a 11/07/2022 – tecnico de apoio ao usuario de informatica (monitoria/noc) na cvc brasil operadora e agencia de viagens s.a.



resumo das qualificações

realizei monitoramento de data centers, verificando alarmes e/ou irregularidades em servidores físicos, banco de dados e switches;
atuei como analista de monitoria noc nível 1 supervisionando o ambiente de infraestrutura, visando manter o funcionamento dos sistemas e atuar com agilidade em possíveis irregularidades;
realizei monitoramento, execução e manutenção de rotinas de backup e jobs através das ferramentas uc4 e data protector;
experiência com criação e manutenção de monitorias pelas ferramentas zabbix e grafana;
criei procedimentos claros e objetivos de atendimento e resolução de incidentes e requisições conforme normas do itil;
excelente atendimento a clientes da área de ti de diversas prefeituras municipais do estado de são paulo e outros (como a prefeitura de paço do lumiar, maranhão).


formação acadêmica

cursando ensino superior em segurança da informação pela fatec são caetano do sul - antônio russo (segundo semestre).



informações adicionais

inglês fluente.
experiência com gestão de incidentes e ferramentas relacionadas;
experiência com itil;
realizado projeto em equipe de migração entre versões do zabbix;
realizado projetos de levantamento de monitorias de um ambiente;
atuação em estado de crise causado por ciberataque;
criação de novas monitorias para novos ambientes em implementação.


pretensão salarial

a partir de r$: 2000,00


prezados, disponho-me para qualquer contato da empresa.
",nao informado,santo andre,sao paulo,nao informado
41473,Noc,2023-02-02 11:15:20,Emanuella Campos,2023-02-02 11:15:20,Dr. Henrique Moreira,:,,nao informado,nao informado,nao informado,,,,,nao informado,nao informado,nao informado,nao informado,"   


contact
tecnical support | mainframe developer | linux admin | abilidade

top skills summary
unix system
shell script
atualmente atuando como técnico de operações,noc.
suporte de hardware de ti
zabbix, grafana,assyst, voip
tratativa de chamados,tratativa de queda de link, auxilio office chat,
email, tratativa de jobs, monitoramento de redes,
certificados , compliance, certificações de segurança da informação,

suporte técnico durante 20 dias
na noruega plataformade petroleo norway state oil.


atuando na area de suporte tecnico em redes e software, hardware,
manutenção de componentes eletrônicos , placa-mãe,chipsets, smd,
mosfetes.
configuracao de sistemas , roteadores,proxy, backup.


certificados, técnico em hardware,
desenvolvedor mainframe,
lógica de programação,
plc ic- 71




experience
lanlink informática
tecnico deoperacoes
september 2022 - present (5 months)
são paulo, brasil


sighra sistemas inovadores
suporte técnico
january 2020 - april 2020 (4 months)

  page 1 of 3
   


brasil

suporte tecnico, atuando na configuracao do sistemas de monitoramento
veicular prestando suporte as demais ocorrencias de mal uso dos
equipamentos , como destravamento, desvio de rota, auxilio de rota e ignicao
do veiculo, troca de equipamentos e update dos sistemas.


norway state oil
hardware technical support
december 2016 - december 2016 (1 month)
bodo, nordland, noruega

ten days working offshore, assisting technical support systems, resetting
systems, updating bios, changing internet cables, changing depth probe,
barometric, pressure,
switching from analogue to digital systems,


casa do notebook
computer hardware specialist
may 2010 - december 2010 (8 months)
são josé dos campos, são paulo, brazil

curso tecnico em placa mae de notebook, repaoes em componetes,


tecnoponta
hardware technical
august 2010 - november 2010 (4 months)
são paulo, brasil

curso tecnico em placa mae de notebook, repaoes em componetes,




education
unitodo
curso tecnico, tecnologia da informação · (january 2015 - march 2015)


universidade paulista
bacharelado em engenharia, tecnologia em tecnologia da informação/


tecnoponta
thechnical, motherboard hardware technical  · (july 2010 - september 2010)

  page 2 of 3
   


casa do notebook
tecnico, tecnologia em informática/hardware




  page 3 of 3
",nao informado,sao paulo,sao paulo,nao informado
41474,NOC,2023-02-02 11:22:57,Emanuella Campos,2023-02-02 11:22:57,Srta. Zoe Lima,:,,nao informado,nao informado,nao informado,,,,,nao informado,nao informado,nao informado,nao informado,"brasileiro, 34 anos, viúvo, sem filhos
avenida minas gerais, 808
bairro: açafrão

objetivo

infra-estrutura / noc / suporte

qualificação


- conhecimento de configuração de terminais
- experiência com gestão de crises
- conhecimento em gestão de problemas
- conhecimento em gestão de incidentes
- conhecimento básico em ambiente cloud aws


formação


 pós graduação

mba em gestão de tecnologia da informação, universidade
anhanguera uniderp – concluído em junho/2021

 graduação

ciências da computação, faculdade carlos drummond de andrade –
concluído em junho/2012


idiomas

inglês: leitura intermediária, escrita intermediária, conversação intermediária.




cursos complementares

itil 4 – trainning education (concluído em agosto/2021)


certificações

itil 4 foundation – emitido em outubro/2021
histórico profissional


 inmetrics – de outubro/2020 a janeiro/2023
analista de monitoração
atividades: monitoramento de ambiente e serviços de cliente de benefícios.
acionamento de áreas responsáveis. acompanhamento de conferências, envio
de informes para as áreas interessadas. acionamento de fornecedores.

 hitss – de novembro/2017 a julho/2020
analista de monitoração
atividades: monitoramento de servidores do datacenter. abertura e
encaminhamento de incidentes para as áreas responsáveis, seguindo os padrões
de itil. acompanhamento da rotina de datacenter.
service manager
atividades: acompanhamento de entrega de serviços ao cliente. apoio no envio
e aprovação de mudanças. apoio em auditorias, envio de relatórios mensais,
suporte as áreas no relacionamento com o cliente final.


 its soluções – de junho/2015 a setembro/2017
analista de monitoração / analista de service desk junior
atividades: monitoramento de ativos de rede, servidores e serviços específicos
de diversos clientes (centro de serviços compartilhados), utilizando a ferramenta
de monitoramento nagios; registro, encaminhamento e cobrança de chamados
atendimento de primeiro nível para terminais e servidores e equipamentos de
rede


 stefanini – de junho/2013 a junho/2015
analista de monitoração
atividades: monitoramento de ativos de rede e servidores de diversos clientes
(centro de serviços compartilhados), utilização de ferramentas de monitoramento
(zabbix, nagios, solar winds, whatsup gold); registro, encaminhamento e
cobrança de chamados; envio de informes via sms.

 etna – de janeiro/2012 até maio/2013
analista de suporte técnico
atividades: suporte de primeiro nível para setores administrativos e para as lojas
etna.
",nao informado,poa,sao paulo,nao informado
41476,NOC,2023-02-02 11:34:27,Emanuella Campos,2023-02-02 11:34:27,Dr. Bernardo Nascimento,:,,nao informado,nao informado,nao informado,,,,,nao informado,nao informado,nao informado,nao informado,"data nasc: 10/02/1998
estado civil: solteiro


objetivo / área
analista de telecomunicações



formação acadêmica
instituição: sesi morvan dias de figueiredo – 427
grau de formação: ensino médio completo
duração: de janeiro de 2013 até dezembro de 2015


instituição: senai roberto simonsen.
grau de formação: técnico.
nome do curso: técnico de telecomunicações.
duração: de janeiro de 2013 até dezembro de 2015.



cursos extracurricular
nome do curso: competência transversal em tecnologias da informação e
comunicação.
instituição: núcleo de educação a distância senai.
duração: curta (até 40 horas).
ano de conclusão:2014



nome do curso: competência transversal em segurança no trabalho.
instituição: núcleo de educação a distância senai.
duração: curta (até 40 horas).
ano de conclusão:2014
formação complementar


nome do curso: nanociências e nanotecnologia.
instituição: senai hermenegildo campos de almeida.
duração: curta (até 40 horas).
ano de conclusão:2013

experiência profissional

empresa: icomon tecnologia ltda.
período: 27/11/2017 à 04/08/2022
atividades exercidas: análise de redes de acesso moveis de celulares 2g/3g/4g
ericsson e huawei, analisamos também transmissão tanto de rede metro quanto
transmissão via sdh e rádio.


iformações adicionais


assistente de projetos. acredito que posso completar o quadro de funcionários e

contribuir com o sucesso da empresa.
",nao informado,guarulhos,sao paulo,nao informado
41478,Analista de Suporte,2023-02-02 13:37:53,Melina Montenegro,2023-02-02 14:45:18,Sr. Kevin Cunha,Anúncio:,1981-01-11,masculino,solteiro,nao,"TI - Infraestrutura, TI - Processos e Negócios, TI - Projetos, TI - Qualidade/Testes, TI - SAP, TI - Segurança da Informação, TI - Sistemas e Ferramentas, TI - Suporte",,,,Ensino Superior Completo,Intermediário,Nenhum,nao informado,"brasileiro, solteiro, nascimento 11/01/1981
e-mail jsrtavares@hotmail.com



objetivo______________________________________________
área de ti

perfil profissional _________________________________
visão sistêmica e analítica ,comportamento cooperativo, espírito de equipe, pró-ativo
para diversas situações, facilidade de comunicação e relacionamento, disposição para
enfrentar novos desafios, comprometimento, criatividade para solucionar problemas.


formação_____________________________________________
superior completo
análises e desenvolvimento de sistemas, instituto federal de ciência e
tecnologia de são paulo



cursos e certificações
sap basis academy (trainning)
certificação scrum foundation ( certiprof)
cloud computing overview (pmg academy)
agile scrum master overview (pmg academy)
az-104 microsoft azure administrator ( udemy)
infraestrutura, (fundação bradesco)
operação e manutenção de computadores, (senac)
treinamento itl 4 conceito e fundamentos (pmg academy 09/2021)




idiomas_______________________________________________
espanhol: leitura básica, escrita básica, conversação básica.
inglês: leitura intermediária, escrita intermediária, conversação
intermediária
histórico profissional_______________________________


computécnica de junho 2021/ à abril 2022 (analista de field)

atuando como consultor de projetos na expansão de implementação de rede infra-
estrutura para empresa nexa em sua área de tecnologia,
responsável pela compra de equipamentos para área como switch, roteadores,
antenas wi fi.
atendimento presencial ao funcionário, dando todo suporte necessário de ti, de nível
senior, configuração de softwares,
responsável pela área de ti e suas atividades aplicando a metodologia itil.

weservice (itau) de janeiro/2021 à junho 2021 (operador de redes data
center)

vivência em ambiente de telecom / data center:
conferência e acompanhamento periódico dos números de série dos equipamentos
nas salas técnicas;
realizar o bayface dos equipamentos de telecom e telefonia
inventário dos links de voz e dados
identificação dos equipamentos instalados na rede através de etiquetas de hostname
efetuar acompanhamento técnico para atividades de recuperação de ambiente por
outras células de suporte, operadoras e áreas de infraestrutura e predial
efetuar acompanhamento de operadoras de telecom para recuperação e/ou
instalação de links de dados
cabeamento vertical para dados e voz com fibras ópticas / jumpers). está incluso no
cabeamento vertical, distribuição e jumpeamento em blocos de distribuição nos dg´s
(distribuidor geral) e a conectorização em patch pannels e uplinks para empilhamento
de switches.

dxc technology de agosto/2018 à junho de 2020 (analista de
suporte técnico )

suporte aos usuários no atendimento técnico a solicitações e problemas de ti 1º nível
suporte e via acesso remoto gerenciamento de contas de usuários, grupos e contas
de e-mail (outlook) e inclusão das estações no domínio tratativa de chamados
(backlog) em português por e-mail e ferramenta service now acesso remoto para
instalação e manutenção de softwares (windows 7 / windows 10), configuração de
aplicações do pacote office, internet, active directory, aplicações internas da
companhia. atuação com registros de incidentes e requisições de serviços,
diagnósticos, backlog, follow-up de processos e chamados seguindo a metodologia
itil atuação na parte de processos com o servicenow
informações complementares____________________________
manutenção de desktops, notebooks e periféricos
conhecimento em banco de dados mysql server
redes e infraestrutura virtualização de servidores e topologia de rede tcp/ip, dhcp
desenvolvimento em c++, java, c#, web html , css e java script
criação de projetos utilizando tecnologia de banco de dados, c#, web
conhecimentos adquiridos durante minha trajetória acadêmica
",analise de sistemas,maua,sao paulo,anuncio
41485,NOC,2023-02-02 14:46:55,Maria Clara Pires,2023-02-02 14:46:55,Mirella Campos,:,,nao informado,nao informado,nao informado,,,,,nao informado,nao informado,nao informado,nao informado,"resumo
a maior parte da minha experiencia profissional esta pautada a área de ti a qual trabalho desde 2007 porém descobri minha paixão na área da saúde com a psicologia, busco no momento oportunidades nas áreas de pesquisa, clínica e avaliação psicológica.
objetivos profissionais
informática, ti, telecomunicações - programador / desenvolvedor
informática, ti, telecomunicações - análise de sistema
informática, ti, telecomunicações - processamento de dados
pretensão salarial: r$ 3000,00 - 6000,00 (bruto mensal)
jornada: período integral
tipo de contrato: efetivo – clt
nível hierárquico: analista - gerente
formação acadêmica
pós-graduação - especialização/mba em ciências de dados e inteligência artificial, centro universitário internacional uninter em sp
jul. 2022 até o momento (finalização prevista - dez. 2023)
ensino superior em psicologia, fmu faculdades metropolitanas unidas em sp
jun. 2014 até dez. 2019
ensino médio (2º grau) em ensino médio (2º grau), paulino nunes esposo em sp
fev. 2004 até dez. 2006
ensino superior em analise e desenvolvimento de sistemas, centro universitário de maringá em sp
jul. 2012 - trancado
experiência profissional
analista pl noc, linx sistemas e consultoria ltda em são paulo - sp
out. 2021 até o momento

informática, ti, telecomunicações - infraestrutura (analista)

- monitoramento de sistemas e servidor via zabbix- controle de chamados e sla com jira- desenvolvimento de ferramentas de automação e agilização de trabalho- confecção de relatórios analíticos e dashboards com powerbi- consultas e construção de queries sql- extração, modelagem e carregamento de dados (etl)- análise de kpi’s e insight de melhorias da operação e novas métricas relevantes- desenvolvimento de aplicativo com power apps- criação de fluxos automatizados com power automate

suporte tecnico - ti, vemco group em são paulo - sp
jul. 2018 até set. 2021

informática, ti, telecomunicações - informática (consultor)

- gerenciamento e controle de estoque de equipamentos- gerenciamento de chamados e cronogramas pela metodologia kanban- acompanhamento de instalação local ou remoto- treinamento e instrução para utilização da solução vemcount

analista de suporte, nsx em são paulo - sp
mar. 2017 até jun. 2018

informática, ti, telecomunicações - suporte técnico (analista)

agente de atendimento, concentrix em sp
ago. 2015 até dez. 2016

informática, ti, telecomunicações - suporte técnico (operacional)

atendimento a cliente multinacional de tecnologia, atendimento de alto nível de qualidade e excelência. esclarecime dúvidas, resolução de problemas a dispositivos ios e os x desde o 10.6 até o 10.12.1, segurança de informação dos clientes e abertura de reparos.

analista de suporte help desk, quorum informática em sp
abr. 2015 até jul. 2015

informática, ti, telecomunicações - suporte técnico (operacional)


analista de suporte de sistemas, olecram em sp
mar. 2014 até fev. 2015

informática, ti, telecomunicações - análise de sistema (analista)

monitoramento de servidores correções em software de cartão de crédito.

analista de suporte, pc service em sp
jul. 2012 até set. 2013

informática, ti, telecomunicações - suporte técnico (analista)

analise de problemas e resolução de problemas em ambiente corporativo relacionado a windows pacote office programas específicos do cliente manutenção de workstations controle de equipamentos e padronização dos workstations

analista de service desk trainee nv2, asyst international em sp
ago. 2011 até jun. 2012

informática, ti, telecomunicações - suporte técnico (operacional)


analista de control desk nivel ii, tellus em sp
dez. 2009 até mar. 2011

informática, ti, telecomunicações - operador de computador (operacional)

controle de aderência niveis de serviço e pausa produtivas e improdutivas extração de relatórios via sistema avaya.criação de relatórios gerenciais e de produtividade forecast e dimensionamento de operações.

analista de suporte help desk nv 2, tms call center em sp
nov. 2008 até nov. 2009

telemarketing - telemarketing / call center receptivo (operacional)

suporte receptivo e ativo para cliente do provedor uol para conexão a internet informações sobre produtos e antivirus mcafee onde realisava remoção de vírus e restauração de sistemas.

professor de informática, all net informatica - interlagos em sp
mar. 2008 até jul. 2008

informática, ti, telecomunicações - informática (operacional)

ensinar a utilizar os sistemas operacionais montagem e manutenção de manutenção de pcs e desenvolvimento de sites.

técnico informatica, informaticon em sp
jun. 2007 até dez. 2007

informática, ti, telecomunicações - informática (trainee)

manutenção montagem e limpeza de computadores montagem de redes simples e wireless serviços externos.

habilidades
jira zabbix css html python sql etl microsoft power automate microsoft power apps microsoft power bi microsoft power plataform
informática
banco de dados
firebird sql server
programação
php html python javascript
aplicações de escritório
libreoffice microsoft access microsoft word microsoft outlook microsoft excel microsoft powerpoint open office
sistemas operacionais
mac os windows linux
outros programas
servidores proxy servidores de e-mail
idiomas
inglês, avançado
português, nativo
espanhol, intermediário
dados complementares
disponibilidade para viajar: sim
disponibilidade para mudar de residência: não
carteira de habilitação: b
dados pessoais
nasceu em 23 de março de 1989, 33 anos.

masculino, solteiro

",nao informado,sao paulo,sao paulo,nao informado
41488,Analista de Monitoramento,2023-02-02 14:58:31,Melina Montenegro,2023-02-02 15:06:39,Dra. Cecilia da Mota,Indicação de colaborador: Tiago Leandro Martins Vilela,2000-11-02,masculino,solteiro,nao,TI - Infraestrutura,,,Gestão de Infraestrutura de TI NSE 2 Network Security Associate NSE 1 Network Security Associate NSE 3 Network Security Associate,Ensino Superior Cursando,Intermediário,Básico,nao informado,"   


contato
jose vinicius siqueira da silva
joseviniciussiqueiradasilva analista noc | bacharel em engenharia de software
@gmail.com são paulo, brasil

principais competências hexait service solutions
analista noc
windows azure
maio de 2022 - present (10 meses)
fortinet
são paulo, são paulo, brasil
cisco call manager
• monitoramento de link's e equipamentos via snmp;
• criação de regras em firewall fortigate;
certifications
• fornecer permissão de licenças pelo painel adm do office 365;
gestão de infraestrutura de ti
• criação de usuários e grupos através do microsoft azure;
nse 2 network security associate
• acesso remoto ao ambiente;
nse 1 network security associate
• auxiliar filas de atendimento n1;
nse 3 network security associate
• analisar, administrar, investigar e solucionar dúvidas e/ou problemas
encaminhados pelos clientes (internos/externos).
• apoiar o uso de produtos e projetos após implantação;
• realização de troubleshooting em firewall fortigate.
• criação de ramais com cisco;


hotel e pousada do sertão
analista de suporte
junho de 2020 - janeiro de 2021 (8 meses)
custódia, pernambuco, brasil

• oferecer apoio aos usuários, prevenção e cuidados de hardware em geral,
treinamento de sistemas em geral.
• instalação, manutenção e implantação de redes e servidores.
• suporte ao sistema erp;
• implantação e administração de servidores windows;
• experiência em toda rotina de suporte em ti;
• vivência em administração de rede windows;
• monitoramento com zabbix;


ceos - inteligência e soluções empresariais
consultor de ti
janeiro de 2018 - dezembro de 2019 (2 anos)
custódia, pernambuco, brasil



  page 1 of 2
   


• prestar suporte aos usuários, atuando na manutenção em geral de
hardware, sistemas operacionais e softwares.
• atuar nas rotinas de infraestrutura como realizar manutenções e
implantações de redes, impressoras, configurar roteadores e redes.
• suporte ao sistema erp;
• implantação e administração de servidores windows;
• experiência em toda rotina de suporte em ti;
• vivência em administração de rede windows;




formação acadêmica
estácio
bacharelado em engenharia de software  · (fevereiro de 2022 - fevereiro de
2026)


universidade federal rural de pernambuco
bacharelado, sistemas de informação · (abril de 2018 - setembro de 2019)




  page 2 of 2
",engenharia de software,sao paulo,sao paulo,indicacao de colaborador
41490,Analista de Monitoramento,2023-02-02 14:59:32,Melina Montenegro,2023-02-02 21:48:20,Juan Freitas,Site de Empregos: Linkedin,1996-04-18,masculino,divorciado,nao,TI - Infraestrutura,,Oracle Cloud Application Foundation Certified Implementation Specialist,,Ensino Superior Completo,Básico,Nenhum,Português - Fluente,"
objetivo profissional
sou formado em ti no curso de análise e desenvolvimento de sistemas, foco no melhor
atendimento, sempre com pro atividade senso de dono. atualmente, minha
busca é por conhecimento e crescimentos voltados para tecnologia em cloud, estudos constantes em
busca das certificações lpic/aws/gcp/az-900.

formação acadêmica
superior completo em análise e desenvolvimento de sistemas /carlos drummond de andrade
dez/2020

certificado: oracle cloud infraestructure foundations

certificado: oracle cloud data management 2022 foundations certified associate

cursos extras curriculares com certificados
administrando banco de dados
implementando banco de dados
modelagem de banco de dados
fundamentos de ti: hardware e software
curso de banco de dados oracle/sql/plsql
administração de servidores linux com centos7
introdução ao kubernetes na pratica
cursando – aws cloud practitioner foundational 2022

principais competências
amazon web services, central de operações de rede (noc)
gestão de soluções de arquitetura de infraestrutura, administração e suporte a ambiente cloud,
gestão de operação, documentação, passagem de operação.

experiência profissional - atualmente
empresa: quality brasil
área: tecnologia e sustentação
ferramenta dynatrace para monitorar os alertas fazendo a análise dos alertas e verificando
a sua criticidade e direcionando para outras equipes quando necessário. atuando com
fechamento dos chamados abertos diariamente pela equipe de service desk. execução de
deploy junto a equipe de devops usando a ferramenta de jenkins.
experiência profissional
empresa: telefónica coudco
inicio: 12/05/2022 – fim: 26/10/2022
aréa: tecnologia da em cloud
encaminhamento dos mesmos dependendo da sua criticidade e área de
atuação, abertura de salas de crise fazendo o acompanhamento até o fechamento, atualização e
criação de documentações, passagem de operação, participação de gerenciamento de
mudanças (gmud) antes e depois de serem realizadas.

experiencia profissional
empresa: csd br registradora
área: tecnologia em cloud
inicio: 05/11/2021 – fim: 05/02/2022
utilizando o jenkins para automação e construção de pipelines. usando elasticsearch para analisar
dados de log quase em real e de maneira escalonavel.

experiência profissional
empresa: claranet brasil
inicio: 15/03/2020 – fim: 28/10/2021
área: tecnologia em cloud, dados
dynatrace, new ralic e cloud watch, pela aws; atendimentos de 1º e 2º níveis, para resolução dos
incidentes dos casos críticos na causa raiz; acionamento dos times
responsáveis, para resolução, quando necessário conforme a escala de atuação;
abertura, fechamento e acompanhamento dos chamados; envio de reportes e relatórios semanais,
para os clientes e gestores;


experiencias profissionais
empresa: bk consultoria
(prestação de serviço para prefeitura/secretária do trabalho/cat)
área: informática, ti, telecomunicações (suporte técnico)
inicio: 13/05/2019 – fim: 23/11/2019
responsável pelo suporte interno da empresa cerca de 300
colaboradores em 24 unidades por toda são paulo, manutenção e atualização dos
computadores com experiência em hardware, software e upgrade instalação e implantação de
programas criados para plataforma win32/64 formatação e
restauração de computadores com programas de imagens (acronis) instalação e
configuração de estações linux ( ubuntu server-centos-debian) cabeamento estruturado,
configuração e instalação de impressoras de rede ips, configuração de outlook,
atendimento e suporte aos setores usando a ferramenta de acesso remoto
(ultravnc, terminal server), implantação de sistemas de intranet hospedado em servidores
ubuntu server com apache, php e mysql, implantação de servidores na plataforma
linux/ubuntu/debian/centos (dhcp, owncloud, ocs resports+glpi, openfire. participação na
implantação de mais de 20 unidade do cat/centro de apoio ao trabalho.
",analise e desenvolvimento de sistemas,sao paulo,sao paulo,site de empregos
41491,Analista NOC,2023-02-02 15:00:36,Melina Montenegro,2023-02-02 16:20:11,Dra. Sofia Correia,Site de Empregos: Linkedin,1999-07-14,masculino,solteiro,nao,TI - Segurança da Informação,,,Fortinet NSE1 Fortinet NSE2,Pós Graduação Cursando,Avançado,Básico,Português - Fluente,"   


contato
victor rios
itaquera analista noc

hexait service solutions
principais competências 1 ano
cisco call manager analista noc
fortinet maio de 2022 - present (10 meses)
administração do office 365 são paulo, são paulo, brasil

• monitoramento de link's e equipamentos via snmp;
languages • criação de regras em firewall fortigate;
english (full professional) • fornecer permissão de licenças pelo painel adm do office 365;
espanhol (limited working) • criação de usuários e grupos através do microsoft azure;
• acesso remoto ao ambiente;
certifications • auxiliar filas de atendimento n1;
nse 1 network securiity associate • analisar, administrar, investigar e solucionar dúvidas e/ou problemas
nse 2 - the evolution of encaminhados pelos clientes (internos/externos).
cybersecurity
• apoiar o uso de produtos e projetos após implantação;
javascript: interfaces e herança em
• realização de troubleshooting em firewall fortigate.
orientação a objetos
• criação de ramais com com cisco;
layouts responsivos: trabalhando
com layouts mobile
técnico de suporte
março de 2022 - abril de 2022 (2 meses)
são paulo, são paulo, brasil

principais atividades: formatar as máquinas, preparar o ambiente e inserir as
máquinas no domínio para uso dos funcionários do hospital. outra atividade
é instalar as máquinas nas mesas dos setores do hospital. configurar
impressora.


vikstar contact center
operador de telemarketing
março de 2020 - junho de 2021 (1 ano 4 meses)
são paulo, brasil

principais atividades: trabalhei com diversos tipos de produtos nessa
empresa, comecei vendendo cartões de crédito de uma instituição financeira,
logo após com negociação da divida total do cartão de crédito e por fim
vendendo planos de internet para operadora telefônica.



  page 1 of 2
   



wise system ltda - desenvolvimento de software de gestão para
segurança e saúde no trabalho.
analista de suporte técnico
fevereiro de 2019 - julho de 2019 (6 meses)
são paulo, brasil

principais atividades: prestar suporte n1 em uma empresa de software,
envio de relatórios ao n2 ou área de desenvolvimento. na maioria dos casos
resolvia o problema do cliente através de acesso remoto. (team viewer, any
desk) e também atualizando o ip.




formação acadêmica
universidade cruzeiro do sul
pós-graduação lato sensu - mba, análise de dados com bi e big
data, tecnologia da informação · (fevereiro de 2022 - fevereiro de 2023)


faculdades metropolitanas unidas
análise e desenvolvimento de sistemas, tecnologia da informação · (julho de
2019 - junho de 2021)


colégio objetivo
ensino médio  · (janeiro de 2014 - dezembro de 2016)




  page 2 of 2
",analise e desenvolvimento de sistemas,sao paulo,sao paulo,site de empregos
41493,Analista de Monitoramento,2023-02-02 15:01:33,Melina Montenegro,2023-02-02 15:01:33,Dr. Bento Aparecida,:,,nao informado,nao informado,nao informado,,,,,nao informado,nao informado,nao informado,nao informado,"   


contato
são paulo, são paulo, brasil
orlando-siqueira-2831a3b8
possuo experiência na área de telecomunicações há mais de 15
principais competências
anos comprovados, específicos em suporte técnico presencial
telecomunicações
e remoto. formado em técnico em eletrônica com ênfase em
infraestrutura
telecomunicações. atualmente estou cursando formação superior
sistemas operacionais
em segurança da informação e também estudando para obter
certificações em ccna cisco e fortnet nse. apto em operar
languages
diversas plataformas como: new bridge, command console,
português
telnet, dna center, sdh. práticas em: manobras e otimização;
inglês
diagnósticos, reparos e ativações de links privados de dados;
configurações básicas de roteadores e switches, correlacionados a
backbones e acessos (redes wan/lan); aplicação de outsourcing e
gestão ti junto a clientes corporativos.
minhas principais características comportamentais são: capacidade
de trabalhar sob pressão, bom relacionamento interpessoal,
disponibilidade, flexibilidade, pró-atividade, facilidade para trabalhar
com equipes multidisciplinares, resiliência e acima de tudo ética.



experiência
icomon tecnologia ltda
analista noc iii - crso vivo
fevereiro de 2022 - present (1 ano)
são paulo, brasil

setor: co - ran
trobleshooting avançado e intervenções via comando para recuperação de
equipamentos da rede móvel de acesso 2g (gsm), 3g (wcdma) e 4g (lte)
ericsson, huawei, zte e alcatel;
trobleshooting avançado em equipamentos de transmissão (rádios, sdh e
dwdm), comutação (bsc e rnc) e rede metro huawei;
realizando correlação de falhas sistêmicas, análises de falhas complexas,
análise e monitoração de eventos de tráfego e desempenho da rede, com
sugestão de ações em campo, capacitação e suporte aos demais analistas.
conhecimento dos equipamentos, topologia e configurações da rede móvel.


  page 1 of 6
   



weservice
analista noc v | vivo - santander
janeiro de 2021 - junho de 2021 (6 meses)
são paulo, brasil

implantação do sistema sd-access, junto a rede sd-wan do cliente
santander.


• interação com técnicos de campo para implantação e troubleshooting de
ambientes de lan e wan;
• execução de procedimentos técnicos e operacionais;
• implantação de equipamentos de redes, lan e wan;
• troubleshooting e análise de problemas em redes lan e wan;
• atuação em configuração remota e inserção de elementos na rede desde o
centro de gerência.
• conhecimento em tecnologias cisco r&s, cisco dna center, configuração
e troubleshooting de switches cisco, tacacs, escopo dhcp, redes wi-fi,
cisco ise, features de trustsec / macsec e nac 802.1x.


tivit
analista de suporte 3 | sodexo do brasil
janeiro de 2020 - janeiro de 2021 (1 ano 1 mês)
são paulo e região, brasil

prestação de serviços de ti e telecomunicações, alocado diretamente no
site matriz do cliente sodexo, executando atividades como: configuração e
manutenção de ramais (terminais sip); manutenção de racks e cabeamento
estruturado; gerência de toda topologia e ""parque de maquinas"" do cliente;
interação junto ao fornecedores e operadoras que atendem em âmbito
nacional, solicitando apresentação de viabilidade relacionados a serviços de
telecomunicações, à caráter de contratação destes serviços e facilidades,
para atenderem as unidades, tanto em upgrade, como novas instalações
recém-inauguradas (food e facilities) da empresa e cliente sodexo, em
toda extensão nacional. acompanhamento e gestão de todo o processo de
contratação, como: documentação, homologação, agendamentos, vistoria,
instalação, validação e encerramento.


maminfo
analista de suporte técnico pleno | oi
maio de 2019 - dezembro de 2019 (8 meses)
são paulo e região, brasil



  page 2 of 6
   


* atuação em conjunto com gestores de projetos e serviços, responsável
por entregas relacionadas a implantação, configuração e atualização de
facilidades, em equipamentos de acesso e dados (router - cpe) referente a
área de telecomunicações (vpn –sd_wan - mpls – voip – vlan´s – rede
ip);
* interação direta e indireta, junto aos clientes corporativos, pertencentes as
cartas de negócios dos gestores responsáveis da operadora oi;


stefanini
analista de telecom pleno | primesys
janeiro de 2018 - maio de 2019 (1 ano 5 meses)
são paulo, são paulo

* ativação de link, configuração de roteadores cisco (séries
18xx,19xx,26xx,28xx,29xx e meraki) rotas no backbone e switch,
configuração de equipamentos de voz como cisco ata e digistar iad,
protocolos de roteamento bgp, ospf e rip, ativação de links mpls e tcp
ip e troubleshooting na rede para sanar problemas com maior eficiência. *
operando os equipamentos de testes e verificando a sua funcionalidade. *
emissão de relatório dos laudos com os resultados dos testes executados nos
equipamentos das instalações e validação com cliente final.


claro brasil
analista de infraestrutura i - net serviços
agosto de 2013 - maio de 2017 (3 anos 10 meses)
são paulo e região, brasil

* gerenciamento e monitoramento de rede hibrida (fibra óptica x coaxial).
* diagnósticos de problemas e soluções nos serviços de tv digital, banda
* testes junto a utilitários específicos como: (jdsu), agente de software de
análise de sinal, referente a espectro de rádio; (nágios), para diagnóstico,
qualificação e resolução de problemas no desempenho dos serviços.
* estudo e analise de plantas (projetos em autocad), efetuando cálculos para
garantir qualidade nos
níveis de sinais como atenuação, saturação e degradação em topologia rf.
* detecção e acompanhamento de forma proativa a alarmes massivos e casos
de alta prioridade
atendendo aos slas (paqs) impostos pela empresa.
* analise de causas e problemas, focando um ponto comum, auxiliando e
orientando técnicos de



  page 3 of 6
   


campo, aplicando resolução rápida e objetiva, a fim de sanar distúrbios
provocados em rede hfc.


oi s.a
técnico de telecom ii - cgs outsourcing | oi s.a.
março de 2011 - agosto de 2013 (2 anos 6 meses)
são paulo e região, brasil

* monitoramento, filtrando e correlacionando alarmes de redes, de forma
proativa, em funcionamento 24x7 dos serviços.
* acompanhamento on-line, garantindo parâmetros acordados (sla), para um
melhor desempenho
dos serviços contratado pelos clientes.
* execução de diagnósticos, análise, correção remota de acessos e/ou
circuitos de comunicação de
dados.
* abertura de tts (troubletickets) de falhas ou degradação detectadas pro
ativamente.
* realização de tss (troubleshooting) em conjunto com clientes (ti),
relacionados a falhas ocasionadas
em produtos e serviços prestados.
* gerenciamento remoto de circuitos através de plataformas como: new
bridge, datacom, alcatel aws
(adsl).
* abertura de “call dispatch” de falhas, para parceiros de lan e voz.
* acompanhamento e encaminhamento de chamados, referente ao tratamento
de falhas, junto aos
postos remotos (contratadas terceirizadas) e operadoras parceiras,
responsáveis por “last mile”
contratado.


atento
técnico em telecomunicações pleno- lp de dados | vivo
setembro de 2007 - março de 2011 (3 anos 7 meses)
são paulo e região, brasil

* execução de diagnósticos, análise, correção e ativação de acessos e/ou
circuitos de
comunicação de dados.
* gerenciamento remoto, manobras e otimizações da rede new bridge (rede
determinística) e entre



  page 4 of 6
   


outros, como: rede de pacotes (command console) rede nortel ppp
(passport) - frame relay -
fruni/fratm, x25, x28. rede mpls (telnet): ip dedicado e vpn.
* suporte básico em configurações de roteadores pe/cpe (backbone e
acesso ao usuário final).
* troubleshooting em redes wan e lan (análise do meio físico e de
transmissão de dados).
* abertura e acompanhamento de chamados e suporte a clientes - usuários e
técnicos de campo.
* verificação e análise de circuito e rotas, em diversas plataformas de
gerencia sdh.


iss brasil
técnico em telecomunicações - aprovisionamento de links de dados
sdh | vivo
agosto de 2008 - março de 2009 (8 meses)
são paulo e região, brasil

* aprovisionamento de links privados sdh, através de análise detalhada e
estudo de viabilidade das
plataformas, buscando posições e configurações disponíveis nos
equipamentos instalados na rede
da operadora telefonica - vivo.
* interação direta com técnicos de campo e escritórios de serviços, para
acertos cadastrais visando
agilizar o aprovisionamento de ordens de serviço futuras.
* interação com a área de engenharia corrigindo e/ou detalhando os projetos
de instalação de
equipamentos na rede sdh.
* apto à utilização das plataformas sdh e suas diversas configurações.


atento brasil
técnico em telecomunicações - sera ii | vivo
janeiro de 2004 - setembro de 2007 (3 anos 9 meses)
são paulo, brasil

* diagnosticador de linhas telefônicas comutadas, solucionando defeitos e
fornecendo suporte a
clientes e técnicos em tempo real.
* acesso remoto as centrais públicas (cpa) executando atividades
complexas com comandos
específicos para cada fabricante ou tecnologia disponíveis na rede vivo.


  page 5 of 6
   




formação acadêmica
ampli
tecnólogo em cibersegurança, segurança da informação · (2021 - 2023)


cemeb - brasília/df
2º grau técnico, tecnologia em telecomunicações · (1997 - 2000)




  page 6 of 6
",nao informado,sao paulo,sao paulo,nao informado
41494,Analista de Suporte,2023-02-02 15:03:05,Melina Montenegro,2023-05-03 21:01:25,Vinícius Costela,Anúncio: Linkedin,1992-02-10,masculino,solteiro,nao,TI - Infraestrutura,,,,Ensino Superior Completo,Intermediário,nao informado,nao informado,"curriculum vitae


nacionalidade: brasileiro(a)
quantidade de filhos: 1 filho
idade: 30 anos


- formação acadêmica
curso: bacharelado em sistemas de informação
instituição: facimp wyden
conclusão: dez/2017

curso: pós graduação em segurança da informação
instituição: estácio de sá
conclusão: mar/2022

- idiomas
lingua: inglês
nivel: intermediário

- certificações
nome: nse3
fabricante: fortinet

- conhecimentos
conhecimentos em protocolos tcp/ip, vlans
conhecimentos em python e bash script
conhecimentos básicos em cloud/azure
conhecimentos e vivencia operacional em noc

- experiencia profissional
empresa: advanta | oakmont group
descrição: observabilidade de eventos críticos e médios de rede com zabbix
abertura, acompanhamento e resolução de chamados de clientes da indústria
financeira, segurança pública e alimentícia
atuação em atendimentos remotos de suporte nível ii, configuração e resolução
de problemas de access points huawei, controllers e esight.
",sistemas de informacao,imperatriz,maranhao,anuncio
41496,Analista de Monitoramento,2023-02-02 15:05:09,Melina Montenegro,2023-04-19 15:28:10,Sr. Thales Freitas,:,,nao informado,nao informado,nao informado,,,,,nao informado,nao informado,nao informado,nao informado,"   


contato
interlagos-sp
atualmente atuo como engenheiro civil e durante o tempo que
principais competências
trabalhei em empresas de engenharia, realizei diversas melhorias
central de operações de rede (noc)
e automação nos processos de gerenciamento, até mesmo criando
zabbix
um banco de dados e um sistema de tratamento de dados com o
microsoft sql server
power bi.

certifications
começei a estudar tecnologia cujo sou apaixonado e estou
machine learning:
classificação com sklearn cursando análise e desenvolvimento de sistemas. tenho grande
power bi: explorando facilidade em resoluções de problemas, pois onde passei sempre foi
recursos visuais necessário atuar com raciocínio lógico e um olhar mais analítico.
linux ii programas,
processos e pacotes
possuo experiência e conhecimento com banco de dados mysql,
python pandas: tratando e
analisando dados lógica de programação, python, ferramenta de monitoramento
python 3 parte 2: avançando dynatrace, jiradesk, atlassian confluence, servicenow, vscode, e
na linguagem ainda estou me aprimorando cada vez mais.



experiência
groovetech
noc (network operations center)
agosto de 2022 - present (7 meses)
são paulo, são paulo, brasil

monitoramento com o principal objetivo de identificar qualquer
anormalidade que gere impacto, na experiência do usuário, assumindo o
problema e indo atrás da resolução.
monitoramento de componentes de infraestrutura no zabbix, dynatrace e
grafana;
controle de backlog de chamados;
análise de reincidência de incidentes;
acionamento aos times solucionadores;
acompanhamento de gmuds.


planalter

  page 1 of 2
   


4 anos

engenheiro civil sênior
outubro de 2018 - setembro de 2021 (3 anos)
cotia, são paulo, brazil

execução de projetos, controle financeiro de obra, apresentação de
dashboard e informações sobre o andamento da obra, planejamento e
contratação.

técnico de suporte de engenharia
março de 2018 - outubro de 2018 (8 meses)
cotia, são paulo, brazil

auxílio aos engenheiros, elaboração de projetos de infraestrutura e as-built.

estagiário
outubro de 2017 - março de 2018 (6 meses)
são pulo, sp





formação acadêmica
universidade anhembi morumbi
curso superior de tecnologia (cst), analise e desenvolvimento de
sistema · (julho de 2021 - julho de 2023)


uninove
bacharelado, engenharia civil · (julho de 2014 - julho de 2019)




  page 2 of 2
",nao informado,sao paulo,sao paulo,nao informado
41498,Analista de Monitoramento,2023-02-02 15:09:27,Melina Montenegro,2023-02-03 14:01:09,Sr. João Viana,Anúncio: RH Tiago contatou pelo LinkedIn,1992-05-13,masculino,casado,nao,"TI - Qualidade/Testes, TI - Suporte, TI - Telecom",,,FORTINET - NS1 / NS2,Ensino Técnico Cursando,Intermediário,Avançado,nao informado,"nascimento: 13/05/1992
bairro: fazenda da juta - são paulo – sp
e-mail:junior_suporte13@hotmail.com
• objetivos:
gostaria de fazer parte do quadro de funcionários dessa empresa, onde eu possa crescer
• formação:
-ensino médio:
conclusão: 2009 - centro educacional siqueira estrella.
-ensino superior (3º grau):
curso: ciencias da computação - trancado - centro universitário carioca (unicarioca).
períodos cursados: 6.
-ensino superior (3º grau) - períodos cursados: 2 (trancado)
curso: administração de empresas - centro universitário carioca (unicarioca).
-tecnólogo: cursando
curso: redes de computadores período atual: 3º instituição: uninove
início: 02/2021 - previsão de término: 06/2024


experiências profissionais:
●estágio de auxiliar administrativo/digitação. - fundação mudes - 14/04/2011 ~ 27/07/2011.
atividades: atuar na entrada e saída de itens do cofre da pcerj, visando manter o total controle
sobre quaisquer itens e pessoas que se adentravam ou saiam do local.
● analista de suporte - policia civil do estado do rio de janeiro. - 01/12/2011 ~ 09/2015.
atividades: suporte aos policiais da pcerj. atuando no atendimento telefônico com acesso remoto,
auxiliando em todos os sistemas disponíveis e, na infraestrutura de computadores.
●clt assim saúde – operador se tele atendimento – 15/01/2015 ~ 01/10/2015
atividades: atender clientes e auxiliar os prestadores nas liberações de procedimentos.
funções extras: backoffice – plantão: busca de vagas, preenchimento de livros, monitoramentos
diversos.
núcleo: recebimento de documentos, arquivando, monitorando, e aplicando as rotinas do plano.
além de funções como analises contratuais, verificações de pendencias frente aos clientes.
●eon corp – help desk master – 21/01/2019 ~ 16/09/2019
atividades: atendimento a provedores de internet em nível 2, link de dados, hospedagem, chat,
cartões de crédito, etc. backoffice.
●clt beecenter – operador de teleatendimento e analista de desenvolvimento de sistemas –
23/06/2020 ~ 13/02/2022
atividades: atendimento a clientes, atuação e ajustes nas plataformas disponíveis de
telecomunicações, configurações diversas em equipamento, roteadores, olt. entre outros.
monitoramento de links: grafana, prtg, nagios, etc. plataformas: unm; anm; intelbras; u2000;
cdata e mikrotik.
sw: huawei; cisco; juniper; extreme; datacom,entre outros.
•clt americanet ltda - assistente de redes i . - 02/05/2022 ~ 20/01/2023
atividades: rotinas de noc, atendimento ao cliente, configurações diversas, vpn’s, focado em olts
, onus, switches, monitoramento: grafana, prtg, nágios, etc. suporte a técnicos de campo.
experiência com l2l. plataformas: unm, anm, intelbras, u2000 (huawei), zte, cdata, mk, zyxel,
nokia, entre outras.
• competências profissionais:
firewall: ns1 , ns2
configurações gerais de redes, wan, l2l, etc, olts.
montagem e manutenção de micros, infraestrutura de redes e, computadores, pacote office.
windows: xp, 7, server 2003, 2012, 2016 e 2019.
máquinas virtuais, acesso remoto, vpn’s
monitoramento: nagios, prtg, grafana, entre outros.
inglês básico.
proativo.
trabalho em equipe
• informações adicionais:
cnh: b definitiva.
",nao informado,sao paulo,sao paulo,anuncio
41501,NOC,2023-02-02 15:22:09,Maria Clara Pires,2023-02-02 15:22:09,Sr. Bruno Rocha,:,,nao informado,nao informado,nao informado,,,,,nao informado,nao informado,nao informado,nao informado,"resumo
objetivos profissionais
informática, ti, telecomunicações - administrador de redes
informática, ti, telecomunicações - ti
informática, ti, telecomunicações - telecomunicações
pretensão salarial: r$ 2500,00 - 3000,00 (bruto mensal)
jornada: período integral
tipo de contrato: efetivo – clt
nível hierárquico: assistente - analista
formação acadêmica
jan. 2005 até jun. 2007
experiência profissional
analista de monitoramento - noc, stefanini it solutions em sp
jan. 2022 até o momento

informática, ti, telecomunicações - ti (analista)

analise de plataforma web, ambiente de homologação e de produção; mapeamento análise de logs, utilizando as ferramentas e monitoração de switch, router e servidores.ferramentas utilizadas: zabbix, grafana, dynatrace, snmps, sysaid.

analista de redes jr, stefanini it solutions em sp
jun. 2017 até mar. 2020

informática, ti, telecomunicações - ti (analista)


analista de monitoração, tms solutions em sp
abr. 2014 até mai. 2017

informática, ti, telecomunicações - telecomunicações (analista)

monitoração de link’s backbone e extranet, aplicativos bancários, cartões via cics. monitoração de link´s com ferramenta itsm.

analista suporte, eclipse tecnologia da informação em sp
set. 2012 até fev. 2014

informática, ti, telecomunicações - ti (analista)


analista de suporte - i, seconci - oss em sp
mai. 2003 até set. 2010

informática, ti, telecomunicações - administrador de redes (assistente)

suporte técnico a clientes em windows 98 xp 7 exchange atendimento a clientes telefônico e/ou in-loco e/ou remoto.instalação de sistemas operacionais como windows 98 2000 xp vista 7 pacote office open office e 2003 server.manutenção de desktops e servidores dell (poweredge 1800 1900 tendo atuado como administrador do active directory (criação de grupos usuários objetos e permissão em pastas) e elaboração de política de segurança.instalação e manutenção da infraestrutura tendo atuado com router e switch 3com e cisco. monitoração de sistemas via (nagios) e monitoração de link de internet via (bandwidth) em conjunto com isa server.

informática
aplicações de escritório
microsoft outlook microsoft word open office
sistemas operacionais
windows
outros programas
servidores de e-mail servidores proxy
idiomas
inglês, básico
português, nativo
dados complementares
disponibilidade para viajar: sim
disponibilidade para mudar de residência: não
carteira de habilitação: b
tipo de veículo: carro particular
dados pessoais
nasceu em 1 de setembro de 1965, 57 anos.

masculino, casado

avaliação de competências
conheça as capacidades profissionais e os pontos de melhoria do candidato.
solicitar avaliação
incluir comentário:
máximo 400 caracteresguardar
não há comentários
",nao informado,sao paulo,sao paulo,nao informado
41502,NOC,2023-02-02 15:41:05,Maria Clara Pires,2023-02-02 15:41:05,Dr. Yan Vargas,:,,nao informado,nao informado,nao informado,,,,,nao informado,nao informado,nao informado,nao informado,"

analista de monitoramento

código apinfo : 532.279

clique aqui para entrar em contato com o profissional
escolaridade : superior completo idade : 25 anos aceita propostas como : clt
disponibilidade : imediato inglês : tecnico
sexo : masculino possui empresa aberta ? não portador de necessidades especiais ? não
pretensão salarial clt : a partir de r$ 1.500,00 pj : a combinar última atualização : 10/01/23
dados pessoais
25 anos.

objetivo
analista de monitoramento junior.


resumo
profissional orientado aos negócios com 2 anos de experiência em tecnologia, com atuação nas áreas
de suporte service desk e noc command center, experiencia com ferramentas itsm, zabbix, aws,
jira. sou tecnólogo formado em gestão da tecnologia da informação pela universidade nove de julho
(dez/2018).


formação
uninove | fev/2016 – dez/2018 | curso: gestão da tecnologia da informação.


experiência profissional
monitoramento junior
monitoramento e atendimento de incidências e requisições de serviço de n1, utilizando o ambiente
noc de negócio do cliente e garantir que a monitoração está funcional e integra; acompanhamento dos
alertas através das ferramentas de monitoramento incluindo plataforma de sistemas web, servidores e
ferramentas aws e zabbix; direcionamento de chamados para os próximos níveis de atendimento ou
áreas solucionadoras responsáveis para o solucionador correto pela resolução do registro, conforme
consulta em base de conhecimento; acompanhamento do retorno e status de atendimento dos alertas
direcionados e acompanhamento e cumprimento do sla de serviço; envio de reports referente ao
processo de monitoramento; atendimento telefônico, via whatsapp ou e-mail; triagem das solicitações
e incidentes para correto atendimento; atendimento personalizado conforme demanda; registro de
incidentes e demais tickets na ferramenta itsm jira service management e inserir todas as ações em
logs para manter a rastreabilidade; consulta de materiais de apoio no confluence para identificar se é
possível execução para solucionar em primeiro nível ou medida de contorno para pronto atendimento
da ocorrência, mantendo o cliente atualizado sobre o status do seu registro; acompanhamento do
backlog de registros, do ciclo de vida do incidente e da solicitação; acionar e escalonar grupos para
solução e realizar comunicação dos incidentes via e-mail, whatsapp para os grupos pertinentes
dedicados; mapear e documentar procedimentos técnicos e manuais técnicos para atendimento.
realização da passagem de turno no término da jornada.


junior
registro de incidentes e requisições na ferramenta itsm, com evidências detalhando o problema;
classificação e triagem de chamados recebidos para os times correspondentes a tratativa;
acionamento e escalonamento de incidentes críticos, orientação e posicionamento aos usuários quanto
ao status de atendimento de suas solicitações; resolução de problemas básicos em primeiro nível
como desbloqueio e reset de senhas de acesso no active directory, configuração de proxy, ping,
consultas em portais e sistemas; acompanhamento de painéis de status em tempo real, visando a
garantia do cumprimento do tma e do sla estipulados.


cursos
fundamentos de itil - fundação bradesco - 2019
implantação de redes locais - senai ary torres - 2014.
",nao informado,sao paulo,sao paulo,nao informado
41506,NOC,2023-02-02 16:31:56,Maria Clara Pires,2023-02-02 16:31:56,Dr. Theo Fernandes,:,,nao informado,nao informado,nao informado,,,,,nao informado,nao informado,nao informado,nao informado,"resumo
objetivos profissionais
informática, ti, telecomunicações - programador / desenvolvedor
informática, ti, telecomunicações - internet / web design
informática, ti, telecomunicações - processamento de dados
pretensão salarial: r$ 1500,00 - 2000,00 (bruto mensal)
jornada: período integral
tipo de contrato: efetivo – clt
nível hierárquico: estagiário - analista
formação acadêmica
ensino superior em análise e desenvolvimento de sistemas, faculdade impacta tecnologia - fit em sp
jun. 2019 até dez. 2021
ensino superior em análise e desenvolvimento de sistemas, faculdade impacta de tecnologia em sp
jun. 2019 até o momento (finalização prevista - mai. 2021)
curso técnico em informática, etec irmã agostina - centro paula souza em sp
jun. 2017 até dez. 2018
ensino médio (2º grau) em ensino médio (2º grau), e.e. dinah de morais e seixas em sp
jan. 2014 até dez. 2016
experiência profissional
analista de monitoramento noc, global hitss em sp
set. 2021 até o momento

informática, ti, telecomunicações - ti (analista)

monitor de sistema, secmon em são paulo - sp
jan. 2020 até set. 2021

informática, ti, telecomunicações - suporte técnico (operacional)

monitoramento do sistema implementado, verificando alertas de erros e possíveis quedas do sistema, passando os erros ao setor responsável e realizando rotinas processuais.

suporte técnica, atento em são paulo - sp
jan. 2019 até set. 2019

informática, ti, telecomunicações - suporte técnico (operacional)

atendimento via telemarketing, dando suporte a clientes na resolução de problemas e duvidas.

habilidades
informática
banco de dados
sql server
programação
css html java python
gráficos/web
adobe ilustrator
aplicações de escritório
microsoft excel microsoft outlook microsoft powerpoint microsoft word
sistemas operacionais
linux windows
idiomas
português, nativo
dados complementares
disponibilidade para viajar: sim
disponibilidade para mudar de residência: sim
dados pessoais
nasceu em 5 de janeiro de 1999, 24 anos.

masculino, solteiro

",nao informado,sao paulo,sao paulo,nao informado
41507,NOC,2023-02-02 16:35:29,Maria Clara Pires,2024-05-20 16:51:54,Dr. Brayan Rezende,:,,nao informado,nao informado,nao informado,,,,,nao informado,nao informado,nao informado,nao informado,"resumo
iniciei a minha trajetória profissional como estagiário na bv em business intelligence, lá eu utilizava sas e sql para fazer modelagem. posteriormente trabalhei no banco safra s.a também como estagiário na área de monitoramento de performance/bi e sete meses após, efetivado como analista novamente em bi. atuei também no noc da xp investimentos/clear/rico e atualmente atuo no btg pactual atuando no command center/infra.
objetivos profissionais
informática, ti, telecomunicações - análise de sistema
informática, ti, telecomunicações - informática
informática, ti, telecomunicações - infraestrutura
pretensão salarial: r$ 2000,00 - 3000,00 (bruto mensal)
jornada: período integral
tipo de contrato: prestador de serviços (pj)
nível hierárquico: estagiário - trainee
formação acadêmica
ensino superior em ciências da computação, universidade cruzeiro do sul - unicsul em sp
jan. 2022 até o momento (finalização prevista - dez. 2024)
ensino superior em análise e desenvolvimento de sistemas, unicsul - universidade cruzeiro do sul em sp
jan. 2022 até o momento (finalização prevista - dez. 2023)
experiência profissional
analista noc pleno, btg pactual em são paulo - sp
nov. 2020 até ago. 2022

informática, ti, telecomunicações - suporte técnico (analista)


analista de infra/noc, xp investimentos em são paulo - sp
mar. 2019 até jan. 2020

informática, ti, telecomunicações - suporte técnico (analista)


analista de informações gerenciais bi jr., banco safra em são paulo - sp
mar. 2014 até mar. 2016

contábil, finanças, economia - bancária (analista)


habilidades
informática
banco de dados
sql server
programação
asp asp.net c# css html java
aplicações de escritório
microsoft access microsoft excel microsoft outlook microsoft powerpoint microsoft word
sistemas operacionais
linux windows
idiomas
português, nativo
inglês, avançado
dados complementares
disponibilidade para viajar: não
disponibilidade para mudar de residência: sim
carteira de habilitação: a, b
tipo de veículo: carro particular, moto
dados pessoais
nasceu em 15 de junho de 1990, 32 anos.

masculino, casado

",nao informado,sao paulo,sao paulo,nao informado
41527,Operador de Infra,2023-02-03 12:30:56,Melina Montenegro,2023-02-03 13:58:08,Sr. Breno Oliveira,Site de Empregos: Linkedin,1955-08-26,masculino,solteiro,nao,TI - Suporte,,,,Ensino Superior Completo,Básico,Básico,nao informado,"experiência
letiel
mitsuo analista noc n2/hostfiber
07/2021 – atualmente
morino monitoramento de circuitos wan através da ferramenta nagios;
atendimento telefônico e via e-mail à clientes; abertura de
muniz chamados técnicos; troubleshootings de camadas física, enlace e
rede nos equipamentos afim de identificar avarias na rede e
problemas no links de internet dos clientes; apoio à equipe de
validando os circuitos. realização de configuração nos
equipamentos de tecnologia metro da cisco, huawei, juniper e
da furukawa.

analista noc n1/hostfiber
06/2019 – 07/2021
atendimentos de chamadas visando a abertura de chamados
técnicos; auxiliando na fila de chamados e categorização de
chamados abertos pelo monitoramento. troubleshooting técnico
com usuário de visualização. constante contato com a equipe de
el-mitsuo-morino-muniz- validação do reparo.
72918b12a/

formação acadêmica


objetivo tecnologo redes de computadores
2018 - 2019
analista de ti universidade cidade são paulo

técnico em eletronica
2012 - 2014
dados pessoais
etec tereza aparecida cardoso nunes de oliveira
das camélias | sp.
cursos complementares
❖ 26 anos
❖ solteiro
• técnico em informática jr. | 291 horas | concluído em 09/2010.
",nao informado,sao paulo,sao paulo,site de empregos
41531,Analista de Energia,2023-02-03 20:07:46,pelo próprio candidato,2023-02-03 20:07:46,Sra. Beatriz Teixeira,Outros: Google,1999-12-26,feminino,nao informado,nao,Gestão e Alocação de Recursos de TI,,,,Pós Graduação Cursando,Intermediário,Nenhum,nao informado,"
brasileira, solteira, 23 anos.
campinas, são paulo.


formação acadêmica:

colégio objetivo- vila industrial- campinas
ensino médio completo
término: 12/2016
pontifícia universidade católica de campinas- pucc
graduação completa em engenharia química – possuí título de
engenheira química pela pucc.
inicio: 01/2017
término: 12/2021.
universidade estadual de campinas – unicamp
cursando pós-graduação em engenharia mecânica:
área de materiais e processos de fabricação – desenvolvendo um sistema de
gerenciamento do processo de usinagem, usando vba e linguagem de programação.

inicio: 03/2022.


qualificações:

• conhecimento em excel, microsoft word, simulador python.

• atualmente busco conhecimento em outros simuladores de otimização de
processo além do python, como vba e entre outros. identifico- me com a
área de modelagem e simulação de processos.
• possuo facilidade em trabalho em equipe e lidar com conflitos,
pontualidade, solidariedade e empatia com o próximo, pensamento crítico
e visão analítica.
• trabalho de forma honesta, sou esforçada e determinada, tenho facilidade
e gosto de aprender, adquirir novos conhecimentos, viso à
sustentabilidade, preservação do meio ambiente e a ética.
• realizei duas práticas de formação na área de desenvolvimento
sustentável durante o curso.
• experiência com pesquisas e projetos através da universidade.
• metas: fazer a diferença no mundo e na vida das pessoas de algum
modo.
• idiomas: faço curso de inglês online, seguindo para a fluência.
finalizando o curso de inglês pretendo dar início a um curso de espanhol.
experiências acadêmicas:

monitoria:

local: pontifícia universidade católica de campinas – pucc.
monitora das matérias de física a no primeiro semestre do ano de 2018,
geometria analítica no segundo semestre de 2018, para o curso de engenharia
química. no primeiro semestre de 2019, fui monitora de complementos de
cálculo c para os cursos de engenharia química, civil e produção, no segundo
semestre fui monitora de cálculo numérico para o curso de engenharia
mecânica e física a novamente para o curso de engenharia química. no
primeiro semestre de 2020, fui monitora de probabilidade e estatística, para o
curso de engenharia química.


iniciação científica:

iniciado: agosto de 2019.
finalizado: julho de 2020.

local: pontifícia universidade católica de campinas – pucc.
projeto: análise de sensibilidade dos parâmetros cinéticos
envolvidos no processo fermentativo de produção do ácido
láctico frente a diferentes condições operacionais.
descrição: foi realizada uma análise de sensibilidade dos parâmetros cinéticos
do processo fermentativo de produção de ácido láctico, com diferentes condições
operacionais, utilizando métodos estatísticos, a fim de aperfeiçoar o processo de
fermentação do ácido láctico, obtendo condições ótimas de produção. na sua
fabricação utiliza-se matéria-prima de fonte renovável (cana- de-açucar) e ele é
muito utilizado em uma ampla variedade de produtos químicos, mas atualmente
mais procurado nas áreas médicas, pois através do ácido é possível produzir um
polímero biodegradável que pode ser utilizado na regeneração de tecidos
humanos.
os resultados foram promissores, onde o objetivo do projeto foi atingido com
êxito. através dele aprendi sobre aperfeiçoamento de processos e a utilizar a
ferramenta python de linguagem de programação e a aprender sobre os métodos
estatísticos (planejamento de experimentos 23 e método hipercubo latino)
utilizados na otimização dos processos. além disso, tive a oportunidade de
melhorar a minha leitura e escrita de artigos ciêntíficos em inglês, pois grandes
partes dos artigos utilizados no projeto foram em inglês.


extensão:
trabalhei em um projeto voluntário de extensão pela universidade puc-
campinas, junto com outras pessoas, desde março de 2021, com término em
dezembro de 2021. o plano de trabalho do grupo da extensão, levando em
consideração os anos anteriores, teve referência com ações sustentáveis em
limpeza e desinfecção de superfícies aplicáveis a comunidades vulneráveis.
realizamos estudos e produção de produtos de limpeza como saneantes e
multiusos para definfecção.
curriculum lattes: http://lattes.cnpq.br/


experiência profissional:
",engenharia metalurgica e de materiais,campinas,sao paulo,outros
20926,,2020-08-17 15:24:44,Aylla Leão,2020-10-21 16:53:11,Melina Moura,:,1969-12-31,nao informado,nao informado,nao informado,,,,,nao informado,nao informado,nao informado,nao informado,"
objetivo profissional
analista de bi | analista de negócios

carreira desenvolvida em projetos ligados a otimização processual e tratamento da dados, atendendo a grandes clientes multinacionais. atuação focada em performance através de atuação em equipe, considerando a gestão de dados, etapa fundamental para o sucesso de uma instituição.

qualificações técnicas
 gerencial: babok, pmbok e business intelligence;
 aplicações: tableau, qlikview, qlik sense, alteryx, datastage, hadoop, spark;
 linguagens: java, c#, python, t-sql, uml e pl/sql;
 banco de dados: sql server, oracle e db2.
conhecimentos e cursos em tecnologia
 c# e asp.net (fundamentos) – impacta tecnologia e certificações (60h);
 qlikview developer – keyrus group (24);
 qlikview designer – keyrus group (16h);
 tableau desktop – ibm eua (12h);
 aplicações de bi para gestão de negócios – fia (24h);

principais habilidades e competências
 compreensão de toda a arquitetura de bi desde o armazenamento das informações (dw), extração, preparação de dados (etl) até visualização de painéis (dashboards);

formação acadêmica
bacharel em ciência da computação – unesp – 2012

idiomas
inglês avançado

experiência profissional
banco bmg – desde 09/2018
 análise e monitoramento da performance dos aplicativos de bi das áreas internas do banco, tais como: planejamento, captação, cobrança, bmg card, bmg em conta, relações com investidores, e entre outras.

csc brasil | data analytics, automação e ti 12/2017 a 08/2018
analista de bi.
 análise de dados;
 análise de riscos;
 análise estratégica de negócios;
 conhecimento sobre análises avançadas e análises preditivas;
 otimização processual utilizando o alteryx e o tableau;
 elaboração de relatórios de desenvolvimento (panels and storytelling) abrangendo as consultas e problemas imprevistos pelo usuário final.

iteris | consultoria e software 08/2017 a 12/2017
analista de bi
 responsável pela solução estratégica e manutenção de aplicações de bi;
 identificação e solução de problemas técnicos complexos;
 análise e monitoramento de performance dos aplicativos de bi;
 definição de prioridades e estratégia de indicadores chave de desempenho (kpi) e data warehouse (dw);
 atuação colaborativa com equipes de negócios e desenvolvimento para projetar e criar painéis (dashboards);
 otimização de utilização de dados para basear estratégias corporativas;
 gestão de documentos;
 participação em projetos baseados em business intelligence e data analytics trabalhando com a suíte microsoft (ssis, ssas e ssrs), plataforma qlik (qlikview e qlik sense) e tableau para a visualização de dados.

ibm 06/2016 a 07/2017.
analista de bi
 análise de métricas, criação dos kpi’s e utilização do datastage (ferramenta de etl da ibm) para consultas sql, extraindo, transformando e carregando dados no ambiente de desenvolvimento;
 criação e manutenção de modelos de dados relacional e multidimensional;
 desenvolvimento e construção do datawarehouse para receber e também fornecer dados para parceiros internos ou de negócios;
 integrante da equipe de ibm account export, sendo responsável por fornecer soluções de melhoria para o grupo global business services (gbs).

qconsulting - keyrus group 02/2016 a 06/2016
consultor de bi
 modelagem de dados dimensionais, utilizando os tipos de modelo estrela (“star schema”) e modelo floco de neve (“snow flake”);
 utilização de ferramentas excel, sap ou hyperion, conectadas através de extratores baseados na ferramenta de bi, o qlikview;
 criação dos key performance indicator (kpi’s) para análise e compartilhamento de informações, tornando dados inteligentes o que eram informações comuns;
 suporte à especificação funcional e estimativas de entregas de relatórios junto a área de negócios;
 atuação conjunta às auditorias farmacêuticas de mercado, como a pmb, nddd e mdtr;
 desenvolvimento de sentenças lógicas e construção dos dashboards através da ferramenta de “data discovery” qlikview;
 apoio à projetos em áreas como financeira, telecom e farmacêutica;
 auxílio na inteligência de negócios;
 elaboração de dashboards e todo o processo de layout de entrega de dados.

diebold nixdorf 03/2014 a 10/2015
analista de sistemas
 análise e desenvolvimento de software baseado na linguagem de programação ms c#;
 utilização do java server faces (jsf 2.0) e servidor web tomcat;
 conhecimento sobre utilização de metodologias ágeis de trabalho (scrum) para gestão e planejamento de projetos de software;
 suporte ao produto extended managed services (xms);
 contato diário para alinhamento com os escritórios nos estados unidos e índia.
",nao informado,nao informado,nao informado,nao informado
40086,Analista de Sistemas,2022-10-18 10:27:08,Clara Rios,2022-10-18 10:27:08,Agatha Rocha,:,,nao informado,nao informado,nao informado,,,,,nao informado,nao informado,nao informado,nao informado,"java analist jr.
i’m an eternal student, i think the only thing i have really learned in this life, is how to learn something new, the pleasure of discovery is definitely something addictive. above all, i know that there is still a world of new and interesting things to learn and this motivates me to keep moving forward. currently i am dedicating myself to learning more about data stream, and the differences between rabbitmq and apache kafka, and improving my java/spring rest skills, as well as trying to improve my english speaking skills.
confitec sistemas, são paulo – java analist jr.
since april 2022
i work in the development team of the life insurance module, of the brasilseg ultron system. microservices architecture, messaging with sqs and sns from aws, cloudwatch for logs monitoring, unit tests preserving the service layer coverage. i’m working under waterfall development model.
technologies: java, spring, hibernate, api rest, sqlserver, dynamodb, sqs aws, maven, git, junit/mockito, sonarqube, postman.
easy it cloud, blumenau - devops jr. (freelancer)
since april 2022
i perform the elaboration of several proofs of concept in microsoft azure services. i monitor performance metrics with datadog's apm service, and act on demands for instrumentation of java and .net applications.
technologies: microsoft azure devops, azure service bus, docker, kubernetes, datadog
senior sistemas, blumenau – java developer fullstack jr.
from april 2021 to april 2022
i worked on a system based on a modern microservices architecture and messaging with rabbitmq. i worked directly in the progressive increase of unit test coverage in the support squad and backoffice. i worked under agile methodologies scrum/kanban development model.
i performed automated test monitoring and development using restassured, tracking software quality metrics and api availability, using grafana and kibana.
technologies: java, spring, hibernate, api rest, postgresql, rabbitmq, maven, git, docker, junit/mockito, sonarqube and jacoco.
formação
uninassau, recife - system analysis and development
from january 2021 to september 2022
through a combination of information systems and business courses, i learned cutting edge programming and networking techniques, as well as apply knowledge and theory, to solve problems in information technology and improve business.












blumenau, sc

+55 47 99771 8073

samuelevi87
samuel.levi.alves

skills
java/springboot/maven agile methodologies scrum/kanban
unit tests /junit/mockito
automated testing /restassured
rest api/postman/insomnia
certifications
sfpc – certiprof
awards

top performance fullstack developer- igti

languages

technical english
speaking english

learning

apache kafka
jenkins
data stream
english conversation

backlog
aws cloud platform
azure cloud platform
elastic search
nosql
",nao informado,blumenau,santa catarina,nao informado
40267,programador mainframe,2022-10-27 13:18:08,Carlos Eduardo Ribeiro,2022-10-27 13:18:08,Mariana Novais,:,,nao informado,nao informado,nao informado,,,,,nao informado,nao informado,nao informado,nao informado,"

solteiro, brasileiro, 41 anos
itapema/sc



qualificações

20 anos de experiência em programação para mainframe, 4 anos de experiência
como instrutor. inglês intermediário.



experiência profissional

de 10/2021 até o momento - stefanini (home office)
atuação no sistema de gestão de bonificação de vendedores da via varejo,
sustentação dos dados do legado (cobol/db2) e apoio a equipe de
desenvolvimento web descrevendo as regras de negócio obtidas no sistema já
existente no mainframe.
.
de 01/2014 até 10/2021 - t-systems (blumenau/sc)
atuação de 1 ano como analista de sustentação mainframe em cobol/ims/db2
para o cliente volkswagen.
atuação de 6 anos como analista de sistemas mainframe em cobol/db2, sendo 1
ano com atividades de dba db2 para o cliente mercedes benz.

de 09/2003 até 10/2013 - capgemini (florianópolis/sc)
desenvolvimento de software em mainframe utilizando cobol, db2, pl-1,
natural, adabas, cics, ims, jcl, para área financeira (banco abn amro,
banco bradesco, banco itaú, sulamerica, cielo) e para a área de telecom
(companhia telemar).
também atuei como instrutor de programação mainframe nas linguagens pl/1,
natural e adabas.

02/2002 - 09/2003 - bsi tecnologia (lages/sc)
desenvolvimento de software em mainframe utilizando cobol, db2, pl/1,
natural, adabas, cics, ims, jcl, para área financeira (bancos abn amro,
banco itaú).

08/2001 - 08/2003 - senac (lages/sc)
lecionando no curso técnico em informática - programação, as disciplinas de
introdução a análise de sistemas, estrutura de dados, desenvolvimento de
sistemas e linguagens de programação. também orientei trabalhos de
conclusão de curso.


formação acadêmica

> 2021/2022 - pós-graduação em big data - univ. candido mendes
> 2018/2019 - pós-graduação em banco de dados - unicesumar
> 2016/2017 - pós-graduação em matemática financeira/estatística - univ.
candido mendes
> 2003 - certificação webmaster ispa / cyclades, como: instrutor de
programação e html.
> 2002/2003 - programa de desenvolvimento de educadores - senac
> 1998/2001 - graduação em informática - bacharelado na uniplac
> 1998/2000 - técnico em segurança no trabalho - colégio univest.




habilidades específicas


> experiência em programação nas linguagens pl/1, cobol, cics, natural,
ims/dc, easytrieve, jcl, vsam, mq-series, sql.
> experiência nos bancos de dados adabas, ims/db, db2, oracle pl/sql e sql
server.
> experiência nos ambientes de desenvolvimento mfe - mainframe express,
tso, roscoe, predict, endevor, changeman, realia.
> experiência em análise de sistemas, utilizando as técnicas de dfd e der.
> conhecimento em pascal, delphi, html, xml, xquery, itil e ágil.



projetos desenvolvidos


> atuação como analista/programador na migração do sgbd sqlserver 2000 para
sqlserver 2008, banco mizuho/2019.
> manipulando arquivos xml usando o sgbd ibm-db2. trabalho de conclusão de
curso da pós-graduação em banco de dados, 2019.
> análise estatística para averiguação do tempo gasto no desenvolvimento de
software para diferentes clientes. trabalho de conclusão de curso da pós-
graduação em matemática financeira/estatística, 2017.
> atuação como analista/programador na criação do serviço de cálculos, em
> atuação como coordenador técnico no projeto de expansão do código de
empresa, sulamerica / 2012.
> atuação como analista/programador no projeto de expansão do código
funcional no sistema de contas correntes, em cobol/ims/db2, banco itaú /
2012.
> atuação como analista/programador na transformação do sistema
investimentos para isentar cpmf de reaplicações financeiras, em
cobol/pl1/cics/adabas, banco abn/2004.
> atuação como analista/programador no desenvolvimento e na homologação do
sistema de prevenção à lavagem de dinheiro, em cobol/pl1/adabas/db2,
banco abn amro/ 2004.
> atuação como programador na adaptação do sistema corporativo devido à
expansão da área de atuação da telemar, em natural/adabas, telemar /
2003.
> atuação como programador no desenvolvimento de um gerenciador de
campanhas publicitárias em natural/adabas, telemar / 2003.
> participação na implantação do cmm nível 2 na cpm / 2006.
> sistema para controle de vendas - orientação de trabalho de estágio,
senac / 2003.
> sistema de agendamento consultas médicas - orientação trabalho de
estágio, senac/ 2003.
> sistema de geração da escala operacional - orientação de trabalho de
estágio, senac/2002.
> sistema especialista para orientação vocacional - artigo publicado na v
oficina de inteligência artificial em pelotas/rs - 2001.
> automatizando a geração de quadros de horários: uma abordagem heurística
- artigo publicado na revista de divulgação científica e cultural da
uniplac, lages/sc - 2001.
> uma abordagem evolucionária para a geração de quadros de horários -
artigo publicado na revista ccei em bagé/rs, 2001.
",nao informado,florianopolis,santa catarina,nao informado
40282,programador mainframe,2022-10-27 18:26:27,Carlos Eduardo Ribeiro,2022-10-27 18:26:27,Dr. Leandro Albuquerque,:,,nao informado,nao informado,nao informado,,,,,nao informado,nao informado,nao informado,nao informado,"
são paulo – nascido em 31 de julho de 1962 – 59 anos – casado

especialista em desenvolvimento de sistemas
 grande experiência no desenvolvimento de projetos no mercado financeiro para as áreas de cartões de
crédito, financeira, contábil, orçamentária e folha de pagamento;
 atuação nas práticas de mercado (metodologia ágil, pmbook e cmm)
 hábil no levantamento de requisitos, estimativas e acompanhamento de filas de prioridades junto aos
gestores de produtos
 expertise em especificação funcional e técnica, construção, testes e implementação no desenvolvimento de
sistemas
 experiência em desenvolvimento de sistemas em várias plataformas (altair, pampa e convencional) e
padrões (jcl, tso, roscoe, endevor, changeman, cobol, cics, db2/sql, vsam, file-aid,
plataforma altair (isban) clipper, dbase iii, natural ii/adabas), com a utilização de práticas de
projeto estruturado e modelagem de dados.
 noções básicas em php, html, css, postgres, mysql, javascript e c++
 experiência de 3 anos na otimização de processos, maximização de resultados e gestão de demandas.
 perfil empreendedor, com habilidade em processos e análise para tomada de decisão, comunicação e
resolução de problemas em ambientes técnicos e funcionais complexos e de alto desempenho;



experiência profissional

tech spec 3 software analyst senior (atuando em projetos do banco safra)
empresa: softtek – desde 08/set/2021

atividades:
 planejamento e desenvolvimento de novas funcionalidades para adequação do processo de aumento de
limites de cartões (em cobol/cics/db2/vsam/tso/endevor).
 documentação para promoção das rotinas para realização de testes no ambiente homologação e posterior
implantação das novas rotinas do sistema créditos, consignado e liberação de limites


desenvolvedor mainframe (alocação na caixa – automação de processos)
empresa: cast informática s.a – de 11/ago/2020 a 18/jun/2021

atividades:
 planejamento e desenvolvimento de funcionalidades para geração de indicadores de performance e
desempenho (em cobol/cics/db2/vsam/tso/endevor,easytrieve)
 criação de processos para o desenvolvimento de aplicações com foco em gestão de indicadores de
performance da infraestrutura
 elaborar a documentação de implantação das novas rotinas do sistema siwam, em ferramenta própria do
cliente;
 documentar os procedimentos técnicos das rotinas do sistema siwam, em aplicação específica
 treinamento e ambientação de novos recursos no ambiente mainframe
 coordenação no processo de configuração de área compartilhada entre o ambiente mainframe e servidores
da baixa plataforma


analista desenvolvedor ii (alocação na caixa - automação de processos)
empresa: global hitss do brasil – de 15/nov/2019 a 10/ago/2020 (9 meses)

atividades:
 criação de processos para o desenvolvimento de aplicações com foco em gestão de indicadores de
performance da infraestrutura
 planejamento e desenvolvimento de funcionalidades para geração de indicadores de performance e
desempenho (em cobol/cics/db2/vsam)


atualizado em 01/08/2020 pág.: 1 / 4

são paulo – nascido em 31 de julho de 1962 – 59 anos – casado

analista programador v (alocação na caixa - automação de processos)
empresa: g&p projetos e sistemas s/a.– de 15/ago/2019 a 12/nov/2019 (3 meses)

atividades:
 desenvolvimento de funcionalidades para geração de indicadores de performance e desempenho para
avaliação e acompanhamento dos processos transacionais da infraestrutura do cliente.



proprietário de restaurante
empresa: samware restaurantes ltda - me - de mar de 2014 a abr 2019 (5 anos 1 mes)

atividades:
 atuação em todas as atividades relacionadas à gestão financeira, administrativa, estratégica,
operacional e legal.


líder de projetos
empresa: isban brasil – grupo santander - de 10/ago/2009 a 02/mail2013 (3 anos e 09 meses)

atividades:
 gestor das fábricas que prestam serviços de desenvolvimento e/ou testes para as equipes de projetos da
isban



coordenador de desenvolvimento de sistemas
empresa: isban brasil – grupo santander - de 18/fev/2008 a 07/ago/2009 (1 ano e 6 meses)

atividades:
 participação ativa nas fases de especificação funcional e técnica, construção, testes e implementação no
desenvolvimento de sistemas nas áreas de cartões, financeira, contábil, orçamento no segmento
financeiro e bancos de investimentos.
 gestor das demandas do banco, responsável pelas aprovações e respectivo posicionamento dos projetos
em andamento, junto aos gestores de produtos e cio.
 atuação em levantamento de requisitos, estimativas e acompanhamento de filas de prioridades junto aos
gestores de produtos.
 otimização de processos, maximização de resultados e gestão de demandas.
 ferramentas utilizadas: ms office, ms-project, ms-visual.



analista de desenvolvimento de sistemas sr
empresa: banco do estado de são paulo - grupo santander - de 23/ago/2004 a 15/fev/2008 (3 anos e 7 meses)

atividades:
 diversas implementações de atividades relacionadas ao processo de incoming e parcelado sem juros das
transações de crédito do banco, para adequar a plataforma pampa para o mercado brasileiro, nas
ferramentas cobol/db2/vsam/roscoe/tso/endevor, changemain, file-id e easytrieve.



analista programador especialista
empresa: resource informática ltda – de nov de 1998 a mar de 1999 (6 meses)
alocação: redecard s/a – de mar/1999 a ago/2004 (5 anos e 5 meses)

atividades:
 elaboração, construção e implementação do novo sistema de interchange para transmissão e controle de
envio de transações aos emissores locais (off us).
incumbência da redecard (estabelecimento) e credicard (faturamento / associados), com uso dos
procedimentos de cmm:
atualizado em 01/08/2020 pág.: 2 / 4

são paulo – nascido em 31 de julho de 1962 – 59 anos – casado

 split da orbitall e redecard;
 rotina das transações de emissores locais;
 rotina das transações receptivas;
 manutenções corretivas e implementares;
 controles financeiros e batimentos contábeis
 ferramentas utilizadas: cobol, db2, vsam, roscoe, changemain, file-id e easytrieve, ftp, tiger
connection.



analista programador (consultoria por contrato)
empresa: resource informática ltda – de nov de 1998 a mar de 1999 (6 meses)

atividades:
 implementação do sistema de empréstimo multibanco no banco santander (on line/batch) em natural ii/
adabas.

analista de sistemas
empresa: cast informática ltda
alocação: serpro – serviços de proc de dados – de 01/mai/1996 a 30/out1998 (2 anos e 6 meses)

atividades:
 manutenções no sistema de optantes simples (on line).
 siafem - sistema de administração orçamentária dos estados (on line),
 rotina unificada de cálculo para atualização dos débitos da receita (on line / batch).
rotina de depuração de débitos do banco de pessoa física.
 ferramentas utilizadas: cobol, cics, db2, roscoe, changemain. natural ii/adabas.




formação acadêmica cursos extracurriculares
- mvs - conceitos e recursos - ms-dos – técnicas
área: especialização em governança avançada - xpedit batch/on line - microsoft project 98
- técnicas estruturadas - treinamento em microinformática (lotus,
de ti - introd e ident do problema e dbaseiii, wordstar 2000)
período: 2009 – 2009 programação estruturada - projeto info - formação de
- análise essencial monitores
- noções gerais de segurança - relacionamento interpessoal
fipt - fundação instituto de pesquisa física e lógica bd - ms-dos 3.0
tecnológica - proj de banco de dados adabas - linguagem c – rec básicos
- as - básico e avançado
área: mba em gestão de projetos - adabas/natural ii
- metodologia ágil
- azure dp900
período: 2006 – 2007 - adasql programming workshop
- java - do zero ao web service
- introdução ao wsf2 - erd
- introdução ao teleprocessamento - power bi
faculdades associadas de são paulo - java – j builder
área: ciências contábeis com ênfase em análise - html e front page
- visual basic 6.0 (bas e avançado)
de sistemas - visual basic 5.0 (bas e avançado)
período: 1984 – 1988



atividades diversas
 voluntário na casa de caridade lar meimei, como coordenador e instrutor de curso de word à jovens
carentes, líder dos trabalhos realizados no segundo sábado e coordenador da área de comunicação.
 pratica de corridas de média distância (5 km e 10 km) e aulas de dança de salão.
 criação de vídeos com a ferramenta movavi suite

atualizado em 01/08/2020 pág.: 3 / 4

são paulo – nascido em 31 de julho de 1962 – 59 anos – casado



idiomas
 inglês (leitura intermediário / conversação básica)
 espanhol (conversação intermediário)




atualizado em 01/08/2020 pág.: 4 / 4
",nao informado,sao paulo,sao paulo,nao informado
40283,programador mainframe,2022-10-27 18:34:40,Carlos Eduardo Ribeiro,2022-10-27 18:34:40,Dra. Liz Costa,:,,nao informado,nao informado,nao informado,,,,,nao informado,nao informado,nao informado,nao informado,"casado, 47 anos (15/01/75)
+55 11 9473 00 978
skype s.prieto



emprego pretendido analista de sistemas/desenvolvedor.

experiência profissional

11/2021–atual analista de sistemas.
cadmus soluções em ti, são paulo (brasil)
o projeto em que estou envolvido consiste na manutenção evolutiva e corretiva
de um de gerenciamento de seguros na azul seguros.
desempenho as seguintes funções:
• análise de soluções junto com a equipe funcional.
• desenvolvimento das soluções utilizando a linguagem de programação cobol
microfocus.
• implementação das soluções desenvolvidas.
• acompanhamento pós implantação.

principais ferramentas utilizadas: linux, dbeaver, mysql, c-isam e cobol.

04/2021–08/2022 analista de sistemas informáticos.
wipro limited, são paulo (brasil)
o projeto em que estava envolvido consiste na manutenção evolutiva e corretiva
de um sistema de crédito imobiliário do cliente banco bradesco.
desempenho as seguintes funções:
• análise de soluções junto com a equipe funcional.
• desenvolvimento das soluções utilizando a linguagem de programação cobol
microfocus/mainframe.
• implementação das soluções desenvolvidas.
• acompanhamento pós implantação.

principais ferramentas utilizadas: linux, oracle, tso, jcl, cics, db2, vsam e cobol.


10/2020–03/2021 consultor cobol.
agap2, lisboa (portugal)
o projeto em que estive envolvido consiste na manutenção evolutiva e corretiva
dos sistemas estruturais do banco santander.
desempenhando as seguintes funções:
• análise de soluções e despistes de erros.
• desenvolvimento das soluções utilizando a linguagem de programação cobol
mainframe.
• implementação das soluções desenvolvidas.
• acompanhamento pós implantação.

principais ferramentas utilizadas: tso, jcl, cics, db2, vsam e cobol.

11/2018–09/2020 analista de sistemas informáticos.
wipro limited, são paulo (brasil)
o projeto em que estava envolvido consiste na manutenção evolutiva e corretiva
de um sistema de crédito imobiliário do cliente banco bradesco.
desempenho as seguintes funções:
• análise de soluções junto com a equipe funcional.
• desenvolvimento das soluções utilizando a linguagem de programação cobol
microfocus/mainframe.
• implementação das soluções desenvolvidas.
• acompanhamento pós implantação.

principais ferramentas utilizadas: tso, jcl, cics, db2, vsam e cobol.

10/2014–11/2018 analista de sistemas informáticos.
accenture/vivere do brasil, são paulo (brasil)
os projetos em que estava envolvido são:
projeto de manutenção evolutiva e corretiva de um sistema de crédito imobiliário
do banco santander.
projeto de transferência de arquivos entre o sistema de crédito imobiliário e os
outros sistemas do banco santander utilizando a ferramenta de gerenciamento
schedule skybot.
desempenhava as seguintes funções:
• análise de soluções junto com a equipe funcional.
• desenvolvimento das soluções utilizando a linguagem de programação cobol.
• implementação das soluções desenvolvidas.
• acompanhamento pós implantação.
• gerenciamento de schedule skybot.
• treinamento/formação da equipe para a utilização do schedule skybot.
• líder técnico da equipe.

principais ferramentas utilizadas: linux, oracle, vsam, cobol e schedule skybot.

04/2014–10/2014 analista de sistemas informáticos.
gntec soluções em tecnologia, são paulo (brasil)
o projeto em que estava envolvido consistia na manutenção evolutiva e corretiva
de um sistema de crédito imobiliário do banco santander.
desempenhava as seguintes funções:
• análise de soluções junto com a equipe funcional.
• desenvolvimento das soluções utilizando a linguagem de programação cobol.
• implementação das soluções desenvolvidas.
• acompanhamento pós implantação.
• líder técnico da equipe.

principais ferramentas utilizadas: linux, oracle, vsam e cobol.

05/2013–04/2014 analista de sistemas informáticos.
stefanini it solutions, são paulo (brasil)
o projeto em que estava envolvido consistia na manutenção evolutiva e corretiva
de um sistema de gerenciamento de todo o processo de controle e
movimentação de numerários da empresa grupo protege.
desempenhava as seguintes funções:
• entrevista/análise de soluções junto ao usuário.
• desenvolvimento das soluções utilizando a linguagem de programação cobol.
• implementação das soluções desenvolvidas.
• acompanhamento pós implantação.
• administração do sistema hpux.

principais ferramentas utilizadas: linux, unix, oracle, vsam e cobol.


07/2008–05/2013 analista de sistemas informáticos.
h2m consultoria, são paulo (brasil)
o projeto em que estava envolvido consistia na manutenção evolutiva e corretiva
de um sistema de gerenciamento de todo o processo de controle e
movimentação de numerários da empresa grupo protege.
desempenhava as seguintes funções:
• entrevista/análise de soluções junto ao usuário.
• desenvolvimento das soluções utilizando a linguagem de programação cobol.
• implementação das soluções desenvolvidas.
• acompanhamento pós implantação.
• administração do sistema hpux.

principais ferramentas utilizadas: linux, unix, oracle, vsam e cobol.


09/2007–07/2008 analista de sistemas informáticos.
coerente slux tecnologia da informação ltda.
o projeto em que estava envolvido consistia na manutenção evolutiva e corretiva
de um sistema de gerenciamento do pdv pernambucanas.
desempenhava as seguintes funções:
• entrevista/análise de soluções junto ao usuário.
• desenvolvimento das soluções utilizando a linguagem de programação cobol.
• implementação das soluções desenvolvidas.
• acompanhamento pós implantação.

principais ferramentas utilizadas: linux, unix, oracle, vsam e cobol


02/2007–09/2007 analista de sistemas informáticos.
merchant cobranças ltda., são paulo (brasil)
o projeto em que estava envolvido consistia na manutenção evolutiva e corretiva
de um sistema de gerenciamento de cobranças.
desempenhava as seguintes funções:
• entrevista/análise de soluções junto ao usuário.
• desenvolvimento das soluções utilizando a linguagem de programação cobol.
• implementação das soluções desenvolvidas.
• acompanhamento pós implantação.

principais ferramentas utilizadas: linux, unix, oracle, vsam e cobol.


09/2006–02/2007 analista de sistemas informáticos.
h2m consultoria, são paulo (brasil)
o projeto em que estava envolvido consistia na manutenção evolutiva e corretiva
de um sistema de gerenciamento de todo o processo de controle e
movimentação de numerários da empresa grupo protege.
desempenhava as seguintes funções:
• entrevista/análise de soluções junto ao usuário.
• desenvolvimento das soluções utilizando a linguagem de programação cobol.
• implementação das soluções desenvolvidas.
• acompanhamento pós implantação.
• administração do sistema hpux.

principais ferramentas utilizadas: linux, unix, oracle, vsam e cobol.


04/2006–07/2006 consultor técnico peoplesoft.
alliance consulting, são paulo (brasil)
o projeto em que estava envolvido consistia na manutenção evolutiva e corretiva
do sistema peoplesoft.
desempenhava as seguintes funções:
• desenvolvimento de soluções utilizando ferramenta peoplecode.
• desenvolvimento de soluções utilizando ferramenta sqr.

principais ferramentas utilizadas: peoplesoft, sqr.

05/2000–02/2006 analista de sistemas informáticos.
mmc automotores do brasil s/a. (mitsubishi motors), são paulo
(brasil)
o projeto em que estava envolvido consistia na manutenção evolutiva e corretiva
de um sistema de gerenciamento da indústria de fabricação de carros.
desempenhava as seguintes funções:
• entrevista/análise de soluções junto ao usuário.
• desenvolvimento das soluções utilizando a linguagem de programação cobol.
• implementação das soluções desenvolvidas.
• acompanhamento pós implantação.
• administração do sistema hpux.

principais ferramentas utilizadas: unix, vsam e cobol.


03/1995–05/2000 analista de sistemas informáticos.
hitec informática s/c ltda, são paulo (brasil)
o projeto em que estava envolvido consistia na manutenção evolutiva e corretiva
de um sistema de gerenciamento da indústria de fabricação de carros.
desempenhava as seguintes funções:
• entrevista/análise de soluções junto ao usuário.
• desenvolvimento das soluções utilizando a linguagem de programação cobol.
• implementação das soluções desenvolvidas.
• acompanhamento pós implantação.
• administração do sistema hpux.

principais ferramentas utilizadas: unix, vsam e cobol.

educação e formação

01/1995–12/1998 curso superior de tecnologia em processamento de dados
unisanta_anna, são paulo (brasil)

11/1994–03/1995 programação cobol microfocus
kyoei facon, são paulo (brasil)

01/2005–05/2005 administração unix ( hpux ) i , ii e iii
hp invent, são paulo (brasil)

08/2019–09/2019 cobol/db2/cics/jcl
escoladeprogramadores, são paulo (brasil)

competências pessoais


língua materna português.
",nao informado,sao paulo,sao paulo,nao informado
40340,Desenvolvedor Pleno,2022-11-03 10:32:41,Maria Clara Pires,2022-11-03 10:32:41,Ana Costela,:,,nao informado,nao informado,nao informado,,,,,nao informado,nao informado,nao informado,nao informado,"objetivos profissionais
informática, ti, telecomunicações - análise de sistema
pretensão salarial: r$ 7000,00 - 8000,00 (bruto mensal)
jornada: período integral
tipo de contrato: efetivo – clt
nível hierárquico: analista
formação acadêmica
ensino superior em administração de empresas, estacio de sa em ba
jun. 2019 até o momento (finalização prevista - jun. 2023)
ensino superior em análise e desenvolvimento de sistemas, ifba - instituto federal da bahia em ba
out. 2015 até dez. 2017
experiência profissional
software developer backend java springboot, x-mob em mg
nov. 2020 até o momento

informática, ti, telecomunicações - programador / desenvolvedor (analista)


informática
banco de dados
postgresql
programação
java
aplicações de escritório
libreoffice microsoft excel microsoft outlook microsoft powerpoint microsoft word open office
sistemas operacionais
linux windows
idiomas
inglês, básico
português, nativo
dados complementares
disponibilidade para viajar: não
disponibilidade para mudar de residência: não
dados pessoais
nasceu em 18 de julho de 1989, 33 anos.

masculino,

",nao informado,eunapolis,bahia,nao informado
40342,DESENVOLVEDOR Sr,2022-11-03 10:47:17,Maria Clara Pires,2022-11-03 10:47:17,Dra. Melissa Cavalcanti,:,,nao informado,nao informado,nao informado,,,,,nao informado,nao informado,nao informado,nao informado,"

gerente de ti

código apinfo : 365.389

clique aqui para entrar em contato com o profissional
escolaridade : superior completo idade : 40 anos aceita propostas como : clt
disponibilidade : imediato inglês : fluente francês básico
sexo : masculino possui empresa aberta ? não portador de necessidades especiais ? não
pretensão salarial clt : a partir de r$ 11.000,00 pj : a partir de r$ 14.000,00 última atualização : 24/10/22
programador php/java,mysql/postgres
formado pela usp e ifsp (instituto federal de educação
ciência e tecnologia de são paulo).

dentre os conhecimentos técnicos:

- php, mysql, postgres, linux (todos em nível avançado) e experiência em níveis plenos maior de 5
anos.
- laravel
- wso2 esb(entreprise integrator)/application server
- modelagem de dados
- estruturas de redes e servidores linux
- integração windows-linux
- hardware avançado, arduino
- orientação a objetos, stored procedures, abstração de dados, jquery.

conhecimentos pedagógicos:

formado pela universidade de são paulo como geógrafo com ênfase em
geoprocessamento e licenciado pela faculdade de
educação
dessa mesma universidade, atualmente dedicado a desenvolvimento java/php

experiências profissionais:

- gerente de titracktrace(2022)
- consultor educação a distância komputer informática - traduzindo, dublando
e adaptando cursos online em vídeo (2016)
- professor de linux e excel senac - osasco (2012)
- professor de linux e manutenção de hardware senac - sto amaro(2010)
- programador php da empresa apsystems sistemas de informação.(2004-
2009)
- professor de informática do profac - projeto fazer e acontecer - que
proveu
aulas de informática junto a comunidade da zona sul de são paulo nos bairros de jd. irene, jd.
das


outras habilidades

- línguas: inglês com boa conversação, francês e
espanhol com leitura instrumental.

projetos de softwares

-spring-ícaro: software de geoprocessamento, desenvolvido em parceria
com o laboratório de cartografia da usp [bit(ponto)ly(barra)springicaro]
-wikipress:ambiente virtual de publicação de artigos escolares.[busque:
wikipress imprensa escolar no google]
- projeto logo: conjunto de trabalhos com softwares educacionais e
crianças carentes da periferia de são paulo

portfólio online e canal de youtube em

bit(ponto)ly(barra)comandomanual
",nao informado,sao paulo,sao paulo,nao informado
40343,DESENVOLVEDOR Sr,2022-11-03 10:51:53,Maria Clara Pires,2022-11-03 10:51:53,Srta. Luara Cirino,:,,nao informado,nao informado,nao informado,,,,,nao informado,nao informado,nao informado,nao informado,"resumo
i'm a very dedicated and self-taught professional. i have over 8 years of experience in jobs that required customer management, all in it companies. in my current position, i started as a product owner and then moved to the java developer role, having worked on different java projects using apis.
objetivos profissionais
informática, ti, telecomunicações - ti
informática, ti, telecomunicações - arquitetura de soluções
informática, ti, telecomunicações - erp / crm / sistemas integrados
pretensão salarial: r$ 8000,00 - 15000,00 (bruto mensal)
jornada: período integral
tipo de contrato: efetivo – clt
nível hierárquico: consultor - diretor
formação acadêmica
pós-graduação - especialização/mba em product management, descomplica em pr
out. 2022 até o momento (finalização prevista - mar. 2023)
ensino superior em comércio exterior, uninter centro universitário em pr
mai. 2015 até mai. 2018
curso técnico em design gráfico, tupy - sociesc em sc
fev. 2008 até nov. 2009
ensino médio (2º grau) em ensino médio (2º grau), tupy - sociesc em sc
fev. 2007 até nov. 2009
curso extra-curricular / profissionalizante em pacote office empresarial, escolas sid em pr
jan. 2007 até dez. 2007
curso extra-curricular / profissionalizante em administrativo, escolas sid em sc
fev. 2007 até nov. 2007
experiência profissional
product owner java developer, inoutway em curitiba - pr
jul. 2019 até o momento

informática, ti, telecomunicações - ti (gerente)

•product owner of integration projects:worked closely with the clients, translating their strategies to tasks for the development team. lead the communication between the client and technical teams.manage and prioritize the product backlog.•junior java developer:implemented small j2ee programming code and applications to integrate the company product with the client’s apis.helped senior developers to test the deliveries before releasing them to clientscollaborated with other team members to design solutions for the client’s integration necessities.

sales professional, evonline em curitiba - pr
jun. 2017 até jun. 2019

comercial, vendas - venda técnica (coordenador)

•translated the needs of customers, from the most varied segments, into requirements to implement websites and virtual stores.•worked as a consultant for digital marketing services, helping over 400 customers to select the digital marketing package best suited to their needs, enhancing their business success.•resolved customers’ problems and complaints by explaining the best solution, clarifying the issue, and following up with cases.•kept accurate records of all customer interactions and corresponding cases.

consultor comercial, grupo negócios públicos em pr
jul. 2015 até mai. 2017

informática, ti, telecomunicações - análise de sistema (consultor)


habilidades
inovação de produtos gestão de ciclo de vida do produto gestão de produto desenvolvimento de produtos scrum gestão ágil de projetos
informática
programação
c++
gráficos/web
adobe photoshop coreldraw
aplicações de escritório
microsoft excel microsoft outlook microsoft powerpoint microsoft word
sistemas operacionais
linux mac os windows
outros programas
edição de som
idiomas
inglês, nativo
português, nativo
espanhol, básico
dados complementares
disponibilidade para viajar: sim
disponibilidade para mudar de residência: sim
carteira de habilitação: b
tipo de veículo: carro particular
dados pessoais
nasceu em 1 de setembro de 1992, 30 anos.

masculino, casado

",nao informado,curitiba,parana,nao informado
40346,Desenvolvedor Pleno,2022-11-03 15:12:45,Maria Clara Pires,2022-11-03 15:12:45,Gabriela Nogueira,:,,nao informado,nao informado,nao informado,,,,,nao informado,nao informado,nao informado,nao informado,"resumo
jovem entusiasta por tecnologia e, principalmente, programação. formado técnico em informática pela alcides maya e também cursei 3 semestres de análise e desenvolvimento de sistemas (atualmente trancado). tenho paixão por java. atualmente estou cursando aulas particulares de inglês, além de curso da algaworks, sobre java.
objetivos profissionais
informática, ti, telecomunicações - programador / desenvolvedor
informática, ti, telecomunicações - análise de sistema
pretensão salarial: r$ 4000,00 - 5000,00 (bruto mensal)
jornada: período integral
tipo de contrato: efetivo – clt
nível hierárquico: operacional - analista
formação acadêmica
jul. 2019 até o momento (finalização prevista - jun. 2021)
experiência profissional
desenvolvedor backend java, action labs em porto alegre - rs
mar. 2022 até o momento

informática, ti, telecomunicações - programador / desenvolvedor (analista)

desenvolvedora web, digifull em porto alegre - rs
dez. 2020 até mar. 2022

informática, ti, telecomunicações - programador / desenvolvedor (operacional)

técnico de suporte, alfamidia educação profissional em porto alegre - rs
out. 2018 até nov. 2020

informática, ti, telecomunicações - suporte técnico (especialista)

manutenção de redes e servidores, manutenção de computadores, auxilio ao cliente, preparação de ambiente, montagem de rede.

auxiliar de expedição, rabusch moda feminina em porto alegre - rs
ago. 2015 até ago. 2017

industrial, produção, fábrica - produção (estagiário)

auxílio na conferência na entrada e saída dos produtos

habilidades
git angular2+ junit css poo bootstrap spring boot
informática
banco de dados
oracle sql server
programação
css html java javascript jquery php
aplicações de escritório
microsoft excel microsoft word
sistemas operacionais
linux windows
outros programas
edição de video erp servidores web
idiomas
português, nativo
inglês, intermediário
dados complementares
disponibilidade para viajar: sim
disponibilidade para mudar de residência: sim
dados pessoais
nasceu em 29 de maio de 2000, 22 anos.

masculino, solteiro

",nao informado,porto alegre,rio grande do sul,nao informado
40355,JAVA,2022-11-03 16:54:23,Maria Clara Pires,2022-11-03 16:54:23,Srta. Nina Mendes,:,,nao informado,nao informado,nao informado,,,,,nao informado,nao informado,nao informado,nao informado,"

engenheiro de software

código apinfo : 575.641

clique aqui para entrar em contato com o profissional
escolaridade : superior completo idade : 39 anos aceita propostas como : indiferente
disponibilidade : até 1 semana inglês : intermediário italiano básico
sexo : masculino possui empresa aberta ? não portador de necessidades especiais ? não
pretensão salarial clt : a partir de r$ 13.000,00 pj : a combinar última atualização : 21/10/22
experiência profissional

bnp paribas - cadif - de 09/2020 até o momento.
atualmente trabalho como arquiteto sr em usando java 17 com spring boot para programação reativa.
integração entre camadas da aplicação usando apache kafka. banco de dados mongodb e
produtos jira, bitbucket, confluence medição da qualidade do código via sonarqube. arquiteto de
integração e participante dos comitês de sustentação dos sistemas legados com java 7.

trabalhei como líder técnico para equipe de sustentação usando java 11 com spring boot para
programação reativa. angular 7 no front-end. integração entre camadas da aplicação usando apache
kafka. banco de dados oracle e postgresql. integração contínua usando gitflow com os produtos jira,
bamboo, bitbucket, confluence e slack em private cloud usando docker e rancher. medição da
qualidade do código via sonarqube. gerenciamento de apis rest usando ibm datapower. docker
gerenciados por rancher com logs no kibana.

ebix - de 11/2018 até 07/2019.
liderei tecnicamente uma equipe de 5 desenvolvedores e 2 estagiários em projeto java para a
bradesco seguros. utilizando ambiente ibm was, wmq, wmb e portlets 3.0 no ibm portal 9 com
banco de dados oracle, db2. integração via rest e soap para ejbs expostos como serviços.
monitoramento e acompanhamento do funcionamento do ambiente via dynatrace.

resource it - de 02/2018 até 11/2018.
desenvolvedor sênior em linguagem java 7 e 8 em projeto de mensageria no formato saas dentro do
banco santander. arquitetura de microserviços feitos com spring boot, interface com angular,
conectores jca em apache camel, processamento assíncrono usando apache kafka tratando o eventos
e persistência com hibernate e oracle 12c. infra estrutura utilizando docker e kubernetes além de
jenkins e artifactory na integração contínua.


capgemini brasil - de 09/2011 até 12/2017
desempenhei a função de arquiteto em linguagem java em projetos de integração de sistemas para
bradesco seguros. utilizando ambiente ibm webshpere server / ibm datapower / ibm webshpere
message broker, banco de dados oracle, db2 e framework struts2 e wicket com spring 3.0 compondo
o conjunto de ferramental para suporte de arquitetura corporativa de ti da seguradora. membro fixo do
comitê de arquitetura tecnológica sendo responsável pelas provas de conceitos. monitoramento e
acompanhamento do funcionamento do ambiente via dynatrace.

quality software - de 10/2009 até 09/2011
trabalhei como arquiteto de software e gerente de configurações de software em projetos de
instituições financeiras de grande porte. a arquitetura conta com integração desenvolvida java com
oracle bpm/soa em conjunto com servidores weblogic server 8.1/10.3 e, base de dados oracle 9i/11g.
em paralelo com a atividade de desenvolvimento mantenho o ambiente de integração contínua com
servidor de automação de build hudson/jenkins, servidor de artefatos artifactory e métricas
automatizadas de qualidade de código utilizando sonar, integrando o repositório svn e issues trackers
jira com o ide eclipse. desenvolvimento de aplicativos para android consumindo serviços restfull e
atualizando o as informações via xml e json.

appi - de 03/2009 até 09/2009
atuei na appi como analista de migração para linguagem c# com .net framework 3.5, utilizando
nhibernate para orm. injeção de dependência com ninject e componentes ajax com jquery para
camada de visualização. base de dados oracle 10g com o framework asp.net mvc para controle de
fluxo portando código de sistema feito em java jee utilizando jsp, seam com hibernate e base de
dados mysql utilizando metodologia ágil com procedimentos scrum.


cyberlynxx - de 06/2008 até 02/2009
prestei serviço na br-petrobrás pela cyberlynxx atuando como analista desenvolvedor no projeto do
portal de negócios em ambiente ibm utilizando java em integrando com base oracle crm e sistema
de back-end sap via web services utilizando a arquitetura soa e ejb 2.1 para regras de negócio. para
front-end utilizamos struts/jsf com tecnologia portal de acordo com a especificação da jsr-168 em
servidores ibm websphere portal 6.0 integrado com integração nativa de gerenciamento de conteúdo
com o ibm workplace web content management.

value team - de 08/2007 até 06/2008
trabalhei na value team alocado na tim dando manutenção e implementando sistemas vas feitos em
java com banco de dados oracle e servidor weblogic 8.1/9.2, e ibm infobus para integração entre
sistemas de acordo com a arquitetura soa corporativa. atuei também no desenvolvimento de portlets
para o portal tim utilizando gerenciador de conteúdo vignette e servidor weblogic portal com banco de
dados oracle 9i.

montreal - de 04/2007 a 07/2007
trabalhei na br-petrobrás distribuidora pela montreal com sistemas web em java utilizando o
framework struts, ejb 2.1 e hibernate para persistência de dados rodando em jboss com integração
até o oracle crm da empresa. manutenção da administração em bases de dados oracle 10g e oracle
8.

siemens - de 02/2005 a 03/2007
trabalhei na siemens com análise e desenvolvimento de sistemas corporativos com interfaces ajax
usando gwt/struts, regras de negócio implementadas com framework spring, camada de persistência
utilizando hibernate, web services para comunicação entre sistemas legados e base de dados sql
server/mysql. migração e administração de base de dados mysql para sql server. manutenção e
desenvolvimento de sistemas web utilizando asp.net 2.0 e vb.net com base de dados sql server.

eye4web - de 03/2004 a 01/2005
trabalhei na eye4web na migração de sistemas em asp com componentes em visual basic e base de
dados sql server para linguagem java mantendo o modelo de divisão em camadas utilizando a
especificação
",nao informado,rio de janeiro,rio de janeiro,nao informado
40356,Desenvolvedor Pleno,2022-11-03 17:08:22,Maria Clara Pires,2022-11-03 17:08:22,Srta. Allana Freitas,:,,nao informado,nao informado,nao informado,,,,,nao informado,nao informado,nao informado,nao informado,"

analista programador / desenvolvedor

código apinfo : 363.137

clique aqui para entrar em contato com o profissional
escolaridade : superior completo idade : 52 anos aceita propostas como : indiferente
disponibilidade : imediato inglês : fluente espanhol básico
sexo : masculino possui empresa aberta ? sim portador de necessidades especiais ? não
pretensão salarial clt : a partir de r$ 6.500,00 pj : a combinar última atualização : 06/04/22
meu objetivo é responsabilizar-me pelos processos de levantamento, pesquisa _ desenvolvimento e
entrega do produto.
resumo de qualificações

- full stack java web
- develooer abap pleno
- mapbox developer
- english spoken and written.
- sap academy , java certiification and oracle academy.
skills:
free lancer java full stack for 4 years.
javascript, jsp, servlet, jdbc, mysql,
free lancer mapbox for 3 years..
geoposition javascript codification, map drawn and json locators configuration.
sap abap _ java devel

§correção e adição de funcionalidades nos módulos hr e fi-tv nas empresas petrobras, tbg,
hypera pharma(antiga hypermarcas) e furnas usando java webdynpro e abap webdynpro.
§ correção e adição de funcionalidades nos módulos mm e sd abap nas empresas petrobras e
zamboni.
§correção e adição de funcionalidades nos módulos fi e fi-tv nas empresa furnas , light e pacheco
usando abap _ workflow.
§correção, adição de funcionalidades e criação de serviço nos módulo crm(scm e srm) na empresa
brasif usando abap bol(webui).
§extração de relatório usando sap adobe form com webdynpro na empresa petrobras.
§ gerência técnica, desenvolvimento e correção de workflow , sistemas cliente-servidor e sistemas
móveis geo maps, utlizando sistema android, java full stack developer, javascript e banco
oracle/mysql nas empresas tj-rj, inpi, telemar, embratel e brasil telecom.
§ conversação em inglês
experiência profissional
linkid /stackoverflow : desde 2015.
back-end google maps _ mapbox developer: respondendo a anûncios via sites linkid e stackoverflow
desde 2014 em código-fonte.
desenvolvimento e correção usando google maps api, mapbox api e java web sevice .
______________________________________________________________________________
tech samurai /tata
projeto: integração android-sap_r3
inicio: janeiro/2015
fim: agosto/2015
função: portal webdynpro java
ambiente técnico: sap 7.3/android 4.4
gerência: sundar vasudaven
supervisão: joao spisso
empresa de contrato:tech samurai
________________________________________________________________________
hypermarcas/eletrobras
projeto: fábrica sap
inicio: janeiro/2014
fim: agosto/2014
função: portal webdynpro java
ambiente técnico: sap 7.3
gerência: luismar/deliana
coordenação: fiedler
supervisão: anamaria
empresa de contrato: complex
________________________________________________________________________
empresa: petrobras/b-serv
projeto: fábrica sap
inicio: janeiro/2013
fim: novembro/2013
função: webdynpro java
ambiente técnico: sap 7.3
gerência: eduardo/saulo
coordenação: anderson
supervisão: flávio
empresa de contrato: sonda it
________________________________________________________________________
empresa: petrobras/ptec-rj
projeto: bdftp (banco de dados da força de trabalho da petrobras)
inicio: outubro/2012
fim: ainda em andamento. (os projetos bdftp e o glossário único estão sendo tocados em paralelo).
função: arquiteto de serviços do bdftp. manutenção dos serviços em produção, modelagem de
melhorias técnicas aos serviços e atuação na equipe de migração de ambiente do bdftp.
ambiente técnico: oracle odsi/sap
gerência: mello
coordenação: franco (yp00)
supervisão: cláudio emmanuel bulhões bezerra (xdae)
empresa de contrato: sonda it
________________________________________________________________________
empresa: petrobras/ptec-rj
projeto: glossário único
inicio: outubro/2012
fim: ainda em andamento. (os projetos bdftp e o glossário único estão sendo tocados em paralelo).
função: desenvolvedor java. acompanhamento de passagem de tecnologia e customização da
ferramenta asg de metadados.
ambiente técnico: asg metaglossary.
gerência: mello
coordenação: franco (yp00)
supervisão: andré de souza andrade (cltj)
empresa de contrato: sonda it
________________________________________________________________________
empresa: petrobras/cpsw
projeto: n4-proani
inicio: 04/2012
fim: 08/2012
função: sap portal webdynpro java. manutenção dos serviços desenvolvidos em web dynpro java
ambiente técnico: sap portal 7.0
gerente: carlinhos
coordenação: pinheiro (treq)
supervisão: franster ferreira de lima
empresa de contrato: sonda it
________________________________________________________________________
empresa: tbg (grupo petrobras).
projeto: migração sap 7.0 para 7.3.
inicio: 11/2010
fim: 04/2012
função: sap portal. instalação, configuração, migração e criação de serviços em java web dynpro.
gerente: sônia pantaleão
coordenação: luciano
supervisão: luciano
empresa de contrato: softech
________________________________________________________________________
empresa: brasif.
projeto: sap crm
inicio: 03/2010
fim: 11/2010
função: abap crm. criação de serviços em crm ui.
gerente: flávio (gerência de ti da brasif).
coordenação:
supervisão:
empresa de contrato: cadmus
________________________________________________________________________
empresa: wilson, sons.
projeto: migração sap
inicio: 08/2009
fim: 03/2010
função: sap portal. instalação, configuração e criação de serviços em web dynpro abap.
gerente: flávia carvalho
coordenação: leandro machado
supervisão: flavia carvalho
empresa de contrato: complex
_______________________________________________________________________
empresa: drogarias pacheco.
projeto: sap sped fiscal.
inicio: 11/2008
fim: 08/2009
função: sap ecc 6.0. idoc para workflow, report view e dynpro para módulo fi abap.
gerente: flávio
coordenação:
supervisão:
empresa de contrato: ebs
_______________________________________________________________________
empresa: embratel.
projeto: sap hr.
inicio: 06/2007
fim: 11/2008
função: sap ecc 6.0. criação de serviços em dynpro abap hr e idoc.
gerente:
coordenação:
supervisão: madureira
empresa de contrato: bull
______________________________________________________________________
empresa: telemar.
projeto: sap mm.
inicio: 06/2007
fim: 06/2007
função: sap ecc 6.0. criação de serviços em abap xi/pi no módulo fi e sd.
gerente:
coordenação:
supervisão:
empresa de contrato: pimentel
",nao informado,rio de janeiro,rio de janeiro,nao informado
40357,Desenvolvedor Pleno,2022-11-03 17:18:40,Maria Clara Pires,2022-11-03 17:18:40,Sr. Dante Barbosa,:,,nao informado,nao informado,nao informado,,,,,nao informado,nao informado,nao informado,nao informado,"

programador / desenvolvedor

código apinfo : 528.576

clique aqui para entrar em contato com o profissional
escolaridade : superior completo idade : 26 anos aceita propostas como : indiferente
disponibilidade : até 1 semana inglês : fluente espanhol básico
sexo : masculino possui empresa aberta ? sim portador de necessidades especiais ? não
pretensão salarial clt : a partir de r$ 7.000,00 pj : a partir de r$ 9.000,00 última atualização :
formação
superior – análise e desenvolvimento de sistemas – unip - 2017
fundamentos da linguagem java - senac 2015
inglês avançado.

experiência profissional
empresa stefanini it solutions
novembro/15 à novembro/16 – cliente bradesco
estágio como desenvolvedor back-end java
desenvolvimento da plataforma web interna de monitoração de transações integrados com
mainframe; framework interno awb;
desenvolvimento de pontos de conexão da baixa com alta plataforma(pdc); integração da web
com base de dados db2; controle de versões svn;
padrão de projeto maven; jee, xml; jsp servlet; servidor de aplicação tomcat; ide eclipse;
novembro/16 até abril/17 – cliente cielo
estágio como desenvolvedor back-end java
desenvolvimento de sistemas de processamento em lote; spring boot, core, batch, jpa;
oracle.
desenvolvimento de rest services web com framework spring mvc; jdbc template; json
para manipulação de mensagens; jms com activemq para manipulação de filas; repositório
git; utilização de nosql redis; soap u.i; processos de integração e deploy contínuos com
jenkins; metodologia ágil de desenvolvimento scrum; ide eclipse/spring tool suite sts;
realização de testes unitários com mockito;
maio/17 até agosto/17 – sustentação cielo
desenvolvedor jr back-end java
desenvolvimento de soluções para incidentes na aplicação em produção; spring core, spring
batch; jdbc, jpa, hibernate; fila de mensagens com json; exposição e consumo de serviços

tivit it
novembro/17 até março/18 - cliente bradesco
desenvolvedor jr back-end java
projeto de desenvolvimento da plataforma de financiamentos do bradesco. ambiente linux;
big data com hadoop; postgres; spring mvc; spring boot; repositório git; dev ágil scrum;
api’s rest com spring boot;
desenvolvimento do projeto de testes automatizados com cucumber junit e selenium;

resource it
junho/18 até setembro/18 - cliente c_a
desenvolvedor jr full stack java
plataforma expert (loja)
desenvolvimento e sustentação do sistema de lojas da c_a. ambiente windows; java 8;
framework struts 2; jdbc; jsp; jquery; relatórios com jasper e ireport; tomcat; oracle db;
ant build;
plataforma e-commerce
desenvolvimento de serviços restful de transações de venda. ambiente windows; java 8;
spring boot; spring data; hibernate jpa; swagger; java socket para comunicação; relatórios
com jasper e ireport ; tomcat (nível debug); servidor weblogic; oracle db; maven;

mazzatech
outubro/18 até mar/19 - cliente marisa
desenvolvedor jr java hybris
desenvolvimento da solução omnichannel e sustentação do e-commerce na plataforma
hybris. ambiente linux; java 8; desenvolvimento de cronjobs; triggers; impex; hmc; hac;
backoffice; spring mvc; spring boot;
consumo de serviços com postman; curl; banco de dados local mysql;

fabricads (redhat)
abril/19 até hoje - cliente porto seguro
desenvolvedor pleno java
projeto de migração de sistemas. migração do websphere (ibm) para jboss eap 7.2 (redhat).
configuração dos arquivos do servidor (jboss-web.xml, jboss-deployment-structure.xml),
configuração da aplicação (pom.xml, applicationresources.xml), configuração de datasource
oracle, configuração de endpoints (wsdl).

agosto/19 até julho/20 - uol
desenvolvedor java
desenvolvimento e sustentação do produto de emissão de documentos fiscais. java 7 e 8; jpa
hibernate; spring core; spring mvc; tomcat 8; oracle db; jquery; ajax para consumo de api’s; jaxb;
jsp com thymeleaf; maven;
desenvolvimento do módulo de cte do produto. api’s rest com spring boot; spring data; threads;
hibernate; mysql; gradle;

cultura devops - jenkins; macs; stash (git); metodologia scrum; jira;

cultura h.o - 2 dias fixos/semana

agosto/2020 - atualmente
desenvolvimento de soluções inovadoras para app de varejo orientadas a microsserviços.
java 9; spring boot; spring cloud; docker;
mysql; redis; firebase;
utilização de banco de dados orientado a
grafos para inteligência de dados
cultura devops
cultura h.o - fixo
",nao informado,rio de janeiro,rio de janeiro,nao informado
40358,Desenvolvedor Pleno,2022-11-03 17:31:55,Maria Clara Pires,2022-11-03 17:31:55,Sra. Pietra Melo,:,,nao informado,nao informado,nao informado,,,,,nao informado,nao informado,nao informado,nao informado,"objetivos profissionais
informática, ti, telecomunicações - programador / desenvolvedor
informática, ti, telecomunicações - ti
pretensão salarial: r$ 9500,00 - 10000,00 (bruto mensal)
jornada: período integral
tipo de contrato: outros
nível hierárquico: coordenador - consultor
formação acadêmica
curso extra-curricular / profissionalizante em j2ee, global code em sp
jul. 2014 até abr. 2015
ensino superior em publicidade e propaganda, unasp - centro universitário adventista de são pau em sp
fev. 2002 até nov. 2006
ensino superior em análise e desenvolvimento de sistemas, unasp em sp
jan. 2009 - trancado
experiência profissional
programador java web, comunicação em sp
jun. 2013 até jun. 2015

informática, ti, telecomunicações - programador / desenvolvedor (especialista)

coordenador de obras, perfil fundações em sp
abr. 2010 até jun. 2013

construção, manutenção - construção civil (coordenador)

tecnico em informática, atech informática em sp
dez. 2007 até ago. 2009

informática, ti, telecomunicações - informática (assistente)

montagem e configuração de microsintalação de sistemas operacionais e softwaresmanutenção de harwareconfiguração de pequenas redes-comercial e residencial-

fev. 2007 até nov. 2007

informática, ti, telecomunicações - informática (assistente)

montagem e configuração de microsintalação de sistemas operacionais e softwaresmanutenção de harwareconfiguração de pequenas redes-comercial e residencial-

informática
banco de dados
sql server oracle
programação
html java javascript css
gráficos/web
gimp inkscape
aplicações de escritório
microsoft word microsoft powerpoint microsoft excel libreoffice microsoft outlook
sistemas operacionais
linux windows
idiomas
inglês, intermediário
português, nativo
espanhol, intermediário
dados complementares
disponibilidade para viajar: sim
disponibilidade para mudar de residência: não
carteira de habilitação: a, b
tipo de veículo: moto, carro particular
dados pessoais
nasceu em 23 de maio de 1983, 39 anos.

masculino, casado

",nao informado,hortolandia,sao paulo,nao informado
40427,Desenvolvedor Pleno,2022-11-08 15:06:44,Maria Clara Pires,2022-11-08 15:06:44,Sra. Emanuelly Dias,:,,nao informado,nao informado,nao informado,,,,,nao informado,nao informado,nao informado,nao informado,"brasileiro, casado, 37 anos
remoto
objetivo
engenheiro de software - java spring framework
resumo
graduado em análise e desenvolvimento de sistemas, cursando mestrado em direção estratégica em ti,
com experiência na área de ti há mais de 20 anos
com bom relacionamento interpessoal e facilidade de aprendizado, sempre focado no crescimento
profissional.
perfil profissional
● experiência com desenvolvimento de aplicações java spring boot cloud native;
● orientado a espiritualidade, respeito, amizade, honestidade, qualidade de vida.
● responsável por construir aplicações em que a confiabilidade, disponibilidade, escalabilidade e
desempenho são essenciais, sempre orientado à necessidade do negócio, com excelência técnica
baseada em princípios da programação, definindo e dando clareza ao processo de desenvolvimento
utilizado;
• experiência com desenvolvimento de apis restful com java, spring framework, arquitetura cloud
first, persistência em bancos relacionais (postgree mysql) e não-relacional (mongodb).
● experiência com metodologias ágeis;
idioma
• inglês intermediário/técnico
histórico profissional
● x-mob – 2021/2022
freelancer - engenheiro de software java backend
atuando no desenvolvimento da plataforma de educação da empresa.
utilizando as seguintes tecnologias: java 11, spring framework, spring boot, spring web mvc,
spring data mongodb, spring security jwt, swagger, hibernate, lombok, maven.
● prefeitura municipal de eunápolis – 2013 a 2017 | 2019 a atual
- engenheiro de software
atuando no desenvolvimento de plataforma mobile de cadastro e consulta de os`s.
utilizando as seguintes tecnologias: java 11, spring framework, spring boot, spring web mvc,
spring data mysql, swagger, hibernate, mysql server, maven.
- técnico de ti
atuando na manutenção de hardware e software de computadores desktop e notebooks, implantação
e manutenção de redes de computadores cabeadas e wireless, manutenção de servidores windows,
implantação e configuração de certificados digitais e tokens criptográficos e suporte ao usuário.
● dozja – daughter of zion junior academy (eua) (2017 – 2019)
- analista de ti
atuando na manutenção e gerenciamento de servidor windows 2013 server, manutenção de
hardware e software e suporte a usuários;
● cooeduc – cooperativa educacional de eunápolis – 2009 - 2013
técnico de ti
atuando na manutenção de servidores, implantação e manutenção de rede de computadores,
manutenção de computadores (hardware e software) e treinamento do corpo docente para utilização
de tecnologias atuais;
formação acadêmica
• pós-graduação – mestrado
mestrado em direção estratégica em ti (unini – porto rico – eua)
(cursando)
● graduação
análise e desenvolvimento de sistemas (unopar)
2017
voluntários / atividades desenvolvidas
ministrei cursos de informática básica para turmas da comunidade indígena pataxó nas faculdades
do descobrimento;
formação complementar
● curso lógica de programação i e ii - alura
● curso postgresql - alura
● curso java e jdbc - alura
● curso java e jpa - alura
● formação java e orientação objeto – alura
● curso orientação a objeto – universidade xti
● curso backend persistência com java - alura
● curso backend apis com spring - alura
● formação modelagem em banco de dados - alura
● curso maven - alura
",nao informado,sao paulo,sao paulo,nao informado
37757,Gerente Senior,2022-07-21 19:30:58,pelo próprio candidato,2022-07-21 19:30:58,Dra. Melissa da Costa,Site de Empregos:,1968-05-29,masculino,casado,nao,"TI - Banco de Dados, TI - Desenvolvimento/Design, TI - Desenvolvimento/Programação, TI - Governança, TI - Infraestrutura, TI - Processos e Negócios, TI - Projetos, TI - SAP, TI - Sistemas e Ferramentas, TI - Suporte",,,,Pós Graduação Completo,Intermediário,Nenhum,nao informado,"r.: francisco moniz barreto, 7 – são paulo - sp
brasileiro - casado - 54 anos


desenvolvedor mainframe sr.

resumo profissional

31 anos de experiência profissional na área de tecnologia da informação,
participando em diversos projetos nas indústrias de manufatura, oil & gas,

nove anos de experiência em gerência de suporte (ams) e projetos.

mba executivo em gerenciamento de projetos – fgv-sp
academia sap fi

responsável por contratos em serviços de suporte e melhorias em sap, com
uma equipe de 70 consultores funcionais e abap.

atuando desde 2009 como um dos gerentes responsáveis por estruturar e
desenvolver uma nova área de negócios da deloitte, o delivery center brasil:
➢ desenvolvimento do business plan para o delivery center brasil;
➢ estruturação e operação das linhas de serviço de fábrica de projetos
sap, fábrica de software abap e application management services
em sap;
➢ participação na elaboração do budget da área, em conjunto com o
sócio responsável;
➢ elaboração e apresentação de propostas técnicas e comerciais como
resposta a rfps, editais e licitações;
➢ processo de recrutamento e seleção de consultores sap;
➢ elaboração de relatórios de status para os diversos projetos de
nossos clientes;

6 anos atuando como responsável pelo outsourcing do sistema de
faturamento (billing) da cia de gás de são paulo – comgás, gerenciando a
operação do sistema em relação a software e hardware e 2 anos no sistema
de faturamento legado em cobol microfocus e banco de dados oracle.

5 anos atuando como coordenador de fábrica de software mainframe para
diversos clientes do setor bancário.

9 anos atuando como analista programador em cobol, cics, db2, jcl,
natural/adabas



principais realizações


autônomo (09/2018 - atual)
atuando como trader com capital próprio em operações de day trade, swing
trade, dividendos e derivativos (opções)
deloitte touche tohmatsu (10/2003 – 05/2018)
reporte direto: sócio da unidade de negócios

atuando como gerente de projetos, responsável por estruturar e desenvolver
uma nova área de negócios da empresa, desde a elaboração do business plan,
estruturação, implementação e operação do negócio. definição da
necessidade de contratação, selecionando consultores sap para a operação.
elaboração do budget da área e planos de crescimento, alinhados junto ao
sócio responsável pela unidade.
➢ principais cliente:
goodyear, bradesco, nespresso, caixa seguradora,
verzani&sandrini, fortlev e terumo bct (05/2012 – atual)
atuando como gerente de outsourcing do sistema sap da goodyear com
uma equipe de 2 gerentes, 75 consultores funcionais e técnicos. report
semanal e mensal dos indicadores de nível de serviço.
petrobras – petróleo brasileiro s/a (01/2011 – 04/2012)
fábrica de projetos para a petrobras, dentro do delivery center deloitte,
atuando em um programa com mais de 16 projetos de alta complexidade
em sap – diversos módulos.
deloitte (08/2009 – 12/2010)

➢ desenvolvimento do business plan para o delivery center brasil;
➢ estruturação e operação das linhas de serviço de fábrica de projetos
sap, fábrica de software abap e application management services
em sap;
➢ participação na elaboração do budget da área, em conjunto com o
sócio responsável;
➢ elaboração e apresentação de propostas técnicas e comerciais como
resposta a rfps, editais e licitações;
➢ processo de recrutamento e seleção de consultores sap;


projeto comgás (10/2003 – 07/2009)
atuando no projeto de implementação do sistema de faturamento,
envolvendo as interfaces com os sistemas da companhia. liderando a
equipe responsável pela operação e manutenção da solução como um
todo, hardware e software. foco no relacionamento com o cliente,
provendo relatórios de acompanhamento de tarefas e fornecendo os
slas acordados. relacionamento entre os fornecedores e coordenando a
operação entre os mesmos e nosso cliente.




ultracon ltda – de set/2001 a set/2003
responsável pela manutenção do sistema de faturamento da comgás -
cia de gás de são paulo. novas melhorias e participação no projeto de
implementação do novo sistema de faturamento - cdx – cordaptix.


cpm sistemas ltda – de fev/1996 a ago/2001

coordenação, planejamento e distribuição da demanda da fábrica para
uma equipe de mais de 100 profissionais, atendendo a diversos clientes,
principalmente na área bancária. acompanhamento das slas junto aos
clientes. execução de estimativa de projetos, através da análise de ponto
de função. gerenciamento de recursos: controle de alocação, férias,
treinamento, e entrevistas técnicas para seleção de pessoal.


eletropaulo s/a – de mai/1989 – dez/1995

atuando como consultor e programador especialista, responsável pela
conversão do sistema de contabilidade e planejamento de ims para
adabas. desenvolvimento de programas on-line e batch em natural
ii, programas em ims batch e cobol. mainframe ibm s390 mvs/vse.


prodesp – proc. de dados do estado de são paulo -
mai/1987 – abr/1989

atuando como assistente administrativo, com a tarefa de ajudar a um
programador deficiente visual em suas tarefas, obtendo experiência em
programação no sistema tributário - icms. conhecimentos técnicos em
cobol, natural, cics, adabas, adasql, adamint e jcl.

formação acadêmica

mba executivo em gerenciamento de projetos

gestão de sistemas de informação
universidade paulista - unip – 2007

tecnologia em processamento de dados
colégio objetivo – 1987

formação extracurricular

six sigma – yellow e green belt
academia sap fi
sap bw310 – data warehouse e bw reporting
introdução ao itil
vb .net
introdução a análise de sistemas
natural 1 e 2 1993
projeto e técnicas estruturadas de programas 1987
roscoe 1987
adabas / adasql / adamint 1987
cics 1987
jcl 1987

idiomas

inglês – nível intermediário – toeic 745 - advanced

português – nativo
",gestao de projetos,sao paulo,sao paulo,site de empregos
37779,Analista de Sistemas,2022-07-22 21:04:35,pelo próprio candidato,2022-08-08 16:22:03,Catarina Ferreira,Indeed: Cadastro no Site,1988-01-29,masculino,divorciado,nao,Financeira/Controladoria,,,,Ensino Técnico Completo,Avançado,Nenhum,Português - Fluente,"
34 anos - casado



objetivo

analista desenvolvedor de sistemas.


resumo curricular

conhecimento em alta plataforma: cobol, cics, ims, easytrieve, jcl e base
de dados db2.
trabalho atualmente na área financeira com sistema de consórcio.


experiências profissionais

empresa: bradesco
início: 10/2016 - atualmente
função: analista desenvolvedor de sistemas
responsabilidades: analise/desenvolvimento e manutenção de programas em
cobol cics, cobol db2, execução e manutenção de procs,
homologação/implantação de sistemas.

empresa: hsbc bank brasil s.a. - banco múltiplo
início: 04/2014 - 10/2016
função: analista programador
responsabilidades: analise/desenvolvimento e manutenção de programas em
cobol cics, cobol db2, easytrieve, execução e manutenção de procs,
homologação/implantação de sistemas.

empresa: brq - it services
cliente: banco hsbc início: 01/2011 - 03/2014
função: analista programador
responsabilidades: analise/desenvolvimento e manutenção de programas em
cobol cics, cobol db2, easytrieve, execução e manutenção de procs,
homologação/implantação de sistemas.

empresa: bsi - tecnologia
cliente: banco itaú início: 08/2007 ate 12/2010
função: programador
responsabilidades: desenvolvimento e manutenção de programas em cobol cics,
ims, batch com db2, banco eletronico.


formação

análise e desenvolvimento de sistemas (unicesumar)





indiomas

inglês
conversação - avançado
escrita - avançado
leitura - avançado

cursos

unix
entidade de ensino: hsbc
descrição: introdução ao unix.

java web
entidade de ensino: brq - it services
descrição: técnicas de programação java web.


habilidades técnicas

banco de dados

db2 - habilidade: avançado
mysql - habilidade: básico

desenvolvimento de sistemas / programação

cobol - habilidade: avançado
lógica de programação - habilidade: avançado
java - habilidade: básico

ambientes computacionais

mainframe - habilidade: avançado
cobol/cics - habilidade: intermediário para avançado
",nao informado,curitiba,parana,indeed
