informacoes_basicas_data_requicisao,informacoes_basicas_empresa_divisao,informacoes_basicas_cliente,id_vaga
2021-05-04,Decision São Paulo,"Morris, Moran and Dodson",5185
2021-05-04,Decision São Paulo,"Morris, Moran and Dodson",5184
2021-05-04,Decision São Paulo,Nelson-Page,5182
2021-05-04,Decision São Paulo,Mann and Sons,5181
2021-05-04,Decision São Paulo,Mann and Sons,5180
2021-05-04,Decision São Paulo,Mann and Sons,5179
2021-05-04,Decision São Paulo,Mann and Sons,5178
2021-05-04,Decision São Paulo,Mann and Sons,5177
2021-05-04,Decision São Paulo,Mann and Sons,5176
2021-05-04,Decision São Paulo,Mann and Sons,5175
2021-05-04,Decision São Paulo,Mann and Sons,5174
2021-05-04,Decision São Paulo,Mann and Sons,5173
2021-05-04,Decision São Paulo,Barnes-Woods,5172
2021-05-04,Decision São Paulo,Barnes-Woods,5171
2021-05-04,Decision São Paulo,Barnes-Woods,5170
2021-05-04,Decision São Paulo,Barnes-Woods,5169
2021-05-04,Decision São Paulo,Barnes-Woods,5168
2021-05-04,Decision São Paulo,Barnes-Woods,5167
2021-05-04,Decision São Paulo,Nelson-Page,5166
2021-05-03,Decision São Paulo,Nelson-Page,5165
2021-05-03,Decision São Paulo,Nelson-Page,5164
2021-05-03,Decision São Paulo,Nelson-Page,5163
2021-05-03,Decision São Paulo,Nelson-Page,5162
2021-05-03,Decision São Paulo,Nelson-Page,5161
2021-05-03,Decision São Paulo,Nelson-Page,5160
2021-05-03,Decision São Paulo,Nelson-Page,5159
2021-05-03,Decision São Paulo,Nelson-Page,5158
2021-05-03,Decision São Paulo,Nelson-Page,5157
2021-05-03,Decision São Paulo,Nelson-Page,5156
2021-05-03,Decision São Paulo,Nelson-Page,5155
2021-05-03,Decision São Paulo,Nelson-Page,5154
2021-05-03,Decision São Paulo,Nelson-Page,5153
2021-05-03,Decision São Paulo,Nelson-Page,5152
2021-05-03,Decision São Paulo,Nelson-Page,5151
2021-05-03,Decision São Paulo,Nelson-Page,5150
2021-05-03,Decision São Paulo,Nelson-Page,5149
2021-05-03,Decision São Paulo,Nelson-Page,5148
2021-05-03,Decision São Paulo,Nelson-Page,5147
2021-05-03,Decision São Paulo,Nelson-Page,5146
2021-05-03,Decision São Paulo,Nelson-Page,5145
2021-05-03,Decision São Paulo,Nelson-Page,5144
2021-05-03,Decision São Paulo,Nelson-Page,5143
2021-05-03,Decision São Paulo,Nelson-Page,5142
2021-05-03,Decision São Paulo,Nelson-Page,5141
2021-05-03,Decision São Paulo,"Wade, Bernard and Bailey",5140
2021-05-03,Decision São Paulo,Barnes-Woods,5139
2021-05-03,Decision São Paulo,Nelson-Page,5138
2021-04-30,Decision São Paulo,Morrison Ltd,5137
2021-04-30,Decision São Paulo,Morrison Ltd,5136
2021-04-30,Decision São Paulo,Morrison Ltd,5135
2021-04-30,Decision São Paulo,"Wade, Bernard and Bailey",5134
2021-04-30,Decision São Paulo,"Wade, Bernard and Bailey",5133
2021-04-30,Decision São Paulo,Santos Ltd,5132
2021-04-30,Decision São Paulo,Nelson-Page,5131
2021-04-30,Decision São Paulo,Nelson-Page,5130
2021-04-30,Decision Campinas,Miller-Curry,5129
2021-04-30,Decision São Paulo,Morrison Ltd,5128
2021-04-30,Decision São Paulo,Morrison Ltd,5127
2021-04-30,Decision São Paulo,Nelson-Page,5126
2021-04-29,Decision São Paulo,Morrison Ltd,5125
2021-04-29,Decision São Paulo,Morrison Ltd,5124
2021-04-29,Decision São Paulo,Morrison Ltd,5123
2021-04-29,Decision São Paulo,Morrison Ltd,5122
2021-04-29,Decision São Paulo,Morrison Ltd,5121
2021-04-29,Decision São Paulo,Morrison Ltd,5120
2021-04-29,Decision São Paulo,Morrison Ltd,5119
2021-04-29,Decision São Paulo,Morrison Ltd,5118
2021-04-29,Decision São Paulo,Morrison Ltd,5117
2021-04-29,Decision São Paulo,Morrison Ltd,5116
2021-04-29,Decision São Paulo,Nelson-Page,5115
2021-04-29,Decision Campinas,Miller-Curry,5114
2021-04-29,Decision São Paulo,"Morris, Moran and Dodson",5113
2021-04-29,Decision São Paulo,"Morris, Moran and Dodson",5112
2021-04-29,Decision São Paulo,"Morris, Moran and Dodson",5111
2021-04-29,Decision São Paulo,"Morris, Moran and Dodson",5110
2021-04-29,Decision São Paulo,"Morris, Moran and Dodson",5109
2021-04-29,Decision São Paulo,"Morris, Moran and Dodson",5108
2021-04-29,Decision São Paulo,Nelson-Page,5107
2021-04-29,Decision São Paulo,Nelson-Page,5106
2021-04-29,Decision São Paulo,Nelson-Page,5105
2021-04-29,Decision São Paulo,Nelson-Page,5104
2021-04-29,Decision São Paulo,Nelson-Page,5103
2021-04-29,Decision São Paulo,Callahan-Hall,5102
2021-04-29,Decision São Paulo,Nelson-Page,5101
2021-04-29,Decision São Paulo,Nelson-Page,5100
2021-04-28,Decision São Paulo,Morrison Ltd,5099
2021-04-28,Decision São Paulo,Nelson-Page,5098
2021-04-28,Decision São Paulo,Morrison Ltd,5097
2021-04-28,Decision São Paulo,Morrison Ltd,5096
2021-04-28,Decision São Paulo,Morrison Ltd,5095
2021-04-28,Decision São Paulo,"Morris, Moran and Dodson",5094
2021-04-28,Decision São Paulo,Barnes-Woods,5093
2021-04-28,Decision São Paulo,Callahan-Hall,5092
2021-04-28,Decision São Paulo,Nelson-Page,5091
2021-04-28,Decision São Paulo,Nelson-Page,5090
2021-04-28,Decision São Paulo,Nelson-Page,5089
2021-04-28,Decision São Paulo,Mann and Sons,5088
2021-04-27,Decision São Paulo,Nelson-Page,5087
2021-04-27,Decision São Paulo,Nelson-Page,5086
2021-04-27,Decision São Paulo,Nelson-Page,5085
2021-04-27,Decision São Paulo,Callahan-Hall,5084
2021-04-27,Decision São Paulo,Johnson-Aguirre,5083
2021-04-27,Decision São Paulo,Mann and Sons,5082
2021-04-27,Decision São Paulo,Mann and Sons,5081
2021-04-27,Decision São Paulo,Nelson-Page,5080
2021-04-27,Decision São Paulo,Nelson-Page,5079
2021-04-27,Decision São Paulo,Nelson-Page,5078
2021-04-27,Decision São Paulo,Nelson-Page,5077
2021-04-27,Decision São Paulo,Nelson-Page,5076
2021-04-27,Decision São Paulo,Nelson-Page,5075
2021-04-27,Decision São Paulo,Nelson-Page,5074
2021-04-27,Decision São Paulo,King-Russell,5073
2021-04-27,Decision São Paulo,Nelson-Page,5072
2021-04-27,Decision São Paulo,"Wade, Bernard and Bailey",5071
2021-04-27,Decision São Paulo,Nelson-Page,5070
2021-04-27,Decision São Paulo,Nelson-Page,5069
2021-04-27,Decision São Paulo,Nelson-Page,5068
2021-04-27,Decision São Paulo,Nelson-Page,5067
2021-04-27,Decision São Paulo,Nelson-Page,5066
2021-04-26,Decision São Paulo,Morrison Ltd,5065
2021-04-26,Decision São Paulo,Nelson-Page,5064
2021-04-26,Decision São Paulo,Nelson-Page,5063
2021-04-26,Decision São Paulo,Nelson-Page,5062
2021-04-26,Decision São Paulo,Barnes-Woods,5061
2021-04-26,Decision São Paulo,"Morris, Moran and Dodson",5060
2021-04-26,Decision São Paulo,King-Russell,5059
2021-04-26,Decision São Paulo,Nelson-Page,5058
2021-04-26,Decision São Paulo,Nelson-Page,5057
2021-04-26,Decision São Paulo,Nelson-Page,5056
2021-04-26,Decision São Paulo,Nelson-Page,5055
2021-04-26,Decision São Paulo,Nelson-Page,5054
2021-04-26,Decision São Paulo,Nelson-Page,5053
2021-04-26,Decision São Paulo,Nelson-Page,5052
2021-04-26,Decision São Paulo,Jimenez PLC,5051
2021-04-26,Decision São Paulo,Nelson-Page,5050
2021-04-26,Decision São Paulo,Nelson-Page,5049
2021-04-23,Decision São Paulo,Barnes-Woods,5048
2021-04-23,Decision São Paulo,Barnes-Woods,5047
2021-04-23,Decision São Paulo,Barnes-Woods,5046
2021-04-23,Decision Campinas,Miller-Curry,5045
2021-04-23,Decision São Paulo,"Williams, Kelley and Goodman",5044
2021-04-23,Decision São Paulo,"Williams, Kelley and Goodman",5043
2021-04-23,Decision Campinas,Miller-Curry,5042
2021-04-23,Decision Campinas,Miller-Curry,5041
2021-04-23,Decision São Paulo,"Morris, Moran and Dodson",5040
2021-04-23,Decision São Paulo,"Morris, Moran and Dodson",5039
2021-04-23,Decision São Paulo,"Morris, Moran and Dodson",5038
2021-04-22,Decision São Paulo,Morrison Ltd,5035
2021-04-22,Decision São Paulo,"Morris, Moran and Dodson",5034
2021-04-22,Decision São Paulo,Nelson-Page,5033
2021-04-22,Decision São Paulo,"Morris, Moran and Dodson",5032
2021-04-22,Decision São Paulo,Nelson-Page,5031
2021-04-22,Decision São Paulo,"Wade, Bernard and Bailey",5030
2021-04-22,Decision São Paulo,Nelson-Page,5029
2021-04-22,Decision São Paulo,Nelson-Page,5028
2021-04-20,Decision São Paulo,Callahan-Hall,5027
2021-04-20,Decision São Paulo,"Morris, Moran and Dodson",5026
2021-04-20,Decision São Paulo,"Morris, Moran and Dodson",5025
2021-04-20,Decision São Paulo,"Wade, Bernard and Bailey",5024
2021-04-19,Decision São Paulo,Mann and Sons,5023
2021-04-19,Decision São Paulo,"Morris, Moran and Dodson",5022
2021-04-19,Decision São Paulo,Barnes-Woods,5021
2021-04-19,Decision São Paulo,Nelson-Page,5020
2021-04-19,Decision São Paulo,Nelson-Page,5019
2021-04-19,Decision São Paulo,Nelson-Page,5018
2021-04-19,Decision São Paulo,Nelson-Page,5017
2021-04-19,Decision São Paulo,Barnes-Woods,5016
2021-04-19,Decision São Paulo,Nelson-Page,5015
2021-04-19,Decision São Paulo,Nelson-Page,5014
2021-04-19,Decision São Paulo,Nelson-Page,5013
2021-04-19,Decision São Paulo,"Morris, Moran and Dodson",5012
2021-04-19,Decision São Paulo,Craig-Webb,5011
2021-04-19,Decision São Paulo,Craig-Webb,5010
2021-04-19,Decision São Paulo,Craig-Webb,5009
2021-04-19,Decision São Paulo,Craig-Webb,5008
2021-04-19,Decision São Paulo,Craig-Webb,5007
2021-04-19,Decision São Paulo,Craig-Webb,5006
2021-04-19,Decision São Paulo,Nelson-Page,5005
2021-04-19,Decision São Paulo,Nelson-Page,5004
2021-04-19,Decision São Paulo,Nelson-Page,5003
2021-04-19,Decision São Paulo,Nelson-Page,5002
2021-04-19,Decision São Paulo,Nelson-Page,5001
2021-04-19,Decision São Paulo,Nelson-Page,5000
2021-04-19,Decision São Paulo,Nelson-Page,4999
2021-04-19,Decision São Paulo,"Wade, Bernard and Bailey",4998
2021-04-19,Decision São Paulo,Nelson-Page,4997
2021-04-19,Decision São Paulo,Nelson-Page,4996
2021-04-19,Decision São Paulo,Nelson-Page,4995
2021-04-19,Decision São Paulo,Nelson-Page,4994
2021-04-19,Decision São Paulo,Nelson-Page,4992
2021-04-19,Decision São Paulo,Nelson-Page,4991
2021-04-19,Decision São Paulo,Nelson-Page,4990
2021-04-19,Decision São Paulo,Nelson-Page,4989
2021-04-19,Decision São Paulo,Nelson-Page,4988
2021-04-19,Decision São Paulo,Nelson-Page,4987
2021-04-19,Decision São Paulo,Nelson-Page,4986
2021-04-19,Decision São Paulo,Nelson-Page,4985
2021-04-19,Decision São Paulo,"Wade, Bernard and Bailey",4984
2021-04-19,Decision São Paulo,Nelson-Page,4983
2021-04-19,Decision São Paulo,Callahan-Hall,4982
2021-04-19,Decision São Paulo,Callahan-Hall,4981
2021-04-17,Decision São Paulo,Barnes-Woods,4980
2021-04-17,Decision São Paulo,Barnes-Woods,4979
2021-04-17,Decision São Paulo,Barnes-Woods,4978
2021-04-17,Decision São Paulo,Barnes-Woods,4977
2021-04-17,Decision São Paulo,Barnes-Woods,4976
2021-04-17,Decision São Paulo,Barnes-Woods,4975
2021-04-16,Decision São Paulo,Barnes-Woods,4973
2021-04-16,Decision São Paulo,Barnes-Woods,4972
2021-04-16,Decision São Paulo,Barnes-Woods,4971
2021-04-16,Decision São Paulo,Barnes-Woods,4970
2021-04-16,Decision São Paulo,Barnes-Woods,4969
2021-04-16,Decision São Paulo,Barnes-Woods,4968
2021-04-16,Decision São Paulo,Barnes-Woods,4967
2021-04-16,Decision São Paulo,Barnes-Woods,4966
2021-04-16,Decision São Paulo,Barnes-Woods,4965
2021-04-16,Decision São Paulo,Morrison Ltd,4964
2021-04-16,Decision São Paulo,Morrison Ltd,4963
2021-04-16,Decision São Paulo,Morrison Ltd,4962
2021-04-16,Decision São Paulo,Morrison Ltd,4961
2021-04-16,Decision São Paulo,Morrison Ltd,4960
2021-04-16,Decision São Paulo,Nelson-Page,4959
2021-04-16,Decision São Paulo,Morrison Ltd,4958
2021-04-16,Decision São Paulo,"Morris, Moran and Dodson",4957
2021-04-15,Decision São Paulo,Barnes-Woods,4956
2021-04-15,Decision São Paulo,"Morris, Moran and Dodson",4955
2021-04-15,Decision São Paulo,Luna-Carpenter,4954
2021-04-14,Decision São Paulo,Morrison Ltd,4953
2021-04-14,Decision São Paulo,"Morris, Moran and Dodson",4952
2021-04-14,Decision São Paulo,"Morris, Moran and Dodson",4950
2021-04-14,Decision São Paulo,"Wade, Bernard and Bailey",4949
2021-04-14,Decision São Paulo,"Morris, Moran and Dodson",4948
2021-04-14,Decision Campinas,Miller-Curry,4947
2021-04-14,Decision Campinas,Miller-Curry,4946
2021-04-14,Decision Campinas,Miller-Curry,4945
2021-04-14,Decision Campinas,Miller-Curry,4944
2021-04-14,Decision Campinas,Miller-Curry,4943
2021-04-14,Decision São Paulo,"Morris, Moran and Dodson",4942
2021-04-14,Decision Campinas,Miller-Curry,4941
2021-04-14,Decision Campinas,Miller-Curry,4940
2021-04-14,Decision São Paulo,Morrison Ltd,4939
2021-04-14,Decision São Paulo,"Morris, Moran and Dodson",4938
2021-04-14,Decision São Paulo,"Morris, Moran and Dodson",4937
2021-04-14,Decision São Paulo,"Morris, Moran and Dodson",4936
2021-04-14,Decision São Paulo,"Morris, Moran and Dodson",4935
2021-04-14,Decision São Paulo,Nelson-Page,4933
2021-04-13,Decision São Paulo,Barnes-Woods,4932
2021-04-13,Decision São Paulo,Barnes-Woods,4931
2021-04-13,Decision São Paulo,Barnes-Woods,4930
2021-04-13,Decision São Paulo,"Morris, Moran and Dodson",4929
2021-04-13,Decision São Paulo,"Morris, Moran and Dodson",4928
2021-04-13,Decision São Paulo,"Morris, Moran and Dodson",4926
2021-04-13,Decision São Paulo,"Morris, Moran and Dodson",4925
2021-04-13,Decision São Paulo,"Morris, Moran and Dodson",4924
2021-04-13,Decision São Paulo,"Wade, Bernard and Bailey",4923
2021-04-13,Decision São Paulo,Nelson-Page,4922
2021-04-13,Decision São Paulo,Nelson-Page,4921
2021-04-13,Decision São Paulo,"Morris, Moran and Dodson",4920
2021-04-13,Decision São Paulo,"Morris, Moran and Dodson",4919
2021-04-13,Decision São Paulo,"Morris, Moran and Dodson",4918
2021-04-13,Decision São Paulo,"Morris, Moran and Dodson",4917
2021-04-13,Decision São Paulo,Barnes-Woods,4916
2021-04-13,Decision São Paulo,Barnes-Woods,4915
2021-04-13,Decision Campinas,Miller-Curry,4914
2021-04-13,Decision São Paulo,Barnes-Woods,4913
2021-04-13,Decision São Paulo,Barnes-Woods,4912
2021-04-13,Decision São Paulo,Barnes-Woods,4911
2021-04-13,Decision São Paulo,Barnes-Woods,4910
2021-04-13,Decision São Paulo,Barnes-Woods,4909
2021-04-13,Decision São Paulo,Barnes-Woods,4908
2021-04-13,Decision São Paulo,Barnes-Woods,4907
2021-04-13,Decision São Paulo,Nelson-Page,4906
2021-04-13,Decision São Paulo,"Wade, Bernard and Bailey",4905
2021-04-13,Decision São Paulo,"Wade, Bernard and Bailey",4904
2021-04-13,Decision São Paulo,Nelson-Page,4903
2021-04-13,Decision São Paulo,Nelson-Page,4902
2021-04-13,Decision São Paulo,Nelson-Page,4901
2021-04-12,Decision São Paulo,"Morris, Moran and Dodson",4900
2021-04-09,Decision São Paulo,Barnes-Woods,4899
2021-04-09,Decision São Paulo,Barnes-Woods,4898
2021-04-09,Decision São Paulo,Barnes-Woods,4897
2021-04-09,Decision São Paulo,Barnes-Woods,4896
2021-04-09,Decision São Paulo,Barnes-Woods,4895
2021-04-09,Decision São Paulo,Barnes-Woods,4894
2021-04-09,Decision São Paulo,Barnes-Woods,4893
2021-04-08,Decision São Paulo,Barnes-Woods,4892
2021-04-08,Decision São Paulo,Barnes-Woods,4891
2021-04-08,Decision São Paulo,Callahan-Hall,4890
2021-04-08,Decision São Paulo,"Wade, Bernard and Bailey",4889
2021-04-07,Decision São Paulo,"Morris, Moran and Dodson",4888
2021-04-07,Decision São Paulo,Nelson-Page,4887
2021-04-07,Decision Campinas,Miller-Curry,4886
2021-04-07,Decision Campinas,Miller-Curry,4885
2021-04-07,Decision São Paulo,Nelson-Page,4884
2021-04-07,Decision São Paulo,Nelson-Page,4883
2021-04-07,Decision São Paulo,Johnson-Aguirre,4882
2021-04-07,Decision São Paulo,Nelson-Page,4881
2021-04-07,Decision São Paulo,Nelson-Page,4880
2021-04-07,Decision São Paulo,Nelson-Page,4879
2021-04-07,Decision São Paulo,Nelson-Page,4878
2021-04-07,Decision São Paulo,Nelson-Page,4877
2021-04-07,Decision São Paulo,Nelson-Page,4876
2021-04-07,Decision São Paulo,Nelson-Page,4875
2021-04-07,Decision São Paulo,Nelson-Page,4874
2021-04-07,Decision São Paulo,Nelson-Page,4873
2021-04-07,Decision São Paulo,Nelson-Page,4872
2021-04-07,Decision São Paulo,Nelson-Page,4871
2021-04-07,Decision São Paulo,Nelson-Page,4870
2021-04-07,Decision São Paulo,Nelson-Page,4869
2021-04-07,Decision São Paulo,Nelson-Page,4868
2021-04-06,Decision São Paulo,Morrison Ltd,4867
2021-04-06,Decision São Paulo,Morrison Ltd,4866
2021-04-06,Decision São Paulo,"Miller, Tran and Chang",4865
2021-04-06,Decision São Paulo,"Miller, Tran and Chang",4864
2021-04-06,Decision São Paulo,Luna-Carpenter,4863
2021-04-06,Decision Campinas,Miller-Curry,4862
2021-04-06,Decision São Paulo,"Morris, Moran and Dodson",4861
2021-09-15,Decision Campinas,Miller-Curry,6709
2021-09-15,Decision Campinas,Miller-Curry,6708
2021-09-15,Decision Campinas,Miller-Curry,6707
2021-09-15,Decision São Paulo,Morrison Ltd,6705
2021-09-15,Decision São Paulo,Morrison Ltd,6704
2021-09-15,Decision Campinas,Miller-Curry,6703
2021-09-15,Decision São Paulo,Nelson-Page,6702
2021-09-15,Decision São Paulo,Nelson-Page,6701
2021-09-15,Decision São Paulo,Nelson-Page,6700
2021-09-15,Decision São Paulo,Johnson-Pratt,6699
2021-09-15,Decision São Paulo,Nelson-Page,6698
2021-09-15,Decision São Paulo,Johnson-Pratt,6697
2021-09-15,Decision São Paulo,Nelson-Page,6696
2021-09-15,Decision São Paulo,Nelson-Page,6695
2021-09-14,Decision São Paulo,Nelson-Page,6694
2021-09-14,Decision São Paulo,Nelson-Page,6693
2021-09-14,Decision Campinas,Miller-Curry,6692
2021-09-14,Decision São Paulo,Nelson-Page,6691
2021-09-14,Decision Campinas,Miller-Curry,6690
2021-09-14,Decision Campinas,Miller-Curry,6689
2021-09-14,Decision São Paulo,Nelson-Page,6688
2021-09-14,Decision São Paulo,Nelson-Page,6687
2021-09-14,Decision São Paulo,Nelson-Page,6686
2021-09-13,Decision São Paulo,Morrison Ltd,6685
2021-09-13,Decision São Paulo,"Miller, Tran and Chang",6684
2021-09-13,Decision São Paulo,"Miller, Tran and Chang",6683
2021-09-13,Decision São Paulo,"Miller, Tran and Chang",6682
2021-09-13,Decision São Paulo,"Miller, Tran and Chang",6681
2021-09-13,Decision São Paulo,"Miller, Tran and Chang",6680
2021-09-13,Decision São Paulo,"Miller, Tran and Chang",6679
2021-09-13,Decision São Paulo,"Miller, Tran and Chang",6678
2021-09-13,Decision São Paulo,"Miller, Tran and Chang",6677
2021-09-13,Decision São Paulo,"Miller, Tran and Chang",6676
2021-09-13,Decision São Paulo,Morrison Ltd,6675
2021-09-13,Decision São Paulo,"Miller, Tran and Chang",6674
2021-09-13,Decision São Paulo,Barnes-Woods,6673
2021-09-13,Decision Campinas,Miller-Curry,6672
2021-09-13,Decision São Paulo,Barnes-Woods,6671
2021-09-13,Decision São Paulo,Nelson-Page,6670
2021-09-13,Decision São Paulo,"Wade, Bernard and Bailey",6669
2021-09-13,Decision São Paulo,Nelson-Page,6668
2021-09-13,Decision São Paulo,Nelson-Page,6667
2021-09-13,Decision São Paulo,Nelson-Page,6666
2021-09-13,Decision São Paulo,Nelson-Page,6665
2021-09-13,Decision São Paulo,Nelson-Page,6664
2021-09-13,Decision São Paulo,Nelson-Page,6663
2021-09-13,Decision Campinas,Miller-Curry,6662
2021-09-13,Decision Campinas,Miller-Curry,6661
2021-09-11,Decision São Paulo,Nelson-Page,6660
2021-09-11,Decision São Paulo,Nelson-Page,6659
2021-09-11,Decision São Paulo,Nelson-Page,6658
2021-09-11,Decision São Paulo,Nelson-Page,6657
2021-09-10,Decision São Paulo,Barnes-Woods,6656
2021-09-10,Decision São Paulo,Barnes-Woods,6655
2021-09-10,Decision São Paulo,Johnson-Aguirre,6654
2021-09-10,Decision São Paulo,Johnson-Aguirre,6652
2021-09-10,Decision Campinas,Miller-Curry,6651
2021-09-10,Decision Campinas,Miller-Curry,6650
2021-09-10,Decision Campinas,Miller-Curry,6649
2021-09-10,Decision Campinas,Miller-Curry,6648
2021-09-10,Decision São Paulo,Walters Group,6647
2021-09-09,Decision São Paulo,Nelson-Page,6646
2021-09-09,Decision São Paulo,"Morris, Moran and Dodson",6645
2021-09-09,Decision São Paulo,Nelson-Page,6644
2021-09-09,Decision São Paulo,Nelson-Page,6643
2021-09-09,Decision São Paulo,Nelson-Page,6642
2021-09-09,Decision São Paulo,Nelson-Page,6641
2021-09-09,Decision São Paulo,Nelson-Page,6640
2021-09-09,Decision São Paulo,Nelson-Page,6639
2021-09-09,Decision São Paulo,Barnes-Woods,6638
2021-09-09,Decision São Paulo,Morrison Ltd,6637
2021-09-09,Decision São Paulo,Nelson-Page,6635
2021-09-09,Decision São Paulo,Nelson-Page,6634
2021-09-09,Decision São Paulo,Nelson-Page,6633
2021-09-09,Decision São Paulo,Nelson-Page,6632
2021-09-09,Decision São Paulo,Nelson-Page,6631
2021-09-09,Decision Campinas,Miller-Curry,6630
2021-09-09,Decision São Paulo,"Morris, Moran and Dodson",6629
2021-09-09,Decision São Paulo,Barnes-Woods,6628
2021-09-09,Decision São Paulo,Morrison Ltd,6627
2021-09-08,Decision São Paulo,Nelson-Page,6626
2021-09-08,Decision Campinas,Miller-Curry,6625
2021-09-08,Decision Campinas,Miller-Curry,6624
2021-09-08,Decision São Paulo,Nelson-Page,6623
2021-09-08,Decision São Paulo,"Wade, Bernard and Bailey",6622
2021-09-08,Decision São Paulo,Nelson-Page,6621
2021-09-08,Decision São Paulo,Nelson-Page,6620
2021-09-08,Decision São Paulo,Nelson-Page,6619
2021-09-08,Decision São Paulo,Nelson-Page,6618
2021-09-08,Decision São Paulo,Morrison Ltd,6617
2021-09-08,Decision São Paulo,Morrison Ltd,6616
2021-09-08,Decision São Paulo,Barnes-Woods,6615
2021-09-08,Decision São Paulo,"Morris, Moran and Dodson",6614
2021-09-08,Decision São Paulo,"Morris, Moran and Dodson",6613
2021-09-08,Decision São Paulo,"Morris, Moran and Dodson",6612
2021-09-08,Decision Campinas,Miller-Curry,6611
2021-09-08,Decision Campinas,Miller-Curry,6610
2021-09-06,Decision São Paulo,Nelson-Page,6609
2021-09-06,Decision São Paulo,Mann and Sons,6608
2021-09-06,Decision São Paulo,"Morris, Moran and Dodson",6607
2021-09-06,Decision São Paulo,Mann and Sons,6606
2021-09-06,Decision Campinas,Miller-Curry,6605
2021-09-06,Decision Campinas,Miller-Curry,6604
2021-09-06,Decision São Paulo,Nelson-Page,6603
2021-09-06,Decision São Paulo,Nelson-Page,6602
2021-09-06,Decision São Paulo,Nelson-Page,6601
2021-09-06,Decision São Paulo,Nelson-Page,6600
2021-09-06,Decision São Paulo,Nelson-Page,6599
2021-09-06,Decision São Paulo,Nelson-Page,6598
2021-09-06,Decision São Paulo,Nelson-Page,6597
2021-09-06,Decision São Paulo,Nelson-Page,6596
2021-09-06,Decision São Paulo,Nelson-Page,6595
2021-09-06,Decision São Paulo,Nelson-Page,6594
2021-09-06,Decision São Paulo,Nelson-Page,6593
2021-09-06,Decision São Paulo,Nelson-Page,6592
2021-09-06,Decision São Paulo,Nelson-Page,6591
2021-09-06,Decision São Paulo,Nelson-Page,6590
2021-09-06,Decision São Paulo,Nelson-Page,6589
2021-09-06,Decision São Paulo,Nelson-Page,6588
2021-09-06,Decision São Paulo,Nelson-Page,6587
2021-09-06,Decision São Paulo,Nelson-Page,6586
2021-09-06,Decision Campinas,Miller-Curry,6585
2021-09-06,Decision Campinas,Miller-Curry,6584
2021-09-06,Decision São Paulo,Nelson-Page,6583
2021-09-06,Decision São Paulo,Nelson-Page,6582
2021-09-06,Decision São Paulo,Nelson-Page,6581
2021-09-06,Decision São Paulo,Nelson-Page,6580
2021-09-06,Decision São Paulo,Nelson-Page,6579
2021-09-06,Decision São Paulo,"Morris, Moran and Dodson",6578
2021-09-06,Decision São Paulo,"Morris, Moran and Dodson",6577
2021-09-03,Decision São Paulo,Morrison Ltd,6576
2021-09-03,Decision Campinas,Miller-Curry,6575
2021-09-03,Decision Campinas,Miller-Curry,6574
2021-09-03,Decision Campinas,Miller-Curry,6573
2021-09-03,Decision São Paulo,Barnes-Woods,6572
2021-09-03,Decision Campinas,Miller-Curry,6571
2021-09-03,Decision Campinas,Miller-Curry,6570
2021-09-03,Decision Campinas,Miller-Curry,6569
2021-09-03,Decision Campinas,Miller-Curry,6568
2021-09-03,Decision São Paulo,"Kaufman, Taylor and Jones",6567
2021-09-03,Decision São Paulo,"Kaufman, Taylor and Jones",6566
2021-09-03,Decision Campinas,Miller-Curry,6565
2021-09-02,Decision São Paulo,Nelson-Page,6564
2021-09-02,Decision São Paulo,Nelson-Page,6563
2021-09-02,Decision São Paulo,Nelson-Page,6562
2021-09-02,Decision São Paulo,Nelson-Page,6561
2021-09-02,Decision São Paulo,Nelson-Page,6560
2021-09-02,Decision São Paulo,Nelson-Page,6559
2021-09-02,Decision São Paulo,Nelson-Page,6558
2021-09-02,Decision São Paulo,Nelson-Page,6557
2021-09-02,Decision São Paulo,Nelson-Page,6556
2021-09-02,Decision São Paulo,"Morris, Moran and Dodson",6555
2021-09-02,Decision São Paulo,Nelson-Page,6554
2021-09-02,Decision São Paulo,Nelson-Page,6553
2021-09-02,Decision São Paulo,Callahan-Hall,6552
2021-09-02,Decision São Paulo,Barnes-Woods,6551
2021-09-01,Decision São Paulo,Nelson-Page,6549
2021-09-01,Decision São Paulo,Johnson-Pratt,6548
2021-09-01,Decision Campinas,Miller-Curry,6547
2021-09-01,Decision São Paulo,Nelson-Page,6546
2021-09-01,Decision São Paulo,Nelson-Page,6545
2021-09-01,Decision São Paulo,Barnes-Woods,6544
2021-09-01,Decision São Paulo,Nelson-Page,6543
2021-09-01,Decision São Paulo,Barnes-Woods,6542
2021-09-01,Decision São Paulo,"Wade, Bernard and Bailey",6541
2021-09-01,Decision São Paulo,Morrison Ltd,6540
2021-09-01,Decision São Paulo,Morrison Ltd,6539
2021-09-01,Decision São Paulo,Morrison Ltd,6538
2021-09-01,Decision São Paulo,Morrison Ltd,6537
2021-08-31,Decision São Paulo,Johnson-Aguirre,6536
2021-08-31,Decision São Paulo,Nelson-Page,6535
2021-08-31,Decision São Paulo,Johnson-Aguirre,6534
2021-08-31,Decision São Paulo,Johnson-Aguirre,6533
2021-08-31,Decision São Paulo,Johnson-Aguirre,6532
2021-08-31,Decision São Paulo,Johnson-Aguirre,6531
2021-08-31,Decision São Paulo,Johnson-Aguirre,6530
2021-08-31,Decision São Paulo,Johnson-Aguirre,6529
2021-08-31,Decision São Paulo,Johnson-Aguirre,6528
2021-08-31,Decision São Paulo,Johnson-Aguirre,6527
2021-08-31,Decision São Paulo,Johnson-Aguirre,6526
2021-08-31,Decision Campinas,Miller-Curry,6525
2021-08-31,Decision Campinas,Miller-Curry,6524
2021-08-30,Decision Campinas,Miller-Curry,6523
2021-08-30,Decision São Paulo,"Morris, Moran and Dodson",6521
2021-08-30,Decision São Paulo,Mann and Sons,6520
2021-08-30,Decision São Paulo,Nelson-Page,6519
2021-08-30,Decision São Paulo,Nelson-Page,6518
2021-08-30,Decision São Paulo,Nelson-Page,6517
2021-08-30,Decision São Paulo,Nelson-Page,6516
2021-08-30,Decision São Paulo,Nelson-Page,6515
2021-08-27,Decision São Paulo,Nelson-Page,6514
2021-08-27,Decision São Paulo,"Wade, Bernard and Bailey",6513
2021-08-27,Decision São Paulo,Nelson-Page,6512
2021-08-27,Decision São Paulo,"Wade, Bernard and Bailey",6511
2021-08-27,Decision São Paulo,"Wade, Bernard and Bailey",6510
2021-08-27,Decision São Paulo,"Wade, Bernard and Bailey",6509
2021-08-27,Decision São Paulo,"Wade, Bernard and Bailey",6508
2021-08-27,Decision São Paulo,"Wade, Bernard and Bailey",6507
2021-08-27,Decision São Paulo,"Wade, Bernard and Bailey",6506
2021-08-27,Decision São Paulo,"Wade, Bernard and Bailey",6505
2021-08-27,Decision São Paulo,"Wade, Bernard and Bailey",6504
2021-08-27,Decision São Paulo,"Wade, Bernard and Bailey",6503
2021-08-27,Decision São Paulo,"Wade, Bernard and Bailey",6501
2021-08-27,Decision Campinas,Miller-Curry,6499
2021-08-27,Decision São Paulo,Jimenez PLC,6498
2021-08-27,Decision Campinas,Miller-Curry,6497
2021-08-27,Decision Campinas,Miller-Curry,6496
2021-08-27,Decision São Paulo,"Miller, Tran and Chang",6495
2021-08-27,Decision São Paulo,"Miller, Tran and Chang",6494
2021-08-27,Decision São Paulo,"Miller, Tran and Chang",6493
2021-08-27,Decision São Paulo,"Miller, Tran and Chang",6492
2021-08-27,Decision São Paulo,"Miller, Tran and Chang",6491
2021-08-27,Decision São Paulo,"Miller, Tran and Chang",6490
2021-08-27,Decision São Paulo,"Miller, Tran and Chang",6489
2021-08-27,Decision São Paulo,"Miller, Tran and Chang",6488
2021-08-27,Decision São Paulo,"Miller, Tran and Chang",6487
2021-08-27,Decision São Paulo,"Miller, Tran and Chang",6486
2021-08-27,Decision São Paulo,"Miller, Tran and Chang",6485
2021-08-27,Decision São Paulo,Barnes-Woods,6484
2021-08-27,Decision São Paulo,Barnes-Woods,6483
2021-08-26,Decision São Paulo,"Wade, Bernard and Bailey",6482
2021-08-26,Decision São Paulo,Morrison Ltd,6481
2021-08-26,Decision São Paulo,Morrison Ltd,6480
2021-08-26,Decision São Paulo,Callahan-Hall,6479
2021-08-26,Decision São Paulo,Callahan-Hall,6478
2021-08-26,Decision São Paulo,Morrison Ltd,6477
2021-08-26,Decision São Paulo,Barnes-Woods,6476
2021-08-26,Decision São Paulo,Nelson-Page,6475
2021-08-26,Decision São Paulo,Porter-Wilson,6474
2021-08-26,Decision São Paulo,Nelson-Page,6473
2021-08-26,Decision São Paulo,Nelson-Page,6472
2021-08-26,Decision Campinas,Miller-Curry,6471
2021-08-26,Decision São Paulo,Callahan-Hall,6470
2021-08-26,Decision São Paulo,Nelson-Page,6469
2021-08-26,Decision São Paulo,Griffith-Webb,6468
2021-08-26,Decision São Paulo,Nelson-Page,6467
2021-08-26,Decision São Paulo,Nelson-Page,6466
2021-08-26,Decision São Paulo,Nelson-Page,6465
2021-08-26,Decision São Paulo,Porter-Wilson,6464
2021-08-25,Decision São Paulo,Nelson-Page,6463
2021-08-25,Decision São Paulo,Nelson-Page,6462
2021-08-25,Decision São Paulo,Callahan-Hall,6461
2021-08-25,Decision Campinas,Miller-Curry,6460
2021-08-24,Decision São Paulo,Johnson-Aguirre,6459
2021-08-24,Decision São Paulo,Johnson-Aguirre,6458
2021-08-24,Decision São Paulo,Johnson-Aguirre,6457
2021-08-24,Decision São Paulo,Johnson-Aguirre,6456
2021-08-24,Decision São Paulo,Johnson-Aguirre,6455
2021-08-24,Decision São Paulo,Johnson-Aguirre,6454
2021-08-24,Decision São Paulo,Johnson-Aguirre,6453
2021-08-24,Decision São Paulo,Johnson-Aguirre,6452
2021-08-24,Decision São Paulo,Johnson-Aguirre,6451
2021-08-24,Decision Campinas,Miller-Curry,6450
2021-08-24,Decision São Paulo,Craig-Webb,6449
2021-08-24,Decision São Paulo,Craig-Webb,6448
2021-08-24,Decision São Paulo,Morrison Ltd,6447
2021-08-24,Decision São Paulo,Dougherty-Gilbert,6446
2021-08-24,Decision São Paulo,"Morris, Moran and Dodson",6445
2021-08-23,Decision Campinas,Miller-Curry,6444
2021-08-23,Decision São Paulo,Nelson-Page,6443
2021-08-23,Decision São Paulo,Nelson-Page,6442
2021-08-23,Decision São Paulo,Nelson-Page,6441
2021-08-23,Decision São Paulo,Nelson-Page,6440
2021-08-23,Decision São Paulo,Nelson-Page,6439
2021-08-23,Decision São Paulo,Nelson-Page,6438
2021-08-23,Decision São Paulo,Nelson-Page,6437
2021-08-23,Decision São Paulo,Nelson-Page,6436
2021-08-23,Decision São Paulo,Nelson-Page,6435
2021-08-23,Decision São Paulo,Nelson-Page,6434
2021-08-23,Decision Campinas,Miller-Curry,6433
2021-08-23,Decision São Paulo,Nelson-Page,6432
2021-08-23,Decision São Paulo,Nelson-Page,6431
2021-08-23,Decision Campinas,Miller-Curry,6430
2021-08-23,Decision Campinas,Miller-Curry,6429
2021-08-23,Decision Campinas,Miller-Curry,6428
2021-08-23,Decision São Paulo,"Wade, Bernard and Bailey",6427
2021-08-20,Decision Campinas,Miller-Curry,6426
2021-08-20,Decision São Paulo,"Morris, Moran and Dodson",6425
2021-08-20,Decision São Paulo,"Morris, Moran and Dodson",6424
2021-08-20,Decision São Paulo,"Morris, Moran and Dodson",6423
2021-08-20,Decision São Paulo,"Morris, Moran and Dodson",6422
2021-08-20,Decision São Paulo,"Morris, Moran and Dodson",6421
2021-08-20,Decision São Paulo,"Morris, Moran and Dodson",6420
2021-08-20,Decision São Paulo,"Morris, Moran and Dodson",6419
2021-08-20,Decision São Paulo,"Morris, Moran and Dodson",6418
2021-08-20,Decision São Paulo,"Morris, Moran and Dodson",6417
2021-08-20,Decision São Paulo,"Morris, Moran and Dodson",6416
2021-08-20,Decision São Paulo,"Morris, Moran and Dodson",6415
2021-08-20,Decision São Paulo,"Morris, Moran and Dodson",6414
2021-08-20,Decision São Paulo,"Morris, Moran and Dodson",6413
2021-08-20,Decision São Paulo,Barnes-Woods,6412
2021-08-20,Decision São Paulo,Barnes-Woods,6411
2021-08-20,Decision São Paulo,Barnes-Woods,6410
2021-08-20,Decision São Paulo,Barnes-Woods,6409
2021-08-20,Decision São Paulo,Jenkins-Walker,6408
2021-08-20,Decision São Paulo,"Morris, Moran and Dodson",6407
2021-08-20,Decision São Paulo,Jenkins-Walker,6406
2021-08-20,Decision São Paulo,Jenkins-Walker,6405
2021-08-20,Decision Campinas,Miller-Curry,6404
2021-08-20,Decision São Paulo,Jenkins-Walker,6403
2021-08-20,Decision São Paulo,Jenkins-Walker,6402
2021-08-20,Decision São Paulo,Jenkins-Walker,6401
2021-08-20,Decision São Paulo,Nelson-Page,6400
2021-08-20,Decision São Paulo,Jenkins-Walker,6399
2021-08-19,Decision São Paulo,Nelson-Page,6398
2021-08-19,Decision São Paulo,Nelson-Page,6397
2021-08-19,Decision São Paulo,Nelson-Page,6396
2021-08-19,Decision Campinas,Miller-Curry,6395
2021-08-19,Decision Campinas,Miller-Curry,6394
2021-08-19,Decision São Paulo,Jenkins-Walker,6393
2021-08-19,Decision São Paulo,Jenkins-Walker,6392
2021-08-19,Decision São Paulo,Nelson-Page,6391
2021-08-19,Decision São Paulo,Nelson-Page,6390
2021-08-19,Decision São Paulo,Nelson-Page,6389
2021-08-19,Decision São Paulo,Nelson-Page,6388
2021-08-19,Decision Campinas,Miller-Curry,6387
2021-08-19,Decision Campinas,Miller-Curry,6386
2021-08-19,Decision São Paulo,Barnes-Woods,6385
2021-08-19,Decision São Paulo,Barnes-Woods,6384
2021-08-19,Decision São Paulo,Nelson-Page,6383
2021-08-19,Decision São Paulo,"Wade, Bernard and Bailey",6382
2021-08-19,Decision São Paulo,"Wade, Bernard and Bailey",6381
2021-08-18,Decision Campinas,Miller-Curry,6379
2021-08-17,Decision São Paulo,Nelson-Page,6378
2021-08-17,Decision São Paulo,Barnes-Woods,6377
2021-08-17,Decision São Paulo,Callahan-Hall,6376
2021-08-17,Decision São Paulo,Barnes-Woods,6375
2021-08-17,Decision São Paulo,Morrison Ltd,6374
2021-08-17,Decision Campinas,Miller-Curry,6373
2021-08-17,Decision São Paulo,Morrison Ltd,6372
2021-08-17,Decision São Paulo,Nelson-Page,6371
2021-08-17,Decision São Paulo,"Morris, Moran and Dodson",6370
2021-08-17,Decision São Paulo,"Morris, Moran and Dodson",6369
2021-08-17,Decision São Paulo,King-Russell,6368
2021-08-17,Decision São Paulo,Barnes-Woods,6367
2021-08-17,Decision São Paulo,Barnes-Woods,6366
2021-08-17,Decision São Paulo,Barnes-Woods,6365
2021-08-17,Decision Campinas,Miller-Curry,6364
2021-08-16,Decision São Paulo,Porter-Wilson,6363
2021-08-16,Decision São Paulo,Nelson-Page,6362
2021-08-16,Decision São Paulo,Nelson-Page,6361
2021-08-16,Decision São Paulo,Nelson-Page,6360
2021-08-16,Decision São Paulo,Nelson-Page,6359
2021-08-16,Decision São Paulo,Nelson-Page,6358
2021-08-16,Decision São Paulo,Nelson-Page,6357
2021-08-16,Decision São Paulo,Nelson-Page,6356
2021-08-16,Decision São Paulo,Nelson-Page,6355
2021-08-16,Decision São Paulo,Nelson-Page,6354
2021-08-16,Decision São Paulo,Jenkins-Walker,6353
2021-08-16,Decision São Paulo,"Wade, Bernard and Bailey",6352
2021-08-16,Decision São Paulo,Jenkins-Walker,6351
2021-08-16,Decision São Paulo,Nelson-Page,6350
2021-08-16,Decision São Paulo,Nelson-Page,6349
2021-08-16,Decision São Paulo,Nelson-Page,6348
2021-08-16,Decision São Paulo,Nelson-Page,6347
2021-08-16,Decision São Paulo,Nelson-Page,6346
2021-08-16,Decision São Paulo,Nelson-Page,6345
2021-08-16,Decision São Paulo,Nelson-Page,6344
2021-08-16,Decision São Paulo,Callahan-Hall,6343
2021-08-16,Decision São Paulo,Callahan-Hall,6342
2021-08-16,Decision São Paulo,Callahan-Hall,6341
2021-08-16,Decision São Paulo,Morrison Ltd,6340
2021-08-16,Decision São Paulo,Nelson-Page,6339
2021-08-16,Decision São Paulo,"Morris, Moran and Dodson",6338
2021-08-16,Decision São Paulo,"Morris, Moran and Dodson",6337
2021-08-16,Decision São Paulo,"Morris, Moran and Dodson",6336
2021-08-16,Decision São Paulo,Callahan-Hall,6335
2021-08-13,Decision São Paulo,Griffith-Webb,6334
2021-08-13,Decision São Paulo,"Wade, Bernard and Bailey",6333
2021-08-13,Decision São Paulo,"Wade, Bernard and Bailey",6332
2021-08-13,Decision São Paulo,"Morris, Moran and Dodson",6331
2021-08-13,Decision São Paulo,Nelson-Page,6330
2021-08-13,Decision São Paulo,"Wade, Bernard and Bailey",6329
2021-08-13,Decision São Paulo,Nelson-Page,6328
2021-08-13,Decision São Paulo,Nelson-Page,6327
2021-08-13,Decision São Paulo,"Wade, Bernard and Bailey",6326
2021-08-13,Decision São Paulo,Nelson-Page,6325
2021-08-13,Decision São Paulo,Nelson-Page,6324
2021-08-13,Decision São Paulo,"Wade, Bernard and Bailey",6323
2021-08-12,Decision São Paulo,Barnes-Woods,6322
2021-08-12,Decision São Paulo,Barnes-Woods,6321
2021-08-12,Decision São Paulo,Morrison Ltd,6320
2021-08-12,Decision Campinas,Miller-Curry,6319
2021-08-12,Decision Campinas,Miller-Curry,6318
2021-08-12,Decision São Paulo,Nelson-Page,6317
2021-08-12,Decision São Paulo,Nelson-Page,6316
2021-08-12,Decision São Paulo,Nelson-Page,6315
2021-08-12,Decision São Paulo,Walters Group,6314
2021-08-11,Decision São Paulo,Nelson-Page,6313
2021-08-11,Decision São Paulo,Nelson-Page,6312
2021-08-11,Decision São Paulo,Johnson-Aguirre,6311
2021-08-11,Decision São Paulo,Nelson-Page,6310
2021-08-11,Decision São Paulo,Nelson-Page,6309
2021-08-11,Decision São Paulo,Nelson-Page,6308
2021-08-11,Decision São Paulo,Nelson-Page,6307
2021-08-11,Decision São Paulo,Nelson-Page,6306
2021-08-11,Decision São Paulo,Nelson-Page,6305
2021-08-11,Decision São Paulo,Nelson-Page,6304
2021-08-11,Decision Campinas,Miller-Curry,6303
2021-08-11,Decision São Paulo,Barnes-Woods,6302
2021-08-11,Decision Campinas,Miller-Curry,6301
2021-08-11,Decision Campinas,Miller-Curry,6300
2021-08-11,Decision São Paulo,Nelson-Page,6298
2021-08-11,Decision São Paulo,Barnes-Woods,6297
2021-08-11,Decision Campinas,Miller-Curry,6296
2021-08-11,Decision São Paulo,Nelson-Page,6295
2021-08-11,Decision São Paulo,Nelson-Page,6294
2021-08-11,Decision São Paulo,"Morris, Moran and Dodson",6293
2021-08-11,Decision São Paulo,Nelson-Page,6292
2021-08-11,Decision Campinas,Miller-Curry,6291
2021-08-11,Decision Campinas,Miller-Curry,6290
2021-08-10,Decision São Paulo,Nelson-Page,6289
2021-08-10,Decision São Paulo,Nelson-Page,6288
2021-08-10,Decision São Paulo,Nelson-Page,6287
2021-08-10,Decision São Paulo,Nelson-Page,6286
2021-08-10,Decision São Paulo,Nelson-Page,6285
2021-08-10,Decision São Paulo,Morrison Ltd,6284
2021-08-10,Decision São Paulo,Morrison Ltd,6283
2021-08-10,Decision São Paulo,"Wade, Bernard and Bailey",6282
2021-08-10,Decision São Paulo,Morrison Ltd,6281
2021-08-10,Decision São Paulo,Morrison Ltd,6280
2021-08-10,Decision São Paulo,Morrison Ltd,6279
2021-08-10,Decision São Paulo,Morrison Ltd,6278
2021-08-10,Decision São Paulo,Morrison Ltd,6277
2021-08-10,Decision São Paulo,Nelson-Page,6276
2021-08-10,Decision São Paulo,Morrison Ltd,6275
2021-08-10,Decision São Paulo,Nelson-Page,6274
2021-08-10,Decision São Paulo,Nelson-Page,6273
2021-08-10,Decision São Paulo,Nelson-Page,6272
2021-08-10,Decision São Paulo,Nelson-Page,6271
2021-08-10,Decision São Paulo,Nelson-Page,6270
2021-08-10,Decision São Paulo,Nelson-Page,6268
2021-08-10,Decision Campinas,Miller-Curry,6267
2021-08-10,Decision São Paulo,Nelson-Page,6266
2021-08-10,Decision São Paulo,Barnes-Woods,6265
2021-08-10,Decision São Paulo,Barnes-Woods,6264
2021-08-10,Decision Campinas,Miller-Curry,6263
2021-08-10,Decision São Paulo,Morrison Ltd,6262
2021-08-10,Decision Campinas,Miller-Curry,6261
2021-08-10,Decision Campinas,Miller-Curry,6260
2021-08-10,Decision São Paulo,Jimenez PLC,6259
2021-08-10,Decision Campinas,Miller-Curry,6258
2021-08-09,Decision Campinas,Miller-Curry,6257
2021-08-09,Decision Campinas,Miller-Curry,6256
2021-08-09,Decision Campinas,Miller-Curry,6255
2021-08-09,Decision Campinas,Miller-Curry,6254
2021-08-06,Decision Campinas,Miller-Curry,6253
2021-08-06,Decision São Paulo,"Morris, Moran and Dodson",6252
2021-08-06,Decision São Paulo,Barnes-Woods,6251
2021-08-06,Decision São Paulo,"Morris, Moran and Dodson",6250
2021-08-06,Decision São Paulo,"Morris, Moran and Dodson",6249
2021-08-06,Decision Campinas,Miller-Curry,6248
2021-08-06,Decision Campinas,Miller-Curry,6247
2021-08-06,Decision São Paulo,Morrison Ltd,6246
2021-08-06,Decision São Paulo,Morrison Ltd,6245
2021-08-06,Decision São Paulo,Barnes-Woods,6244
2021-08-06,Decision São Paulo,Jenkins-Walker,6243
2021-08-05,Decision São Paulo,Morrison Ltd,6242
2021-08-05,Decision São Paulo,Morrison Ltd,6241
2021-08-05,Decision São Paulo,Jenkins-Walker,6240
2021-08-05,Decision São Paulo,"Miller, Tran and Chang",6239
2021-08-05,Decision São Paulo,"Miller, Tran and Chang",6238
2021-08-05,Decision São Paulo,Jenkins-Walker,6237
2021-08-05,Decision São Paulo,Jenkins-Walker,6236
2021-08-05,Decision São Paulo,Nelson-Page,6235
2021-08-05,Decision São Paulo,Nelson-Page,6234
2021-08-05,Decision São Paulo,"Morris, Moran and Dodson",6233
2021-08-05,Decision São Paulo,"Morris, Moran and Dodson",6232
2021-08-05,Decision São Paulo,Nelson-Page,6231
2021-08-05,Decision São Paulo,Nelson-Page,6230
2021-08-05,Decision São Paulo,"Morris, Moran and Dodson",6229
2021-08-05,Decision São Paulo,"Morris, Moran and Dodson",6228
2021-08-05,Decision Campinas,Miller-Curry,6227
2021-08-05,Decision Campinas,Miller-Curry,6226
2021-08-05,Decision São Paulo,Nelson-Page,6225
2021-08-04,Decision São Paulo,Barnes-Woods,6224
2021-08-04,Decision São Paulo,Barnes-Woods,6223
2021-08-04,Decision São Paulo,Barnes-Woods,6222
2021-08-04,Decision São Paulo,Barnes-Woods,6221
2021-08-04,Decision São Paulo,Barnes-Woods,6220
2021-08-04,Decision São Paulo,Barnes-Woods,6219
2021-08-04,Decision São Paulo,Barnes-Woods,6218
2021-08-04,Decision São Paulo,Barnes-Woods,6217
2021-08-04,Decision São Paulo,Barnes-Woods,6215
2021-08-04,Decision São Paulo,Barnes-Woods,6214
2021-08-04,Decision São Paulo,"Morris, Moran and Dodson",6213
2021-08-04,Decision São Paulo,"Morris, Moran and Dodson",6212
2021-08-04,Decision Campinas,Miller-Curry,6211
2021-08-04,Decision São Paulo,Porter-Wilson,6210
2021-08-04,Decision São Paulo,Porter-Wilson,6209
2021-08-04,Decision São Paulo,Nelson-Page,6208
2021-08-04,Decision São Paulo,Barnes-Woods,6207
2021-08-03,Decision Campinas,Miller-Curry,6206
2021-08-03,Decision São Paulo,Nelson-Page,6205
2021-08-03,Decision São Paulo,"Morris, Moran and Dodson",6204
2021-08-03,Decision São Paulo,Barnes-Woods,6203
2021-08-03,Decision São Paulo,Barnes-Woods,6202
2021-08-03,Decision Campinas,Miller-Curry,6200
2021-08-03,Decision São Paulo,Jimenez PLC,6199
2021-08-03,Decision São Paulo,"Morris, Moran and Dodson",6198
2021-08-02,Decision São Paulo,Barnes-Woods,6197
2021-08-02,Decision São Paulo,Barnes-Woods,6196
2021-08-02,Decision São Paulo,Johnson-Aguirre,6195
2021-08-02,Decision São Paulo,Barnes-Woods,6194
2021-08-02,Decision São Paulo,Barnes-Woods,6193
2021-08-02,Decision São Paulo,Jimenez PLC,6192
2021-08-02,Decision São Paulo,Barnes-Woods,6191
2021-08-02,Decision Campinas,Miller-Curry,6190
2021-08-02,Decision Campinas,Miller-Curry,6189
2021-08-02,Decision Campinas,Miller-Curry,6188
2021-08-02,Decision Campinas,Miller-Curry,6187
2021-08-02,Decision Campinas,Miller-Curry,6186
2021-08-02,Decision Campinas,Miller-Curry,6185
2021-08-02,Decision Campinas,Miller-Curry,6184
2021-08-02,Decision São Paulo,Nelson-Page,6183
2021-08-02,Decision São Paulo,Nelson-Page,6182
2021-08-02,Decision São Paulo,Nelson-Page,6181
2021-08-02,Decision São Paulo,Nelson-Page,6180
2021-08-02,Decision São Paulo,Johnson-Aguirre,6179
2021-07-30,Decision São Paulo,Mckenzie-Francis,6178
2021-07-30,Decision São Paulo,Nelson-Page,6177
2021-07-30,Decision São Paulo,Nelson-Page,6176
2021-07-30,Decision São Paulo,Nelson-Page,6175
2021-07-30,Decision São Paulo,Nelson-Page,6174
2021-07-30,Decision São Paulo,Nelson-Page,6173
2021-07-30,Decision São Paulo,Nelson-Page,6172
2021-07-30,Decision São Paulo,Barnes-Woods,6171
2021-07-30,Decision São Paulo,"Morris, Moran and Dodson",6170
2021-07-30,Decision São Paulo,Johnson-Aguirre,6169
2021-07-30,Decision Campinas,Miller-Curry,6168
2021-07-29,Decision São Paulo,"Morris, Moran and Dodson",6167
2021-07-29,Decision São Paulo,Callahan-Hall,6165
2021-07-29,Decision São Paulo,Barnes-Woods,6164
2021-07-28,Decision Campinas,Miller-Curry,6163
2021-07-28,Decision Campinas,Miller-Curry,6162
2021-07-28,Decision São Paulo,Morrison Ltd,6161
2021-07-28,Decision São Paulo,Morrison Ltd,6160
2021-07-28,Decision São Paulo,Barnes-Woods,6159
2021-07-28,Decision São Paulo,"Morris, Moran and Dodson",6158
2021-07-28,Decision São Paulo,Nelson-Page,6157
2021-07-28,Decision São Paulo,Nelson-Page,6156
2021-07-28,Decision São Paulo,Nelson-Page,6155
2021-07-28,Decision São Paulo,Nelson-Page,6154
2021-07-28,Decision São Paulo,Dougherty-Gilbert,6153
2021-07-28,Decision Campinas,Miller-Curry,6152
2021-07-28,Decision São Paulo,Nelson-Page,6151
2021-07-28,Decision São Paulo,Morrison Ltd,6150
2021-07-28,Decision São Paulo,Nelson-Page,6149
2021-07-28,Decision São Paulo,Nelson-Page,6148
2021-07-28,Decision São Paulo,Nelson-Page,6147
2021-07-28,Decision São Paulo,Nelson-Page,6146
2021-07-28,Decision São Paulo,Nelson-Page,6145
2021-07-28,Decision São Paulo,Nelson-Page,6144
2021-07-28,Decision São Paulo,Nelson-Page,6143
2021-07-27,Decision São Paulo,Mann and Sons,6142
2021-07-27,Decision São Paulo,"Morris, Moran and Dodson",6141
2021-07-27,Decision São Paulo,"Morris, Moran and Dodson",6140
2021-07-27,Decision São Paulo,"Morris, Moran and Dodson",6139
2021-07-27,Decision São Paulo,"Morris, Moran and Dodson",6138
2021-07-27,Decision São Paulo,"Morris, Moran and Dodson",6137
2021-07-27,Decision São Paulo,"Morris, Moran and Dodson",6136
2021-07-27,Decision São Paulo,"Morris, Moran and Dodson",6135
2021-07-27,Decision São Paulo,"Morris, Moran and Dodson",6134
2021-07-27,Decision São Paulo,Nelson-Page,6133
2021-07-27,Decision São Paulo,Nelson-Page,6132
2021-07-27,Decision São Paulo,Nelson-Page,6131
2021-07-27,Decision São Paulo,"Miller, Tran and Chang",6130
2021-07-27,Decision São Paulo,"Miller, Tran and Chang",6129
2021-07-27,Decision São Paulo,Callahan-Hall,6128
2021-07-27,Decision São Paulo,Barnes-Woods,6127
2021-07-27,Decision São Paulo,Nelson-Page,6126
2021-07-26,Decision São Paulo,Barnes-Woods,6125
2021-07-26,Decision São Paulo,Walters Group,6124
2021-07-26,Decision Campinas,Miller-Curry,6123
2021-07-26,Decision São Paulo,Barnes-Woods,6122
2021-07-26,Decision São Paulo,Barnes-Woods,6121
2021-07-26,Decision São Paulo,Morrison Ltd,6120
2021-07-26,Decision Campinas,Miller-Curry,6119
2021-07-26,Decision São Paulo,"Morris, Moran and Dodson",6118
2021-07-26,Decision São Paulo,Morrison Ltd,6117
2021-07-26,Decision São Paulo,Barnes-Woods,6116
2021-07-26,Decision São Paulo,Nelson-Page,6115
2021-07-23,Decision Campinas,Miller-Curry,6113
2021-07-23,Decision São Paulo,Callahan-Hall,6112
2021-07-23,Decision Campinas,Miller-Curry,6111
2021-07-23,Decision Campinas,Miller-Curry,6110
2021-07-23,Decision Campinas,Miller-Curry,6109
2021-07-23,Decision São Paulo,Callahan-Hall,6108
2021-07-23,Decision São Paulo,Callahan-Hall,6107
2021-07-23,Decision Campinas,Miller-Curry,6106
2021-07-23,Decision Campinas,Miller-Curry,6105
2021-07-23,Decision São Paulo,Nelson-Page,6104
2021-07-23,Decision São Paulo,Nelson-Page,6103
2021-07-23,Decision São Paulo,Nelson-Page,6102
2021-07-23,Decision São Paulo,Nelson-Page,6101
2021-07-23,Decision São Paulo,Nelson-Page,6100
2021-07-23,Decision São Paulo,Nelson-Page,6099
2021-07-23,Decision São Paulo,Nelson-Page,6098
2021-07-23,Decision São Paulo,Nelson-Page,6097
2021-07-23,Decision São Paulo,Nelson-Page,6096
2021-07-23,Decision São Paulo,Nelson-Page,6095
2021-07-23,Decision São Paulo,Nelson-Page,6094
2021-07-23,Decision São Paulo,Nelson-Page,6093
2021-07-23,Decision São Paulo,Nelson-Page,6092
2021-07-23,Decision São Paulo,Nelson-Page,6091
2021-07-23,Decision São Paulo,Nelson-Page,6090
2021-07-23,Decision São Paulo,Nelson-Page,6089
2021-07-23,Decision São Paulo,Nelson-Page,6088
2021-07-23,Decision São Paulo,Nelson-Page,6087
2021-07-23,Decision São Paulo,Nelson-Page,6086
2021-07-23,Decision São Paulo,Nelson-Page,6085
2021-07-23,Decision São Paulo,Nelson-Page,6084
2021-07-23,Decision São Paulo,Nelson-Page,6083
2021-07-23,Decision São Paulo,"Wade, Bernard and Bailey",6082
2021-07-23,Decision São Paulo,Nelson-Page,6081
2021-07-23,Decision São Paulo,Nelson-Page,6080
2021-07-23,Decision São Paulo,Nelson-Page,6079
2021-07-23,Decision São Paulo,Nelson-Page,6078
2021-07-23,Decision São Paulo,Morrison Ltd,6077
2021-07-23,Decision Campinas,Miller-Curry,6076
2021-07-22,Decision São Paulo,Morrison Ltd,6075
2021-07-22,Decision São Paulo,Barnes-Woods,6074
2021-07-22,Decision São Paulo,Nelson-Page,6073
2021-07-22,Decision São Paulo,Nelson-Page,6072
2021-07-22,Decision São Paulo,Nelson-Page,6071
2021-07-22,Decision São Paulo,Nelson-Page,6070
2021-07-22,Decision São Paulo,Nelson-Page,6069
2021-07-22,Decision São Paulo,Nelson-Page,6068
2021-07-22,Decision São Paulo,Nelson-Page,6067
2021-07-22,Decision Campinas,Miller-Curry,6066
2021-07-22,Decision São Paulo,Walters Group,6065
2021-07-22,Decision São Paulo,Jimenez PLC,6064
2021-07-22,Decision São Paulo,Walters Group,6063
2021-07-22,Decision São Paulo,Walters Group,6062
2021-07-22,Decision Campinas,Miller-Curry,6061
2021-07-22,Decision São Paulo,"Morris, Moran and Dodson",6060
2021-07-22,Decision São Paulo,Nelson-Page,6059
2021-07-21,Decision São Paulo,"Morris, Moran and Dodson",6058
2021-07-21,Decision São Paulo,"Morris, Moran and Dodson",6057
2021-07-21,Decision São Paulo,"Morris, Moran and Dodson",6056
2021-07-21,Decision São Paulo,"Morris, Moran and Dodson",6055
2021-07-21,Decision São Paulo,Morrison Ltd,6054
2021-07-21,Decision São Paulo,Morrison Ltd,6053
2021-07-21,Decision São Paulo,Morrison Ltd,6052
2021-07-21,Decision São Paulo,Barnes-Woods,6051
2021-07-21,Decision São Paulo,Nelson-Page,6050
2021-07-21,Decision São Paulo,Nelson-Page,6049
2021-07-21,Decision São Paulo,Nelson-Page,6048
2021-07-21,Decision São Paulo,Nelson-Page,6047
2021-07-20,Decision São Paulo,Morrison Ltd,6046
2021-07-20,Decision São Paulo,Morrison Ltd,6045
2021-07-20,Decision São Paulo,Morrison Ltd,6044
2021-07-20,Decision São Paulo,Morrison Ltd,6043
2021-07-20,Decision São Paulo,Morrison Ltd,6042
2021-07-20,Decision São Paulo,"Morris, Moran and Dodson",6041
2021-07-20,Decision São Paulo,Barnes-Woods,6040
2021-07-20,Decision São Paulo,Barnes-Woods,6039
2021-07-20,Decision São Paulo,Barnes-Woods,6038
2021-07-20,Decision São Paulo,"Morris, Moran and Dodson",6037
2021-07-20,Decision São Paulo,"Morris, Moran and Dodson",6036
2021-07-20,Decision São Paulo,"Morris, Moran and Dodson",6035
2021-07-20,Decision Campinas,Miller-Curry,6034
2021-07-20,Decision São Paulo,Nelson-Page,6033
2021-07-20,Decision Campinas,Miller-Curry,6032
2021-07-19,Decision São Paulo,Morrison Ltd,6031
2021-07-19,Decision Campinas,Miller-Curry,6030
2021-07-19,Decision São Paulo,"Morris, Moran and Dodson",6029
2021-07-19,Decision São Paulo,"Morris, Moran and Dodson",6028
2021-07-19,Decision São Paulo,Nelson-Page,6027
2021-07-19,Decision São Paulo,Nelson-Page,6026
2021-07-19,Decision São Paulo,Nelson-Page,6025
2021-07-19,Decision São Paulo,Nelson-Page,6024
2021-07-19,Decision São Paulo,Nelson-Page,6023
2021-07-19,Decision São Paulo,Nelson-Page,6022
2021-07-19,Decision São Paulo,Nelson-Page,6021
2021-07-19,Decision São Paulo,Nelson-Page,6020
2021-07-19,Decision São Paulo,Nelson-Page,6019
2021-07-16,Decision São Paulo,Morrison Ltd,6018
2021-07-16,Decision São Paulo,Barnes-Woods,6017
2021-07-16,Decision São Paulo,Morrison Ltd,6016
2021-07-16,Decision São Paulo,Nelson-Page,6015
2021-07-16,Decision São Paulo,Callahan-Hall,6014
2021-07-16,Decision São Paulo,Callahan-Hall,6013
2021-07-16,Decision São Paulo,Nelson-Page,6012
2021-07-16,Decision São Paulo,Nelson-Page,6011
2021-07-16,Decision São Paulo,Nelson-Page,6010
2021-07-16,Decision São Paulo,Nelson-Page,6009
2021-07-16,Decision São Paulo,Nelson-Page,6008
2021-07-16,Decision São Paulo,Nelson-Page,6007
2021-07-16,Decision São Paulo,Nelson-Page,6006
2021-07-16,Decision Campinas,Miller-Curry,6005
2021-07-15,Decision Campinas,Miller-Curry,6004
2021-07-15,Decision Campinas,Miller-Curry,6003
2021-07-15,Decision São Paulo,Nelson-Page,6002
2021-07-15,Decision São Paulo,Callahan-Hall,6001
2021-07-15,Decision São Paulo,Barnes-Woods,6000
2021-07-15,Decision São Paulo,Nelson-Page,5999
2021-07-15,Decision São Paulo,"Wade, Bernard and Bailey",5998
2021-07-14,Decision São Paulo,Nelson-Page,5997
2021-07-14,Decision São Paulo,Nelson-Page,5996
2021-07-14,Decision Campinas,Miller-Curry,5995
2021-07-13,Decision São Paulo,Barnes-Woods,5994
2021-07-13,Decision São Paulo,Morrison Ltd,5993
2021-07-13,Decision São Paulo,Morrison Ltd,5992
2021-07-13,Decision São Paulo,Morrison Ltd,5991
2021-07-13,Decision São Paulo,Morrison Ltd,5990
2021-07-13,Decision São Paulo,Walters Group,5989
2021-07-13,Decision São Paulo,Barnes-Woods,5987
2021-07-13,Decision São Paulo,Barnes-Woods,5986
2021-07-13,Decision São Paulo,Barnes-Woods,5985
2021-07-13,Decision São Paulo,Barnes-Woods,5984
2021-07-13,Decision São Paulo,Barnes-Woods,5983
2021-07-13,Decision São Paulo,Barnes-Woods,5982
2021-07-13,Decision São Paulo,Barnes-Woods,5981
2021-07-13,Decision São Paulo,Barnes-Woods,5980
2021-07-13,Decision São Paulo,Barnes-Woods,5979
2021-07-13,Decision São Paulo,"Morris, Moran and Dodson",5978
2021-07-13,Decision Campinas,Miller-Curry,5977
2021-07-13,Decision Campinas,Miller-Curry,5976
2021-07-13,Decision Campinas,Miller-Curry,5975
2021-07-13,Decision São Paulo,"Morris, Moran and Dodson",5974
2021-07-13,Decision São Paulo,Luna-Carpenter,5973
2021-07-12,Decision São Paulo,Callahan-Hall,5972
2021-07-12,Decision Campinas,Miller-Curry,5971
2021-07-12,Decision São Paulo,Mckenzie-Francis,5970
2021-07-12,Decision São Paulo,Nelson-Page,5969
2021-07-12,Decision São Paulo,"Morris, Moran and Dodson",5968
2021-07-12,Decision São Paulo,"Morris, Moran and Dodson",5967
2021-07-12,Decision São Paulo,"Wade, Bernard and Bailey",5966
2021-07-12,Decision São Paulo,Nelson-Page,5965
2021-07-12,Decision Campinas,Miller-Curry,5964
2021-07-12,Decision Campinas,Miller-Curry,5963
2021-07-08,Decision São Paulo,Morrison Ltd,5960
2021-07-08,Decision São Paulo,Barnes-Woods,5959
2021-07-08,Decision São Paulo,"Miller, Tran and Chang",5958
2021-07-08,Decision São Paulo,"Miller, Tran and Chang",5957
2021-07-08,Decision São Paulo,"Miller, Tran and Chang",5956
2021-07-08,Decision São Paulo,"Miller, Tran and Chang",5955
2021-07-08,Decision São Paulo,"Wade, Bernard and Bailey",5954
2021-07-08,Decision São Paulo,"Wade, Bernard and Bailey",5953
2021-07-08,Decision São Paulo,Barnes-Woods,5952
2021-07-08,Decision São Paulo,Callahan-Hall,5950
2021-07-08,Decision Campinas,Miller-Curry,5949
2021-07-07,Decision São Paulo,Callahan-Hall,5946
2021-07-07,Decision Campinas,Miller-Curry,5945
2021-07-07,Decision Campinas,Miller-Curry,5944
2021-07-07,Decision Campinas,Miller-Curry,5943
2021-07-07,Decision São Paulo,"Wade, Bernard and Bailey",5942
2021-07-07,Decision São Paulo,"Morris, Moran and Dodson",5940
2021-07-07,Decision São Paulo,"Morris, Moran and Dodson",5939
2021-07-07,Decision São Paulo,"Morris, Moran and Dodson",5938
2021-07-07,Decision São Paulo,Johnson-Aguirre,5937
2021-07-07,Decision São Paulo,Morrison Ltd,5936
2021-07-07,Decision São Paulo,Morrison Ltd,5935
2021-07-07,Decision Campinas,Miller-Curry,5934
2021-07-07,Decision Campinas,Miller-Curry,5933
2021-07-07,Decision Campinas,Miller-Curry,5932
2021-07-07,Decision São Paulo,"Morris, Moran and Dodson",5931
2021-07-07,Decision Campinas,Miller-Curry,5930
2021-07-07,Decision Campinas,Miller-Curry,5929
2021-07-06,Decision São Paulo,Morrison Ltd,5928
2021-07-06,Decision São Paulo,Morrison Ltd,5927
2021-07-06,Decision São Paulo,Barnes-Woods,5926
2021-07-06,Decision São Paulo,Callahan-Hall,5925
2021-07-06,Decision São Paulo,Barnes-Woods,5924
2021-07-06,Decision Campinas,Miller-Curry,5923
2021-07-06,Decision Campinas,Miller-Curry,5922
2021-07-06,Decision Campinas,Miller-Curry,5921
2021-07-06,Decision Campinas,Miller-Curry,5920
2021-07-06,Decision Campinas,Miller-Curry,5919
2021-07-06,Decision São Paulo,Barnes-Woods,5918
2021-07-05,Decision São Paulo,Barnes-Woods,5917
2021-07-05,Decision São Paulo,"Morris, Moran and Dodson",5916
2021-07-05,Decision São Paulo,"Morris, Moran and Dodson",5915
2021-07-05,Decision São Paulo,Nelson-Page,5914
2021-07-05,Decision São Paulo,Nelson-Page,5913
2021-07-02,Decision São Paulo,Barnes-Woods,5912
2021-07-02,Decision São Paulo,Barnes-Woods,5911
2021-07-02,Decision São Paulo,Nelson-Page,5910
2021-07-02,Decision São Paulo,Callahan-Hall,5909
2021-07-02,Decision São Paulo,Nelson-Page,5908
2021-07-01,Decision São Paulo,"Morris, Moran and Dodson",5907
2021-07-01,Decision São Paulo,"Miller, Tran and Chang",5906
2021-07-01,Decision São Paulo,"Miller, Tran and Chang",5905
2021-07-01,Decision São Paulo,"Miller, Tran and Chang",5904
2021-07-01,Decision São Paulo,Porter-Wilson,5903
2021-07-01,Decision São Paulo,Barnes-Woods,5902
2021-07-01,Decision São Paulo,Nelson-Page,5901
2021-07-01,Decision São Paulo,Nelson-Page,5900
2021-07-01,Decision São Paulo,Nelson-Page,5899
2021-07-01,Decision São Paulo,Nelson-Page,5898
2021-07-01,Decision São Paulo,Nelson-Page,5897
2021-07-01,Decision São Paulo,Nelson-Page,5896
2021-07-01,Decision São Paulo,Nelson-Page,5895
2021-07-01,Decision São Paulo,Nelson-Page,5894
2021-07-01,Decision São Paulo,Nelson-Page,5893
2021-06-30,Decision São Paulo,Dougherty-Gilbert,5892
2021-06-30,Decision São Paulo,Dougherty-Gilbert,5891
2021-06-30,Decision São Paulo,Dougherty-Gilbert,5890
2021-06-30,Decision São Paulo,Dougherty-Gilbert,5889
2021-06-30,Decision São Paulo,Dougherty-Gilbert,5888
2021-06-30,Decision São Paulo,"Morris, Moran and Dodson",5887
2021-06-30,Decision São Paulo,Morrison Ltd,5886
2021-06-30,Decision São Paulo,Morrison Ltd,5885
2021-06-30,Decision São Paulo,Morrison Ltd,5883
2021-06-29,Decision São Paulo,Barnes-Woods,5882
2021-06-29,Decision São Paulo,Morrison Ltd,5881
2021-06-29,Decision São Paulo,Morrison Ltd,5880
2021-06-29,Decision São Paulo,Morrison Ltd,5879
2021-06-29,Decision São Paulo,Morrison Ltd,5878
2021-06-29,Decision São Paulo,Morrison Ltd,5877
2021-06-29,Decision São Paulo,Morrison Ltd,5876
2021-06-29,Decision São Paulo,Morrison Ltd,5875
2021-06-29,Decision São Paulo,Morrison Ltd,5874
2021-06-29,Decision São Paulo,Morrison Ltd,5873
2021-06-29,Decision São Paulo,Morrison Ltd,5872
2021-06-29,Decision São Paulo,Barnes-Woods,5871
2021-06-29,Decision São Paulo,Porter-Wilson,5870
2021-06-29,Decision São Paulo,Porter-Wilson,5869
2021-06-28,Decision São Paulo,Johnson-Aguirre,5868
2021-06-28,Decision São Paulo,Morrison Ltd,5867
2021-06-28,Decision São Paulo,Nelson-Page,5866
2021-06-28,Decision São Paulo,"Morris, Moran and Dodson",5865
2021-06-28,Decision São Paulo,Nelson-Page,5864
2021-06-28,Decision São Paulo,"Wade, Bernard and Bailey",5863
2021-06-28,Decision São Paulo,Nelson-Page,5862
2021-06-28,Decision São Paulo,Nelson-Page,5861
2021-06-28,Decision São Paulo,Nelson-Page,5860
2021-06-28,Decision São Paulo,Nelson-Page,5859
2021-06-28,Decision São Paulo,Porter-Wilson,5858
2021-06-28,Decision São Paulo,Nelson-Page,5857
2021-06-28,Decision São Paulo,Nelson-Page,5855
2021-06-28,Decision São Paulo,Nelson-Page,5854
2021-06-28,Decision São Paulo,"Morris, Moran and Dodson",5853
2021-06-28,Decision São Paulo,Bennett Group,5852
2021-06-25,Decision Campinas,Miller-Curry,5851
2021-06-25,Decision Campinas,Miller-Curry,5850
2021-06-25,Decision São Paulo,"Morris, Moran and Dodson",5849
2021-06-25,Decision São Paulo,"Morris, Moran and Dodson",5848
2021-06-25,Decision São Paulo,Barnes-Woods,5847
2021-06-25,Decision São Paulo,"Morris, Moran and Dodson",5846
2021-06-25,Decision São Paulo,"Morris, Moran and Dodson",5845
2021-06-25,Decision São Paulo,Nelson-Page,5844
2021-06-25,Decision São Paulo,Nelson-Page,5843
2021-06-25,Decision São Paulo,Nelson-Page,5842
2021-06-25,Decision São Paulo,Nelson-Page,5841
2021-06-25,Decision São Paulo,Nelson-Page,5840
2021-06-25,Decision Campinas,Miller-Curry,5839
2021-06-25,Decision Campinas,Miller-Curry,5838
2021-06-24,Decision São Paulo,Morrison Ltd,5837
2021-06-24,Decision São Paulo,Morrison Ltd,5836
2021-06-24,Decision São Paulo,Morrison Ltd,5835
2021-06-24,Decision São Paulo,Morrison Ltd,5834
2021-06-24,Decision Campinas,Miller-Curry,5833
2021-06-24,Decision Campinas,Miller-Curry,5832
2021-06-24,Decision Campinas,Miller-Curry,5831
2021-06-24,Decision São Paulo,Nelson-Page,5830
2021-06-24,Decision São Paulo,Nelson-Page,5829
2021-06-24,Decision São Paulo,Nelson-Page,5828
2021-06-24,Decision São Paulo,"Wade, Bernard and Bailey",5827
2021-06-24,Decision São Paulo,Morrison Ltd,5826
2021-06-24,Decision São Paulo,Nelson-Page,5825
2021-06-24,Decision Campinas,Miller-Curry,5824
2021-06-24,Decision São Paulo,"Wade, Bernard and Bailey",5823
2021-06-23,Decision São Paulo,"Morris, Moran and Dodson",5822
2021-06-23,Decision São Paulo,Morrison Ltd,5821
2021-06-23,Decision São Paulo,Morrison Ltd,5820
2021-05-31,Decision São Paulo,Morrison Ltd,5539
2021-05-31,Decision São Paulo,Morrison Ltd,5538
2021-05-31,Decision São Paulo,Morrison Ltd,5537
2021-05-31,Decision Campinas,Miller-Curry,5536
2021-05-30,Decision São Paulo,Barnes-Woods,5535
2021-05-28,Decision São Paulo,"Williams, Reynolds and Orr",5534
2021-05-28,Decision São Paulo,"Morris, Moran and Dodson",5530
2021-05-28,Decision Campinas,"Morris, Moran and Dodson",5529
2021-05-28,Decision São Paulo,"Morris, Moran and Dodson",5528
2021-05-28,Decision São Paulo,"Morris, Moran and Dodson",5527
2021-05-28,Decision São Paulo,Nelson-Page,5526
2021-05-28,Decision São Paulo,Griffith-Webb,5525
2021-05-28,Decision São Paulo,Griffith-Webb,5524
2021-05-28,Decision São Paulo,Griffith-Webb,5523
2021-05-28,Decision São Paulo,Griffith-Webb,5522
2021-05-28,Decision São Paulo,Griffith-Webb,5521
2021-05-28,Decision São Paulo,Griffith-Webb,5520
2021-05-28,Decision São Paulo,"Morris, Moran and Dodson",5519
2021-05-28,Decision São Paulo,Nelson-Page,5518
2021-05-28,Decision São Paulo,"Morris, Moran and Dodson",5517
2021-05-28,Decision São Paulo,"Morris, Moran and Dodson",5516
2021-05-28,Decision São Paulo,"Morris, Moran and Dodson",5515
2021-05-28,Decision São Paulo,Nelson-Page,5514
2021-05-28,Decision São Paulo,Nelson-Page,5513
2021-05-28,Decision São Paulo,Nelson-Page,5512
2021-05-28,Decision Campinas,Miller-Curry,5511
2021-05-28,Decision Campinas,Miller-Curry,5510
2021-05-28,Decision São Paulo,Nelson-Page,5509
2021-05-28,Decision São Paulo,Nelson-Page,5508
2021-05-28,Decision São Paulo,Nelson-Page,5507
2021-05-28,Decision São Paulo,Nelson-Page,5506
2021-05-28,Decision São Paulo,Nelson-Page,5505
2021-05-28,Decision São Paulo,Nelson-Page,5504
2021-05-28,Decision São Paulo,"Williams, Reynolds and Orr",5503
2021-05-28,Decision São Paulo,"Williams, Reynolds and Orr",5502
2021-05-28,Decision São Paulo,"Williams, Reynolds and Orr",5501
2021-05-28,Decision São Paulo,"Williams, Reynolds and Orr",5500
2021-05-27,Decision São Paulo,Barnes-Woods,5499
2021-05-27,Decision São Paulo,Nelson-Page,5498
2021-05-27,Decision São Paulo,Nelson-Page,5497
2021-05-27,Decision São Paulo,Nelson-Page,5496
2021-05-27,Decision São Paulo,Nelson-Page,5495
2021-05-27,Decision São Paulo,Nelson-Page,5494
2021-05-27,Decision São Paulo,Nelson-Page,5493
2021-05-27,Decision São Paulo,"Williams, Reynolds and Orr",5492
2021-05-27,Decision São Paulo,Barnes-Woods,5491
2021-05-27,Decision São Paulo,Barnes-Woods,5490
2021-05-27,Decision São Paulo,"Morris, Moran and Dodson",5489
2021-05-27,Decision São Paulo,Barnes-Woods,5488
2021-05-27,Decision São Paulo,Barnes-Woods,5487
2021-05-27,Decision São Paulo,Barnes-Woods,5486
2021-05-27,Decision São Paulo,Nelson-Page,5485
2021-05-27,Decision São Paulo,Barnes-Woods,5484
2021-05-27,Decision São Paulo,Barnes-Woods,5483
2021-05-26,Decision São Paulo,Barnes-Woods,5482
2021-05-26,Decision São Paulo,Morrison Ltd,5481
2021-05-26,Decision São Paulo,Nelson-Page,5480
2021-05-26,Decision São Paulo,Nelson-Page,5479
2021-05-26,Decision São Paulo,Nelson-Page,5478
2021-05-26,Decision São Paulo,Nelson-Page,5477
2021-05-26,Decision São Paulo,Callahan-Hall,5476
2021-05-26,Decision São Paulo,Nelson-Page,5475
2021-05-26,Decision São Paulo,Nelson-Page,5474
2021-05-26,Decision São Paulo,Callahan-Hall,5473
2021-05-25,Decision São Paulo,Nelson-Page,5472
2021-05-25,Decision São Paulo,Nelson-Page,5471
2021-05-25,Decision São Paulo,Nelson-Page,5470
2021-05-25,Decision São Paulo,Nelson-Page,5469
2021-05-25,Decision Campinas,Miller-Curry,5468
2021-05-25,Decision São Paulo,Morrison Ltd,5467
2021-05-25,Decision São Paulo,"Morris, Moran and Dodson",5466
2021-05-25,Decision São Paulo,"Morris, Moran and Dodson",5465
2021-05-25,Decision São Paulo,Nelson-Page,5464
2021-05-25,Decision São Paulo,Nelson-Page,5463
2021-05-25,Decision São Paulo,Nelson-Page,5462
2021-05-25,Decision São Paulo,Porter-Wilson,5461
2021-05-25,Decision São Paulo,Morrison Ltd,5460
2021-05-25,Decision São Paulo,Jimenez PLC,5459
2021-05-24,Decision Campinas,Miller-Curry,5458
2021-05-24,Decision Campinas,Miller-Curry,5457
2021-05-24,Decision São Paulo,Nelson-Page,5456
2021-05-24,Decision São Paulo,"Morris, Moran and Dodson",5455
2021-05-24,Decision São Paulo,"Morris, Moran and Dodson",5454
2021-05-24,Decision São Paulo,Nelson-Page,5453
2021-05-24,Decision São Paulo,Nelson-Page,5452
2021-05-24,Decision São Paulo,Mann and Sons,5451
2021-05-24,Decision São Paulo,Mann and Sons,5450
2021-05-24,Decision São Paulo,Mann and Sons,5449
2021-05-24,Decision São Paulo,Mann and Sons,5448
2021-05-24,Decision São Paulo,Johnson-Aguirre,5447
2021-05-24,Decision São Paulo,Mann and Sons,5446
2021-05-24,Decision São Paulo,Mann and Sons,5445
2021-05-24,Decision São Paulo,Mann and Sons,5444
2021-05-24,Decision São Paulo,Mann and Sons,5443
2021-05-21,Decision São Paulo,Mann and Sons,5442
2021-05-21,Decision São Paulo,"Morris, Moran and Dodson",5441
2021-05-21,Decision São Paulo,Mann and Sons,5440
2021-05-21,Decision São Paulo,"Morris, Moran and Dodson",5439
2021-05-21,Decision São Paulo,"Morris, Moran and Dodson",5438
2021-05-21,Decision São Paulo,"Morris, Moran and Dodson",5437
2021-05-21,Decision São Paulo,Callahan-Hall,5436
2021-05-21,Decision São Paulo,Callahan-Hall,5435
2021-05-21,Decision São Paulo,Luna-Carpenter,5434
2021-05-21,Decision São Paulo,Callahan-Hall,5433
2021-05-21,Decision São Paulo,Callahan-Hall,5432
2021-05-21,Decision São Paulo,Nelson-Page,5431
2021-05-21,Decision São Paulo,Nelson-Page,5430
2021-05-21,Decision São Paulo,Nelson-Page,5429
2021-05-20,Decision São Paulo,King-Russell,5428
2021-05-20,Decision São Paulo,Morrison Ltd,5427
2021-05-20,Decision São Paulo,Morrison Ltd,5426
2021-05-20,Decision São Paulo,Morrison Ltd,5425
2021-05-20,Decision São Paulo,Morrison Ltd,5424
2021-05-20,Decision São Paulo,Morrison Ltd,5423
2021-05-20,Decision Campinas,Miller-Curry,5422
2021-05-20,Decision São Paulo,Morrison Ltd,5421
2021-05-20,Decision Campinas,Miller-Curry,5420
2021-05-20,Decision Campinas,Miller-Curry,5419
2021-05-20,Decision Campinas,Miller-Curry,5418
2021-05-20,Decision São Paulo,Nelson-Page,5417
2021-05-20,Decision São Paulo,Nelson-Page,5416
2021-05-20,Decision São Paulo,Nelson-Page,5415
2021-05-20,Decision São Paulo,Nelson-Page,5414
2021-05-20,Decision São Paulo,"Wade, Bernard and Bailey",5413
2021-05-19,Decision São Paulo,Morrison Ltd,5412
2021-05-19,Decision São Paulo,Johnson-Aguirre,5411
2021-05-19,Decision São Paulo,Johnson-Aguirre,5409
2021-05-19,Decision São Paulo,Barnes-Woods,5408
2021-05-19,Decision São Paulo,Nelson-Page,5407
2021-05-19,Decision São Paulo,Nelson-Page,5406
2021-05-19,Decision São Paulo,Nelson-Page,5405
2021-05-19,Decision São Paulo,Morrison Ltd,5404
2021-05-19,Decision São Paulo,Morrison Ltd,5403
2021-05-18,Decision São Paulo,Morrison Ltd,5402
2021-05-18,Decision São Paulo,Nelson-Page,5401
2021-05-18,Decision São Paulo,"Wade, Bernard and Bailey",5400
2021-05-18,Decision São Paulo,"Wade, Bernard and Bailey",5399
2021-05-18,Decision São Paulo,Nelson-Page,5398
2021-05-18,Decision São Paulo,Nelson-Page,5397
2021-05-18,Decision São Paulo,Nelson-Page,5396
2021-05-18,Decision Campinas,Miller-Curry,5395
2021-05-18,Decision São Paulo,Nelson-Page,5394
2021-05-18,Decision São Paulo,Nelson-Page,5393
2021-05-18,Decision São Paulo,Nelson-Page,5392
2021-05-18,Decision São Paulo,Nelson-Page,5391
2021-05-18,Decision São Paulo,Nelson-Page,5390
2021-05-17,Decision São Paulo,"Morris, Moran and Dodson",5389
2021-05-17,Decision Campinas,Miller-Curry,5388
2021-05-17,Decision São Paulo,King-Russell,5387
2021-05-17,Decision São Paulo,"Morris, Moran and Dodson",5386
2021-05-17,Decision São Paulo,"Morris, Moran and Dodson",5385
2021-05-17,Decision São Paulo,"Morris, Moran and Dodson",5384
2021-05-17,Decision São Paulo,"Morris, Moran and Dodson",5383
2021-05-17,Decision São Paulo,"Morris, Moran and Dodson",5382
2021-05-17,Decision São Paulo,"Morris, Moran and Dodson",5381
2021-05-17,Decision São Paulo,Nelson-Page,5380
2021-05-17,Decision São Paulo,Nelson-Page,5379
2021-05-17,Decision São Paulo,Nelson-Page,5378
2021-05-17,Decision São Paulo,Morrison Ltd,5377
2021-05-17,Decision São Paulo,Nelson-Page,5376
2021-05-17,Decision São Paulo,Nelson-Page,5375
2021-05-17,Decision São Paulo,Nelson-Page,5374
2021-05-17,Decision São Paulo,Nelson-Page,5373
2021-05-17,Decision São Paulo,Nelson-Page,5372
2021-05-17,Decision São Paulo,Nelson-Page,5371
2021-05-17,Decision São Paulo,Morrison Ltd,5370
2021-05-17,Decision Campinas,Miller-Curry,5369
2021-05-17,Decision São Paulo,Porter-Wilson,5368
2021-05-14,Decision São Paulo,"Morris, Moran and Dodson",5367
2021-05-14,Decision São Paulo,"Morris, Moran and Dodson",5366
2021-05-14,Decision São Paulo,Nelson-Page,5365
2021-05-14,Decision São Paulo,Nelson-Page,5364
2021-05-14,Decision São Paulo,Nelson-Page,5363
2021-05-14,Decision São Paulo,Nelson-Page,5362
2021-05-14,Decision São Paulo,Porter-Wilson,5361
2021-05-14,Decision São Paulo,Barnes-Woods,5360
2021-05-14,Decision São Paulo,Barnes-Woods,5359
2021-05-14,Decision São Paulo,Barnes-Woods,5358
2021-05-14,Decision São Paulo,Barnes-Woods,5357
2021-05-14,Decision São Paulo,Nelson-Page,5356
2021-05-14,Decision São Paulo,Barnes-Woods,5355
2021-05-14,Decision São Paulo,Nelson-Page,5354
2021-05-14,Decision São Paulo,Nelson-Page,5353
2021-05-14,Decision São Paulo,Nelson-Page,5352
2021-05-14,Decision São Paulo,Nelson-Page,5351
2021-05-14,Decision São Paulo,Nelson-Page,5350
2021-05-14,Decision São Paulo,Nelson-Page,5349
2021-05-14,Decision São Paulo,Barnes-Woods,5348
2021-05-14,Decision São Paulo,Barnes-Woods,5347
2021-05-14,Decision São Paulo,Nelson-Page,5346
2021-05-14,Decision São Paulo,Barnes-Woods,5345
2021-05-14,Decision São Paulo,Barnes-Woods,5344
2021-05-14,Decision São Paulo,Morrison Ltd,5343
2021-05-13,Decision São Paulo,Barnes-Woods,5342
2021-05-13,Decision São Paulo,Nelson-Page,5341
2021-05-13,Decision São Paulo,Nelson-Page,5340
2021-05-13,Decision São Paulo,Nelson-Page,5339
2021-05-13,Decision São Paulo,Nelson-Page,5338
2021-05-13,Decision São Paulo,Nelson-Page,5337
2021-05-13,Decision São Paulo,Nelson-Page,5336
2021-05-13,Decision São Paulo,Nelson-Page,5335
2021-05-13,Decision São Paulo,Nelson-Page,5334
2021-05-13,Decision São Paulo,Nelson-Page,5333
2021-05-13,Decision São Paulo,Nelson-Page,5332
2021-05-13,Decision São Paulo,Nelson-Page,5331
2021-05-13,Decision São Paulo,Nelson-Page,5330
2021-05-13,Decision São Paulo,Nelson-Page,5329
2021-05-13,Decision São Paulo,Nelson-Page,5328
2021-05-13,Decision São Paulo,Nelson-Page,5327
2021-05-13,Decision São Paulo,Nelson-Page,5326
2021-05-13,Decision São Paulo,Nelson-Page,5325
2021-05-13,Decision São Paulo,Nelson-Page,5324
2021-05-13,Decision São Paulo,"Wade, Bernard and Bailey",5323
2021-05-13,Decision São Paulo,Nelson-Page,5322
2021-05-12,Decision São Paulo,Barnes-Woods,5321
2021-05-12,Decision São Paulo,Barnes-Woods,5320
2021-05-12,Decision São Paulo,Barnes-Woods,5319
2021-05-12,Decision São Paulo,Barnes-Woods,5318
2021-05-12,Decision São Paulo,Barnes-Woods,5317
2021-05-12,Decision São Paulo,Barnes-Woods,5316
2021-05-12,Decision São Paulo,Barnes-Woods,5315
2021-05-12,Decision São Paulo,Barnes-Woods,5314
2021-05-12,Decision São Paulo,Barnes-Woods,5313
2021-05-12,Decision São Paulo,Barnes-Woods,5312
2021-05-12,Decision São Paulo,"Morris, Moran and Dodson",5311
2021-05-12,Decision São Paulo,Barnes-Woods,5310
2021-05-12,Decision São Paulo,Barnes-Woods,5309
2021-05-12,Decision São Paulo,Barnes-Woods,5308
2021-05-12,Decision São Paulo,Barnes-Woods,5307
2021-05-12,Decision São Paulo,Barnes-Woods,5306
2021-05-12,Decision São Paulo,Barnes-Woods,5305
2021-05-12,Decision São Paulo,Barnes-Woods,5304
2021-05-12,Decision Campinas,Miller-Curry,5303
2021-05-12,Decision São Paulo,Barnes-Woods,5302
2021-05-12,Decision São Paulo,Barnes-Woods,5301
2021-05-12,Decision São Paulo,Barnes-Woods,5300
2021-05-12,Decision São Paulo,Barnes-Woods,5299
2021-05-12,Decision São Paulo,Barnes-Woods,5298
2021-05-12,Decision São Paulo,"Morris, Moran and Dodson",5297
2021-05-12,Decision São Paulo,Callahan-Hall,5296
2021-05-12,Decision São Paulo,Nelson-Page,5295
2021-05-12,Decision São Paulo,Nelson-Page,5294
2021-05-12,Decision São Paulo,Nelson-Page,5293
2021-05-12,Decision São Paulo,Nelson-Page,5292
2021-05-12,Decision São Paulo,Nelson-Page,5291
2021-05-11,Decision São Paulo,Nelson-Page,5290
2021-05-11,Decision São Paulo,Nelson-Page,5289
2021-05-11,Decision São Paulo,Nelson-Page,5288
2021-05-11,Decision São Paulo,Nelson-Page,5287
2021-05-11,Decision São Paulo,Callahan-Hall,5286
2021-05-11,Decision São Paulo,Callahan-Hall,5285
2021-05-11,Decision São Paulo,"Morris, Moran and Dodson",5284
2021-05-11,Decision São Paulo,"Morris, Moran and Dodson",5283
2021-05-11,Decision São Paulo,"Morris, Moran and Dodson",5282
2021-05-11,Decision São Paulo,"Morris, Moran and Dodson",5281
2021-05-11,Decision São Paulo,Porter-Wilson,5280
2021-05-11,Decision São Paulo,Johnson-Aguirre,5279
2021-05-11,Decision São Paulo,Nelson-Page,5277
2021-05-11,Decision São Paulo,Nelson-Page,5276
2021-05-10,Decision São Paulo,"Morris, Moran and Dodson",5275
2021-05-10,Decision São Paulo,"Morris, Moran and Dodson",5274
2021-05-10,Decision São Paulo,"Morris, Moran and Dodson",5273
2021-05-10,Decision São Paulo,"Morris, Moran and Dodson",5272
2021-05-10,Decision São Paulo,"Morris, Moran and Dodson",5271
2021-05-10,Decision São Paulo,Morrison Ltd,5270
2021-05-10,Decision São Paulo,Nelson-Page,5269
2021-05-10,Decision São Paulo,Nelson-Page,5268
2021-05-10,Decision São Paulo,Nelson-Page,5267
2021-05-10,Decision São Paulo,Nelson-Page,5266
2021-05-10,Decision São Paulo,Nelson-Page,5265
2021-05-10,Decision São Paulo,Nelson-Page,5264
2021-05-10,Decision São Paulo,Nelson-Page,5263
2021-05-10,Decision São Paulo,Nelson-Page,5262
2021-05-10,Decision São Paulo,Nelson-Page,5261
2021-05-10,Decision São Paulo,Nelson-Page,5260
2021-05-10,Decision São Paulo,Nelson-Page,5259
2021-05-10,Decision São Paulo,Craig-Webb,5258
2021-05-10,Decision São Paulo,Nelson-Page,5257
2021-05-10,Decision São Paulo,Nelson-Page,5256
2021-05-07,Decision São Paulo,Morrison Ltd,5255
2021-05-07,Decision São Paulo,Morrison Ltd,5254
2021-05-07,Decision São Paulo,"Morris, Moran and Dodson",5253
2021-05-07,Decision São Paulo,"Wade, Bernard and Bailey",5252
2021-05-07,Decision São Paulo,Nelson-Page,5251
2021-05-07,Decision São Paulo,Dougherty-Gilbert,5250
2021-05-07,Decision São Paulo,"Wade, Bernard and Bailey",5249
2021-05-07,Decision São Paulo,"Wade, Bernard and Bailey",5248
2021-05-07,Decision São Paulo,"Wade, Bernard and Bailey",5247
2021-05-07,Decision São Paulo,Nelson-Page,5246
2021-05-07,Decision São Paulo,"Wade, Bernard and Bailey",5245
2021-05-07,Decision São Paulo,"Wade, Bernard and Bailey",5244
2021-05-07,Decision São Paulo,Nelson-Page,5243
2021-05-07,Decision São Paulo,Nelson-Page,5242
2021-05-07,Decision São Paulo,Nelson-Page,5241
2021-05-07,Decision São Paulo,Nelson-Page,5240
2021-05-07,Decision São Paulo,Nelson-Page,5239
2021-05-06,Decision São Paulo,Morrison Ltd,5238
2021-05-06,Decision São Paulo,Nelson-Page,5237
2021-05-06,Decision São Paulo,Nelson-Page,5236
2021-05-06,Decision São Paulo,Nelson-Page,5235
2021-05-06,Decision São Paulo,Nelson-Page,5234
2021-05-06,Decision São Paulo,Nelson-Page,5233
2021-05-06,Decision São Paulo,Nelson-Page,5232
2021-05-06,Decision São Paulo,Nelson-Page,5231
2021-05-06,Decision São Paulo,Nelson-Page,5230
2021-05-06,Decision São Paulo,Nelson-Page,5229
2021-05-06,Decision São Paulo,Barnes-Woods,5228
2021-05-06,Decision São Paulo,Nelson-Page,5227
2021-05-06,Decision São Paulo,Nelson-Page,5226
2021-05-06,Decision São Paulo,Nelson-Page,5225
2021-05-06,Decision São Paulo,Nelson-Page,5224
2021-05-06,Decision São Paulo,Nelson-Page,5223
2021-05-06,Decision São Paulo,Nelson-Page,5222
2021-05-06,Decision São Paulo,Nelson-Page,5221
2021-05-06,Decision São Paulo,Nelson-Page,5220
2021-05-06,Decision São Paulo,Nelson-Page,5219
2021-05-06,Decision São Paulo,Nelson-Page,5218
2021-05-06,Decision São Paulo,Nelson-Page,5217
2021-05-06,Decision São Paulo,Nelson-Page,5216
2021-05-06,Decision São Paulo,"Morris, Moran and Dodson",5215
2021-05-06,Decision São Paulo,Nelson-Page,5214
2021-05-06,Decision São Paulo,Nelson-Page,5213
2021-05-06,Decision São Paulo,Nelson-Page,5212
2021-05-06,Decision São Paulo,Nelson-Page,5211
2021-05-06,Decision São Paulo,Nelson-Page,5210
2021-05-06,Decision São Paulo,Nelson-Page,5209
2021-05-06,Decision São Paulo,Nelson-Page,5208
2021-05-06,Decision São Paulo,Nelson-Page,5207
2021-05-06,Decision São Paulo,Nelson-Page,5206
2021-05-06,Decision São Paulo,Nelson-Page,5205
2021-05-06,Decision São Paulo,Nelson-Page,5204
2021-05-05,Decision São Paulo,Barnes-Woods,5203
2021-05-05,Decision São Paulo,Barnes-Woods,5202
2021-05-05,Decision São Paulo,Barnes-Woods,5201
2021-05-05,Decision São Paulo,Nelson-Page,5200
2021-05-05,Decision São Paulo,Nelson-Page,5199
2021-05-05,Decision São Paulo,Nelson-Page,5198
2021-05-05,Decision São Paulo,Nelson-Page,5197
2021-05-05,Decision São Paulo,Nelson-Page,5196
2021-05-05,Decision São Paulo,Nelson-Page,5195
2021-05-05,Decision São Paulo,Nelson-Page,5194
2021-05-04,Decision São Paulo,Barnes-Woods,5193
2021-05-04,Decision São Paulo,Barnes-Woods,5192
2021-05-04,Decision São Paulo,"Morris, Moran and Dodson",5191
2021-05-04,Decision São Paulo,"Morris, Moran and Dodson",5190
2021-05-04,Decision São Paulo,Nelson-Page,5189
2021-05-04,Decision São Paulo,Nelson-Page,5188
2021-05-04,Decision São Paulo,Barnes-Woods,5187
2021-05-04,Decision São Paulo,"Morris, Moran and Dodson",5186
2020-11-16,Decision Campinas,Miller-Curry,3554
2020-11-16,Decision Campinas,Miller-Curry,3553
2020-11-12,Decision São Paulo,"Morris, Moran and Dodson",3552
2020-11-12,Decision São Paulo,"Morris, Moran and Dodson",3551
2020-11-12,Decision São Paulo,"Morris, Moran and Dodson",3550
2020-11-11,Decision São Paulo,"Morris, Moran and Dodson",3549
2020-11-12,Decision São Paulo,Morrison Ltd,3548
2020-11-12,Decision São Paulo,Morrison Ltd,3547
2020-11-12,Decision São Paulo,Morrison Ltd,3546
2020-11-12,Decision São Paulo,"Morris, Moran and Dodson",3545
2020-11-12,Decision São Paulo,"Morris, Moran and Dodson",3544
2020-11-11,Decision Campinas,Miller-Curry,3543
2020-11-12,Decision São Paulo,Barnes-Woods,3542
2020-11-11,Decision São Paulo,"Morris, Moran and Dodson",3541
2020-11-11,Decision São Paulo,"Miller, Tran and Chang",3540
2020-11-11,Decision São Paulo,"Miller, Tran and Chang",3539
2020-11-10,Decision São Paulo,Morrison Ltd,3538
2020-11-10,Decision São Paulo,Morrison Ltd,3537
2020-11-10,Decision São Paulo,Griffith-Webb,3536
2020-11-10,Decision São Paulo,Morrison Ltd,3535
2020-11-10,Decision São Paulo,"Morris, Moran and Dodson",3534
2020-11-10,Decision São Paulo,"Morris, Moran and Dodson",3533
2020-11-10,Decision São Paulo,Morrison Ltd,3532
2020-11-10,Decision São Paulo,Nelson-Page,3531
2020-11-10,Decision São Paulo,"Wade, Bernard and Bailey",3530
2020-11-10,Decision São Paulo,Barnes-Woods,3529
2020-11-10,Decision São Paulo,"Wade, Bernard and Bailey",3528
2020-11-10,Decision São Paulo,"Wade, Bernard and Bailey",3527
2020-11-10,Decision São Paulo,"Wade, Bernard and Bailey",3526
2020-11-10,Decision São Paulo,"Wade, Bernard and Bailey",3525
2020-11-10,Decision São Paulo,Barnes-Woods,3524
2020-11-10,Decision São Paulo,Nelson-Page,3523
2020-11-10,Decision São Paulo,Callahan-Hall,3522
2020-11-10,Decision Campinas,Miller-Curry,3521
2020-11-10,Decision São Paulo,Barnes-Woods,3520
2020-11-09,Decision São Paulo,"Morris, Moran and Dodson",3519
2020-11-09,Decision São Paulo,Nelson-Page,3518
2020-11-09,Decision Campinas,Miller-Curry,3517
2020-11-06,Decision São Paulo,Callahan-Hall,3514
2020-11-06,Decision São Paulo,Nelson-Page,3513
2020-11-06,Decision São Paulo,Nelson-Page,3512
2020-11-06,Decision São Paulo,Nelson-Page,3511
2020-11-06,Decision São Paulo,"Wade, Bernard and Bailey",3510
2020-11-06,Decision São Paulo,Nelson-Page,3509
2020-11-06,Decision São Paulo,Nelson-Page,3508
2020-11-06,Decision São Paulo,Nelson-Page,3507
2020-11-06,Decision São Paulo,Nelson-Page,3506
2020-11-06,Decision São Paulo,Nelson-Page,3505
2020-11-06,Decision São Paulo,Nelson-Page,3504
2020-11-06,Decision São Paulo,Nelson-Page,3503
2020-11-05,Decision São Paulo,"Wade, Bernard and Bailey",3502
2020-11-05,Decision São Paulo,Nelson-Page,3501
2020-11-05,Decision São Paulo,Morrison Ltd,3500
2020-11-05,Decision São Paulo,Morrison Ltd,3499
2020-11-05,Decision São Paulo,Morrison Ltd,3498
2020-11-05,Decision São Paulo,Morrison Ltd,3497
2020-11-05,Decision São Paulo,Morrison Ltd,3496
2020-11-05,Decision São Paulo,Morrison Ltd,3495
2020-11-05,Decision São Paulo,Morrison Ltd,3494
2020-11-05,Decision São Paulo,"Morris, Moran and Dodson",3493
2020-11-05,Decision São Paulo,"Morris, Moran and Dodson",3492
2020-11-05,Decision São Paulo,"Morris, Moran and Dodson",3491
2020-11-05,Decision São Paulo,"Morris, Moran and Dodson",3490
2020-11-05,Decision São Paulo,King-Russell,3485
2020-11-05,Decision São Paulo,Mann and Sons,3483
2020-11-05,Decision São Paulo,Morrison Ltd,3482
2020-11-05,Decision São Paulo,Gonzalez and Sons,3481
2020-11-04,Decision São Paulo,Morrison Ltd,3480
2020-11-04,Decision São Paulo,"Morris, Moran and Dodson",3479
2020-11-03,Decision São Paulo,"Morris, Moran and Dodson",3478
2020-11-03,Decision São Paulo,"Morris, Moran and Dodson",3477
2020-11-03,Decision São Paulo,"Morris, Moran and Dodson",3476
2020-11-03,Decision São Paulo,"Morris, Moran and Dodson",3475
2020-11-03,Decision São Paulo,"Morris, Moran and Dodson",3474
2020-11-03,Decision São Paulo,"Morris, Moran and Dodson",3473
2020-11-02,Decision São Paulo,King-Russell,3471
2020-11-02,Decision São Paulo,Griffith-Webb,3470
2020-11-02,Decision São Paulo,Nelson-Page,3469
2020-11-02,Decision São Paulo,Griffith-Webb,3468
2020-11-02,Decision São Paulo,Griffith-Webb,3467
2020-11-02,Decision São Paulo,Nelson-Page,3466
2020-11-02,Decision São Paulo,Nelson-Page,3465
2020-11-02,Decision São Paulo,Nelson-Page,3464
2020-11-02,Decision São Paulo,Nelson-Page,3463
2020-11-02,Decision São Paulo,Nelson-Page,3462
2020-11-02,Decision São Paulo,Nelson-Page,3461
2020-11-02,Decision São Paulo,Nelson-Page,3460
2020-11-02,Decision São Paulo,Nelson-Page,3459
2020-11-02,Decision São Paulo,"Wade, Bernard and Bailey",3458
2020-11-02,Decision São Paulo,"Wade, Bernard and Bailey",3457
2020-11-02,Decision São Paulo,Nelson-Page,3456
2020-11-01,Decision São Paulo,Nelson-Page,3455
2020-11-01,Decision São Paulo,Nelson-Page,3454
2020-11-01,Decision São Paulo,Nelson-Page,3453
2020-11-01,Decision São Paulo,Nelson-Page,3452
2020-10-30,Decision Campinas,Miller-Curry,3451
2020-10-30,Decision Campinas,Miller-Curry,3450
2020-10-30,Decision São Paulo,Barnes-Woods,3449
2020-10-30,Decision Campinas,Miller-Curry,3448
2020-10-30,Decision Campinas,Miller-Curry,3447
2020-10-30,Decision Campinas,Miller-Curry,3446
2020-10-30,Decision Campinas,Miller-Curry,3445
2020-10-30,Decision Campinas,Miller-Curry,3444
2020-10-30,Decision São Paulo,Mann and Sons,3443
2020-10-30,Decision São Paulo,Mann and Sons,3442
2020-10-30,Decision São Paulo,Mann and Sons,3441
2020-10-30,Decision São Paulo,Barnes-Woods,3440
2020-10-30,Decision São Paulo,Mann and Sons,3439
2020-10-30,Decision São Paulo,Mann and Sons,3438
2020-10-29,Decision São Paulo,Morrison Ltd,3437
2020-10-29,Decision Campinas,Miller-Curry,3436
2020-10-29,Decision Campinas,Miller-Curry,3435
2020-10-29,Decision Campinas,Miller-Curry,3434
2020-10-29,Decision Campinas,Miller-Curry,3433
2020-10-29,Decision Campinas,Miller-Curry,3432
2020-10-29,Decision Campinas,Miller-Curry,3431
2020-10-29,Decision Campinas,Miller-Curry,3430
2020-10-29,Decision Campinas,Miller-Curry,3429
2020-10-29,Decision Campinas,Miller-Curry,3428
2020-10-29,Decision Campinas,Miller-Curry,3427
2020-10-29,Decision São Paulo,Barnes-Woods,3426
2020-10-29,Decision São Paulo,Barnes-Woods,3425
2020-10-29,Decision São Paulo,"Morris, Moran and Dodson",3424
2020-10-29,Decision São Paulo,Barber LLC,3423
2020-10-29,Decision Campinas,Miller-Curry,3422
2020-10-29,Decision Campinas,Miller-Curry,3421
2020-10-29,Decision Campinas,Miller-Curry,3420
2020-10-29,Decision Campinas,Miller-Curry,3419
2020-10-29,Decision Campinas,Miller-Curry,3418
2020-10-28,Decision São Paulo,Barnes-Woods,3417
2020-10-28,Decision São Paulo,Barber LLC,3416
2020-10-28,Decision São Paulo,Barber LLC,3415
2020-10-28,Decision São Paulo,Barber LLC,3414
2020-10-28,Decision São Paulo,Barber LLC,3413
2020-10-28,Decision São Paulo,Barber LLC,3412
2020-10-28,Decision São Paulo,Barber LLC,3411
2020-10-28,Decision São Paulo,Barber LLC,3410
2020-10-28,Decision São Paulo,Mann and Sons,3409
2020-10-28,Decision São Paulo,Barnes-Woods,3408
2020-10-28,Decision São Paulo,Barnes-Woods,3407
2020-10-28,Decision São Paulo,Barnes-Woods,3406
2020-10-28,Decision São Paulo,Barnes-Woods,3405
2020-10-27,Decision São Paulo,Morrison Ltd,3403
2020-10-27,Decision São Paulo,Morrison Ltd,3402
2020-10-27,Decision São Paulo,Nelson-Page,3401
2020-10-27,Decision São Paulo,Nelson-Page,3400
2020-10-27,Decision São Paulo,"Morris, Moran and Dodson",3399
2020-10-27,Decision São Paulo,"Morris, Moran and Dodson",3398
2020-10-27,Decision São Paulo,"Morris, Moran and Dodson",3397
2020-10-27,Decision São Paulo,"Morris, Moran and Dodson",3396
2020-10-27,Decision São Paulo,"Morris, Moran and Dodson",3395
2020-10-27,Decision São Paulo,"Morris, Moran and Dodson",3394
2020-10-27,Decision São Paulo,Morrison Ltd,3393
2020-10-27,Decision Campinas,Miller-Curry,3392
2020-10-27,Decision Campinas,Miller-Curry,3391
2020-10-27,Decision Campinas,Miller-Curry,3390
2020-10-27,Decision Campinas,Miller-Curry,3389
2020-10-27,Decision São Paulo,Mann and Sons,3388
2020-10-27,Decision São Paulo,"Morris, Moran and Dodson",3387
2020-10-26,Decision São Paulo,Barber LLC,3386
2020-10-26,Decision São Paulo,Gonzalez and Sons,3384
2020-10-26,Decision São Paulo,"Morris, Moran and Dodson",3382
2020-10-26,Decision São Paulo,Morrison Ltd,3381
2020-10-26,Decision São Paulo,Morrison Ltd,3380
2020-10-26,Decision São Paulo,Morrison Ltd,3379
2020-10-26,Decision São Paulo,Morrison Ltd,3378
2020-10-26,Decision São Paulo,Morrison Ltd,3377
2020-10-26,Decision São Paulo,Morrison Ltd,3376
2020-10-26,Decision São Paulo,Morrison Ltd,3375
2020-10-26,Decision São Paulo,Morrison Ltd,3374
2020-10-26,Decision São Paulo,Morrison Ltd,3373
2020-10-26,Decision São Paulo,Morrison Ltd,3372
2020-10-26,Decision São Paulo,Morrison Ltd,3371
2020-10-26,Decision São Paulo,Morrison Ltd,3370
2020-10-26,Decision São Paulo,Morrison Ltd,3369
2020-10-26,Decision São Paulo,Morrison Ltd,3368
2020-10-26,Decision São Paulo,Morrison Ltd,3367
2020-10-26,Decision São Paulo,Ramirez-Warner,3366
2020-10-26,Decision São Paulo,"Morris, Moran and Dodson",3365
2020-10-26,Decision São Paulo,Callahan-Hall,3364
2020-10-26,Decision São Paulo,"Morris, Moran and Dodson",3363
2020-10-23,Decision São Paulo,Barnes-Woods,3362
2020-10-23,Decision São Paulo,"Morris, Moran and Dodson",3361
2020-10-23,Decision São Paulo,Morrison Ltd,3360
2020-10-22,Decision São Paulo,Nelson-Page,3359
2020-10-22,Decision São Paulo,Morrison Ltd,3358
2020-10-22,Decision São Paulo,Morrison Ltd,3357
2020-10-22,Decision São Paulo,Morrison Ltd,3356
2020-10-22,Decision São Paulo,Gonzalez and Sons,3355
2020-10-22,Decision São Paulo,"Morris, Moran and Dodson",3354
2020-10-21,Decision São Paulo,Mann and Sons,3353
2020-10-21,Decision São Paulo,Gonzalez and Sons,3352
2020-10-21,Decision Campinas,Miller-Curry,3351
2020-10-21,Decision São Paulo,Mann and Sons,3350
2020-10-20,Decision São Paulo,Nelson-Page,3349
2020-10-20,Decision São Paulo,Nelson-Page,3348
2020-10-20,Decision São Paulo,Nelson-Page,3347
2020-10-20,Decision São Paulo,Nelson-Page,3346
2020-10-20,Decision São Paulo,Nelson-Page,3345
2020-10-20,Decision São Paulo,Nelson-Page,3344
2020-10-20,Decision São Paulo,Nelson-Page,3343
2020-10-20,Decision São Paulo,Nelson-Page,3342
2020-10-20,Decision São Paulo,Nelson-Page,3341
2020-10-20,Decision São Paulo,Nelson-Page,3340
2020-10-20,Decision São Paulo,Nelson-Page,3339
2020-10-20,Decision São Paulo,Nelson-Page,3338
2020-10-20,Decision São Paulo,Nelson-Page,3337
2020-10-20,Decision São Paulo,Nelson-Page,3336
2020-10-20,Decision São Paulo,Nelson-Page,3335
2020-10-20,Decision São Paulo,Nelson-Page,3334
2020-10-20,Decision São Paulo,Nelson-Page,3333
2020-10-20,Decision São Paulo,Nelson-Page,3332
2020-10-20,Decision São Paulo,Nelson-Page,3331
2020-10-20,Decision São Paulo,Nelson-Page,3330
2020-10-20,Decision São Paulo,Nelson-Page,3329
2020-10-20,Decision São Paulo,Nelson-Page,3328
2020-10-20,Decision São Paulo,Mann and Sons,3327
2020-10-20,Decision São Paulo,"Morris, Moran and Dodson",3326
2020-10-20,Decision São Paulo,"Morris, Moran and Dodson",3325
2020-10-20,Decision São Paulo,"Morris, Moran and Dodson",3324
2020-10-19,Decision São Paulo,Barnes-Woods,3302
2020-10-19,Decision São Paulo,Barnes-Woods,3301
2020-10-19,Decision São Paulo,Barnes-Woods,3300
2020-10-19,Decision São Paulo,Barnes-Woods,3299
2020-10-19,Decision São Paulo,Johnson-Aguirre,3298
2020-10-19,Decision São Paulo,Nelson-Page,3297
2020-10-19,Decision São Paulo,Morrison Ltd,3296
2020-10-17,Decision São Paulo,"Wade, Bernard and Bailey",3294
2020-10-16,Decision São Paulo,Morrison Ltd,3293
2020-10-16,Decision São Paulo,Morrison Ltd,3292
2020-10-15,Decision São Paulo,Griffith-Webb,3291
2020-10-15,Decision São Paulo,Nelson-Page,3290
2020-10-15,Decision São Paulo,"Morris, Moran and Dodson",3289
2020-10-15,Decision São Paulo,Nelson-Page,3288
2020-10-15,Decision São Paulo,"Wade, Bernard and Bailey",3287
2020-10-15,Decision São Paulo,"Wade, Bernard and Bailey",3286
2020-10-14,Decision Campinas,Miller-Curry,3285
2020-10-14,Decision São Paulo,Barnes-Woods,3284
2020-10-14,Decision São Paulo,"Morris, Moran and Dodson",3283
2020-10-14,Decision São Paulo,Mann and Sons,3282
2020-10-13,Decision Campinas,Miller-Curry,3281
2020-10-13,Decision São Paulo,"Morris, Moran and Dodson",3280
2020-10-13,Decision São Paulo,"Morris, Moran and Dodson",3279
2020-10-13,Decision São Paulo,Morrison Ltd,3278
2020-10-13,Decision São Paulo,Morrison Ltd,3277
2020-10-13,Decision São Paulo,Morrison Ltd,3276
2020-10-09,Decision São Paulo,"Morris, Moran and Dodson",3275
2020-10-09,Decision São Paulo,"Morris, Moran and Dodson",3274
2020-10-09,Decision São Paulo,Morrison Ltd,3273
2020-10-09,Decision São Paulo,Nelson-Page,3272
2020-10-09,Decision São Paulo,"Wade, Bernard and Bailey",3271
2020-10-09,Decision São Paulo,Nelson-Page,3270
2020-10-09,Decision São Paulo,Nelson-Page,3269
2020-10-09,Decision São Paulo,Nelson-Page,3268
2020-10-09,Decision São Paulo,Morrison Ltd,3267
2020-10-09,Decision São Paulo,Morrison Ltd,3266
2020-10-08,Decision Campinas,Evans PLC,3265
2020-10-08,Decision São Paulo,Barnes-Woods,3264
2020-10-07,Decision São Paulo,Nelson-Page,3263
2020-10-07,Decision São Paulo,Nelson-Page,3262
2020-10-07,Decision São Paulo,"Wade, Bernard and Bailey",3261
2020-10-07,Decision São Paulo,Barnes-Woods,3259
2020-10-07,Decision São Paulo,Barnes-Woods,3258
2020-10-07,Decision São Paulo,Barnes-Woods,3257
2020-10-07,Decision São Paulo,Barnes-Woods,3256
2020-10-07,Decision São Paulo,Morrison Ltd,3255
2020-10-06,Decision São Paulo,"Morris, Moran and Dodson",3253
2020-10-06,Decision São Paulo,"Morris, Moran and Dodson",3251
2020-10-06,Decision São Paulo,"Morris, Moran and Dodson",3250
2020-10-06,Decision São Paulo,Nelson-Page,3249
2020-10-06,Decision São Paulo,Nelson-Page,3248
2020-10-06,Decision São Paulo,"Wade, Bernard and Bailey",3247
2020-10-06,Decision São Paulo,Nelson-Page,3246
2020-10-06,Decision São Paulo,Nelson-Page,3245
2020-10-06,Decision São Paulo,"Wade, Bernard and Bailey",3244
2020-10-06,Decision São Paulo,Nelson-Page,3243
2020-10-06,Decision São Paulo,Morrison Ltd,3242
2020-10-06,Decision São Paulo,Nelson-Page,3241
2020-10-06,Decision São Paulo,Nelson-Page,3240
2020-10-06,Decision São Paulo,"Morris, Moran and Dodson",3239
2020-10-05,Decision São Paulo,Mann and Sons,3238
2020-10-05,Decision São Paulo,"Morris, Moran and Dodson",3237
2020-10-05,Decision São Paulo,"Morris, Moran and Dodson",3236
2020-10-05,Decision São Paulo,"Morris, Moran and Dodson",3235
2020-10-05,Decision São Paulo,"Morris, Moran and Dodson",3234
2020-10-04,Decision São Paulo,"Wade, Bernard and Bailey",3233
2020-10-04,Decision São Paulo,"Wade, Bernard and Bailey",3232
2020-10-04,Decision São Paulo,"Wade, Bernard and Bailey",3231
2020-10-04,Decision São Paulo,Nelson-Page,3230
2020-10-04,Decision São Paulo,"Wade, Bernard and Bailey",3229
2020-10-04,Decision São Paulo,Nelson-Page,3228
2020-10-04,Decision São Paulo,"Wade, Bernard and Bailey",3227
2020-10-04,Decision São Paulo,Nelson-Page,3226
2020-10-04,Decision São Paulo,Nelson-Page,3225
2020-10-04,Decision São Paulo,"Wade, Bernard and Bailey",3224
2020-10-04,Decision São Paulo,Nelson-Page,3223
2020-10-04,Decision São Paulo,Nelson-Page,3222
2020-10-04,Decision São Paulo,Nelson-Page,3221
2020-10-04,Decision São Paulo,"Wade, Bernard and Bailey",3220
2020-10-04,Decision São Paulo,Nelson-Page,3219
2020-10-01,Decision Campinas,Miller-Curry,3216
2020-10-01,Decision São Paulo,Nelson-Page,3215
2020-10-01,Decision São Paulo,Nelson-Page,3214
2020-10-01,Decision São Paulo,Nelson-Page,3213
2020-10-01,Decision São Paulo,Nelson-Page,3212
2020-10-01,Decision São Paulo,Nelson-Page,3211
2020-10-01,Decision São Paulo,Nelson-Page,3210
2020-10-01,Decision São Paulo,Nelson-Page,3209
2020-10-01,Decision São Paulo,Nelson-Page,3208
2020-10-01,Decision São Paulo,Nelson-Page,3207
2020-10-01,Decision São Paulo,Nelson-Page,3206
2020-10-01,Decision São Paulo,"Wade, Bernard and Bailey",3205
2020-09-30,Decision São Paulo,Nelson-Page,3204
2020-09-30,Decision São Paulo,"Morris, Moran and Dodson",3203
2020-09-30,Decision São Paulo,Morrison Ltd,3202
2020-09-30,Decision São Paulo,Nelson-Page,3201
2020-09-30,Decision São Paulo,Nelson-Page,3200
2020-09-30,Decision São Paulo,Nelson-Page,3199
2020-09-30,Decision Campinas,Miller-Curry,3198
2020-09-30,Decision Campinas,Miller-Curry,3197
2020-09-30,Decision Campinas,Miller-Curry,3196
2020-09-30,Decision São Paulo,Mann and Sons,3195
2020-09-30,Decision Campinas,Miller-Curry,3194
2020-09-30,Decision São Paulo,"Morris, Moran and Dodson",3193
2020-09-30,Decision São Paulo,"Morris, Moran and Dodson",3192
2020-09-30,Decision São Paulo,"Morris, Moran and Dodson",3191
2020-09-30,Decision São Paulo,"Morris, Moran and Dodson",3190
2020-09-30,Decision Campinas,Miller-Curry,3189
2020-09-30,Decision Campinas,Miller-Curry,3188
2020-09-30,Decision Campinas,Miller-Curry,3187
2020-09-30,Decision São Paulo,Nelson-Page,3186
2020-09-30,Decision Campinas,Miller-Curry,3185
2020-09-30,Decision Campinas,Miller-Curry,3184
2020-09-29,Decision São Paulo,"Morris, Moran and Dodson",3183
2020-09-29,Decision São Paulo,Nelson-Page,3182
2020-09-29,Decision São Paulo,Nelson-Page,3181
2020-09-29,Decision São Paulo,Nelson-Page,3180
2020-09-29,Decision São Paulo,Nelson-Page,3179
2020-09-29,Decision São Paulo,Nelson-Page,3178
2020-09-28,Decision São Paulo,"Morris, Moran and Dodson",3174
2020-09-28,Decision São Paulo,Nelson-Page,3173
2020-09-28,Decision São Paulo,Griffith-Webb,3172
2020-09-28,Decision São Paulo,Nelson-Page,3171
2020-09-28,Decision São Paulo,Nelson-Page,3170
2020-09-28,Decision São Paulo,Nelson-Page,3169
2020-09-28,Decision São Paulo,Nelson-Page,3168
2020-09-28,Decision São Paulo,Nelson-Page,3167
2020-09-28,Decision Campinas,Miller-Curry,3166
2020-09-28,Decision São Paulo,Nelson-Page,3165
2020-09-28,Decision São Paulo,Nelson-Page,3164
2020-09-28,Decision São Paulo,Nelson-Page,3163
2020-09-28,Decision Campinas,Miller-Curry,3162
2020-09-28,Decision Campinas,Miller-Curry,3161
2020-09-28,Decision São Paulo,Nelson-Page,3160
2020-09-28,Decision Campinas,Miller-Curry,3159
2020-09-28,Decision São Paulo,Nelson-Page,3158
2020-09-28,Decision São Paulo,Nelson-Page,3157
2020-09-28,Decision Campinas,Miller-Curry,3156
2020-09-28,Decision São Paulo,Nelson-Page,3155
2020-09-28,Decision Campinas,Miller-Curry,3154
2020-09-28,Decision São Paulo,Nelson-Page,3153
2020-09-28,Decision São Paulo,Nelson-Page,3152
2020-09-28,Decision São Paulo,Nelson-Page,3151
2020-09-28,Decision São Paulo,Griffith-Webb,3150
2020-09-28,Decision São Paulo,Nelson-Page,3149
2020-09-28,Decision São Paulo,Nelson-Page,3148
2020-09-28,Decision São Paulo,Nelson-Page,3147
2020-09-28,Decision São Paulo,Nelson-Page,3146
2020-09-28,Decision São Paulo,Nelson-Page,3145
2020-09-28,Decision São Paulo,Nelson-Page,3144
2020-09-28,Decision São Paulo,Nelson-Page,3143
2020-09-28,Decision São Paulo,Nelson-Page,3142
2020-09-28,Decision São Paulo,Nelson-Page,3141
2020-09-28,Decision São Paulo,Barnes-Woods,3140
2020-09-28,Decision São Paulo,Barnes-Woods,3139
2023-04-15,Decision São Paulo,Morrison Ltd,11239
2023-04-15,Decision São Paulo,Morrison Ltd,11238
2023-04-14,Decision São Paulo,Nelson-Page,11237
2023-04-13,Decision São Paulo,Nelson-Page,11236
2023-04-13,Decision São Paulo,Nelson-Page,11235
2023-04-13,Decision São Paulo,Nelson-Page,11234
2023-04-13,Decision São Paulo,Nelson-Page,11233
2023-04-12,Decision São Paulo,"Morris, Moran and Dodson",11232
2023-04-12,Decision São Paulo,"Morris, Moran and Dodson",11231
2023-04-12,Decision São Paulo,"Chapman, Brown and Hart",11230
2023-04-12,Decision São Paulo,Nelson-Page,11229
2023-04-11,Decision São Paulo,"Morris, Moran and Dodson",11228
2023-04-11,Decision São Paulo,"Morris, Moran and Dodson",11227
2023-04-11,Decision Campinas,Miller-Curry,11225
2023-04-11,Decision São Paulo,Bishop-Reed,11224
2023-04-11,Decision São Paulo,"Bowers, Oconnor and Williams",11223
2023-04-10,Decision São Paulo,Mann and Sons,11222
2023-04-10,Decision São Paulo,Porter-Wilson,11221
2023-04-10,Decision São Paulo,Nelson-Page,11220
2023-04-10,Decision São Paulo,Nelson-Page,11219
2023-04-10,Decision São Paulo,"Glover, Warren and Norris",11218
2023-04-10,Decision São Paulo,"Glover, Warren and Norris",11217
2023-04-10,Decision São Paulo,"Glover, Warren and Norris",11216
2023-04-10,Decision São Paulo,"Glover, Warren and Norris",11214
2023-04-10,Decision São Paulo,"Glover, Warren and Norris",11213
2023-04-10,Decision São Paulo,"Glover, Warren and Norris",11212
2023-04-10,Decision São Paulo,"Glover, Warren and Norris",11211
2023-04-10,Decision São Paulo,"Glover, Warren and Norris",11210
2023-04-10,Decision São Paulo,"Glover, Warren and Norris",11209
2023-04-10,Decision São Paulo,"Glover, Warren and Norris",11208
2023-04-10,Decision São Paulo,"Glover, Warren and Norris",11207
2023-04-10,Decision Campinas,Miller-Curry,11206
2023-04-10,Decision São Paulo,"Glover, Warren and Norris",11205
2023-04-10,Decision São Paulo,"Glover, Warren and Norris",11204
2023-04-10,Decision São Paulo,"Glover, Warren and Norris",11203
2023-04-06,Decision São Paulo,Morrison Ltd,11202
2023-04-06,Decision São Paulo,"Morris, Moran and Dodson",11201
2023-04-06,Decision São Paulo,Nelson-Page,11200
2023-04-06,Decision São Paulo,"Glover, Warren and Norris",11199
2023-04-06,Decision São Paulo,"Morris, Moran and Dodson",11198
2023-04-06,Decision São Paulo,"Morris, Moran and Dodson",11197
2023-04-06,Decision Campinas,Miller-Curry,11196
2023-04-05,Decision São Paulo,Johnson-Pratt,11195
2023-04-05,Decision São Paulo,"Morris, Moran and Dodson",11194
2023-04-05,Decision São Paulo,"Morris, Moran and Dodson",11193
2023-04-05,Decision São Paulo,"Morris, Moran and Dodson",11192
2023-04-05,Decision Campinas,Miller-Curry,11191
2023-04-05,Decision São Paulo,Mann and Sons,11190
2023-04-04,Decision São Paulo,"Morris, Moran and Dodson",11189
2023-04-04,Decision São Paulo,"Morris, Moran and Dodson",11188
2023-04-04,Decision São Paulo,"Glover, Warren and Norris",11187
2023-04-04,Decision São Paulo,"Morris, Moran and Dodson",11186
2023-04-04,Decision São Paulo,Jenkins-Walker,11184
2023-04-04,Decision Campinas,Miller-Curry,11181
2023-04-03,Decision São Paulo,Jenkins-Walker,11180
2023-04-03,Decision São Paulo,"Henderson, Duarte and Rosario",11179
2023-03-31,Decision São Paulo,Morrison Ltd,11178
2023-03-30,Decision São Paulo,Jenkins-Walker,11177
2023-03-30,Decision São Paulo,Jenkins-Walker,11176
2023-03-30,Decision São Paulo,Nelson-Page,11175
2023-03-28,Decision São Paulo,Johnson-Pratt,11174
2023-03-28,Decision São Paulo,Jenkins-Walker,11173
2023-03-28,Decision São Paulo,"Morris, Moran and Dodson",11172
2023-03-27,Decision São Paulo,Nelson-Page,11171
2023-03-27,Decision São Paulo,Randolph Inc,11170
2023-03-27,Decision São Paulo,Mann and Sons,11169
2023-03-24,Decision São Paulo,Nelson-Page,11168
2023-03-24,Decision São Paulo,Nelson-Page,11167
2023-03-24,Decision São Paulo,Nelson-Page,11166
2023-03-24,Decision São Paulo,Nelson-Page,11165
2023-03-24,Decision São Paulo,Nelson-Page,11164
2023-03-24,Decision São Paulo,Jenkins-Walker,11162
2023-03-24,Decision São Paulo,Nelson-Page,11161
2023-03-24,Decision São Paulo,Nelson-Page,11160
2023-03-24,Decision São Paulo,Porter-Wilson,11159
2023-03-24,Decision São Paulo,Johnson-Pratt,11158
2023-03-23,Decision São Paulo,Johnson-Pratt,11157
2023-03-23,Decision São Paulo,Johnson-Pratt,11156
2023-03-23,Decision São Paulo,Johnson-Pratt,11155
2023-03-23,Decision São Paulo,Johnson-Pratt,11154
2023-03-23,Decision São Paulo,Jenkins-Walker,11153
2023-03-23,Decision São Paulo,"Price, Phillips and Bell",11152
2023-03-23,Decision São Paulo,"Price, Phillips and Bell",11151
2023-03-23,Decision São Paulo,Jenkins-Walker,11150
2023-03-23,Decision São Paulo,Jenkins-Walker,11149
2023-03-23,Decision São Paulo,Jenkins-Walker,11148
2023-03-23,Decision São Paulo,Jenkins-Walker,11147
2023-03-23,Decision São Paulo,Nelson-Page,11146
2023-03-23,Decision São Paulo,Nelson-Page,11145
2023-03-23,Decision São Paulo,Nelson-Page,11144
2023-03-22,Decision São Paulo,Nelson-Page,11143
2023-03-22,Decision São Paulo,Porter-Wilson,11142
2023-03-22,Decision São Paulo,Nelson-Page,11141
2023-03-21,Decision São Paulo,"Ramirez, Williams and Chandler",11140
2023-03-21,Decision São Paulo,"Gutierrez, Ward and Houston",11139
2023-03-21,Decision São Paulo,Mann and Sons,11138
2023-03-21,Decision São Paulo,Mann and Sons,11137
2023-03-21,Decision São Paulo,Nelson-Page,11136
2023-03-21,Decision Campinas,Miller-Curry,11135
2023-03-21,Decision São Paulo,"Bowers, Oconnor and Williams",11134
2023-03-20,Decision São Paulo,Morrison Ltd,11133
2023-03-20,Decision São Paulo,"Chapman, Brown and Hart",11132
2023-03-20,Decision São Paulo,"Morris, Moran and Dodson",11131
2023-03-20,Decision São Paulo,"Morris, Moran and Dodson",11130
2023-03-20,Decision São Paulo,"Morris, Moran and Dodson",11129
2023-03-20,Decision São Paulo,Nelson-Page,11128
2023-03-20,Decision São Paulo,Nelson-Page,11127
2023-03-20,Decision São Paulo,Nelson-Page,11126
2023-03-20,Decision São Paulo,Nelson-Page,11125
2023-03-20,Decision São Paulo,Nelson-Page,11124
2023-03-20,Decision São Paulo,Porter-Wilson,11123
2023-03-20,Decision São Paulo,"Bowers, Oconnor and Williams",11122
2023-03-20,Decision São Paulo,"Bowers, Oconnor and Williams",11121
2023-03-20,Decision São Paulo,Porter-Wilson,11120
2023-03-17,Decision São Paulo,"Ramirez, Williams and Chandler",11119
2023-03-17,Decision Campinas,Werner PLC,11118
2023-03-16,Decision Campinas,Miller-Curry,11117
2023-03-16,Decision Campinas,Miller-Curry,11116
2023-03-16,Decision Campinas,Miller-Curry,11115
2023-03-16,Decision Campinas,Miller-Curry,11114
2023-03-16,Decision São Paulo,"Morris, Moran and Dodson",11113
2023-03-13,Decision São Paulo,Porter-Wilson,11112
2023-03-13,Decision São Paulo,"Myers, Torres and Martin",11110
2023-03-13,Decision São Paulo,Morrison Ltd,11109
2023-03-13,Decision São Paulo,"Morris, Moran and Dodson",11108
2023-03-10,Decision São Paulo,"Wade, Bernard and Bailey",11106
2023-03-10,Decision São Paulo,"Wade, Bernard and Bailey",11105
2023-03-10,Decision São Paulo,Morrison Ltd,11103
2023-03-10,Decision São Paulo,Morrison Ltd,11102
2023-03-10,Decision São Paulo,Morrison Ltd,11101
2023-03-10,Decision São Paulo,Morrison Ltd,11100
2023-03-10,Decision São Paulo,Morrison Ltd,11099
2023-03-09,Decision São Paulo,Callahan-Hall,11098
2023-03-09,Decision São Paulo,"Morris, Moran and Dodson",11096
2023-03-09,Decision São Paulo,Nelson-Page,11095
2023-03-09,Decision São Paulo,Nelson-Page,11094
2023-03-09,Decision São Paulo,Nelson-Page,11093
2023-03-08,Decision Campinas,Miller-Curry,11092
2023-03-08,Decision São Paulo,Jenkins-Walker,11091
2023-03-08,Decision Campinas,Miller-Curry,11090
2023-03-08,Decision São Paulo,"Miller, Tran and Chang",11089
2023-03-08,Decision São Paulo,Jenkins-Walker,11088
2023-03-08,Decision São Paulo,"Ramirez, Williams and Chandler",11087
2023-03-07,Decision São Paulo,Morrison Ltd,11085
2023-03-07,Decision Campinas,Miller-Curry,11084
2023-03-07,Decision Campinas,Miller-Curry,11083
2023-03-07,Decision Campinas,Miller-Curry,11082
2023-03-07,Decision São Paulo,Nelson-Page,11081
2023-03-03,Decision São Paulo,Morrison Ltd,11080
2023-03-03,Decision São Paulo,"Wade, Bernard and Bailey",11079
2023-03-02,Decision São Paulo,Nelson-Page,11078
2023-03-02,Decision São Paulo,Nelson-Page,11077
2023-03-02,Decision São Paulo,Nelson-Page,11076
2023-03-02,Decision São Paulo,Jenkins-Walker,11075
2023-03-02,Decision Campinas,Werner PLC,11074
2023-03-02,Decision Campinas,Werner PLC,11073
2023-03-01,Decision São Paulo,Nelson-Page,11072
2023-02-27,Decision São Paulo,Nelson-Page,11071
2023-02-27,Decision São Paulo,Nelson-Page,11070
2023-02-27,Decision São Paulo,Nelson-Page,11069
2023-02-27,Decision São Paulo,Nelson-Page,11068
2023-02-27,Decision São Paulo,Jenkins-Walker,11067
2023-02-24,Decision São Paulo,Mann and Sons,11066
2023-02-24,Decision São Paulo,Morrison Ltd,11065
2023-02-24,Decision São Paulo,Morrison Ltd,11064
2023-02-24,Decision São Paulo,Morrison Ltd,11063
2023-02-24,Decision São Paulo,Morrison Ltd,11062
2023-02-24,Decision São Paulo,"Gutierrez, Ward and Houston",11061
2023-02-23,Decision São Paulo,Nelson-Page,11060
2023-02-23,Decision São Paulo,Nelson-Page,11059
2023-02-23,Decision São Paulo,Nelson-Page,11058
2023-02-23,Decision São Paulo,Nelson-Page,11057
2023-02-23,Decision São Paulo,Nelson-Page,11056
2023-02-23,Decision São Paulo,Nelson-Page,11055
2023-02-23,Decision São Paulo,"Morris, Moran and Dodson",11054
2023-02-22,Decision São Paulo,Jimenez PLC,11053
2023-02-22,Decision São Paulo,Morrison Ltd,11052
2023-02-22,Decision São Paulo,Nelson-Page,11051
2023-02-17,Decision Campinas,Miller-Curry,11050
2023-02-17,Decision Campinas,Miller-Curry,11049
2023-02-17,Decision Campinas,Miller-Curry,11048
2023-02-17,Decision Campinas,Miller-Curry,11047
2023-02-17,Decision São Paulo,Porter-Wilson,11046
2023-02-16,Decision São Paulo,Johnson-Pratt,11045
2023-02-16,Decision São Paulo,Mann and Sons,11044
2023-02-15,Decision São Paulo,Callahan-Hall,11043
2023-02-15,Decision São Paulo,Nelson-Page,11042
2023-02-14,Decision São Paulo,"Miller, Tran and Chang",11041
2023-02-14,Decision São Paulo,Porter-Wilson,11040
2023-02-14,Decision São Paulo,Nelson-Page,11039
2023-02-14,Decision São Paulo,Nelson-Page,11038
2023-02-14,Decision São Paulo,Nelson-Page,11037
2023-02-14,Decision São Paulo,Nelson-Page,11036
2023-02-14,Decision São Paulo,Nelson-Page,11035
2023-02-14,Decision São Paulo,Nelson-Page,11034
2023-02-14,Decision São Paulo,Nelson-Page,11033
2023-02-14,Decision São Paulo,Nelson-Page,11032
2023-02-13,Decision São Paulo,Mann and Sons,11031
2023-02-13,Decision São Paulo,Mann and Sons,11030
2023-02-13,Decision São Paulo,Mann and Sons,11029
2023-02-10,Decision São Paulo,Morrison Ltd,11028
2023-02-10,Decision São Paulo,Morrison Ltd,11027
2023-02-10,Decision São Paulo,Morrison Ltd,11026
2023-02-10,Decision São Paulo,Jenkins-Walker,11025
2023-02-10,Decision São Paulo,Jenkins-Walker,11024
2023-02-10,Decision São Paulo,Jenkins-Walker,11023
2023-02-10,Decision São Paulo,Jenkins-Walker,11022
2023-02-10,Decision São Paulo,Jenkins-Walker,11021
2023-02-10,Decision São Paulo,Jenkins-Walker,11020
2023-02-09,Decision São Paulo,Jenkins-Walker,11019
2023-02-09,Decision São Paulo,Nelson-Page,11018
2023-02-08,Decision São Paulo,Morrison Ltd,11017
2023-02-08,Decision São Paulo,Morrison Ltd,11016
2023-02-08,Decision São Paulo,Morrison Ltd,11015
2023-02-08,Decision São Paulo,Morrison Ltd,11014
2023-02-08,Decision São Paulo,Morrison Ltd,11013
2023-02-08,Decision São Paulo,Morrison Ltd,11012
2023-02-08,Decision São Paulo,Morrison Ltd,11011
2023-02-08,Decision São Paulo,Morrison Ltd,11010
2023-02-08,Decision São Paulo,Morrison Ltd,11009
2023-02-08,Decision São Paulo,Morrison Ltd,11008
2023-02-08,Decision São Paulo,Morrison Ltd,11007
2023-02-08,Decision São Paulo,Walters Group,11006
2023-02-08,Decision São Paulo,Morrison Ltd,11005
2023-02-08,Decision São Paulo,Jenkins-Walker,11004
2023-02-08,Decision São Paulo,"Morris, Moran and Dodson",11003
2023-02-08,Decision São Paulo,"Miller, Tran and Chang",11002
2023-02-08,Decision São Paulo,"Miller, Tran and Chang",11001
2023-02-07,Decision São Paulo,"Price, Phillips and Bell",11000
2023-02-07,Decision São Paulo,Callahan-Hall,10999
2023-02-06,Decision São Paulo,Morrison Ltd,10997
2023-02-06,Decision São Paulo,Porter-Wilson,10996
2023-02-06,Decision São Paulo,Nelson-Page,10995
2023-02-06,Decision São Paulo,Porter-Wilson,10994
2023-02-06,Decision São Paulo,"Bowers, Oconnor and Williams",10993
2023-02-06,Decision São Paulo,"Morris, Moran and Dodson",10992
2023-02-06,Decision Campinas,Miller-Curry,10991
2023-02-03,Decision São Paulo,Morrison Ltd,10990
2023-02-02,Decision Campinas,Miller-Curry,10989
2023-02-02,Decision Campinas,Miller-Curry,10988
2023-02-02,Decision Campinas,Miller-Curry,10987
2023-02-02,Decision Campinas,Miller-Curry,10986
2023-02-02,Decision Campinas,Miller-Curry,10985
2023-02-02,Decision Campinas,Miller-Curry,10984
2023-02-02,Decision Campinas,Miller-Curry,10983
2023-02-02,Decision São Paulo,Nelson-Page,10982
2023-02-02,Decision São Paulo,Luna-Carpenter,10981
2023-02-01,Decision São Paulo,Johnson-Pratt,10979
2023-02-01,Decision São Paulo,Johnson-Pratt,10978
2023-02-01,Decision São Paulo,Johnson-Pratt,10977
2023-02-01,Decision São Paulo,Porter-Wilson,10976
2023-02-01,Decision São Paulo,Porter-Wilson,10975
2023-01-31,Decision São Paulo,Nelson-Page,10973
2023-01-31,Decision São Paulo,Nelson-Page,10972
2023-01-31,Decision São Paulo,Nelson-Page,10971
2023-01-31,Decision São Paulo,Nelson-Page,10970
2023-01-31,Decision São Paulo,Mann and Sons,10969
2023-01-30,Decision São Paulo,Nelson-Page,10968
2023-01-30,Decision São Paulo,Nelson-Page,10967
2023-01-30,Decision São Paulo,Nelson-Page,10966
2023-01-30,Decision São Paulo,Morrison Ltd,10965
2023-01-30,Decision São Paulo,"Pennington, Pittman and Ruiz",10964
2023-01-30,Decision São Paulo,"Pennington, Pittman and Ruiz",10963
2023-01-30,Decision Campinas,Evans PLC,10962
2023-01-30,Decision Campinas,Evans PLC,10961
2023-01-30,Decision São Paulo,Nelson-Page,10960
2023-01-30,Decision São Paulo,Nelson-Page,10959
2023-01-30,Decision São Paulo,"Blevins, Rodriguez and Adams",10958
2023-01-27,Decision Campinas,Miller-Curry,10957
2023-01-27,Decision Campinas,Miller-Curry,10956
2023-01-27,Decision Campinas,Miller-Curry,10955
2023-01-27,Decision Campinas,Miller-Curry,10954
2023-01-26,Decision Campinas,Miller-Curry,10953
2023-01-26,Decision São Paulo,Nelson-Page,10952
2023-01-26,Decision São Paulo,Nelson-Page,10951
2023-01-26,Decision São Paulo,Nelson-Page,10950
2023-01-26,Decision Campinas,Miller-Curry,10949
2023-01-26,Decision Campinas,Miller-Curry,10948
2023-01-26,Decision Campinas,Miller-Curry,10947
2023-01-26,Decision Campinas,Miller-Curry,10946
2023-01-26,Decision Campinas,Miller-Curry,10945
2023-01-26,Decision Campinas,Miller-Curry,10944
2023-01-24,Decision São Paulo,Nelson-Page,10941
2023-01-23,Decision São Paulo,Morrison Ltd,10940
2023-01-23,Decision São Paulo,Porter-Wilson,10939
2023-01-23,Decision São Paulo,"Blevins, Rodriguez and Adams",10937
2023-01-20,Decision Campinas,Miller-Curry,10936
2023-01-20,Decision Campinas,Miller-Curry,10935
2023-01-20,Decision Campinas,Miller-Curry,10934
2023-01-20,Decision São Paulo,"Cole, Vaughan and Davis",10928
2023-01-20,Decision São Paulo,Nelson-Page,10927
2023-01-19,Decision São Paulo,Porter-Wilson,10926
2023-01-18,Decision São Paulo,Morrison Ltd,10925
2023-01-17,Decision São Paulo,"Morris, Moran and Dodson",10924
2023-01-17,Decision São Paulo,Porter-Wilson,10923
2023-01-17,Decision São Paulo,Nelson-Page,10922
2023-01-17,Decision São Paulo,Nelson-Page,10921
2023-01-17,Decision São Paulo,Nelson-Page,10920
2023-01-17,Decision São Paulo,Nelson-Page,10919
2023-01-17,Decision Campinas,Miller-Curry,10918
2023-01-17,Decision Campinas,Miller-Curry,10917
2023-01-17,Decision Campinas,Miller-Curry,10916
2023-01-17,Decision Campinas,Miller-Curry,10915
2023-01-17,Decision Campinas,Miller-Curry,10914
2023-01-17,Decision Campinas,Miller-Curry,10913
2023-01-17,Decision Campinas,Miller-Curry,10912
2023-01-17,Decision Campinas,Miller-Curry,10911
2023-01-17,Decision Campinas,Miller-Curry,10910
2023-01-17,Decision Campinas,Miller-Curry,10909
2023-01-17,Decision Campinas,Miller-Curry,10908
2023-01-17,Decision Campinas,Miller-Curry,10907
2023-01-16,Decision São Paulo,"Bowers, Oconnor and Williams",10906
2023-01-16,Decision São Paulo,"Williams, Clark and Lynn",10905
2023-01-16,Decision São Paulo,Nelson-Page,10904
2023-01-16,Decision São Paulo,Nelson-Page,10903
2023-01-13,Decision Campinas,Miller-Curry,10902
2023-01-12,Decision São Paulo,Morrison Ltd,10901
2023-01-12,Decision São Paulo,"Morris, Moran and Dodson",10900
2023-01-12,Decision São Paulo,"Blevins, Rodriguez and Adams",10899
2023-01-12,Decision São Paulo,Jenkins-Walker,10898
2023-01-12,Decision São Paulo,Nelson-Page,10897
2023-01-11,Decision São Paulo,Morrison Ltd,10895
2023-01-11,Decision São Paulo,Nelson-Page,10894
2023-01-11,Decision São Paulo,Nelson-Page,10893
2023-01-11,Decision São Paulo,Nelson-Page,10892
2023-01-11,Decision São Paulo,Nelson-Page,10891
2023-01-11,Decision São Paulo,Nelson-Page,10890
2023-01-11,Decision São Paulo,Nelson-Page,10889
2023-01-11,Decision São Paulo,"Morris, Moran and Dodson",10888
2023-01-10,Decision São Paulo,Nelson-Page,10887
2023-01-10,Decision São Paulo,Nelson-Page,10886
2023-01-10,Decision São Paulo,Nelson-Page,10885
2023-01-10,Decision São Paulo,"Morris, Moran and Dodson",10884
2023-01-09,Decision São Paulo,Johnson-Pratt,10883
2023-01-09,Decision São Paulo,"Ramirez, Williams and Chandler",10882
2023-01-06,Decision São Paulo,Morrison Ltd,10881
2023-01-06,Decision São Paulo,Morrison Ltd,10880
2023-01-06,Decision São Paulo,Morrison Ltd,10879
2023-01-06,Decision São Paulo,Morrison Ltd,10878
2023-01-06,Decision São Paulo,"Wade, Bernard and Bailey",10877
2023-01-06,Decision São Paulo,"Wade, Bernard and Bailey",10876
2023-01-06,Decision São Paulo,"Wade, Bernard and Bailey",10875
2023-01-06,Decision São Paulo,"Wade, Bernard and Bailey",10874
2023-01-06,Decision São Paulo,"Wade, Bernard and Bailey",10873
2023-01-06,Decision São Paulo,"Wade, Bernard and Bailey",10872
2023-01-06,Decision São Paulo,"Wade, Bernard and Bailey",10871
2023-01-06,Decision São Paulo,Mann and Sons,10870
2023-01-06,Decision São Paulo,Mann and Sons,10869
2023-01-05,Decision Campinas,Miller-Curry,10868
2023-01-05,Decision Campinas,Miller-Curry,10867
2023-01-05,Decision Campinas,Miller-Curry,10866
2023-01-05,Decision Campinas,Miller-Curry,10865
2023-01-05,Decision Campinas,Miller-Curry,10864
2023-01-05,Decision Campinas,Miller-Curry,10863
2023-01-05,Decision Campinas,Miller-Curry,10862
2023-01-05,Decision Campinas,Miller-Curry,10861
2023-01-05,Decision Campinas,Miller-Curry,10860
2023-01-05,Decision São Paulo,"Morris, Moran and Dodson",10859
2023-01-04,Decision São Paulo,Mann and Sons,10858
2023-01-04,Decision São Paulo,Porter-Wilson,10857
2023-01-03,Decision São Paulo,Salas-Yoder,10856
2023-01-03,Decision São Paulo,Nelson-Page,10855
2023-01-03,Decision São Paulo,Nelson-Page,10854
2023-01-03,Decision São Paulo,Nelson-Page,10853
2023-01-03,Decision São Paulo,Nelson-Page,10852
2023-01-03,Decision São Paulo,Nelson-Page,10851
2023-01-02,Decision São Paulo,Nelson-Page,10850
2023-01-02,Decision São Paulo,Nelson-Page,10849
2023-01-02,Decision São Paulo,Nelson-Page,10848
2023-01-02,Decision São Paulo,Morrison Ltd,10847
2023-01-02,Decision São Paulo,Morrison Ltd,10846
2023-01-02,Decision São Paulo,Morrison Ltd,10845
2023-01-02,Decision São Paulo,Morrison Ltd,10844
2023-01-02,Decision São Paulo,"Gutierrez, Ward and Houston",10843
2023-01-02,Decision Campinas,Miller-Curry,10842
2023-01-02,Decision Campinas,Miller-Curry,10841
2022-12-29,Decision São Paulo,Morrison Ltd,10840
2022-12-29,Decision São Paulo,Callahan-Hall,10839
2022-12-28,Decision São Paulo,"Morris, Moran and Dodson",10838
2022-12-28,Decision São Paulo,"Morris, Moran and Dodson",10837
2022-12-28,Decision São Paulo,"Morris, Moran and Dodson",10836
2022-12-28,Decision São Paulo,Nelson-Page,10835
2022-12-28,Decision São Paulo,Nelson-Page,10834
2022-12-28,Decision São Paulo,Mann and Sons,10833
2022-12-28,Decision São Paulo,Mann and Sons,10832
2022-12-27,Decision São Paulo,"Blevins, Rodriguez and Adams",10831
2022-12-27,Decision Campinas,Miller-Curry,10830
2022-12-26,Decision São Paulo,Johnson-Pratt,10829
2022-12-26,Decision São Paulo,Porter-Wilson,10828
2022-12-26,Decision São Paulo,Nelson-Page,10827
2022-12-26,Decision São Paulo,Nelson-Page,10826
2022-12-26,Decision São Paulo,Nelson-Page,10824
2022-12-23,Decision São Paulo,Jenkins-Walker,10823
2022-12-22,Decision São Paulo,"Morris, Moran and Dodson",10822
2022-12-22,Decision Campinas,Miller-Curry,10821
2022-12-21,Decision São Paulo,"Williams, Clark and Lynn",10820
2022-12-21,Decision São Paulo,"Morris, Moran and Dodson",10819
2022-12-21,Decision São Paulo,"Bowers, Oconnor and Williams",10818
2022-12-21,Decision São Paulo,Mann and Sons,10817
2022-12-21,Decision Campinas,Miller-Curry,10816
2022-12-20,Decision São Paulo,Nelson-Page,10815
2022-12-19,Decision São Paulo,Johnson-Pratt,10814
2022-12-19,Decision São Paulo,"Miller, Tran and Chang",10813
2022-12-16,Decision Campinas,Miller-Curry,10812
2022-12-16,Decision Campinas,Miller-Curry,10811
2022-12-16,Decision Campinas,Miller-Curry,10810
2022-12-16,Decision Campinas,Miller-Curry,10809
2022-12-16,Decision Campinas,Miller-Curry,10808
2022-12-16,Decision Campinas,Miller-Curry,10807
2022-12-16,Decision Campinas,Miller-Curry,10806
2022-12-15,Decision São Paulo,Nelson-Page,10804
2022-12-15,Decision São Paulo,Nelson-Page,10803
2022-12-15,Decision São Paulo,Nelson-Page,10802
2022-12-15,Decision São Paulo,"Williams, Clark and Lynn",10801
2022-12-15,Decision São Paulo,"Williams, Clark and Lynn",10800
2022-12-15,Decision São Paulo,"Williams, Clark and Lynn",10799
2022-12-15,Decision São Paulo,Nelson-Page,10798
2022-12-15,Decision São Paulo,Nelson-Page,10797
2022-12-15,Decision São Paulo,Nelson-Page,10796
2022-12-15,Decision São Paulo,Nelson-Page,10795
2022-12-15,Decision São Paulo,Nelson-Page,10794
2022-12-15,Decision São Paulo,Nelson-Page,10793
2022-12-15,Decision São Paulo,Nelson-Page,10792
2022-12-15,Decision São Paulo,Nelson-Page,10791
2022-12-14,Decision São Paulo,Morrison Ltd,10790
2022-12-14,Decision São Paulo,Morrison Ltd,10789
2022-12-14,Decision São Paulo,"Morris, Moran and Dodson",10788
2022-12-14,Decision Campinas,Miller-Curry,10787
2022-12-13,Decision São Paulo,Walters Group,10786
2022-12-13,Decision Campinas,Miller-Curry,10785
2022-12-13,Decision Campinas,Miller-Curry,10784
2022-12-13,Decision São Paulo,"Ramirez, Williams and Chandler",10783
2022-12-12,Decision São Paulo,Jenkins-Walker,10782
2022-12-12,Decision São Paulo,Nelson-Page,10781
2022-12-12,Decision São Paulo,Porter-Wilson,10780
2022-12-07,Decision Campinas,Miller-Curry,10779
2022-12-07,Decision Campinas,Miller-Curry,10778
2022-12-07,Decision Campinas,Miller-Curry,10777
2022-12-07,Decision Campinas,Miller-Curry,10776
2022-12-07,Decision Campinas,Miller-Curry,10775
2022-12-07,Decision Campinas,Miller-Curry,10774
2022-12-07,Decision Campinas,Miller-Curry,10773
2022-12-07,Decision Campinas,Miller-Curry,10772
2022-12-07,Decision Campinas,Miller-Curry,10771
2022-12-07,Decision Campinas,Miller-Curry,10770
2022-12-05,Decision São Paulo,Nelson-Page,10769
2022-12-02,Decision São Paulo,"Cole, Vaughan and Davis",10768
2022-12-02,Decision São Paulo,"Cole, Vaughan and Davis",10767
2022-12-01,Decision São Paulo,Morrison Ltd,10766
2022-12-01,Decision São Paulo,Morrison Ltd,10765
2022-12-01,Decision São Paulo,Morrison Ltd,10764
2022-12-01,Decision São Paulo,Morrison Ltd,10763
2022-12-01,Decision São Paulo,Morrison Ltd,10762
2022-12-01,Decision São Paulo,Nelson-Page,10761
2022-12-01,Decision São Paulo,Nelson-Page,10760
2022-12-01,Decision São Paulo,Nelson-Page,10759
2022-12-01,Decision São Paulo,Nelson-Page,10758
2022-12-01,Decision São Paulo,Nelson-Page,10757
2022-11-30,Decision São Paulo,Morrison Ltd,10756
2022-11-30,Decision São Paulo,Nelson-Page,10755
2022-11-30,Decision São Paulo,Morrison Ltd,10754
2022-11-30,Decision São Paulo,Morrison Ltd,10753
2022-11-30,Decision São Paulo,Morrison Ltd,10752
2022-11-30,Decision São Paulo,Morrison Ltd,10751
2022-11-30,Decision São Paulo,Morrison Ltd,10750
2022-11-30,Decision Campinas,Miller-Curry,10749
2022-11-30,Decision São Paulo,Nelson-Page,10748
2022-11-30,Decision São Paulo,Porter-Wilson,10747
2022-11-30,Decision São Paulo,"Morris, Moran and Dodson",10745
2022-11-29,Decision São Paulo,"Morris, Moran and Dodson",10744
2022-11-29,Decision São Paulo,"Morris, Moran and Dodson",10743
2022-11-29,Decision São Paulo,"Morris, Moran and Dodson",10742
2022-11-29,Decision Campinas,Miller-Curry,10741
2022-11-29,Decision São Paulo,"Morris, Moran and Dodson",10740
2022-11-29,Decision Campinas,Miller-Curry,10739
2022-11-29,Decision São Paulo,"Morris, Moran and Dodson",10738
2022-11-29,Decision São Paulo,"Morris, Moran and Dodson",10737
2022-11-29,Decision São Paulo,"Morris, Moran and Dodson",10736
2022-11-29,Decision São Paulo,Nelson-Page,10735
2022-11-29,Decision São Paulo,Nelson-Page,10734
2022-11-29,Decision São Paulo,Nelson-Page,10733
2022-11-29,Decision São Paulo,Nelson-Page,10732
2022-11-29,Decision São Paulo,Nelson-Page,10731
2022-11-29,Decision São Paulo,Nelson-Page,10730
2022-11-28,Decision São Paulo,Morrison Ltd,10729
2022-11-28,Decision Campinas,Miller-Curry,10728
2022-11-28,Decision São Paulo,"Ramirez, Williams and Chandler",10727
2022-11-25,Decision São Paulo,Nelson-Page,10726
2022-11-25,Decision São Paulo,Nelson-Page,10725
2022-11-25,Decision São Paulo,Nelson-Page,10724
2022-11-25,Decision São Paulo,Nelson-Page,10723
2022-11-25,Decision São Paulo,Nelson-Page,10722
2022-11-25,Decision São Paulo,Nelson-Page,10721
2022-11-25,Decision São Paulo,Nelson-Page,10720
2022-11-25,Decision São Paulo,Nelson-Page,10719
2022-11-25,Decision São Paulo,Nelson-Page,10718
2022-11-25,Decision São Paulo,"Ramirez, Williams and Chandler",10717
2022-11-24,Decision São Paulo,Johnson-Pratt,10715
2022-11-23,Decision São Paulo,Porter-Wilson,10714
2022-11-22,Decision São Paulo,Porter-Wilson,10713
2022-11-22,Decision Campinas,Miller-Curry,10712
2022-11-22,Decision Campinas,Miller-Curry,10711
2022-11-22,Decision São Paulo,"Wade, Bernard and Bailey",10710
2022-11-22,Decision São Paulo,Nelson-Page,10708
2022-11-21,Decision São Paulo,Nelson-Page,10706
2022-11-21,Decision São Paulo,Morrison Ltd,10705
2022-11-21,Decision São Paulo,Morrison Ltd,10704
2022-11-21,Decision São Paulo,Morrison Ltd,10703
2022-11-21,Decision São Paulo,Morrison Ltd,10702
2022-11-21,Decision São Paulo,Morrison Ltd,10701
2022-11-21,Decision São Paulo,Morrison Ltd,10700
2022-11-21,Decision São Paulo,Morrison Ltd,10699
2022-11-21,Decision São Paulo,Morrison Ltd,10698
2022-11-21,Decision São Paulo,Morrison Ltd,10697
2022-11-21,Decision São Paulo,Nelson-Page,10696
2022-11-21,Decision São Paulo,Nelson-Page,10695
2022-11-21,Decision São Paulo,Nelson-Page,10694
2022-11-21,Decision São Paulo,Nelson-Page,10693
2022-11-18,Decision São Paulo,Mann and Sons,10692
2022-11-18,Decision São Paulo,Nelson-Page,10691
2022-11-18,Decision Campinas,Miller-Curry,10690
2022-11-18,Decision Campinas,Miller-Curry,10689
2022-11-18,Decision Campinas,Miller-Curry,10688
2022-11-18,Decision Campinas,Miller-Curry,10687
2022-11-18,Decision Campinas,Miller-Curry,10686
2022-11-17,Decision São Paulo,"Morris, Moran and Dodson",10685
2022-11-17,Decision São Paulo,Nelson-Page,10684
2022-11-16,Decision São Paulo,Morrison Ltd,10683
2022-11-16,Decision São Paulo,"Morris, Moran and Dodson",10682
2022-11-16,Decision São Paulo,Porter-Wilson,10681
2022-11-16,Decision São Paulo,"Morris, Moran and Dodson",10680
2022-11-16,Decision São Paulo,"Morris, Moran and Dodson",10679
2022-11-16,Decision São Paulo,"Morris, Moran and Dodson",10678
2022-11-14,Decision São Paulo,Jenkins-Walker,10677
2022-11-14,Decision São Paulo,Jenkins-Walker,10676
2022-11-14,Decision São Paulo,Walters Group,10675
2022-11-14,Decision Campinas,Miller-Curry,10674
2022-11-14,Decision Campinas,Miller-Curry,10673
2022-11-14,Decision Campinas,Miller-Curry,10672
2022-11-14,Decision Campinas,Miller-Curry,10671
2022-11-14,Decision Campinas,Miller-Curry,10670
2022-11-14,Decision Campinas,Miller-Curry,10669
2022-11-14,Decision Campinas,Miller-Curry,10668
2022-11-11,Decision São Paulo,Johnson-Pratt,10667
2022-11-11,Decision São Paulo,Johnson-Pratt,10666
2022-11-11,Decision São Paulo,Thomas-Russell,10665
2022-11-11,Decision São Paulo,Thomas-Russell,10664
2022-11-11,Decision São Paulo,Thomas-Russell,10663
2022-11-10,Decision Campinas,Miller-Curry,10662
2022-11-10,Decision São Paulo,Porter-Wilson,10661
2022-11-10,Decision São Paulo,Nelson-Page,10660
2022-11-10,Decision São Paulo,Nelson-Page,10659
2022-11-10,Decision São Paulo,Nelson-Page,10658
2022-11-10,Decision Campinas,Miller-Curry,10657
2022-11-10,Decision São Paulo,"Morris, Moran and Dodson",10656
2022-11-09,Decision Campinas,Miller-Curry,10655
2022-11-09,Decision São Paulo,Nelson-Page,10654
2022-11-09,Decision São Paulo,Nelson-Page,10653
2022-11-09,Decision Campinas,Miller-Curry,10652
2022-11-09,Decision São Paulo,Nelson-Page,10651
2022-11-09,Decision Campinas,Miller-Curry,10650
2022-11-09,Decision Campinas,Miller-Curry,10649
2022-11-09,Decision Campinas,Miller-Curry,10648
2022-11-09,Decision Campinas,Miller-Curry,10647
2022-11-09,Decision São Paulo,Nelson-Page,10646
2022-11-09,Decision São Paulo,Nelson-Page,10645
2022-11-09,Decision Campinas,Miller-Curry,10644
2022-11-09,Decision Campinas,Miller-Curry,10643
2022-11-09,Decision Campinas,Miller-Curry,10642
2022-11-09,Decision Campinas,Miller-Curry,10641
2022-11-09,Decision Campinas,Miller-Curry,10640
2022-11-09,Decision São Paulo,Nelson-Page,10639
2022-11-09,Decision Campinas,Miller-Curry,10638
2022-11-09,Decision Campinas,Miller-Curry,10637
2022-11-09,Decision Campinas,Miller-Curry,10636
2022-11-09,Decision São Paulo,Nelson-Page,10635
2022-11-09,Decision São Paulo,Nelson-Page,10634
2022-11-09,Decision São Paulo,Nelson-Page,10633
2022-11-09,Decision São Paulo,Morrison Ltd,10632
2022-11-09,Decision São Paulo,"Morris, Moran and Dodson",10631
2022-11-09,Decision São Paulo,"Morris, Moran and Dodson",10630
2022-11-09,Decision São Paulo,Nelson-Page,10629
2022-11-07,Decision São Paulo,Nelson-Page,10628
2022-11-07,Decision São Paulo,Morrison Ltd,10627
2022-11-07,Decision São Paulo,Morrison Ltd,10626
2022-11-07,Decision São Paulo,Morrison Ltd,10624
2022-11-07,Decision São Paulo,Morrison Ltd,10623
2022-11-07,Decision São Paulo,Morrison Ltd,10622
2022-11-07,Decision São Paulo,Nelson-Page,10621
2022-11-07,Decision São Paulo,Porter-Wilson,10620
2022-11-07,Decision São Paulo,"Morris, Moran and Dodson",10619
2022-11-07,Decision São Paulo,"Morris, Moran and Dodson",10618
2022-11-07,Decision São Paulo,Mann and Sons,10617
2022-11-07,Decision São Paulo,Mann and Sons,10616
2022-11-07,Decision São Paulo,Mann and Sons,10615
2022-11-04,Decision Campinas,Miller-Curry,10614
2022-11-03,Decision São Paulo,"Morris, Moran and Dodson",10613
2022-11-03,Decision São Paulo,Nelson-Page,10612
2022-11-01,Decision Campinas,Miller-Curry,10611
2022-11-01,Decision Campinas,Miller-Curry,10610
2022-11-01,Decision Campinas,Miller-Curry,10609
2022-11-01,Decision Campinas,Miller-Curry,10608
2022-11-01,Decision Campinas,Miller-Curry,10607
2022-11-01,Decision Campinas,Miller-Curry,10606
2022-11-01,Decision São Paulo,Jenkins-Walker,10604
2022-11-01,Decision São Paulo,Mann and Sons,10603
2022-11-01,Decision São Paulo,"Wade, Bernard and Bailey",10602
2022-10-31,Decision Campinas,Miller-Curry,10601
2022-10-31,Decision Campinas,Miller-Curry,10600
2022-10-31,Decision Campinas,Miller-Curry,10599
2022-10-31,Decision São Paulo,"Wade, Bernard and Bailey",10597
2022-10-31,Decision São Paulo,Nelson-Page,10596
2022-10-31,Decision São Paulo,Nelson-Page,10595
2022-10-31,Decision São Paulo,Nelson-Page,10594
2022-10-28,Decision São Paulo,Nelson-Page,10593
2022-10-28,Decision São Paulo,"Gutierrez, Ward and Houston",10592
2022-10-28,Decision São Paulo,Bishop-Reed,10591
2022-10-28,Decision São Paulo,Bishop-Reed,10590
2022-10-28,Decision São Paulo,Morrison Ltd,10589
2022-10-27,Decision São Paulo,Mann and Sons,10588
2022-10-27,Decision São Paulo,"Miller, Tran and Chang",10587
2022-10-27,Decision São Paulo,"Miller, Tran and Chang",10586
2022-10-27,Decision São Paulo,"Miller, Tran and Chang",10585
2022-10-27,Decision São Paulo,"Miller, Tran and Chang",10584
2022-10-27,Decision São Paulo,Morrison Ltd,10583
2022-10-27,Decision São Paulo,Morrison Ltd,10582
2022-10-27,Decision São Paulo,Nelson-Page,10581
2022-10-27,Decision São Paulo,Porter-Wilson,10580
2022-10-27,Decision Campinas,Miller-Curry,10579
2022-10-27,Decision Campinas,Miller-Curry,10578
2022-10-27,Decision Campinas,Miller-Curry,10577
2022-10-27,Decision Campinas,Miller-Curry,10576
2022-10-27,Decision Campinas,Miller-Curry,10575
2022-10-27,Decision Campinas,Miller-Curry,10574
2022-10-27,Decision Campinas,Miller-Curry,10573
2022-10-27,Decision São Paulo,Nelson-Page,10572
2022-10-27,Decision São Paulo,"Morris, Moran and Dodson",10571
2022-10-26,Decision Campinas,Miller-Curry,10570
2022-10-26,Decision Campinas,Miller-Curry,10569
2022-10-26,Decision Campinas,Miller-Curry,10568
2022-10-26,Decision São Paulo,Porter-Wilson,10567
2022-10-26,Decision São Paulo,Nelson-Page,10566
2022-10-26,Decision São Paulo,Nelson-Page,10565
2022-10-26,Decision São Paulo,Nelson-Page,10564
2022-10-26,Decision São Paulo,Nelson-Page,10563
2022-10-26,Decision São Paulo,Nelson-Page,10562
2022-10-25,Decision São Paulo,Morrison Ltd,10561
2022-10-25,Decision São Paulo,"Morris, Moran and Dodson",10560
2022-10-25,Decision São Paulo,Nelson-Page,10559
2022-10-25,Decision São Paulo,Porter-Wilson,10558
2022-10-25,Decision São Paulo,"Miller, Tran and Chang",10557
2022-10-25,Decision São Paulo,"Morris, Moran and Dodson",10556
2022-10-25,Decision São Paulo,Callahan-Hall,10555
2022-10-24,Decision São Paulo,"Ramirez, Williams and Chandler",10554
2022-10-24,Decision São Paulo,Nelson-Page,10553
2022-10-24,Decision São Paulo,Nelson-Page,10552
2022-10-21,Decision São Paulo,Nelson-Page,10551
2022-10-21,Decision São Paulo,Morrison Ltd,10550
2022-10-21,Decision São Paulo,Mann and Sons,10549
2022-10-21,Decision São Paulo,Mann and Sons,10548
2022-10-21,Decision Campinas,Miller-Curry,10547
2022-10-21,Decision São Paulo,Mann and Sons,10546
2022-10-21,Decision São Paulo,Nelson-Page,10545
2022-10-21,Decision Campinas,Miller-Curry,10544
2022-10-20,Decision São Paulo,Morrison Ltd,10543
2022-10-20,Decision São Paulo,Jenkins-Walker,10542
2022-10-20,Decision São Paulo,Nelson-Page,10541
2022-10-20,Decision Campinas,Miller-Curry,10540
2022-10-20,Decision Campinas,Miller-Curry,10539
2022-10-20,Decision Campinas,Miller-Curry,10538
2022-10-20,Decision São Paulo,Mann and Sons,10537
2022-10-20,Decision Campinas,Miller-Curry,10536
2022-10-20,Decision São Paulo,Mann and Sons,10535
2022-10-20,Decision Campinas,Miller-Curry,10534
2022-10-20,Decision São Paulo,Mann and Sons,10533
2022-10-20,Decision Campinas,Miller-Curry,10532
2022-10-20,Decision Campinas,Miller-Curry,10531
2022-10-20,Decision Campinas,Miller-Curry,10530
2022-10-20,Decision Campinas,Miller-Curry,10529
2022-10-20,Decision São Paulo,Mann and Sons,10528
2022-10-20,Decision São Paulo,Morrison Ltd,10527
2022-10-20,Decision Campinas,Miller-Curry,10526
2022-10-19,Decision São Paulo,"Morris, Moran and Dodson",10525
2022-10-19,Decision São Paulo,Morrison Ltd,10524
2022-10-19,Decision São Paulo,Morrison Ltd,10523
2022-10-19,Decision Campinas,Miller-Curry,10522
2022-10-19,Decision Campinas,Miller-Curry,10521
2022-10-19,Decision Campinas,Miller-Curry,10520
2022-10-19,Decision Campinas,Miller-Curry,10519
2022-10-19,Decision Campinas,Miller-Curry,10518
2022-10-19,Decision Campinas,Miller-Curry,10517
2022-10-19,Decision São Paulo,Nelson-Page,10516
2022-10-19,Decision São Paulo,"Morris, Moran and Dodson",10515
2022-10-19,Decision São Paulo,Bell Group,10514
2022-10-19,Decision São Paulo,Nelson-Page,10513
2022-10-19,Decision São Paulo,Porter-Wilson,10512
2022-10-19,Decision São Paulo,Morrison Ltd,10511
2022-10-19,Decision São Paulo,Morrison Ltd,10510
2022-10-19,Decision São Paulo,Porter-Wilson,10509
2022-10-19,Decision São Paulo,Nelson-Page,10508
2022-10-19,Decision São Paulo,Nelson-Page,10507
2022-10-19,Decision São Paulo,Nelson-Page,10506
2022-10-19,Decision São Paulo,Nelson-Page,10505
2022-10-19,Decision Campinas,Miller-Curry,10504
2022-10-19,Decision Campinas,Miller-Curry,10503
2022-10-19,Decision Campinas,Miller-Curry,10502
2022-10-19,Decision São Paulo,Johnson-Pratt,10501
2022-10-18,Decision São Paulo,Morrison Ltd,10500
2022-10-18,Decision São Paulo,Mann and Sons,10499
2022-10-18,Decision São Paulo,Jenkins-Walker,10498
2022-10-18,Decision São Paulo,Nelson-Page,10497
2022-10-17,Decision São Paulo,Callahan-Hall,10496
2022-10-17,Decision São Paulo,Morrison Ltd,10495
2022-10-17,Decision São Paulo,Mann and Sons,10494
2022-10-14,Decision São Paulo,Johnson-Pratt,10493
2022-10-14,Decision São Paulo,Morrison Ltd,10492
2022-10-14,Decision São Paulo,"Williams, Clark and Lynn",10491
2022-10-14,Decision Campinas,Miller-Curry,10490
2022-10-14,Decision São Paulo,Dougherty-Gilbert,10489
2022-10-14,Decision São Paulo,Dougherty-Gilbert,10488
2022-10-14,Decision São Paulo,Nelson-Page,10487
2022-10-14,Decision São Paulo,"Morris, Moran and Dodson",10486
2022-10-13,Decision São Paulo,Mann and Sons,10485
2022-10-13,Decision São Paulo,Nelson-Page,10484
2022-10-13,Decision São Paulo,Jenkins-Walker,10483
2022-10-13,Decision São Paulo,Porter-Wilson,10482
2022-10-13,Decision São Paulo,Nelson-Page,10481
2022-10-13,Decision São Paulo,Nelson-Page,10480
2022-10-13,Decision São Paulo,Nelson-Page,10479
2022-10-13,Decision São Paulo,Nelson-Page,10478
2022-10-13,Decision São Paulo,"Wade, Bernard and Bailey",10477
2022-10-13,Decision São Paulo,Nelson-Page,10476
2022-10-13,Decision São Paulo,"Miller, Tran and Chang",10475
2022-10-13,Decision São Paulo,Nelson-Page,10474
2022-10-13,Decision São Paulo,Nelson-Page,10473
2022-10-11,Decision São Paulo,"Morris, Moran and Dodson",10472
2022-10-11,Decision São Paulo,"Morris, Moran and Dodson",10471
2022-10-11,Decision São Paulo,Morrison Ltd,10470
2022-10-11,Decision São Paulo,Morrison Ltd,10469
2022-10-11,Decision São Paulo,Morrison Ltd,10468
2022-10-11,Decision São Paulo,Morrison Ltd,10467
2022-10-11,Decision São Paulo,Morrison Ltd,10466
2022-10-11,Decision São Paulo,Morrison Ltd,10465
2022-10-11,Decision São Paulo,Morrison Ltd,10464
2022-10-11,Decision São Paulo,Morrison Ltd,10463
2022-10-11,Decision São Paulo,Morrison Ltd,10462
2022-10-11,Decision Campinas,Miller-Curry,10461
2022-10-11,Decision São Paulo,Mann and Sons,10460
2022-10-11,Decision São Paulo,Porter-Wilson,10459
2022-10-10,Decision São Paulo,"Blevins, Rodriguez and Adams",10458
2022-10-10,Decision São Paulo,Nelson-Page,10457
2022-10-10,Decision São Paulo,Nelson-Page,10456
2022-10-10,Decision São Paulo,Nelson-Page,10455
2022-10-07,Decision Campinas,Miller-Curry,10454
2022-10-07,Decision Campinas,Miller-Curry,10453
2022-10-07,Decision Campinas,Miller-Curry,10452
2022-10-07,Decision Campinas,Miller-Curry,10451
2022-10-07,Decision Campinas,Miller-Curry,10450
2022-10-07,Decision Campinas,Miller-Curry,10449
2022-10-07,Decision Campinas,Miller-Curry,10448
2022-10-07,Decision Campinas,Miller-Curry,10447
2022-10-07,Decision Campinas,Miller-Curry,10446
2022-10-07,Decision São Paulo,Nelson-Page,10445
2022-10-07,Decision Campinas,Miller-Curry,10444
2022-10-07,Decision São Paulo,Morrison Ltd,10443
2022-10-07,Decision São Paulo,Jenkins-Walker,10442
2022-10-07,Decision Campinas,Miller-Curry,10441
2022-10-07,Decision Campinas,Miller-Curry,10440
2022-10-07,Decision Campinas,Miller-Curry,10439
2022-10-07,Decision Campinas,Miller-Curry,10438
2022-10-06,Decision São Paulo,Nelson-Page,10437
2022-10-06,Decision São Paulo,Nelson-Page,10436
2022-10-06,Decision São Paulo,Nelson-Page,10435
2022-10-06,Decision São Paulo,Larsen-Barker,10434
2022-10-06,Decision São Paulo,Larsen-Barker,10433
2022-10-06,Decision São Paulo,Larsen-Barker,10432
2022-10-06,Decision São Paulo,Larsen-Barker,10431
2022-10-06,Decision São Paulo,Larsen-Barker,10430
2022-10-06,Decision São Paulo,Larsen-Barker,10429
2022-10-06,Decision São Paulo,Larsen-Barker,10428
2022-10-06,Decision São Paulo,Larsen-Barker,10427
2022-10-06,Decision São Paulo,Larsen-Barker,10426
2022-10-06,Decision São Paulo,Larsen-Barker,10425
2022-10-06,Decision Campinas,Miller-Curry,10424
2022-10-06,Decision Campinas,Miller-Curry,10423
2022-10-06,Decision Campinas,Miller-Curry,10422
2022-10-06,Decision Campinas,Miller-Curry,10421
2022-10-06,Decision Campinas,Miller-Curry,10420
2022-10-06,Decision Campinas,Miller-Curry,10419
2022-10-05,Decision São Paulo,Nelson-Page,10418
2022-10-05,Decision São Paulo,"Morris, Moran and Dodson",10417
2022-10-05,Decision São Paulo,"Morris, Moran and Dodson",10416
2022-10-05,Decision São Paulo,"Morris, Moran and Dodson",10415
2022-10-05,Decision São Paulo,Mann and Sons,10414
2022-10-05,Decision São Paulo,"Morris, Moran and Dodson",10413
2022-10-05,Decision São Paulo,"Morris, Moran and Dodson",10412
2022-10-05,Decision São Paulo,"Blevins, Rodriguez and Adams",10411
2022-10-05,Decision São Paulo,Mann and Sons,10410
2022-10-05,Decision São Paulo,Mann and Sons,10409
2022-10-05,Decision São Paulo,Mann and Sons,10408
2022-10-05,Decision São Paulo,Mann and Sons,10407
2022-10-05,Decision São Paulo,Mann and Sons,10406
2022-10-05,Decision Campinas,Miller-Curry,10405
2022-10-04,Decision Campinas,Miller-Curry,10404
2022-10-04,Decision Campinas,Miller-Curry,10403
2022-10-04,Decision Campinas,Miller-Curry,10402
2022-10-04,Decision Campinas,Miller-Curry,10401
2022-10-04,Decision Campinas,Miller-Curry,10400
2022-10-04,Decision São Paulo,Callahan-Hall,10399
2022-10-04,Decision São Paulo,Callahan-Hall,10398
2022-10-04,Decision São Paulo,Callahan-Hall,10397
2022-10-04,Decision São Paulo,Nelson-Page,10396
2022-10-04,Decision Campinas,Miller-Curry,10393
2022-10-04,Decision Campinas,Miller-Curry,10392
2022-10-04,Decision Campinas,Miller-Curry,10391
2022-10-04,Decision Campinas,Miller-Curry,10390
2022-10-04,Decision Campinas,Miller-Curry,10389
2022-10-04,Decision São Paulo,"Miller, Tran and Chang",10388
2022-10-04,Decision São Paulo,Mann and Sons,10387
2022-10-04,Decision São Paulo,"Miller, Tran and Chang",10386
2022-10-04,Decision São Paulo,Mann and Sons,10385
2022-10-04,Decision Campinas,Miller-Curry,10378
2022-10-04,Decision São Paulo,Mann and Sons,10377
2022-10-04,Decision São Paulo,Mann and Sons,10376
2022-10-04,Decision São Paulo,Mann and Sons,10375
2022-10-04,Decision São Paulo,Mann and Sons,10374
2022-10-04,Decision São Paulo,Mann and Sons,10373
2022-10-03,Decision São Paulo,"Williams, Clark and Lynn",10372
2022-10-03,Decision Campinas,Miller-Curry,10371
2022-10-03,Decision São Paulo,"Blevins, Rodriguez and Adams",10370
2022-09-30,Decision São Paulo,Morrison Ltd,10369
2022-09-30,Decision São Paulo,Jimenez PLC,10368
2022-09-30,Decision São Paulo,"Blevins, Rodriguez and Adams",10367
2022-09-30,Decision São Paulo,Barnes-Woods,10366
2022-09-30,Decision São Paulo,Jenkins-Walker,10365
2022-09-29,Decision São Paulo,Barnes-Woods,10364
2022-09-29,Decision São Paulo,"Morris, Moran and Dodson",10363
2022-09-29,Decision São Paulo,"Morris, Moran and Dodson",10362
2022-09-29,Decision São Paulo,Morrison Ltd,10361
2022-09-29,Decision São Paulo,Morrison Ltd,10360
2022-09-29,Decision Campinas,Miller-Curry,10359
2022-09-29,Decision Campinas,Miller-Curry,10358
2022-09-29,Decision Campinas,Miller-Curry,10357
2022-09-29,Decision São Paulo,Walters Group,10356
2022-09-28,Decision São Paulo,Barnes-Woods,10355
2022-09-28,Decision São Paulo,Barnes-Woods,10354
2022-09-28,Decision São Paulo,Barnes-Woods,10353
2022-09-28,Decision São Paulo,Nelson-Page,10352
2022-09-28,Decision São Paulo,Nelson-Page,10351
2022-09-28,Decision São Paulo,Jenkins-Walker,10350
2022-09-28,Decision São Paulo,"Morris, Moran and Dodson",10349
2022-09-28,Decision São Paulo,Jenkins-Walker,10348
2022-09-28,Decision São Paulo,Jenkins-Walker,10347
2022-09-28,Decision São Paulo,Jenkins-Walker,10346
2022-09-28,Decision São Paulo,Jenkins-Walker,10345
2022-09-28,Decision São Paulo,"Williams, Clark and Lynn",10344
2022-09-28,Decision São Paulo,"Williams, Clark and Lynn",10343
2022-09-28,Decision São Paulo,"Williams, Clark and Lynn",10342
2022-09-28,Decision São Paulo,"Williams, Clark and Lynn",10341
2022-09-28,Decision São Paulo,Porter-Wilson,10340
2022-09-28,Decision São Paulo,"Williams, Clark and Lynn",10339
2022-09-27,Decision São Paulo,"Morris, Moran and Dodson",10338
2022-09-27,Decision São Paulo,"Blevins, Rodriguez and Adams",10337
2022-09-27,Decision São Paulo,Nelson-Page,10336
2022-09-26,Decision São Paulo,Nelson-Page,10335
2022-09-26,Decision São Paulo,Nelson-Page,10334
2022-09-22,Decision São Paulo,Morrison Ltd,10333
2022-09-22,Decision São Paulo,Morrison Ltd,10332
2022-09-22,Decision São Paulo,Morrison Ltd,10331
2022-09-22,Decision São Paulo,Morrison Ltd,10330
2022-09-22,Decision São Paulo,Nelson-Page,10329
2022-09-22,Decision São Paulo,Morrison Ltd,10328
2022-09-22,Decision São Paulo,Nelson-Page,10327
2022-09-22,Decision São Paulo,Nelson-Page,10326
2022-09-22,Decision São Paulo,Nelson-Page,10325
2022-09-22,Decision São Paulo,Porter-Wilson,10324
2022-09-22,Decision São Paulo,Barnes-Woods,10323
2022-09-22,Decision São Paulo,Barnes-Woods,10322
2022-09-22,Decision São Paulo,Barnes-Woods,10321
2022-09-22,Decision São Paulo,Barnes-Woods,10320
2022-09-21,Decision São Paulo,Mann and Sons,10319
2022-09-21,Decision São Paulo,Mann and Sons,10318
2022-09-21,Decision São Paulo,Mann and Sons,10317
2022-09-21,Decision São Paulo,Mann and Sons,10316
2022-09-21,Decision São Paulo,Mann and Sons,10315
2022-09-21,Decision São Paulo,Mann and Sons,10314
2022-09-21,Decision São Paulo,Mann and Sons,10313
2022-09-21,Decision São Paulo,Nelson-Page,10312
2022-09-21,Decision São Paulo,Nelson-Page,10311
2022-09-21,Decision São Paulo,Morrison Ltd,10310
2022-09-20,Decision São Paulo,Morrison Ltd,10309
2022-09-20,Decision São Paulo,Johnson-Pratt,10308
2022-09-20,Decision São Paulo,Johnson-Pratt,10307
2022-09-20,Decision São Paulo,Nelson-Page,10306
2022-09-20,Decision São Paulo,Jenkins-Walker,10305
2022-09-20,Decision São Paulo,Nelson-Page,10304
2022-09-20,Decision São Paulo,Nelson-Page,10303
2022-09-20,Decision São Paulo,Mann and Sons,10302
2022-09-20,Decision São Paulo,Mann and Sons,10301
2022-09-20,Decision São Paulo,Mann and Sons,10300
2022-09-20,Decision São Paulo,Mann and Sons,10299
2022-09-20,Decision São Paulo,Barnes-Woods,10298
2022-09-19,Decision São Paulo,Johnson-Pratt,10297
2022-09-19,Decision São Paulo,Morrison Ltd,10296
2022-09-19,Decision São Paulo,"Morris, Moran and Dodson",10295
2022-09-19,Decision São Paulo,"Morris, Moran and Dodson",10294
2022-09-19,Decision São Paulo,"Morris, Moran and Dodson",10293
2022-09-19,Decision São Paulo,Nelson-Page,10292
2022-09-19,Decision São Paulo,Nelson-Page,10291
2022-09-19,Decision São Paulo,Nelson-Page,10290
2022-09-19,Decision São Paulo,Nelson-Page,10289
2022-09-19,Decision São Paulo,"Morris, Moran and Dodson",10288
2022-09-19,Decision São Paulo,Dougherty-Gilbert,10287
2022-09-16,Decision São Paulo,Nelson-Page,10285
2022-09-16,Decision São Paulo,Nelson-Page,10284
2022-09-16,Decision São Paulo,Nelson-Page,10283
2022-09-16,Decision São Paulo,Nelson-Page,10282
2022-09-15,Decision São Paulo,Callahan-Hall,10280
2022-09-15,Decision São Paulo,Mann and Sons,10279
2022-09-15,Decision São Paulo,Mann and Sons,10278
2022-09-15,Decision São Paulo,Mann and Sons,10277
2022-09-15,Decision São Paulo,Mann and Sons,10276
2022-09-15,Decision São Paulo,Mann and Sons,10275
2022-09-15,Decision São Paulo,Mann and Sons,10274
2022-09-15,Decision São Paulo,Mann and Sons,10273
2022-09-15,Decision São Paulo,Robinson-Johnson,10272
2022-09-15,Decision São Paulo,Mann and Sons,10271
2022-09-15,Decision São Paulo,Callahan-Hall,10270
2022-09-14,Decision São Paulo,Craig-Webb,10269
2022-09-14,Decision São Paulo,Nelson-Page,10268
2022-09-14,Decision São Paulo,Nelson-Page,10267
2022-09-14,Decision São Paulo,Nelson-Page,10266
2022-09-14,Decision São Paulo,Nelson-Page,10265
2022-09-14,Decision São Paulo,Nelson-Page,10264
2022-09-14,Decision São Paulo,Nelson-Page,10263
2022-09-14,Decision São Paulo,Nelson-Page,10261
2022-09-14,Decision São Paulo,Nelson-Page,10260
2022-09-14,Decision São Paulo,Jenkins-Walker,10259
2022-09-14,Decision São Paulo,Nelson-Page,10258
2022-09-14,Decision São Paulo,Nelson-Page,10257
2022-09-13,Decision São Paulo,Morrison Ltd,10256
2022-09-13,Decision São Paulo,Morrison Ltd,10255
2022-09-13,Decision São Paulo,Mann and Sons,10254
2022-09-13,Decision São Paulo,Mann and Sons,10253
2022-09-13,Decision São Paulo,Mann and Sons,10252
2022-09-13,Decision São Paulo,Craig-Webb,10251
2022-09-12,Decision São Paulo,Morrison Ltd,10250
2022-09-12,Decision São Paulo,Morrison Ltd,10249
2022-09-12,Decision São Paulo,Mann and Sons,10248
2022-09-12,Decision São Paulo,Mann and Sons,10247
2022-09-12,Decision São Paulo,Mann and Sons,10246
2022-09-12,Decision São Paulo,Mann and Sons,10245
2022-09-12,Decision São Paulo,Mann and Sons,10244
2022-09-12,Decision São Paulo,Jenkins-Walker,10243
2022-09-12,Decision São Paulo,Jenkins-Walker,10242
2022-09-12,Decision São Paulo,Jenkins-Walker,10241
2022-09-12,Decision São Paulo,Jenkins-Walker,10240
2022-09-12,Decision São Paulo,Jenkins-Walker,10239
2022-09-12,Decision São Paulo,Nelson-Page,10238
2022-09-12,Decision São Paulo,Nelson-Page,10237
2022-09-12,Decision São Paulo,Nelson-Page,10236
2022-09-12,Decision São Paulo,Nelson-Page,10235
2022-09-12,Decision São Paulo,Callahan-Hall,10234
2022-09-12,Decision São Paulo,Mann and Sons,10233
2022-09-12,Decision São Paulo,Mann and Sons,10232
2022-09-12,Decision São Paulo,Mann and Sons,10231
2022-09-12,Decision Campinas,Miller-Curry,10230
2022-09-09,Decision São Paulo,Nelson-Page,10229
2022-09-09,Decision São Paulo,Nelson-Page,10228
2022-09-09,Decision São Paulo,"Morris, Moran and Dodson",10227
2022-09-09,Decision São Paulo,"Morris, Moran and Dodson",10226
2022-09-09,Decision São Paulo,Morrison Ltd,10225
2022-09-09,Decision São Paulo,Morrison Ltd,10224
2022-09-09,Decision São Paulo,"Morris, Moran and Dodson",10223
2022-09-09,Decision São Paulo,"Morris, Moran and Dodson",10222
2022-09-08,Decision São Paulo,Porter-Wilson,10221
2022-09-08,Decision São Paulo,"Blevins, Rodriguez and Adams",10220
2022-09-08,Decision São Paulo,Mann and Sons,10219
2022-09-08,Decision São Paulo,Porter-Wilson,10218
2022-09-08,Decision São Paulo,Porter-Wilson,10217
2022-09-08,Decision São Paulo,Mann and Sons,10216
2022-09-08,Decision São Paulo,Porter-Wilson,10215
2022-09-08,Decision São Paulo,Mann and Sons,10214
2022-09-08,Decision São Paulo,Barnes-Woods,10213
2022-09-08,Decision São Paulo,Barnes-Woods,10212
2022-09-08,Decision São Paulo,Mann and Sons,10211
2022-09-08,Decision São Paulo,Jenkins-Walker,10210
2022-09-08,Decision São Paulo,Mann and Sons,10209
2022-09-08,Decision São Paulo,Mann and Sons,10208
2022-09-08,Decision São Paulo,Nelson-Page,10207
2022-09-08,Decision São Paulo,Nelson-Page,10206
2022-09-08,Decision São Paulo,Nelson-Page,10205
2022-09-08,Decision São Paulo,Nelson-Page,10204
2022-09-08,Decision São Paulo,Nelson-Page,10203
2022-09-08,Decision São Paulo,Porter-Wilson,10202
2022-09-06,Decision São Paulo,Morrison Ltd,10201
2022-09-06,Decision São Paulo,Morrison Ltd,10200
2022-09-06,Decision São Paulo,Nelson-Page,10199
2022-09-06,Decision São Paulo,Mann and Sons,10198
2022-09-06,Decision São Paulo,Mann and Sons,10197
2022-09-06,Decision São Paulo,Mann and Sons,10195
2022-09-06,Decision São Paulo,Jenkins-Walker,10194
2022-09-06,Decision São Paulo,Jenkins-Walker,10193
2022-09-06,Decision São Paulo,Johnson-Pratt,10192
2022-09-06,Decision São Paulo,"Miller, Tran and Chang",10191
2022-09-06,Decision São Paulo,"Miller, Tran and Chang",10190
2022-09-06,Decision São Paulo,"Miller, Tran and Chang",10189
2022-09-06,Decision São Paulo,Nelson-Page,10188
2022-09-05,Decision São Paulo,"Price, Phillips and Bell",10187
2022-09-05,Decision São Paulo,Craig-Webb,10186
2022-09-05,Decision São Paulo,Craig-Webb,10185
2022-09-05,Decision São Paulo,Craig-Webb,10184
2022-09-05,Decision São Paulo,Mann and Sons,10183
2022-09-05,Decision São Paulo,Mann and Sons,10182
2022-09-05,Decision São Paulo,Mann and Sons,10181
2022-09-05,Decision São Paulo,Mann and Sons,10180
2022-09-05,Decision São Paulo,Walters Group,10179
2022-09-05,Decision São Paulo,Walters Group,10178
2022-09-05,Decision São Paulo,Craig-Webb,10177
2022-09-05,Decision São Paulo,Nelson-Page,10176
2022-09-02,Decision São Paulo,"Gutierrez, Ward and Houston",10175
2022-09-02,Decision São Paulo,"Blevins, Rodriguez and Adams",10174
2022-09-01,Decision São Paulo,Nelson-Page,10173
2022-09-01,Decision Campinas,Miller-Curry,10172
2022-09-01,Decision São Paulo,Jenkins-Walker,10170
2022-09-01,Decision São Paulo,Barnes-Woods,10169
2022-09-01,Decision São Paulo,Barnes-Woods,10168
2022-09-01,Decision São Paulo,Barnes-Woods,10166
2022-09-01,Decision São Paulo,Barnes-Woods,10165
2022-09-01,Decision São Paulo,Morrison Ltd,10164
2022-09-01,Decision São Paulo,Barnes-Woods,10163
2022-09-01,Decision São Paulo,Barnes-Woods,10162
2022-09-01,Decision São Paulo,Nelson-Page,10161
2022-09-01,Decision São Paulo,Nelson-Page,10160
2022-09-01,Decision São Paulo,Nelson-Page,10159
2022-09-01,Decision São Paulo,Nelson-Page,10158
2022-09-01,Decision São Paulo,Nelson-Page,10157
2022-09-01,Decision São Paulo,Nelson-Page,10156
2022-09-01,Decision São Paulo,Nelson-Page,10155
2022-09-01,Decision São Paulo,Nelson-Page,10154
2022-09-01,Decision São Paulo,Nelson-Page,10153
2022-09-01,Decision São Paulo,Nelson-Page,10152
2022-08-31,Decision São Paulo,Morrison Ltd,10151
2022-08-31,Decision São Paulo,Morrison Ltd,10150
2022-08-31,Decision São Paulo,Jenkins-Walker,10149
2022-08-31,Decision São Paulo,Jenkins-Walker,10148
2022-08-31,Decision São Paulo,Mann and Sons,10147
2022-08-31,Decision São Paulo,Mann and Sons,10146
2022-08-31,Decision São Paulo,Mann and Sons,10145
2022-08-31,Decision São Paulo,Mann and Sons,10144
2022-08-31,Decision São Paulo,Mann and Sons,10143
2022-08-31,Decision São Paulo,Mann and Sons,10142
2022-08-31,Decision São Paulo,Mann and Sons,10141
2022-08-30,Decision São Paulo,Callahan-Hall,10140
2022-08-30,Decision São Paulo,Jenkins-Walker,10139
2022-08-30,Decision São Paulo,Jenkins-Walker,10138
2022-08-30,Decision São Paulo,Jenkins-Walker,10137
2022-08-30,Decision São Paulo,Mann and Sons,10136
2022-08-30,Decision São Paulo,Mann and Sons,10135
2022-08-30,Decision São Paulo,Mann and Sons,10134
2022-08-30,Decision São Paulo,Mann and Sons,10131
2022-08-30,Decision São Paulo,Mann and Sons,10130
2022-08-30,Decision São Paulo,Mann and Sons,10129
2022-08-30,Decision São Paulo,Mann and Sons,10128
2022-08-30,Decision São Paulo,Mann and Sons,10127
2022-08-30,Decision São Paulo,Mann and Sons,10126
2022-08-29,Decision São Paulo,Morrison Ltd,10125
2022-08-29,Decision São Paulo,Morrison Ltd,10124
2022-08-29,Decision São Paulo,Jenkins-Walker,10123
2022-08-29,Decision São Paulo,Nelson-Page,10122
2022-08-29,Decision São Paulo,Nelson-Page,10121
2022-08-29,Decision São Paulo,Nelson-Page,10120
2022-08-26,Decision São Paulo,Johnson-Pratt,10119
2022-08-26,Decision São Paulo,Mann and Sons,10118
2022-08-26,Decision São Paulo,Mann and Sons,10117
2022-08-26,Decision São Paulo,Mann and Sons,10116
2022-08-26,Decision São Paulo,Nelson-Page,10115
2022-08-26,Decision São Paulo,Nelson-Page,10114
2022-08-25,Decision São Paulo,Nelson-Page,10113
2022-08-25,Decision São Paulo,Nelson-Page,10112
2022-08-25,Decision São Paulo,Nelson-Page,10111
2022-08-25,Decision São Paulo,Nelson-Page,10110
2022-08-25,Decision São Paulo,Nelson-Page,10109
2022-08-25,Decision São Paulo,Nelson-Page,10108
2022-08-25,Decision São Paulo,Nelson-Page,10107
2022-08-25,Decision São Paulo,Nelson-Page,10106
2022-08-25,Decision São Paulo,Morrison Ltd,10105
2022-08-25,Decision São Paulo,Nelson-Page,10104
2022-08-25,Decision São Paulo,Nelson-Page,10103
2022-08-25,Decision São Paulo,"Pennington, Pittman and Ruiz",10102
2022-08-25,Decision São Paulo,"Morris, Moran and Dodson",10101
2022-08-25,Decision São Paulo,Porter-Wilson,10100
2022-08-24,Decision São Paulo,Barnes-Woods,10099
2022-08-24,Decision Campinas,Miller-Curry,10098
2022-08-24,Decision São Paulo,Nelson-Page,10097
2022-08-24,Decision São Paulo,Nelson-Page,10096
2022-08-24,Decision São Paulo,Nelson-Page,10095
2022-08-24,Decision São Paulo,Nelson-Page,10094
2022-08-24,Decision São Paulo,Nelson-Page,10093
2022-08-24,Decision São Paulo,Nelson-Page,10092
2022-08-24,Decision São Paulo,Jenkins-Walker,10091
2022-08-24,Decision São Paulo,Jenkins-Walker,10090
2022-08-23,Decision São Paulo,Nelson-Page,10089
2022-08-23,Decision São Paulo,Nelson-Page,10088
2022-08-23,Decision São Paulo,Morrison Ltd,10087
2022-08-23,Decision São Paulo,Nelson-Page,10086
2022-08-23,Decision São Paulo,Nelson-Page,10085
2022-08-23,Decision São Paulo,Barnes-Woods,10084
2022-08-23,Decision São Paulo,Dougherty-Gilbert,10083
2022-08-22,Decision São Paulo,Jenkins-Walker,10082
2022-08-22,Decision São Paulo,"Morris, Moran and Dodson",10081
2022-08-22,Decision São Paulo,Morrison Ltd,10080
2022-08-22,Decision São Paulo,Nelson-Page,10079
2022-08-22,Decision São Paulo,Jenkins-Walker,10078
2022-08-22,Decision Campinas,Miller-Curry,10077
2022-08-22,Decision São Paulo,Mann and Sons,10076
2022-08-22,Decision São Paulo,Mann and Sons,10075
2022-08-19,Decision São Paulo,"Morris, Moran and Dodson",10074
2022-08-19,Decision São Paulo,"Morris, Moran and Dodson",10073
2022-08-19,Decision São Paulo,"Morris, Moran and Dodson",10072
2022-08-19,Decision São Paulo,Callahan-Hall,10071
2022-08-19,Decision Campinas,Miller-Curry,10070
2022-08-19,Decision São Paulo,Nelson-Page,10069
2022-08-19,Decision São Paulo,Callahan-Hall,10068
2022-08-19,Decision São Paulo,Jimenez PLC,10067
2022-08-19,Decision São Paulo,Nelson-Page,10066
2022-08-18,Decision São Paulo,Mann and Sons,10065
2022-08-18,Decision São Paulo,Mann and Sons,10064
2022-08-18,Decision São Paulo,Mann and Sons,10063
2022-08-18,Decision São Paulo,Mann and Sons,10062
2022-08-18,Decision São Paulo,Mann and Sons,10061
2022-08-18,Decision São Paulo,Mann and Sons,10060
2022-08-18,Decision São Paulo,Mann and Sons,10059
2022-08-18,Decision São Paulo,Mann and Sons,10058
2022-08-18,Decision São Paulo,Mann and Sons,10057
2022-08-18,Decision São Paulo,Mann and Sons,10056
2022-08-18,Decision São Paulo,Mann and Sons,10055
2022-08-18,Decision São Paulo,Mann and Sons,10054
2022-08-18,Decision São Paulo,Mann and Sons,10053
2022-08-18,Decision São Paulo,Mann and Sons,10052
2022-08-18,Decision São Paulo,Nelson-Page,10051
2022-08-18,Decision São Paulo,Nelson-Page,10050
2022-08-18,Decision São Paulo,Barnes-Woods,10049
2022-08-17,Decision São Paulo,"Morris, Moran and Dodson",10048
2022-08-17,Decision Campinas,Miller-Curry,10047
2022-08-16,Decision São Paulo,Barnes-Woods,10046
2022-08-16,Decision São Paulo,Luna-Carpenter,10045
2022-08-16,Decision São Paulo,Nelson-Page,10044
2022-08-15,Decision São Paulo,Jenkins-Walker,10043
2022-08-15,Decision São Paulo,Nelson-Page,10042
2022-08-15,Decision São Paulo,Nelson-Page,10041
2022-08-15,Decision São Paulo,Nelson-Page,10040
2022-08-15,Decision São Paulo,Nelson-Page,10039
2022-08-15,Decision São Paulo,Nelson-Page,10038
2022-08-15,Decision São Paulo,Nelson-Page,10037
2022-08-15,Decision São Paulo,Nelson-Page,10036
2022-08-15,Decision São Paulo,Nelson-Page,10035
2022-08-15,Decision São Paulo,Nelson-Page,10034
2022-08-12,Decision São Paulo,Morrison Ltd,10033
2022-08-12,Decision São Paulo,Morrison Ltd,10032
2022-08-12,Decision São Paulo,Morrison Ltd,10031
2022-08-12,Decision São Paulo,Porter-Wilson,10030
2022-08-12,Decision São Paulo,Nelson-Page,10029
2022-08-12,Decision São Paulo,Nelson-Page,10028
2022-08-12,Decision São Paulo,Nelson-Page,10027
2022-08-12,Decision São Paulo,Nelson-Page,10026
2022-08-12,Decision São Paulo,Mann and Sons,10025
2022-08-12,Decision São Paulo,"Morris, Moran and Dodson",10024
2022-08-12,Decision São Paulo,Mann and Sons,10023
2022-08-12,Decision São Paulo,Mann and Sons,10022
2022-08-11,Decision Campinas,Miller-Curry,10021
2022-08-11,Decision Campinas,Miller-Curry,10020
2022-08-11,Decision São Paulo,Mann and Sons,10018
2022-08-11,Decision São Paulo,Mann and Sons,10017
2022-08-11,Decision São Paulo,Mann and Sons,10016
2022-08-10,Decision São Paulo,Nelson-Page,10015
2022-08-10,Decision São Paulo,Nelson-Page,10014
2022-08-10,Decision São Paulo,Nelson-Page,10013
2022-08-10,Decision São Paulo,Nelson-Page,10012
2022-08-10,Decision São Paulo,Nelson-Page,10011
2022-08-10,Decision São Paulo,Nelson-Page,10010
2022-08-10,Decision São Paulo,Nelson-Page,10009
2022-08-10,Decision São Paulo,"Miller, Tran and Chang",10008
2022-08-10,Decision São Paulo,Porter-Wilson,10007
2022-08-10,Decision São Paulo,Nelson-Page,10006
2022-08-10,Decision São Paulo,King-Russell,10005
2022-08-10,Decision São Paulo,Morrison Ltd,10004
2022-08-10,Decision São Paulo,Morrison Ltd,10003
2022-08-08,Decision São Paulo,Nelson-Page,10002
2022-08-08,Decision São Paulo,Nelson-Page,10001
2022-08-08,Decision São Paulo,"Morris, Moran and Dodson",10000
2022-08-08,Decision São Paulo,Nelson-Page,9999
2022-08-05,Decision São Paulo,Morrison Ltd,9998
2022-08-05,Decision São Paulo,"Miller, Tran and Chang",9997
2022-08-05,Decision São Paulo,Morrison Ltd,9996
2022-08-05,Decision São Paulo,"Miller, Tran and Chang",9995
2022-08-05,Decision São Paulo,"Miller, Tran and Chang",9994
2022-08-05,Decision São Paulo,"Miller, Tran and Chang",9993
2022-08-05,Decision São Paulo,"Miller, Tran and Chang",9992
2022-08-05,Decision São Paulo,"Miller, Tran and Chang",9991
2022-08-05,Decision São Paulo,"Miller, Tran and Chang",9990
2022-08-05,Decision São Paulo,"Miller, Tran and Chang",9989
2022-08-05,Decision São Paulo,"Miller, Tran and Chang",9988
2022-08-05,Decision São Paulo,"Miller, Tran and Chang",9987
2022-08-05,Decision São Paulo,"Miller, Tran and Chang",9986
2022-08-05,Decision São Paulo,"Miller, Tran and Chang",9985
2022-08-05,Decision São Paulo,Mann and Sons,9984
2022-08-04,Decision São Paulo,Nelson-Page,9983
2022-08-04,Decision São Paulo,Nelson-Page,9982
2022-08-04,Decision São Paulo,Nelson-Page,9981
2022-08-03,Decision São Paulo,Nelson-Page,9980
2022-08-03,Decision São Paulo,Nelson-Page,9979
2022-08-03,Decision São Paulo,Nelson-Page,9978
2022-08-03,Decision São Paulo,Nelson-Page,9977
2022-08-03,Decision São Paulo,Morrison Ltd,9976
2022-08-02,Decision São Paulo,Mann and Sons,9975
2022-08-02,Decision São Paulo,Nelson-Page,9974
2022-08-01,Decision São Paulo,Morrison Ltd,9973
2022-08-01,Decision São Paulo,Morrison Ltd,9972
2022-08-01,Decision São Paulo,Morrison Ltd,9971
2022-08-01,Decision São Paulo,"Morris, Moran and Dodson",9970
2022-08-01,Decision São Paulo,"Morris, Moran and Dodson",9969
2022-08-01,Decision São Paulo,"Morris, Moran and Dodson",9968
2022-08-01,Decision São Paulo,"Morris, Moran and Dodson",9967
2022-08-01,Decision São Paulo,"Morris, Moran and Dodson",9966
2022-08-01,Decision São Paulo,"Morris, Moran and Dodson",9965
2022-08-01,Decision São Paulo,"Morris, Moran and Dodson",9964
2022-08-01,Decision São Paulo,"Morris, Moran and Dodson",9963
2022-07-29,Decision São Paulo,Dougherty-Gilbert,9962
2022-07-29,Decision Campinas,Miller-Curry,9961
2022-07-29,Decision São Paulo,Jenkins-Walker,9960
2022-07-29,Decision São Paulo,Nelson-Page,9959
2022-07-28,Decision São Paulo,Morrison Ltd,9958
2022-07-28,Decision São Paulo,Nelson-Page,9957
2022-07-28,Decision São Paulo,Nelson-Page,9956
2022-07-28,Decision São Paulo,Nelson-Page,9955
2022-07-28,Decision São Paulo,Nelson-Page,9954
2022-07-28,Decision Campinas,Miller-Curry,9953
2022-07-28,Decision Campinas,Miller-Curry,9952
2022-07-28,Decision Campinas,Miller-Curry,9951
2022-07-27,Decision São Paulo,Morrison Ltd,9950
2022-07-27,Decision São Paulo,Morrison Ltd,9949
2022-07-27,Decision São Paulo,Mann and Sons,9948
2022-07-27,Decision São Paulo,Mann and Sons,9947
2022-07-27,Decision São Paulo,Jenkins-Walker,9946
2022-07-27,Decision São Paulo,Nelson-Page,9945
2022-07-27,Decision São Paulo,Nelson-Page,9944
2022-07-27,Decision São Paulo,Nelson-Page,9943
2022-07-27,Decision São Paulo,Nelson-Page,9942
2022-07-27,Decision São Paulo,"Morris, Moran and Dodson",9941
2022-07-26,Decision São Paulo,Jimenez PLC,9939
2022-07-26,Decision São Paulo,"Miller, Tran and Chang",9938
2022-07-26,Decision São Paulo,"Miller, Tran and Chang",9937
2022-07-25,Decision São Paulo,Mann and Sons,9936
2022-07-25,Decision São Paulo,Nelson-Page,9935
2022-07-25,Decision São Paulo,Nelson-Page,9934
2022-07-25,Decision São Paulo,Nelson-Page,9933
2022-07-25,Decision São Paulo,Nelson-Page,9932
2022-07-21,Decision São Paulo,"Morris, Moran and Dodson",9931
2022-07-21,Decision São Paulo,Nelson-Page,9930
2022-07-21,Decision São Paulo,"Williams, Clark and Lynn",9929
2022-07-21,Decision São Paulo,"Williams, Clark and Lynn",9928
2022-07-21,Decision São Paulo,"Williams, Clark and Lynn",9927
2022-07-21,Decision São Paulo,Dougherty-Gilbert,9926
2022-07-21,Decision São Paulo,Dougherty-Gilbert,9925
2022-07-21,Decision São Paulo,Barnes-Woods,9924
2022-07-21,Decision São Paulo,Barnes-Woods,9923
2022-07-21,Decision São Paulo,Barnes-Woods,9922
2022-07-21,Decision São Paulo,Barnes-Woods,9921
2022-07-21,Decision São Paulo,Barnes-Woods,9920
2022-07-21,Decision São Paulo,"Wade, Bernard and Bailey",9919
2022-07-21,Decision São Paulo,Nelson-Page,9918
2022-07-21,Decision São Paulo,Nelson-Page,9917
2022-07-21,Decision São Paulo,Nelson-Page,9916
2022-07-21,Decision São Paulo,Nelson-Page,9915
2022-07-21,Decision São Paulo,Nelson-Page,9914
2022-07-21,Decision São Paulo,Nelson-Page,9913
2022-07-21,Decision São Paulo,Nelson-Page,9912
2022-07-20,Decision São Paulo,Nelson-Page,9911
2022-07-20,Decision São Paulo,Nelson-Page,9910
2022-07-20,Decision São Paulo,Morrison Ltd,9909
2022-07-20,Decision São Paulo,"Morris, Moran and Dodson",9908
2022-07-20,Decision São Paulo,"Morris, Moran and Dodson",9907
2022-07-20,Decision São Paulo,Luna-Carpenter,9906
2022-07-19,Decision São Paulo,Callahan-Hall,9904
2022-07-19,Decision São Paulo,Callahan-Hall,9903
2022-07-19,Decision São Paulo,Callahan-Hall,9902
2022-07-19,Decision São Paulo,Walters Group,9901
2022-07-19,Decision São Paulo,Nelson-Page,9900
2022-07-18,Decision São Paulo,Porter-Wilson,9899
2022-07-18,Decision São Paulo,"Williams, Clark and Lynn",9898
2022-07-18,Decision São Paulo,Dougherty-Gilbert,9897
2022-07-18,Decision São Paulo,Nelson-Page,9896
2022-07-18,Decision São Paulo,Nelson-Page,9895
2022-07-15,Decision São Paulo,"Miller, Tran and Chang",9894
2022-07-15,Decision São Paulo,Nelson-Page,9893
2022-07-15,Decision São Paulo,Nelson-Page,9892
2022-07-15,Decision São Paulo,Nelson-Page,9891
2022-07-15,Decision São Paulo,Nelson-Page,9890
2022-07-15,Decision São Paulo,Nelson-Page,9889
2022-07-15,Decision São Paulo,Porter-Wilson,9888
2022-07-15,Decision São Paulo,Nelson-Page,9887
2022-07-15,Decision São Paulo,Nelson-Page,9886
2022-07-15,Decision São Paulo,Barnes-Woods,9885
2022-07-15,Decision São Paulo,Barnes-Woods,9884
2022-07-15,Decision São Paulo,Barnes-Woods,9883
2022-07-14,Decision São Paulo,Nelson-Page,9882
2022-07-14,Decision São Paulo,Nelson-Page,9881
2022-07-14,Decision São Paulo,Nelson-Page,9880
2022-07-14,Decision São Paulo,Nelson-Page,9879
2022-07-14,Decision São Paulo,Nelson-Page,9878
2022-07-14,Decision São Paulo,"Morris, Moran and Dodson",9877
2022-07-14,Decision São Paulo,"Morris, Moran and Dodson",9876
2022-07-13,Decision São Paulo,Nelson-Page,9875
2022-07-13,Decision São Paulo,Nelson-Page,9874
2022-07-13,Decision São Paulo,Nelson-Page,9873
2022-07-13,Decision São Paulo,Nelson-Page,9872
2022-07-13,Decision São Paulo,Nelson-Page,9871
2022-07-13,Decision São Paulo,Nelson-Page,9870
2022-07-13,Decision São Paulo,Nelson-Page,9869
2022-07-13,Decision São Paulo,Nelson-Page,9868
2022-07-13,Decision São Paulo,Nelson-Page,9867
2022-07-13,Decision São Paulo,Nelson-Page,9866
2022-07-13,Decision São Paulo,Nelson-Page,9865
2022-07-13,Decision São Paulo,Nelson-Page,9864
2022-07-12,Decision São Paulo,Jenkins-Walker,9863
2022-07-12,Decision São Paulo,Nelson-Page,9862
2022-07-12,Decision São Paulo,Nelson-Page,9861
2022-07-12,Decision São Paulo,"Miller, Tran and Chang",9860
2022-07-12,Decision São Paulo,"Miller, Tran and Chang",9859
2022-07-12,Decision São Paulo,Mann and Sons,9858
2022-07-12,Decision São Paulo,"Morris, Moran and Dodson",9857
2022-07-11,Decision São Paulo,Morrison Ltd,9856
2022-07-11,Decision São Paulo,"Morris, Moran and Dodson",9855
2022-07-11,Decision São Paulo,Nelson-Page,9854
2022-07-11,Decision São Paulo,Nelson-Page,9853
2022-07-11,Decision São Paulo,Nelson-Page,9852
2022-07-11,Decision São Paulo,Nelson-Page,9851
2022-07-11,Decision São Paulo,Nelson-Page,9850
2022-07-11,Decision São Paulo,Nelson-Page,9849
2022-07-11,Decision São Paulo,Nelson-Page,9848
2022-07-11,Decision São Paulo,Nelson-Page,9847
2022-07-11,Decision São Paulo,"Williams, Clark and Lynn",9846
2022-07-11,Decision São Paulo,Mann and Sons,9845
2022-07-08,Decision Campinas,Miller-Curry,9844
2022-07-08,Decision São Paulo,Johnson-Pratt,9843
2022-07-07,Decision São Paulo,Johnson-Pratt,9842
2022-07-07,Decision São Paulo,Johnson-Pratt,9841
2022-07-07,Decision São Paulo,Morrison Ltd,9840
2022-07-07,Decision São Paulo,Morrison Ltd,9839
2022-07-07,Decision São Paulo,"Morris, Moran and Dodson",9838
2022-07-07,Decision São Paulo,"Morris, Moran and Dodson",9837
2022-07-07,Decision São Paulo,Porter-Wilson,9836
2022-07-07,Decision São Paulo,Walters Group,9835
2022-07-07,Decision São Paulo,Jenkins-Walker,9834
2022-07-07,Decision São Paulo,Jenkins-Walker,9833
2022-07-07,Decision São Paulo,Jenkins-Walker,9832
2022-07-07,Decision São Paulo,"Miller, Tran and Chang",9831
2022-07-07,Decision São Paulo,Nelson-Page,9830
2022-07-07,Decision São Paulo,Jenkins-Walker,9829
2022-07-07,Decision São Paulo,Jenkins-Walker,9828
2022-07-07,Decision São Paulo,Jenkins-Walker,9827
2022-07-07,Decision São Paulo,Jenkins-Walker,9825
2022-07-07,Decision São Paulo,Jenkins-Walker,9824
2022-07-07,Decision São Paulo,Jenkins-Walker,9823
2022-07-07,Decision São Paulo,Jenkins-Walker,9822
2022-07-07,Decision São Paulo,Jenkins-Walker,9821
2022-07-07,Decision São Paulo,Nelson-Page,9820
2022-07-07,Decision São Paulo,Nelson-Page,9819
2022-07-06,Decision São Paulo,Mann and Sons,9818
2022-07-06,Decision São Paulo,Mann and Sons,9817
2022-07-06,Decision São Paulo,Mann and Sons,9816
2022-07-06,Decision São Paulo,Mann and Sons,9815
2022-07-06,Decision São Paulo,Nelson-Page,9814
2022-07-06,Decision São Paulo,Nelson-Page,9813
2022-07-06,Decision São Paulo,"Wade, Bernard and Bailey",9812
2022-07-06,Decision São Paulo,Jenkins-Walker,9811
2022-07-06,Decision São Paulo,Jenkins-Walker,9810
2022-07-06,Decision São Paulo,Jenkins-Walker,9809
2022-07-06,Decision São Paulo,Jenkins-Walker,9808
2022-07-06,Decision São Paulo,Jenkins-Walker,9807
2022-07-06,Decision São Paulo,Jenkins-Walker,9806
2022-07-06,Decision São Paulo,Jenkins-Walker,9805
2022-07-06,Decision São Paulo,Jenkins-Walker,9804
2022-07-05,Decision São Paulo,"Morris, Moran and Dodson",9803
2022-07-05,Decision São Paulo,"Morris, Moran and Dodson",9802
2022-07-05,Decision São Paulo,Morrison Ltd,9801
2022-07-05,Decision São Paulo,Morrison Ltd,9800
2022-07-05,Decision São Paulo,Jenkins-Walker,9799
2022-07-05,Decision São Paulo,Mann and Sons,9798
2022-07-05,Decision São Paulo,Porter-Wilson,9797
2022-07-05,Decision São Paulo,Barnes-Woods,9796
2022-07-05,Decision São Paulo,Barnes-Woods,9795
2022-07-05,Decision São Paulo,Barnes-Woods,9794
2022-07-05,Decision Campinas,Miller-Curry,9793
2022-07-04,Decision São Paulo,Morrison Ltd,9792
2022-07-04,Decision São Paulo,Morrison Ltd,9791
2022-07-04,Decision São Paulo,Nelson-Page,9790
2022-07-04,Decision São Paulo,Nelson-Page,9789
2022-07-04,Decision São Paulo,Nelson-Page,9788
2022-07-04,Decision São Paulo,Nelson-Page,9787
2022-07-04,Decision São Paulo,Porter-Wilson,9786
2022-07-04,Decision São Paulo,Nelson-Page,9785
2022-07-04,Decision São Paulo,Nelson-Page,9784
2022-07-04,Decision São Paulo,Nelson-Page,9783
2022-07-04,Decision São Paulo,Nelson-Page,9782
2022-07-04,Decision São Paulo,Johnson-Pratt,9781
2022-07-01,Decision São Paulo,Mann and Sons,9780
2022-07-01,Decision São Paulo,Jenkins-Walker,9779
2022-06-30,Decision São Paulo,Jenkins-Walker,9778
2022-06-30,Decision São Paulo,Jenkins-Walker,9777
2022-06-30,Decision São Paulo,Jenkins-Walker,9776
2022-06-30,Decision São Paulo,Jenkins-Walker,9775
2022-06-30,Decision São Paulo,Jenkins-Walker,9774
2022-06-30,Decision São Paulo,Jenkins-Walker,9773
2022-06-30,Decision São Paulo,Jenkins-Walker,9772
2022-06-30,Decision São Paulo,Jenkins-Walker,9771
2024-02-26,Decision Campinas,Miller-Curry,12363
2024-02-26,Decision Campinas,Werner PLC,12362
2024-02-23,Decision São Paulo,"Glover, Warren and Norris",12361
2024-02-23,Decision Campinas,Miller-Curry,12360
2024-02-23,Decision Campinas,Miller-Curry,12359
2024-02-22,Decision São Paulo,Bell Group,12358
2024-02-22,Decision São Paulo,"Glover, Warren and Norris",12357
2024-02-22,Decision São Paulo,"Glover, Warren and Norris",12356
2024-02-22,Decision São Paulo,"Glover, Warren and Norris",12355
2024-02-22,Decision São Paulo,"Glover, Warren and Norris",12354
2024-02-22,Decision São Paulo,"Glover, Warren and Norris",12353
2024-02-22,Decision São Paulo,"Jensen, Smith and Brennan",12352
2024-02-22,Decision São Paulo,"Morris, Moran and Dodson",12351
2024-02-22,Decision São Paulo,"Morris, Moran and Dodson",12350
2024-02-22,Decision São Paulo,"Morris, Moran and Dodson",12349
2024-02-22,Decision São Paulo,"Glover, Warren and Norris",12348
2024-02-22,Decision Campinas,Werner PLC,12347
2024-02-21,Decision São Paulo,Bell Group,12346
2024-02-21,Decision São Paulo,"Morris, Moran and Dodson",12345
2024-02-21,Decision São Paulo,"Glover, Warren and Norris",12344
2024-02-21,Decision São Paulo,"Glover, Warren and Norris",12343
2024-02-21,Decision São Paulo,"Glover, Warren and Norris",12342
2024-02-21,Decision São Paulo,"Glover, Warren and Norris",12341
2024-02-21,Decision São Paulo,"Glover, Warren and Norris",12340
2024-02-21,Decision São Paulo,"Glover, Warren and Norris",12339
2024-02-21,Decision São Paulo,"Glover, Warren and Norris",12338
2024-02-21,Decision São Paulo,"Glover, Warren and Norris",12337
2024-02-21,Decision São Paulo,"Glover, Warren and Norris",12336
2024-02-21,Decision São Paulo,"Glover, Warren and Norris",12335
2024-02-21,Decision São Paulo,"Glover, Warren and Norris",12334
2024-02-21,Decision São Paulo,Morrison Ltd,12333
2024-02-21,Decision São Paulo,Bell Group,12332
2024-02-21,Decision Campinas,Miller-Curry,12331
2024-02-21,Decision São Paulo,Bell Group,12330
2024-02-21,Decision São Paulo,Bell Group,12329
2024-02-21,Decision São Paulo,Bell Group,12328
2024-02-21,Decision São Paulo,"Glover, Warren and Norris",12327
2024-02-21,Decision São Paulo,Porter-Wilson,12326
2024-02-20,Decision Campinas,Evans PLC,12325
2024-02-20,Decision São Paulo,"Glover, Warren and Norris",12324
2024-02-20,Decision São Paulo,"Glover, Warren and Norris",12323
2024-02-20,Decision São Paulo,"Glover, Warren and Norris",12322
2024-02-20,Decision Campinas,Evans PLC,12321
2024-02-20,Decision Campinas,Evans PLC,12320
2024-02-20,Decision São Paulo,Nelson-Page,12319
2024-02-20,Decision São Paulo,"Glover, Warren and Norris",12318
2024-02-20,Decision São Paulo,"Glover, Warren and Norris",12317
2024-02-19,Decision São Paulo,Bishop-Reed,12316
2024-02-19,Decision São Paulo,"Glover, Warren and Norris",12315
2024-02-19,Decision São Paulo,Bishop-Reed,12314
2024-02-19,Decision São Paulo,"Morris, Moran and Dodson",12313
2024-02-16,Decision São Paulo,Morrison Ltd,12312
2024-02-16,Decision São Paulo,Mann and Sons,12311
2024-02-16,Decision São Paulo,Callahan-Hall,12310
2024-02-16,Decision São Paulo,Callahan-Hall,12309
2024-02-16,Decision Campinas,Miller-Curry,12308
2024-02-16,Decision São Paulo,Morrison Ltd,12307
2024-02-16,Decision São Paulo,Porter-Wilson,12306
2024-02-15,Decision São Paulo,Mann and Sons,12305
2024-02-15,Decision São Paulo,"Glover, Warren and Norris",12304
2024-02-15,Decision São Paulo,"Glover, Warren and Norris",12303
2024-02-15,Decision São Paulo,Bell Group,12302
2024-02-15,Decision São Paulo,Santos-Knapp,12301
2024-02-15,Decision São Paulo,"Morris, Moran and Dodson",12300
2024-02-15,Decision Campinas,Evans PLC,12299
2024-02-14,Decision São Paulo,Bell Group,12298
2024-02-14,Decision Campinas,Werner PLC,12297
2024-02-14,Decision São Paulo,"Glover, Warren and Norris",12296
2024-02-14,Decision São Paulo,"Glover, Warren and Norris",12295
2024-02-14,Decision São Paulo,Morrison Ltd,12294
2024-02-14,Decision São Paulo,"Glover, Warren and Norris",12293
2024-02-09,Decision Campinas,Werner PLC,12292
2024-02-09,Decision Campinas,Miller-Curry,12291
2024-02-09,Decision Campinas,Evans PLC,12290
2024-02-09,Decision São Paulo,Morrison Ltd,12289
2024-02-09,Decision São Paulo,Morrison Ltd,12288
2024-02-09,Decision São Paulo,Morrison Ltd,12287
2024-02-09,Decision São Paulo,Morrison Ltd,12286
2024-02-09,Decision São Paulo,Morrison Ltd,12285
2024-02-09,Decision São Paulo,Morrison Ltd,12284
2024-02-09,Decision São Paulo,Morrison Ltd,12283
2024-02-08,Decision São Paulo,"Glover, Warren and Norris",12282
2024-02-08,Decision São Paulo,Morrison Ltd,12281
2024-02-08,Decision São Paulo,Morrison Ltd,12280
2024-02-07,Decision Campinas,Miller-Curry,12279
2024-02-07,Decision São Paulo,Bishop-Reed,12278
2024-02-07,Decision São Paulo,Bell Group,12277
2024-02-07,Decision São Paulo,Bell Group,12276
2024-02-07,Decision São Paulo,Bell Group,12275
2024-02-07,Decision São Paulo,Bell Group,12274
2024-02-06,Decision São Paulo,"Glover, Warren and Norris",12273
2024-02-06,Decision São Paulo,"Glover, Warren and Norris",12272
2024-02-06,Decision São Paulo,"Glover, Warren and Norris",12271
2024-02-06,Decision São Paulo,"Glover, Warren and Norris",12270
2024-02-06,Decision São Paulo,"Glover, Warren and Norris",12268
2024-02-06,Decision São Paulo,Morrison Ltd,12267
2024-02-05,Decision São Paulo,"Glover, Warren and Norris",12266
2024-02-05,Decision São Paulo,"Glover, Warren and Norris",12265
2024-02-05,Decision São Paulo,"Glover, Warren and Norris",12264
2024-02-05,Decision São Paulo,"Glover, Warren and Norris",12263
2024-02-05,Decision São Paulo,Bell Group,12262
2024-02-05,Decision Campinas,Miller-Curry,12261
2024-02-02,Decision Campinas,Evans PLC,12260
2024-02-02,Decision São Paulo,Nelson-Page,12259
2024-02-02,Decision São Paulo,Nelson-Page,12258
2024-02-02,Decision São Paulo,Bishop-Reed,12257
2024-02-02,Decision São Paulo,"Glover, Warren and Norris",12256
2024-02-02,Decision São Paulo,"Glover, Warren and Norris",12255
2024-02-02,Decision São Paulo,Griffith-Webb,12254
2024-02-02,Decision São Paulo,Nelson-Page,12253
2024-02-02,Decision São Paulo,Nelson-Page,12252
2024-02-01,Decision São Paulo,Morrison Ltd,12251
2024-02-01,Decision São Paulo,"Glover, Warren and Norris",12250
2024-02-01,Decision São Paulo,Stone PLC,12249
2024-02-01,Decision São Paulo,Bell Group,12248
2024-02-01,Decision São Paulo,Bell Group,12247
2024-01-31,Decision São Paulo,Bell Group,12246
2024-01-31,Decision Campinas,Miller-Curry,12245
2024-01-31,Decision São Paulo,Morrison Ltd,12244
2024-01-31,Decision São Paulo,"Glover, Warren and Norris",12243
2024-01-31,Decision São Paulo,"Glover, Warren and Norris",12242
2024-01-31,Decision São Paulo,"Glover, Warren and Norris",12241
2024-01-30,Decision São Paulo,"Jensen, Smith and Brennan",12240
2024-01-30,Decision São Paulo,Bell Group,12239
2024-01-26,Decision São Paulo,"Wade, Bernard and Bailey",12238
2024-01-26,Decision São Paulo,"Jensen, Smith and Brennan",12237
2024-01-26,Decision São Paulo,Munoz-Taylor,12236
2024-01-26,Decision São Paulo,Munoz-Taylor,12235
2024-01-26,Decision São Paulo,Munoz-Taylor,12234
2024-01-26,Decision São Paulo,Munoz-Taylor,12233
2024-01-26,Decision São Paulo,Munoz-Taylor,12232
2024-01-26,Decision São Paulo,Munoz-Taylor,12231
2024-01-26,Decision São Paulo,Munoz-Taylor,12230
2024-01-26,Decision São Paulo,Munoz-Taylor,12229
2024-01-24,Decision São Paulo,"Glover, Warren and Norris",12228
2024-01-24,Decision São Paulo,"Glover, Warren and Norris",12227
2024-01-24,Decision São Paulo,Bell Group,12226
2024-01-23,Decision São Paulo,"Morris, Moran and Dodson",12225
2024-01-23,Decision São Paulo,Johnston PLC,12224
2024-01-23,Decision São Paulo,Mann and Sons,12223
2024-01-23,Decision São Paulo,Mann and Sons,12221
2024-01-23,Decision São Paulo,Mann and Sons,12220
2024-01-23,Decision São Paulo,Mann and Sons,12219
2024-01-23,Decision São Paulo,Mann and Sons,12218
2024-01-23,Decision São Paulo,Mann and Sons,12217
2024-01-19,Decision São Paulo,"Williams, Clark and Lynn",12216
2024-01-19,Decision São Paulo,"Jensen, Smith and Brennan",12215
2024-01-19,Decision São Paulo,"Jensen, Smith and Brennan",12214
2024-01-19,Decision São Paulo,"Jensen, Smith and Brennan",12213
2024-01-18,Decision São Paulo,"Glover, Warren and Norris",12212
2024-01-18,Decision São Paulo,"Glover, Warren and Norris",12211
2024-01-18,Decision São Paulo,"Morris, Moran and Dodson",12210
2024-01-18,Decision São Paulo,"Glover, Warren and Norris",12209
2024-01-18,Decision São Paulo,"Glover, Warren and Norris",12208
2024-01-18,Decision São Paulo,Bell Group,12207
2024-01-18,Decision São Paulo,Bell Group,12206
2024-01-17,Decision São Paulo,Morrison Ltd,12205
2024-01-17,Decision São Paulo,"Glover, Warren and Norris",12204
2024-01-17,Decision São Paulo,"Glover, Warren and Norris",12203
2024-01-17,Decision São Paulo,"Glover, Warren and Norris",12202
2024-01-17,Decision São Paulo,"Glover, Warren and Norris",12201
2024-01-17,Decision São Paulo,"Glover, Warren and Norris",12200
2024-01-17,Decision São Paulo,"Glover, Warren and Norris",12199
2024-01-17,Decision São Paulo,"Glover, Warren and Norris",12198
2024-01-17,Decision São Paulo,"Glover, Warren and Norris",12197
2024-01-17,Decision São Paulo,"Glover, Warren and Norris",12196
2024-01-17,Decision São Paulo,Nelson-Page,12195
2024-01-17,Decision São Paulo,Nelson-Page,12194
2024-01-17,Decision São Paulo,Nelson-Page,12193
2024-01-17,Decision São Paulo,Nelson-Page,12192
2024-01-16,Decision São Paulo,"Grant, Smith and Martinez",12191
2024-01-16,Decision São Paulo,Callahan-Hall,12190
2024-01-16,Decision São Paulo,Hernandez-Wyatt,12189
2024-01-15,Decision São Paulo,Bell Group,12188
2024-01-15,Decision São Paulo,Morrison Ltd,12187
2024-01-15,Decision São Paulo,Nelson-Page,12186
2024-01-15,Decision São Paulo,Nelson-Page,12185
2024-01-12,Decision São Paulo,Luna-Carpenter,12184
2024-01-12,Decision São Paulo,Nelson-Page,12183
2024-01-12,Decision São Paulo,"Wade, Bernard and Bailey",12182
2024-01-11,Decision São Paulo,"Glover, Warren and Norris",12181
2024-01-11,Decision São Paulo,"Glover, Warren and Norris",12180
2024-01-11,Decision Campinas,Miller-Curry,12179
2024-01-11,Decision São Paulo,"Glover, Warren and Norris",12178
2024-01-11,Decision São Paulo,"Glover, Warren and Norris",12177
2024-01-10,Decision São Paulo,Porter-Wilson,12176
2024-01-10,Decision São Paulo,Morrison Ltd,12174
2024-01-10,Decision São Paulo,Morrison Ltd,12173
2024-01-10,Decision São Paulo,Bishop-Reed,12171
2024-01-10,Decision São Paulo,Johnson-Pratt,12170
2024-01-10,Decision São Paulo,Johnson-Pratt,12169
2024-01-09,Decision São Paulo,Bishop-Reed,12168
2024-01-08,Decision São Paulo,Callahan-Hall,12167
2024-01-08,Decision São Paulo,Bell Group,12166
2024-01-05,Decision São Paulo,Bishop-Reed,12165
2024-01-05,Decision São Paulo,Bell Group,12164
2024-01-05,Decision São Paulo,Bell Group,12163
2024-01-04,Decision São Paulo,"Glover, Warren and Norris",12162
2024-01-04,Decision São Paulo,"Glover, Warren and Norris",12161
2024-01-04,Decision São Paulo,"Glover, Warren and Norris",12160
2024-01-04,Decision São Paulo,"Glover, Warren and Norris",12159
2024-01-04,Decision São Paulo,Bell Group,12158
2024-01-04,Decision São Paulo,Bell Group,12157
2024-01-04,Decision São Paulo,Mann and Sons,12156
2024-01-03,Decision São Paulo,Morrison Ltd,12155
2024-01-03,Decision São Paulo,Morrison Ltd,12154
2024-01-03,Decision São Paulo,Morrison Ltd,12153
2024-01-03,Decision São Paulo,"Chambers, Brown and Bowen",12152
2024-01-03,Decision São Paulo,Morrison Ltd,12151
2024-01-03,Decision São Paulo,Morrison Ltd,12150
2024-01-03,Decision São Paulo,Bell Group,12149
2024-01-03,Decision São Paulo,Bell Group,12148
2024-01-03,Decision São Paulo,Santos-Knapp,12147
2024-01-03,Decision São Paulo,Nelson-Page,12146
2024-01-03,Decision São Paulo,Nelson-Page,12145
2024-01-03,Decision São Paulo,Nelson-Page,12144
2024-01-03,Decision São Paulo,Nelson-Page,12143
2024-01-03,Decision São Paulo,Nelson-Page,12142
2024-01-03,Decision São Paulo,Nelson-Page,12141
2024-01-03,Decision São Paulo,Nelson-Page,12140
2024-01-03,Decision São Paulo,"Bowers, Oconnor and Williams",12139
2024-01-03,Decision São Paulo,"Bowers, Oconnor and Williams",12138
2023-12-29,Decision São Paulo,"Glover, Warren and Norris",12137
2023-12-29,Decision São Paulo,"Glover, Warren and Norris",12136
2023-12-29,Decision São Paulo,"Glover, Warren and Norris",12135
2023-12-29,Decision São Paulo,"Glover, Warren and Norris",12134
2023-12-29,Decision São Paulo,Morrison Ltd,12133
2023-12-28,Decision São Paulo,"Glover, Warren and Norris",12132
2023-12-28,Decision São Paulo,"Glover, Warren and Norris",12131
2023-12-28,Decision São Paulo,"Williams, Clark and Lynn",12130
2023-12-28,Decision São Paulo,Bishop-Reed,12129
2023-12-28,Decision São Paulo,Bishop-Reed,12128
2023-12-28,Decision São Paulo,Bishop-Reed,12127
2023-12-28,Decision São Paulo,Bishop-Reed,12126
2023-12-27,Decision São Paulo,"Glover, Warren and Norris",12125
2023-12-27,Decision São Paulo,"Glover, Warren and Norris",12124
2023-12-27,Decision São Paulo,"Glover, Warren and Norris",12123
2023-12-27,Decision São Paulo,"Glover, Warren and Norris",12122
2023-12-27,Decision São Paulo,"Glover, Warren and Norris",12121
2023-12-27,Decision São Paulo,"Glover, Warren and Norris",12120
2023-12-27,Decision São Paulo,"Glover, Warren and Norris",12119
2023-12-27,Decision São Paulo,Nelson-Page,12118
2023-12-27,Decision São Paulo,Nelson-Page,12117
2023-12-27,Decision São Paulo,Nelson-Page,12116
2023-12-27,Decision São Paulo,Nelson-Page,12115
2023-12-27,Decision São Paulo,Nelson-Page,12114
2023-12-27,Decision São Paulo,Nelson-Page,12113
2023-12-26,Decision São Paulo,"Glover, Warren and Norris",12112
2023-12-26,Decision São Paulo,"Glover, Warren and Norris",12111
2023-12-26,Decision São Paulo,"Glover, Warren and Norris",12110
2023-12-26,Decision São Paulo,"Glover, Warren and Norris",12109
2023-12-26,Decision São Paulo,Nelson-Page,12108
2023-12-26,Decision São Paulo,Morrison Ltd,12107
2023-12-22,Decision São Paulo,"Glover, Warren and Norris",12106
2023-12-22,Decision São Paulo,"Glover, Warren and Norris",12105
2023-12-22,Decision São Paulo,"Glover, Warren and Norris",12104
2023-12-22,Decision São Paulo,Morrison Ltd,12103
2023-12-22,Decision São Paulo,"Glover, Warren and Norris",12102
2023-12-21,Decision São Paulo,"Wade, Bernard and Bailey",12101
2023-12-21,Decision São Paulo,"Wade, Bernard and Bailey",12100
2023-12-21,Decision São Paulo,"Wade, Bernard and Bailey",12099
2023-12-21,Decision São Paulo,Nelson-Page,12098
2023-12-21,Decision São Paulo,Nelson-Page,12097
2023-12-21,Decision São Paulo,Nelson-Page,12096
2023-12-20,Decision Campinas,Miller-Curry,12095
2023-12-20,Decision São Paulo,Morrison Ltd,12094
2023-12-20,Decision São Paulo,Morrison Ltd,12093
2023-12-20,Decision São Paulo,"Glover, Warren and Norris",12092
2023-12-20,Decision São Paulo,"Glover, Warren and Norris",12091
2023-12-20,Decision Campinas,Miller-Curry,12090
2023-12-20,Decision São Paulo,Morrison Ltd,12089
2023-12-20,Decision São Paulo,Morrison Ltd,12088
2023-12-20,Decision São Paulo,Morrison Ltd,12087
2023-12-19,Decision São Paulo,"Bowers, Oconnor and Williams",12086
2023-12-19,Decision São Paulo,"Bowers, Oconnor and Williams",12085
2023-12-19,Decision São Paulo,Serrano-Hall,12084
2023-12-19,Decision São Paulo,"Glover, Warren and Norris",12083
2023-12-19,Decision São Paulo,"Glover, Warren and Norris",12082
2023-12-19,Decision São Paulo,Jimenez PLC,12081
2023-12-19,Decision São Paulo,"Glover, Warren and Norris",12080
2023-12-19,Decision São Paulo,"Glover, Warren and Norris",12079
2023-12-19,Decision São Paulo,Porter-Wilson,12078
2023-12-19,Decision São Paulo,"Bowers, Oconnor and Williams",12077
2023-12-18,Decision São Paulo,Porter-Wilson,12076
2023-12-18,Decision São Paulo,Callahan-Hall,12075
2023-12-18,Decision São Paulo,"Glover, Warren and Norris",12074
2023-12-18,Decision São Paulo,"Glover, Warren and Norris",12073
2023-12-15,Decision São Paulo,Bell Group,12072
2023-12-15,Decision São Paulo,"Glover, Warren and Norris",12071
2023-12-15,Decision São Paulo,"Glover, Warren and Norris",12070
2023-12-15,Decision São Paulo,"Glover, Warren and Norris",12069
2023-12-14,Decision Campinas,Evans PLC,12068
2023-12-13,Decision São Paulo,Hernandez-Wyatt,12067
2023-12-13,Decision São Paulo,"Glover, Warren and Norris",12066
2023-12-12,Decision São Paulo,Mann and Sons,12065
2023-12-12,Decision São Paulo,Mann and Sons,12064
2023-12-12,Decision São Paulo,Mann and Sons,12063
2023-12-12,Decision Campinas,Werner PLC,12062
2023-12-12,Decision São Paulo,Morrison Ltd,12061
2023-12-12,Decision São Paulo,Morrison Ltd,12060
2023-12-12,Decision São Paulo,Johnson-Pratt,12059
2023-12-12,Decision São Paulo,Nelson-Page,12058
2023-12-12,Decision São Paulo,Nelson-Page,12057
2023-12-11,Decision São Paulo,"Wade, Bernard and Bailey",12056
2023-12-11,Decision São Paulo,"Glover, Warren and Norris",12055
2023-12-08,Decision São Paulo,"Bowers, Oconnor and Williams",12054
2023-12-08,Decision São Paulo,Nelson-Page,12053
2023-12-08,Decision São Paulo,"Wade, Bernard and Bailey",12052
2023-12-07,Decision São Paulo,"Glover, Warren and Norris",12051
2023-12-07,Decision São Paulo,Bishop-Reed,12050
2023-12-07,Decision São Paulo,"Glover, Warren and Norris",12049
2023-12-06,Decision São Paulo,Morrison Ltd,12048
2023-12-06,Decision São Paulo,"Glover, Warren and Norris",12047
2023-12-06,Decision São Paulo,"Morris, Moran and Dodson",12046
2023-12-06,Decision São Paulo,Bishop-Reed,12045
2023-12-05,Decision São Paulo,Nelson-Page,12044
2023-12-05,Decision São Paulo,Nelson-Page,12043
2023-12-05,Decision São Paulo,Nelson-Page,12042
2023-12-04,Decision São Paulo,Morrison Ltd,12041
2023-12-04,Decision São Paulo,"Glover, Warren and Norris",12040
2023-12-04,Decision São Paulo,"Glover, Warren and Norris",12039
2023-12-04,Decision São Paulo,"Glover, Warren and Norris",12038
2023-12-04,Decision São Paulo,"Glover, Warren and Norris",12037
2023-12-04,Decision São Paulo,"Glover, Warren and Norris",12036
2023-12-04,Decision São Paulo,"Glover, Warren and Norris",12035
2023-12-04,Decision São Paulo,"Glover, Warren and Norris",12034
2023-12-04,Decision São Paulo,"Glover, Warren and Norris",12033
2023-12-04,Decision São Paulo,"Glover, Warren and Norris",12032
2023-12-04,Decision São Paulo,"Glover, Warren and Norris",12031
2023-12-04,Decision São Paulo,"Glover, Warren and Norris",12030
2023-12-04,Decision São Paulo,"Glover, Warren and Norris",12029
2023-12-04,Decision São Paulo,"Glover, Warren and Norris",12028
2023-12-04,Decision São Paulo,Porter-Wilson,12027
2023-12-04,Decision São Paulo,"Glover, Warren and Norris",12026
2023-12-04,Decision São Paulo,"Glover, Warren and Norris",12025
2023-12-01,Decision São Paulo,Jenkins-Walker,12024
2023-12-01,Decision São Paulo,Morrison Ltd,12023
2023-12-01,Decision São Paulo,"Chapman, Brown and Hart",12022
2023-12-01,Decision São Paulo,"Chapman, Brown and Hart",12021
2023-12-01,Decision São Paulo,Porter-Wilson,12020
2023-12-01,Decision São Paulo,Morrison Ltd,12019
2023-12-01,Decision São Paulo,"Glover, Warren and Norris",12018
2023-12-01,Decision São Paulo,"Glover, Warren and Norris",12017
2023-12-01,Decision São Paulo,"Glover, Warren and Norris",12016
2023-12-01,Decision São Paulo,"Glover, Warren and Norris",12015
2023-11-30,Decision São Paulo,Bell Group,12014
2023-11-30,Decision Campinas,Miller-Curry,12013
2023-11-29,Decision São Paulo,Bell Group,12012
2023-11-29,Decision São Paulo,Hernandez-Wyatt,12011
2023-11-29,Decision São Paulo,Jenkins-Walker,12010
2023-11-29,Decision São Paulo,Cunningham-Lopez,12009
2023-11-29,Decision São Paulo,Cunningham-Lopez,12008
2023-11-28,Decision São Paulo,Hernandez-Wyatt,12007
2023-11-28,Decision São Paulo,Morrison Ltd,12006
2023-11-28,Decision São Paulo,"Glover, Warren and Norris",12005
2023-11-27,Decision São Paulo,Porter-Wilson,12004
2023-11-27,Decision São Paulo,Morrison Ltd,12003
2023-11-27,Decision São Paulo,Miller Inc,12002
2023-11-27,Decision São Paulo,Nelson-Page,12001
2023-11-27,Decision São Paulo,Nelson-Page,12000
2023-11-27,Decision São Paulo,Ellison Ltd,11999
2023-11-27,Decision São Paulo,"Wade, Bernard and Bailey",11998
2023-11-27,Decision Campinas,Miller-Curry,11997
2023-11-24,Decision São Paulo,Porter-Wilson,11996
2023-11-24,Decision São Paulo,Bell Group,11995
2023-11-24,Decision São Paulo,Nelson-Page,11994
2023-11-22,Decision São Paulo,Morrison Ltd,11993
2023-11-22,Decision Campinas,Werner PLC,11992
2023-11-22,Decision São Paulo,Nelson-Page,11991
2023-11-22,Decision São Paulo,Callahan-Hall,11990
2023-11-22,Decision São Paulo,"Williams, Clark and Lynn",11989
2023-11-22,Decision São Paulo,"Williams, Clark and Lynn",11988
2023-11-22,Decision São Paulo,"Williams, Clark and Lynn",11987
2023-11-22,Decision São Paulo,"Williams, Clark and Lynn",11986
2023-11-22,Decision São Paulo,"Williams, Clark and Lynn",11985
2023-11-22,Decision São Paulo,"Williams, Clark and Lynn",11984
2023-11-22,Decision São Paulo,"Williams, Clark and Lynn",11983
2023-11-22,Decision São Paulo,"Williams, Clark and Lynn",11982
2023-11-22,Decision São Paulo,"Williams, Clark and Lynn",11981
2023-11-22,Decision São Paulo,"Williams, Clark and Lynn",11980
2023-11-22,Decision São Paulo,"Williams, Clark and Lynn",11979
2023-11-21,Decision São Paulo,Porter-Wilson,11978
2023-11-21,Decision Campinas,Miller-Curry,11977
2023-11-21,Decision São Paulo,Bell Group,11976
2023-11-21,Decision São Paulo,Nelson-Page,11975
2023-11-21,Decision São Paulo,Nelson-Page,11974
2023-11-21,Decision São Paulo,Morrison Ltd,11973
2023-11-21,Decision São Paulo,Serrano-Hall,11972
2023-11-20,Decision São Paulo,Bell Group,11971
2023-11-20,Decision São Paulo,Bell Group,11970
2023-11-20,Decision São Paulo,Bell Group,11969
2023-11-20,Decision São Paulo,Bell Group,11968
2023-11-20,Decision São Paulo,Bell Group,11967
2023-11-20,Decision São Paulo,Bell Group,11966
2023-11-17,Decision São Paulo,Nelson-Page,11965
2023-11-16,Decision São Paulo,Morrison Ltd,11964
2023-11-16,Decision São Paulo,Morrison Ltd,11963
2023-11-16,Decision São Paulo,Morrison Ltd,11962
2023-11-16,Decision São Paulo,Morrison Ltd,11961
2023-11-16,Decision São Paulo,Morrison Ltd,11960
2023-11-16,Decision São Paulo,Morrison Ltd,11959
2023-11-16,Decision São Paulo,Morrison Ltd,11958
2023-11-16,Decision São Paulo,Morrison Ltd,11957
2023-11-16,Decision São Paulo,"Glover, Warren and Norris",11956
2023-11-16,Decision São Paulo,"Glover, Warren and Norris",11955
2023-11-16,Decision São Paulo,"Morris, Moran and Dodson",11954
2023-11-14,Decision São Paulo,Acevedo Inc,11953
2023-11-13,Decision São Paulo,Porter-Wilson,11952
2023-11-13,Decision Campinas,Miller-Curry,11951
2023-11-13,Decision Campinas,Werner PLC,11950
2023-11-13,Decision São Paulo,Nelson-Page,11949
2023-11-13,Decision São Paulo,Callahan-Hall,11948
2023-11-10,Decision São Paulo,Nelson-Page,11947
2023-11-10,Decision São Paulo,Porter-Wilson,11946
2023-11-10,Decision São Paulo,Porter-Wilson,11945
2023-11-10,Decision São Paulo,Bishop-Reed,11944
2023-11-10,Decision São Paulo,Nelson-Page,11943
2023-11-10,Decision São Paulo,Nelson-Page,11942
2023-11-10,Decision São Paulo,Nelson-Page,11941
2023-11-10,Decision São Paulo,Nelson-Page,11940
2023-11-10,Decision São Paulo,Nelson-Page,11939
2023-11-10,Decision São Paulo,Nelson-Page,11938
2023-11-10,Decision São Paulo,Morrison Ltd,11937
2023-11-10,Decision São Paulo,Stone PLC,11936
2023-11-10,Decision São Paulo,Nelson-Page,11935
2023-11-09,Decision São Paulo,"Wade, Bernard and Bailey",11934
2023-11-09,Decision São Paulo,Walters Group,11933
2023-11-09,Decision São Paulo,Morrison Ltd,11932
2023-11-09,Decision São Paulo,"Glover, Warren and Norris",11931
2023-11-08,Decision São Paulo,Nelson-Page,11930
2023-11-08,Decision São Paulo,Nelson-Page,11929
2023-11-08,Decision São Paulo,Bell Group,11928
2023-11-08,Decision São Paulo,Morrison Ltd,11927
2023-11-08,Decision São Paulo,Bell Group,11926
2023-11-07,Decision Campinas,Miller-Curry,11925
2023-11-07,Decision São Paulo,"Glover, Warren and Norris",11924
2023-11-07,Decision Campinas,Miller-Curry,11923
2023-11-06,Decision São Paulo,Nelson-Page,11922
2023-11-06,Decision São Paulo,"Wade, Bernard and Bailey",11921
2023-11-06,Decision São Paulo,Nelson-Page,11920
2023-11-06,Decision São Paulo,Nelson-Page,11919
2023-11-06,Decision São Paulo,Bell Group,11918
2023-11-06,Decision São Paulo,Bell Group,11917
2023-11-06,Decision São Paulo,Bell Group,11916
2023-11-03,Decision São Paulo,Porter-Wilson,11915
2023-11-03,Decision São Paulo,Porter-Wilson,11914
2023-11-03,Decision São Paulo,Porter-Wilson,11913
2023-11-03,Decision São Paulo,Bishop-Reed,11912
2023-11-03,Decision Campinas,Miller-Curry,11911
2023-11-03,Decision São Paulo,Porter-Wilson,11910
2023-10-31,Decision São Paulo,Nelson-Page,11909
2023-10-31,Decision São Paulo,"Wade, Bernard and Bailey",11908
2023-10-31,Decision São Paulo,Morrison Ltd,11907
2023-10-31,Decision São Paulo,Nelson-Page,11906
2023-10-31,Decision São Paulo,Nelson-Page,11905
2023-10-31,Decision São Paulo,Nelson-Page,11904
2023-10-31,Decision São Paulo,Nelson-Page,11903
2023-10-31,Decision São Paulo,Bell Group,11902
2023-10-31,Decision São Paulo,"Wade, Bernard and Bailey",11901
2023-10-31,Decision São Paulo,"Glover, Warren and Norris",11900
2023-10-31,Decision São Paulo,"Wade, Bernard and Bailey",11899
2023-10-31,Decision São Paulo,"Wade, Bernard and Bailey",11898
2023-10-30,Decision São Paulo,Bell Group,11897
2023-10-30,Decision São Paulo,Bishop-Reed,11896
2023-10-27,Decision São Paulo,Johnson-Aguirre,11895
2023-10-27,Decision São Paulo,Nelson-Page,11894
2023-10-27,Decision São Paulo,Bishop-Reed,11893
2023-10-27,Decision São Paulo,Bell Group,11892
2023-10-26,Decision São Paulo,"Bowers, Oconnor and Williams",11891
2023-10-25,Decision São Paulo,Bell Group,11889
2023-10-25,Decision São Paulo,Bell Group,11888
2023-10-25,Decision São Paulo,Walters Group,11887
2023-10-25,Decision São Paulo,Porter-Wilson,11886
2023-10-25,Decision São Paulo,Nelson-Page,11885
2023-10-25,Decision São Paulo,Nelson-Page,11884
2023-10-25,Decision São Paulo,Walters Group,11883
2023-10-23,Decision São Paulo,Morrison Ltd,11881
2023-10-23,Decision São Paulo,"Grant, Smith and Martinez",11880
2023-10-23,Decision São Paulo,Jenkins-Walker,11879
2023-10-23,Decision São Paulo,Nelson-Page,11878
2023-10-23,Decision São Paulo,Nelson-Page,11877
2023-10-23,Decision São Paulo,Bishop-Reed,11876
2023-10-20,Decision São Paulo,Morrison Ltd,11875
2023-10-19,Decision São Paulo,Nelson-Page,11874
2023-10-19,Decision São Paulo,Bell Group,11872
2023-10-18,Decision São Paulo,Johnson-Pratt,11871
2023-10-18,Decision São Paulo,Johnson-Pratt,11870
2023-10-17,Decision São Paulo,"Wade, Bernard and Bailey",11869
2023-10-13,Decision São Paulo,Nelson-Page,11868
2023-10-13,Decision Campinas,Miller-Curry,11867
2023-10-13,Decision São Paulo,Morrison Ltd,11866
2023-10-13,Decision São Paulo,Nelson-Page,11865
2023-10-13,Decision Campinas,Werner PLC,11864
2023-10-13,Decision São Paulo,Nelson-Page,11863
2023-10-13,Decision São Paulo,Nelson-Page,11862
2023-10-13,Decision Campinas,Werner PLC,11861
2023-10-13,Decision Campinas,Werner PLC,11860
2023-10-13,Decision Campinas,Werner PLC,11859
2023-10-13,Decision São Paulo,Nelson-Page,11858
2023-10-13,Decision São Paulo,Bell Group,11857
2023-10-13,Decision São Paulo,Bell Group,11855
2023-10-10,Decision São Paulo,Nelson-Page,11854
2023-10-09,Decision São Paulo,"Smith, Davis and Stephens",11853
2023-10-09,Decision São Paulo,"Bowers, Oconnor and Williams",11852
2023-10-09,Decision São Paulo,Nelson-Page,11851
2023-10-09,Decision São Paulo,Nelson-Page,11850
2023-10-09,Decision São Paulo,Nelson-Page,11849
2023-10-09,Decision São Paulo,Nelson-Page,11848
2023-10-09,Decision São Paulo,Nelson-Page,11847
2023-10-09,Decision São Paulo,Nelson-Page,11846
2023-10-09,Decision São Paulo,Nelson-Page,11845
2023-10-09,Decision São Paulo,Bell Group,11844
2023-10-06,Decision São Paulo,Morrison Ltd,11843
2023-10-06,Decision São Paulo,Bishop-Reed,11842
2023-10-06,Decision São Paulo,Morrison Ltd,11841
2023-10-06,Decision São Paulo,Smith PLC,11840
2023-10-05,Decision São Paulo,Bishop-Reed,11839
2023-10-05,Decision São Paulo,"Glover, Warren and Norris",11838
2023-10-05,Decision São Paulo,Nelson-Page,11837
2023-10-05,Decision São Paulo,"Glover, Warren and Norris",11836
2023-10-05,Decision São Paulo,Bell Group,11835
2023-10-04,Decision São Paulo,Bell Group,11834
2023-10-04,Decision São Paulo,"Wade, Bernard and Bailey",11833
2023-10-04,Decision São Paulo,"Chapman, Brown and Hart",11832
2023-10-04,Decision São Paulo,Morrison Ltd,11831
2023-10-04,Decision São Paulo,Morrison Ltd,11829
2023-10-03,Decision São Paulo,Bell Group,11828
2023-10-03,Decision São Paulo,Nelson-Page,11827
2023-10-03,Decision São Paulo,"Glover, Warren and Norris",11826
2023-10-03,Decision São Paulo,"Glover, Warren and Norris",11825
2023-10-02,Decision São Paulo,Morrison Ltd,11824
2023-10-02,Decision São Paulo,Johnson-Pratt,11823
2023-10-02,Decision São Paulo,Nelson-Page,11822
2023-10-02,Decision São Paulo,"Wade, Bernard and Bailey",11821
2023-10-02,Decision São Paulo,"Morris, Moran and Dodson",11820
2023-10-02,Decision São Paulo,Morrison Ltd,11819
2023-10-02,Decision São Paulo,Morrison Ltd,11818
2023-10-02,Decision São Paulo,Walters Group,11817
2023-09-29,Decision São Paulo,"Wade, Bernard and Bailey",11816
2023-09-29,Decision São Paulo,Morrison Ltd,11815
2023-09-29,Decision São Paulo,"Wade, Bernard and Bailey",11814
2023-09-29,Decision São Paulo,"Wade, Bernard and Bailey",11813
2023-09-28,Decision São Paulo,Morrison Ltd,11812
2023-09-28,Decision São Paulo,Cunningham-Lopez,11811
2023-09-28,Decision São Paulo,Nelson-Page,11810
2023-09-28,Decision São Paulo,Nelson-Page,11809
2023-09-27,Decision São Paulo,"Glover, Warren and Norris",11808
2023-09-27,Decision São Paulo,"Glover, Warren and Norris",11807
2023-09-27,Decision São Paulo,Nelson-Page,11806
2023-09-26,Decision São Paulo,Bishop-Reed,11805
2023-09-26,Decision São Paulo,Jenkins-Walker,11804
2023-09-26,Decision São Paulo,"Blevins, Rodriguez and Adams",11803
2023-09-25,Decision São Paulo,Bell Group,11802
2023-09-25,Decision São Paulo,"Wade, Bernard and Bailey",11801
2023-09-25,Decision São Paulo,"Wade, Bernard and Bailey",11800
2023-09-25,Decision São Paulo,"Wade, Bernard and Bailey",11799
2023-09-25,Decision São Paulo,Nelson-Page,11798
2023-09-25,Decision São Paulo,Nelson-Page,11797
2023-09-25,Decision São Paulo,Nelson-Page,11796
2023-09-22,Decision São Paulo,Morrison Ltd,11795
2023-09-22,Decision São Paulo,Bell Group,11794
2023-09-22,Decision São Paulo,Nelson-Page,11793
2023-09-22,Decision São Paulo,"Glover, Warren and Norris",11792
2023-09-22,Decision São Paulo,"Glover, Warren and Norris",11791
2023-09-22,Decision São Paulo,Nelson-Page,11790
2023-09-22,Decision São Paulo,"Glover, Warren and Norris",11789
2023-09-22,Decision São Paulo,"Glover, Warren and Norris",11788
2023-09-21,Decision São Paulo,Serrano-Hall,11787
2023-09-21,Decision São Paulo,Barnes-Woods,11786
2023-09-21,Decision São Paulo,Bell Group,11785
2023-09-20,Decision São Paulo,Walters Group,11783
2023-09-20,Decision São Paulo,Porter-Wilson,11782
2023-09-20,Decision São Paulo,Porter-Wilson,11781
2023-09-19,Decision São Paulo,Nelson-Page,11780
2023-09-19,Decision São Paulo,"Pennington, Pittman and Ruiz",11779
2023-09-19,Decision São Paulo,"Pennington, Pittman and Ruiz",11778
2023-09-18,Decision São Paulo,Bell Group,11777
2023-09-18,Decision São Paulo,Bell Group,11776
2023-09-18,Decision São Paulo,Bell Group,11775
2023-09-18,Decision São Paulo,Bell Group,11774
2023-09-18,Decision São Paulo,Bell Group,11773
2023-09-18,Decision São Paulo,Bell Group,11772
2023-09-18,Decision São Paulo,"Chambers, Brown and Bowen",11771
2023-09-18,Decision São Paulo,"Chambers, Brown and Bowen",11770
2023-09-18,Decision São Paulo,Brown-Jones,11769
2023-09-18,Decision São Paulo,Brown-Jones,11768
2023-09-18,Decision São Paulo,Brown-Jones,11767
2023-09-18,Decision São Paulo,"Chapman, Brown and Hart",11766
2023-09-18,Decision São Paulo,Bell Group,11765
2023-09-15,Decision São Paulo,"Glover, Warren and Norris",11764
2023-09-15,Decision São Paulo,"Glover, Warren and Norris",11763
2023-09-15,Decision São Paulo,Bishop-Reed,11762
2023-09-15,Decision São Paulo,Nelson-Page,11761
2023-09-15,Decision São Paulo,Nelson-Page,11760
2023-09-15,Decision São Paulo,Porter-Wilson,11759
2023-09-15,Decision São Paulo,Porter-Wilson,11758
2023-09-14,Decision São Paulo,Bell Group,11757
2023-09-14,Decision São Paulo,"Wade, Bernard and Bailey",11756
2023-09-13,Decision São Paulo,Griffith-Webb,11755
2023-09-13,Decision São Paulo,"Wade, Bernard and Bailey",11754
2023-09-13,Decision São Paulo,Nelson-Page,11753
2023-09-13,Decision São Paulo,Nelson-Page,11752
2023-09-12,Decision São Paulo,"Jensen, Smith and Brennan",11751
2023-09-12,Decision São Paulo,"Glover, Warren and Norris",11750
2023-09-12,Decision São Paulo,Smith Group,11749
2023-09-12,Decision São Paulo,Smith Group,11748
2023-09-12,Decision São Paulo,"Morris, Moran and Dodson",11747
2023-09-12,Decision São Paulo,Nelson-Page,11746
2023-09-11,Decision São Paulo,Bell Group,11745
2023-09-11,Decision São Paulo,Nelson-Page,11744
2023-09-11,Decision São Paulo,Nelson-Page,11743
2023-09-11,Decision São Paulo,Nelson-Page,11742
2023-09-11,Decision São Paulo,Nelson-Page,11741
2023-09-11,Decision São Paulo,Nelson-Page,11740
2023-09-11,Decision São Paulo,Nelson-Page,11739
2023-09-08,Decision Campinas,Miller-Curry,11738
2023-09-08,Decision Campinas,Miller-Curry,11737
2023-09-06,Decision São Paulo,Bell Group,11736
2023-09-06,Decision São Paulo,Bell Group,11735
2023-09-06,Decision São Paulo,Morrison Ltd,11734
2023-09-05,Decision São Paulo,Nelson-Page,11733
2023-09-04,Decision São Paulo,Callahan-Hall,11732
2023-09-04,Decision São Paulo,Callahan-Hall,11731
2023-09-04,Decision São Paulo,Bell Group,11730
2023-09-01,Decision São Paulo,Serrano-Hall,11729
2023-09-01,Decision São Paulo,Mann and Sons,11725
2023-08-31,Decision São Paulo,Luna-Carpenter,11724
2023-08-31,Decision São Paulo,"Glover, Warren and Norris",11723
2023-08-31,Decision São Paulo,Mann and Sons,11722
2023-08-31,Decision São Paulo,Nelson-Page,11721
2023-08-31,Decision São Paulo,Nelson-Page,11720
2023-08-31,Decision São Paulo,Nelson-Page,11719
2023-08-31,Decision São Paulo,Nelson-Page,11718
2023-08-30,Decision São Paulo,Walters Group,11717
2023-08-30,Decision São Paulo,Bell Group,11716
2023-08-30,Decision São Paulo,Bell Group,11715
2023-08-30,Decision São Paulo,Bell Group,11714
2023-08-30,Decision São Paulo,Bell Group,11713
2023-08-30,Decision São Paulo,Bell Group,11712
2023-08-29,Decision São Paulo,"Morris, Moran and Dodson",11711
2023-08-28,Decision São Paulo,Bell Group,11710
2023-08-28,Decision São Paulo,Nelson-Page,11709
2023-08-28,Decision São Paulo,"Glover, Warren and Norris",11708
2023-08-25,Decision São Paulo,"Jensen, Smith and Brennan",11707
2023-08-25,Decision São Paulo,"Glover, Warren and Norris",11706
2023-08-24,Decision São Paulo,"Wade, Bernard and Bailey",11705
2023-08-24,Decision São Paulo,"Glover, Warren and Norris",11704
2023-08-23,Decision São Paulo,"Glover, Warren and Norris",11703
2023-08-23,Decision São Paulo,"Glover, Warren and Norris",11702
2023-08-23,Decision São Paulo,"Glover, Warren and Norris",11701
2023-08-23,Decision São Paulo,"Glover, Warren and Norris",11700
2023-08-23,Decision São Paulo,"Glover, Warren and Norris",11699
2023-08-23,Decision São Paulo,"Glover, Warren and Norris",11698
2023-08-23,Decision São Paulo,"Glover, Warren and Norris",11697
2023-08-23,Decision São Paulo,Nelson-Page,11696
2023-08-23,Decision São Paulo,Bell Group,11695
2023-08-23,Decision São Paulo,Bell Group,11694
2023-08-23,Decision São Paulo,Bell Group,11693
2023-08-23,Decision São Paulo,Bell Group,11692
2023-08-22,Decision São Paulo,"Morris, Moran and Dodson",11691
2023-08-22,Decision São Paulo,"Chapman, Brown and Hart",11690
2023-08-21,Decision São Paulo,Mann and Sons,11689
2023-08-21,Decision São Paulo,Bell Group,11688
2023-08-18,Decision São Paulo,"Wade, Bernard and Bailey",11687
2023-08-18,Decision São Paulo,"Wade, Bernard and Bailey",11686
2023-08-18,Decision São Paulo,Nelson-Page,11685
2023-08-18,Decision Campinas,Evans PLC,11684
2023-08-17,Decision São Paulo,"Glover, Warren and Norris",11683
2023-08-17,Decision São Paulo,"Glover, Warren and Norris",11682
2023-08-17,Decision São Paulo,"Glover, Warren and Norris",11681
2023-08-17,Decision São Paulo,"Glover, Warren and Norris",11680
2023-08-17,Decision São Paulo,"Glover, Warren and Norris",11679
2023-08-17,Decision São Paulo,"Glover, Warren and Norris",11678
2023-08-16,Decision São Paulo,Nelson-Page,11677
2023-08-16,Decision São Paulo,Nelson-Page,11676
2023-08-16,Decision Campinas,Miller-Curry,11675
2023-08-11,Decision São Paulo,Serrano-Hall,11674
2023-08-11,Decision São Paulo,"Wade, Bernard and Bailey",11673
2023-08-11,Decision São Paulo,"Wade, Bernard and Bailey",11672
2023-08-09,Decision São Paulo,"Glover, Warren and Norris",11671
2023-08-09,Decision São Paulo,"Morris, Moran and Dodson",11670
2023-08-09,Decision São Paulo,Acevedo Inc,11669
2023-08-09,Decision São Paulo,"Glover, Warren and Norris",11668
2023-08-09,Decision Campinas,Miller-Curry,11667
2023-08-09,Decision São Paulo,Bell Group,11666
2023-08-09,Decision São Paulo,Bell Group,11665
2023-08-08,Decision São Paulo,Mann and Sons,11664
2023-08-08,Decision São Paulo,"Miller, Tran and Chang",11663
2023-08-08,Decision São Paulo,Porter-Wilson,11662
2023-08-07,Decision São Paulo,"Morris, Moran and Dodson",11661
2023-08-07,Decision São Paulo,Porter-Wilson,11660
2023-08-07,Decision São Paulo,Nelson-Page,11659
2023-08-07,Decision São Paulo,Nelson-Page,11658
2023-08-07,Decision São Paulo,"Wade, Bernard and Bailey",11657
2023-08-04,Decision São Paulo,Callahan-Hall,11656
2023-08-04,Decision Campinas,Miller-Curry,11655
2023-08-04,Decision Campinas,Miller-Curry,11654
2023-08-04,Decision São Paulo,Jenkins-Walker,11653
2023-08-04,Decision São Paulo,Jenkins-Walker,11652
2023-08-03,Decision São Paulo,Bell Group,11651
2023-08-03,Decision Campinas,Miller-Curry,11650
2023-08-02,Decision São Paulo,Nelson-Page,11649
2023-08-02,Decision São Paulo,Nelson-Page,11648
2023-08-01,Decision São Paulo,Callahan-Hall,11647
2023-08-01,Decision São Paulo,Callahan-Hall,11646
2023-08-01,Decision São Paulo,Callahan-Hall,11645
2023-08-01,Decision São Paulo,Callahan-Hall,11644
2023-08-01,Decision São Paulo,Nelson-Page,11643
2023-08-01,Decision São Paulo,Nelson-Page,11642
2023-08-01,Decision São Paulo,Nelson-Page,11641
2023-08-01,Decision São Paulo,Nelson-Page,11640
2023-08-01,Decision São Paulo,Nelson-Page,11639
2023-08-01,Decision São Paulo,Nelson-Page,11638
2023-08-01,Decision São Paulo,Nelson-Page,11637
2023-08-01,Decision São Paulo,Nelson-Page,11636
2023-08-01,Decision São Paulo,Nelson-Page,11635
2023-08-01,Decision São Paulo,Nelson-Page,11634
2023-08-01,Decision São Paulo,Nelson-Page,11633
2023-08-01,Decision São Paulo,Nelson-Page,11632
2023-08-01,Decision São Paulo,Nelson-Page,11631
2023-08-01,Decision São Paulo,Nelson-Page,11630
2023-08-01,Decision São Paulo,Nelson-Page,11629
2023-07-31,Decision São Paulo,"Glover, Warren and Norris",11628
2023-07-31,Decision São Paulo,"Glover, Warren and Norris",11627
2023-07-31,Decision São Paulo,"Glover, Warren and Norris",11626
2023-07-31,Decision São Paulo,"Glover, Warren and Norris",11625
2023-07-28,Decision São Paulo,Bishop-Reed,11624
2023-07-28,Decision São Paulo,Bishop-Reed,11623
2023-07-28,Decision São Paulo,Nelson-Page,11622
2023-07-28,Decision São Paulo,Nelson-Page,11621
2023-07-28,Decision São Paulo,Bell Group,11620
2023-07-28,Decision São Paulo,"Wade, Bernard and Bailey",11619
2023-07-27,Decision São Paulo,Nelson-Page,11618
2023-07-27,Decision São Paulo,Morrison Ltd,11617
2023-07-27,Decision São Paulo,Porter-Wilson,11616
2023-07-27,Decision São Paulo,Porter-Wilson,11615
2023-07-26,Decision São Paulo,Mann and Sons,11614
2023-07-26,Decision São Paulo,"Glover, Warren and Norris",11613
2023-07-26,Decision São Paulo,Bell Group,11612
2023-07-25,Decision São Paulo,Bell Group,11611
2023-07-25,Decision São Paulo,Mann and Sons,11610
2023-07-25,Decision São Paulo,Porter-Wilson,11609
2023-07-25,Decision São Paulo,Porter-Wilson,11608
2023-07-25,Decision São Paulo,Nelson-Page,11607
2023-07-24,Decision São Paulo,Bell Group,11606
2023-07-24,Decision São Paulo,Mann and Sons,11605
2023-07-24,Decision São Paulo,"Glover, Warren and Norris",11604
2023-07-21,Decision Campinas,Werner PLC,11603
2023-07-20,Decision São Paulo,"Glover, Warren and Norris",11602
2023-07-19,Decision São Paulo,Jenkins-Walker,11601
2023-07-19,Decision São Paulo,Nelson-Page,11600
2023-07-19,Decision São Paulo,"Williams, Clark and Lynn",11599
2023-07-19,Decision São Paulo,Nelson-Page,11598
2023-07-19,Decision São Paulo,Walters Group,11597
2023-07-19,Decision São Paulo,Bell Group,11596
2023-07-19,Decision São Paulo,Bell Group,11595
2023-07-19,Decision São Paulo,Mann and Sons,11594
2023-07-18,Decision São Paulo,Nelson-Page,11593
2023-07-18,Decision São Paulo,Nelson-Page,11592
2023-07-18,Decision São Paulo,Nelson-Page,11591
2023-07-18,Decision São Paulo,Nelson-Page,11590
2023-07-18,Decision São Paulo,Mclaughlin Ltd,11589
2023-07-18,Decision São Paulo,Porter-Wilson,11588
2023-07-18,Decision São Paulo,Porter-Wilson,11587
2023-07-18,Decision São Paulo,Bell Group,11586
2023-07-17,Decision São Paulo,Callahan-Hall,11585
2023-07-17,Decision São Paulo,Nelson-Page,11584
2023-07-17,Decision São Paulo,"Glover, Warren and Norris",11583
2023-07-13,Decision São Paulo,Mann and Sons,11582
2023-07-13,Decision São Paulo,Mann and Sons,11581
2023-07-13,Decision São Paulo,Mann and Sons,11580
2023-07-13,Decision São Paulo,Nelson-Page,11579
2023-07-13,Decision São Paulo,Nelson-Page,11578
2023-07-12,Decision São Paulo,Mann and Sons,11577
2023-07-12,Decision São Paulo,Nelson-Page,11576
2023-07-12,Decision São Paulo,Nelson-Page,11575
2023-07-12,Decision São Paulo,"Morris, Moran and Dodson",11574
2023-07-12,Decision São Paulo,"Morris, Moran and Dodson",11573
2023-07-12,Decision São Paulo,"Morris, Moran and Dodson",11572
2023-07-12,Decision São Paulo,"Morris, Moran and Dodson",11571
2023-07-12,Decision São Paulo,"Morris, Moran and Dodson",11570
2023-07-12,Decision São Paulo,"Morris, Moran and Dodson",11569
2023-07-12,Decision São Paulo,Bell Group,11568
2023-07-11,Decision São Paulo,Jenkins-Walker,11567
2023-07-11,Decision São Paulo,Jenkins-Walker,11566
2023-07-11,Decision Campinas,Miller-Curry,11565
2023-07-11,Decision São Paulo,"Glover, Warren and Norris",11564
2023-07-11,Decision São Paulo,"Glover, Warren and Norris",11563
2023-07-11,Decision São Paulo,Bell Group,11562
2023-07-11,Decision São Paulo,"Glover, Warren and Norris",11561
2023-07-11,Decision São Paulo,"Wade, Bernard and Bailey",11560
2023-07-10,Decision São Paulo,Nelson-Page,11559
2023-07-07,Decision São Paulo,Morrison Ltd,11558
2023-07-07,Decision São Paulo,Morrison Ltd,11557
2023-07-07,Decision São Paulo,Morrison Ltd,11556
2023-07-07,Decision São Paulo,Morrison Ltd,11555
2023-07-07,Decision São Paulo,Morrison Ltd,11554
2023-07-07,Decision São Paulo,Walters Group,11553
2023-07-07,Decision Campinas,Miller-Curry,11552
2023-07-07,Decision São Paulo,Morrison Ltd,11551
2023-07-07,Decision São Paulo,Morrison Ltd,11550
2023-07-06,Decision São Paulo,Nelson-Page,11549
2023-07-06,Decision São Paulo,Nelson-Page,11548
2023-07-06,Decision São Paulo,Nelson-Page,11547
2023-07-06,Decision São Paulo,Nelson-Page,11546
2023-07-06,Decision São Paulo,Nelson-Page,11545
2023-07-06,Decision São Paulo,Nelson-Page,11544
2023-07-06,Decision São Paulo,Nelson-Page,11543
2023-07-06,Decision São Paulo,Nelson-Page,11542
2023-07-06,Decision São Paulo,Nelson-Page,11541
2023-07-06,Decision São Paulo,Nelson-Page,11540
2023-07-06,Decision São Paulo,Nelson-Page,11539
2023-07-06,Decision São Paulo,Nelson-Page,11538
2023-07-06,Decision São Paulo,Nelson-Page,11537
2023-07-06,Decision São Paulo,Nelson-Page,11536
2023-07-06,Decision São Paulo,Nelson-Page,11535
2023-07-06,Decision São Paulo,Nelson-Page,11534
2023-07-06,Decision São Paulo,Nelson-Page,11533
2023-07-06,Decision São Paulo,Nelson-Page,11532
2023-07-06,Decision São Paulo,Nelson-Page,11531
2023-07-05,Decision São Paulo,"Glover, Warren and Norris",11530
2023-07-04,Decision São Paulo,Nelson-Page,11529
2023-07-04,Decision São Paulo,Morrison Ltd,11528
2023-07-04,Decision Campinas,Miller-Curry,11527
2023-07-03,Decision São Paulo,Bell Group,11526
2023-07-03,Decision São Paulo,Nelson-Page,11525
2023-07-03,Decision São Paulo,"Morris, Moran and Dodson",11524
2023-06-30,Decision São Paulo,Nelson-Page,11523
2023-06-29,Decision São Paulo,Callahan-Hall,11522
2023-06-29,Decision São Paulo,Callahan-Hall,11521
2023-06-29,Decision São Paulo,Callahan-Hall,11520
2023-06-29,Decision São Paulo,Callahan-Hall,11519
2023-06-29,Decision São Paulo,Callahan-Hall,11518
2023-06-29,Decision São Paulo,Callahan-Hall,11517
2023-06-29,Decision São Paulo,Callahan-Hall,11516
2023-06-29,Decision São Paulo,Callahan-Hall,11515
2023-06-29,Decision São Paulo,Callahan-Hall,11514
2023-06-29,Decision São Paulo,Nelson-Page,11513
2023-06-29,Decision São Paulo,Callahan-Hall,11512
2023-06-29,Decision São Paulo,Callahan-Hall,11511
2023-06-29,Decision São Paulo,Callahan-Hall,11510
2023-06-29,Decision São Paulo,Morrison Ltd,11509
2023-06-28,Decision São Paulo,Morrison Ltd,11508
2023-06-28,Decision São Paulo,Nelson-Page,11507
2023-06-28,Decision São Paulo,Nelson-Page,11506
2023-06-28,Decision São Paulo,"Wade, Bernard and Bailey",11505
2023-06-28,Decision São Paulo,"Wade, Bernard and Bailey",11504
2023-06-28,Decision São Paulo,"Wade, Bernard and Bailey",11503
2023-06-28,Decision São Paulo,"Wade, Bernard and Bailey",11502
2023-06-28,Decision São Paulo,Bell Group,11501
2023-06-28,Decision São Paulo,Nelson-Page,11500
2023-06-27,Decision São Paulo,Callahan-Hall,11499
2023-06-26,Decision São Paulo,"Glover, Warren and Norris",11498
2023-06-23,Decision São Paulo,Bell Group,11497
2023-06-23,Decision São Paulo,Mann and Sons,11496
2023-06-23,Decision São Paulo,"Henderson, Duarte and Rosario",11495
2023-06-22,Decision São Paulo,Morrison Ltd,11494
2023-06-22,Decision São Paulo,Nelson-Page,11493
2023-06-22,Decision São Paulo,Nelson-Page,11492
2023-06-22,Decision São Paulo,Nelson-Page,11491
2023-06-22,Decision São Paulo,Callahan-Hall,11490
2023-06-22,Decision São Paulo,Nelson-Page,11489
2023-06-22,Decision São Paulo,Mann and Sons,11488
2023-06-21,Decision São Paulo,Nelson-Page,11487
2023-06-21,Decision São Paulo,Bell Group,11486
2023-06-21,Decision São Paulo,Nelson-Page,11485
2023-06-21,Decision São Paulo,"Glover, Warren and Norris",11483
2023-06-19,Decision São Paulo,"Glover, Warren and Norris",11482
2023-06-19,Decision São Paulo,"Glover, Warren and Norris",11481
2023-06-16,Decision São Paulo,Nelson-Page,11479
2023-06-16,Decision São Paulo,Nelson-Page,11478
2023-06-16,Decision São Paulo,Nelson-Page,11477
2023-06-16,Decision São Paulo,Bell Group,11476
2023-06-16,Decision São Paulo,"Glover, Warren and Norris",11475
2023-06-15,Decision São Paulo,Walters Group,11474
2023-06-15,Decision São Paulo,Walters Group,11473
2023-06-15,Decision São Paulo,Johnson-Pratt,11472
2023-06-15,Decision São Paulo,Callahan-Hall,11471
2023-06-15,Decision São Paulo,"Glover, Warren and Norris",11470
2023-06-14,Decision São Paulo,"Glover, Warren and Norris",11469
2023-06-14,Decision São Paulo,Nelson-Page,11468
2023-06-14,Decision São Paulo,"Glover, Warren and Norris",11467
2023-06-14,Decision São Paulo,"Glover, Warren and Norris",11466
2023-06-13,Decision São Paulo,Nelson-Page,11465
2023-06-13,Decision São Paulo,Nelson-Page,11463
2023-06-13,Decision São Paulo,Johnson-Pratt,11462
2023-06-13,Decision São Paulo,"Wade, Bernard and Bailey",11461
2023-06-13,Decision Campinas,Miller-Curry,11460
2023-06-12,Decision São Paulo,"Chapman, Brown and Hart",11459
2023-06-12,Decision São Paulo,Morrison Ltd,11458
2023-06-12,Decision São Paulo,Nelson-Page,11457
2023-06-12,Decision São Paulo,Nelson-Page,11456
2023-06-09,Decision São Paulo,Nelson-Page,11455
2023-06-09,Decision São Paulo,Nelson-Page,11454
2023-06-09,Decision São Paulo,Nelson-Page,11453
2023-06-09,Decision São Paulo,Nelson-Page,11452
2023-06-09,Decision São Paulo,Nelson-Page,11451
2023-06-09,Decision São Paulo,Nelson-Page,11450
2023-06-09,Decision São Paulo,Nelson-Page,11449
2023-06-09,Decision São Paulo,Nelson-Page,11448
2023-06-09,Decision São Paulo,"Glover, Warren and Norris",11447
2023-06-07,Decision São Paulo,"Glover, Warren and Norris",11446
2023-06-06,Decision São Paulo,"Glover, Warren and Norris",11445
2023-06-06,Decision São Paulo,"Glover, Warren and Norris",11444
2023-06-06,Decision São Paulo,"Glover, Warren and Norris",11443
2023-06-06,Decision São Paulo,Morrison Ltd,11442
2023-06-06,Decision São Paulo,Morrison Ltd,11441
2023-06-06,Decision São Paulo,Nelson-Page,11440
2023-06-06,Decision São Paulo,Nelson-Page,11439
2023-06-06,Decision São Paulo,Bell Group,11438
2023-06-05,Decision São Paulo,Morrison Ltd,11437
2023-06-05,Decision São Paulo,"Glover, Warren and Norris",11436
2023-06-05,Decision São Paulo,Bell Group,11435
2023-06-05,Decision São Paulo,Bell Group,11434
2023-06-05,Decision São Paulo,"Wade, Bernard and Bailey",11433
2023-06-02,Decision São Paulo,Nelson-Page,11432
2023-06-02,Decision São Paulo,Nelson-Page,11431
2023-06-02,Decision São Paulo,"Wade, Bernard and Bailey",11430
2023-06-02,Decision São Paulo,Nelson-Page,11429
2023-06-02,Decision São Paulo,"Wade, Bernard and Bailey",11428
2023-06-02,Decision São Paulo,Johnson-Pratt,11427
2023-06-02,Decision São Paulo,Johnson-Pratt,11426
2023-06-02,Decision São Paulo,Johnson-Pratt,11425
2023-06-02,Decision São Paulo,Johnson-Pratt,11424
2023-06-02,Decision São Paulo,Johnson-Pratt,11423
2023-06-02,Decision São Paulo,Johnson-Pratt,11422
2023-06-02,Decision São Paulo,Morrison Ltd,11421
2023-06-02,Decision São Paulo,"Glover, Warren and Norris",11420
2023-06-01,Decision São Paulo,Porter-Wilson,11418
2023-05-31,Decision São Paulo,"Morris, Moran and Dodson",11417
2023-05-31,Decision São Paulo,"Morris, Moran and Dodson",11416
2023-05-31,Decision São Paulo,"Morris, Moran and Dodson",11415
2023-05-31,Decision São Paulo,"Morris, Moran and Dodson",11414
2023-05-31,Decision São Paulo,"Morris, Moran and Dodson",11413
2023-05-31,Decision Campinas,Miller-Curry,11412
2023-05-31,Decision São Paulo,"Morris, Moran and Dodson",11411
2023-05-31,Decision São Paulo,"Morris, Moran and Dodson",11410
2023-05-30,Decision Campinas,Miller-Curry,11409
2023-05-29,Decision São Paulo,Morrison Ltd,11406
2023-05-26,Decision São Paulo,Johnson-Pratt,11405
2023-05-26,Decision São Paulo,Johnson-Pratt,11404
2023-05-26,Decision São Paulo,"Glover, Warren and Norris",11403
2023-05-25,Decision Campinas,Miller-Curry,11402
2023-05-25,Decision São Paulo,Porter-Wilson,11401
2023-05-25,Decision São Paulo,Morrison Ltd,11400
2023-05-25,Decision Campinas,Miller-Curry,11399
2023-05-24,Decision São Paulo,"Glover, Warren and Norris",11398
2023-05-24,Decision São Paulo,Barnes-Woods,11397
2023-05-24,Decision São Paulo,Mann and Sons,11396
2023-05-24,Decision São Paulo,Callahan-Hall,11395
2023-05-23,Decision São Paulo,Morrison Ltd,11394
2023-05-23,Decision São Paulo,Morrison Ltd,11393
2023-05-23,Decision São Paulo,Morrison Ltd,11392
2023-05-22,Decision São Paulo,Bell Group,11391
2023-05-22,Decision São Paulo,Bell Group,11390
2023-05-22,Decision São Paulo,Bell Group,11389
2023-05-22,Decision São Paulo,Bell Group,11388
2023-05-22,Decision São Paulo,Bell Group,11387
2023-05-22,Decision São Paulo,Bell Group,11386
2023-05-22,Decision São Paulo,Bell Group,11385
2023-05-22,Decision São Paulo,Bell Group,11384
2023-05-22,Decision São Paulo,Bell Group,11383
2023-05-22,Decision São Paulo,Nelson-Page,11382
2023-05-22,Decision São Paulo,Bell Group,11381
2023-05-22,Decision São Paulo,Nelson-Page,11371
2023-05-22,Decision São Paulo,Bell Group,11370
2023-05-19,Decision São Paulo,"Glover, Warren and Norris",11369
2023-05-19,Decision São Paulo,"Glover, Warren and Norris",11368
2023-05-19,Decision São Paulo,"Glover, Warren and Norris",11367
2023-05-19,Decision São Paulo,"Glover, Warren and Norris",11366
2023-05-19,Decision São Paulo,"Glover, Warren and Norris",11365
2023-05-19,Decision São Paulo,"Glover, Warren and Norris",11364
2023-05-18,Decision São Paulo,Porter-Wilson,11363
2023-05-18,Decision São Paulo,Morrison Ltd,11362
2023-05-17,Decision São Paulo,Morrison Ltd,11361
2023-05-17,Decision São Paulo,Morrison Ltd,11360
2023-05-17,Decision São Paulo,Morrison Ltd,11359
2023-05-17,Decision São Paulo,Morrison Ltd,11358
2023-05-17,Decision São Paulo,Morrison Ltd,11357
2023-05-16,Decision São Paulo,"Bowers, Oconnor and Williams",11356
2023-05-16,Decision São Paulo,Johnson-Pratt,11355
2023-05-16,Decision São Paulo,Callahan-Hall,11354
2023-05-15,Decision São Paulo,Morrison Ltd,11353
2023-05-15,Decision São Paulo,Morrison Ltd,11352
2023-05-15,Decision São Paulo,Morrison Ltd,11351
2023-05-15,Decision São Paulo,Morrison Ltd,11350
2023-05-15,Decision São Paulo,Morrison Ltd,11349
2023-05-15,Decision São Paulo,Morrison Ltd,11348
2023-05-15,Decision São Paulo,Morrison Ltd,11347
2023-05-15,Decision São Paulo,Callahan-Hall,11346
2023-05-15,Decision São Paulo,Callahan-Hall,11345
2023-05-15,Decision São Paulo,Callahan-Hall,11344
2023-05-15,Decision São Paulo,"Morris, Moran and Dodson",11343
2023-05-12,Decision São Paulo,Nelson-Page,11342
2023-05-12,Decision São Paulo,Nelson-Page,11341
2023-05-12,Decision São Paulo,"Glover, Warren and Norris",11340
2023-05-12,Decision São Paulo,Porter-Wilson,11339
2023-05-12,Decision São Paulo,Nelson-Page,11338
2023-05-12,Decision São Paulo,"Morris, Moran and Dodson",11337
2023-05-10,Decision São Paulo,Morrison Ltd,11336
2023-05-10,Decision São Paulo,"Morris, Moran and Dodson",11335
2023-05-10,Decision São Paulo,"Morris, Moran and Dodson",11334
2023-05-10,Decision São Paulo,Nelson-Page,11333
2023-05-09,Decision São Paulo,"Glover, Warren and Norris",11332
2023-05-09,Decision São Paulo,"Glover, Warren and Norris",11331
2023-05-09,Decision São Paulo,"Glover, Warren and Norris",11329
2023-05-09,Decision São Paulo,Nelson-Page,11328
2023-05-09,Decision São Paulo,"Glover, Warren and Norris",11327
2023-05-09,Decision São Paulo,"Morris, Moran and Dodson",11326
2023-05-09,Decision São Paulo,"Morris, Moran and Dodson",11325
2023-05-09,Decision São Paulo,"Morris, Moran and Dodson",11324
2023-05-08,Decision São Paulo,"Glover, Warren and Norris",11323
2023-05-08,Decision São Paulo,"Morris, Moran and Dodson",11322
2023-05-08,Decision São Paulo,"Morris, Moran and Dodson",11321
2023-05-08,Decision São Paulo,"Morris, Moran and Dodson",11320
2023-05-08,Decision São Paulo,"Morris, Moran and Dodson",11319
2023-05-08,Decision São Paulo,"Morris, Moran and Dodson",11318
2023-05-08,Decision São Paulo,"Morris, Moran and Dodson",11317
2023-05-08,Decision São Paulo,"Morris, Moran and Dodson",11316
2023-05-08,Decision São Paulo,"Morris, Moran and Dodson",11313
2023-05-08,Decision São Paulo,"Morris, Moran and Dodson",11312
2023-05-05,Decision Campinas,Werner PLC,11311
2023-05-05,Decision Campinas,Miller-Curry,11310
2023-05-05,Decision Campinas,Miller-Curry,11309
2023-05-05,Decision São Paulo,Nelson-Page,11308
2023-05-05,Decision São Paulo,Nelson-Page,11307
2023-05-05,Decision São Paulo,Nelson-Page,11306
2023-05-03,Decision São Paulo,Mann and Sons,11303
2023-05-03,Decision São Paulo,"Glover, Warren and Norris",11302
2023-05-03,Decision São Paulo,"Glover, Warren and Norris",11301
2023-05-03,Decision São Paulo,Porter-Wilson,11300
2023-05-02,Decision São Paulo,Dougherty-Gilbert,11299
2023-04-28,Decision São Paulo,Bell Group,11298
2023-04-28,Decision São Paulo,Bell Group,11297
2023-04-28,Decision São Paulo,Bell Group,11296
2023-04-28,Decision São Paulo,Bell Group,11295
2023-04-28,Decision São Paulo,Bell Group,11294
2023-04-28,Decision São Paulo,Bell Group,11293
2023-04-28,Decision São Paulo,Bell Group,11292
2023-04-28,Decision São Paulo,Bell Group,11291
2023-04-28,Decision São Paulo,Bell Group,11290
2023-04-28,Decision São Paulo,Bell Group,11289
2023-04-28,Decision São Paulo,Bell Group,11288
2023-04-28,Decision São Paulo,Bell Group,11287
2023-04-28,Decision São Paulo,Bell Group,11286
2023-04-28,Decision São Paulo,Bell Group,11285
2023-04-28,Decision São Paulo,Bell Group,11284
2023-04-28,Decision São Paulo,Bell Group,11283
2023-04-28,Decision São Paulo,Bell Group,11282
2023-04-28,Decision São Paulo,Bell Group,11281
2023-04-28,Decision São Paulo,Bell Group,11280
2023-04-28,Decision São Paulo,Bell Group,11279
2023-04-28,Decision São Paulo,Bell Group,11278
2023-04-28,Decision São Paulo,Bell Group,11277
2023-04-28,Decision São Paulo,Bell Group,11276
2023-04-27,Decision São Paulo,Jenkins-Walker,11275
2023-04-27,Decision São Paulo,Morrison Ltd,11274
2023-04-26,Decision São Paulo,Morrison Ltd,11273
2023-04-26,Decision São Paulo,Morrison Ltd,11272
2023-04-26,Decision São Paulo,Morrison Ltd,11271
2023-04-26,Decision São Paulo,"Chapman, Brown and Hart",11270
2023-04-26,Decision São Paulo,"Gutierrez, Ward and Houston",11269
2023-04-26,Decision São Paulo,"Wade, Bernard and Bailey",11268
2023-04-26,Decision São Paulo,"Wade, Bernard and Bailey",11267
2023-04-25,Decision São Paulo,Morrison Ltd,11266
2023-04-25,Decision São Paulo,Dougherty-Gilbert,11265
2023-04-25,Decision São Paulo,"Glover, Warren and Norris",11264
2023-04-24,Decision São Paulo,Nelson-Page,11263
2023-04-24,Decision São Paulo,Nelson-Page,11262
2023-04-20,Decision São Paulo,Johnson-Pratt,11261
2023-04-19,Decision São Paulo,"Morris, Moran and Dodson",11260
2023-04-19,Decision São Paulo,"Morris, Moran and Dodson",11259
2023-04-19,Decision São Paulo,Nelson-Page,11258
2023-04-19,Decision São Paulo,Porter-Wilson,11257
2023-04-18,Decision São Paulo,Mann and Sons,11255
2023-04-18,Decision São Paulo,Mann and Sons,11254
2023-04-18,Decision São Paulo,"Myers, Torres and Martin",11253
2023-04-17,Decision São Paulo,Mann and Sons,11252
2023-04-17,Decision São Paulo,Mann and Sons,11251
2023-04-17,Decision São Paulo,Mann and Sons,11250
2023-04-17,Decision São Paulo,Mann and Sons,11249
2023-04-17,Decision São Paulo,Mann and Sons,11248
2023-04-17,Decision São Paulo,Mann and Sons,11247
2023-04-17,Decision São Paulo,Mann and Sons,11246
2023-04-17,Decision São Paulo,Nelson-Page,11245
2023-04-17,Decision São Paulo,Nelson-Page,11244
2023-04-17,Decision São Paulo,Nelson-Page,11243
2023-04-17,Decision São Paulo,Nelson-Page,11242
2023-04-17,Decision São Paulo,Nelson-Page,11241
2022-01-28,Decision São Paulo,Jenkins-Walker,8212
2022-01-28,Decision São Paulo,Jenkins-Walker,8211
2022-01-28,Decision São Paulo,Jenkins-Walker,8210
2022-01-28,Decision São Paulo,Jenkins-Walker,8209
2022-01-28,Decision São Paulo,Jenkins-Walker,8208
2022-01-28,Decision São Paulo,Jenkins-Walker,8207
2022-01-28,Decision São Paulo,Jenkins-Walker,8206
2022-01-28,Decision São Paulo,Jenkins-Walker,8205
2022-01-28,Decision São Paulo,Jenkins-Walker,8204
2022-01-28,Decision São Paulo,Jenkins-Walker,8203
2022-01-28,Decision São Paulo,Nelson-Page,8202
2022-01-28,Decision São Paulo,Mann and Sons,8201
2022-01-28,Decision São Paulo,Mann and Sons,8200
2022-01-27,Decision São Paulo,Nelson-Page,8199
2022-01-27,Decision São Paulo,Nelson-Page,8198
2022-01-27,Decision São Paulo,Nelson-Page,8197
2022-01-27,Decision São Paulo,Nelson-Page,8196
2022-01-27,Decision São Paulo,Nelson-Page,8195
2022-01-27,Decision São Paulo,Morrison Ltd,8193
2022-01-27,Decision São Paulo,Morrison Ltd,8192
2022-01-27,Decision São Paulo,Morrison Ltd,8191
2022-01-27,Decision São Paulo,Johnson-Pratt,8190
2022-01-27,Decision São Paulo,Johnson-Pratt,8189
2022-01-27,Decision São Paulo,Johnson-Pratt,8188
2022-01-27,Decision São Paulo,Johnson-Pratt,8187
2022-01-27,Decision São Paulo,Jenkins-Walker,8186
2022-01-27,Decision São Paulo,Nelson-Page,8185
2022-01-27,Decision São Paulo,Nelson-Page,8184
2022-01-27,Decision São Paulo,Nelson-Page,8183
2022-01-27,Decision Campinas,Miller-Curry,8182
2022-01-27,Decision Campinas,Miller-Curry,8181
2022-01-27,Decision Campinas,Miller-Curry,8180
2022-01-27,Decision São Paulo,Jenkins-Walker,8179
2022-01-27,Decision São Paulo,Jenkins-Walker,8178
2022-01-27,Decision São Paulo,Morrison Ltd,8177
2022-01-27,Decision São Paulo,Jenkins-Walker,8176
2022-01-27,Decision São Paulo,Jenkins-Walker,8175
2022-01-27,Decision São Paulo,Jenkins-Walker,8174
2022-01-27,Decision São Paulo,Jenkins-Walker,8173
2022-01-27,Decision São Paulo,Jenkins-Walker,8172
2022-01-27,Decision São Paulo,Jenkins-Walker,8171
2022-01-27,Decision São Paulo,Jenkins-Walker,8170
2022-01-27,Decision São Paulo,Jenkins-Walker,8169
2022-01-27,Decision São Paulo,Jenkins-Walker,8168
2022-01-27,Decision São Paulo,Jenkins-Walker,8167
2022-01-26,Decision São Paulo,Jenkins-Walker,8166
2022-01-26,Decision São Paulo,Dougherty-Gilbert,8165
2022-01-26,Decision São Paulo,Morrison Ltd,8164
2022-01-26,Decision Campinas,Miller-Curry,8163
2022-01-26,Decision Campinas,Miller-Curry,8162
2022-01-26,Decision Campinas,Miller-Curry,8161
2022-01-26,Decision Campinas,Miller-Curry,8160
2022-01-26,Decision São Paulo,"Chapman, Brown and Hart",8159
2022-01-26,Decision São Paulo,Jenkins-Walker,8158
2022-01-26,Decision São Paulo,Walters Group,8157
2022-01-26,Decision São Paulo,Walters Group,8156
2022-01-26,Decision São Paulo,Nelson-Page,8155
2022-01-26,Decision São Paulo,Nelson-Page,8154
2022-01-26,Decision São Paulo,"Wade, Bernard and Bailey",8153
2022-01-26,Decision Campinas,Miller-Curry,8152
2022-01-26,Decision São Paulo,Mann and Sons,8151
2022-01-26,Decision São Paulo,Johnson-Pratt,8150
2022-01-25,Decision Campinas,Miller-Curry,8149
2022-01-25,Decision Campinas,Miller-Curry,8148
2022-01-25,Decision Campinas,Miller-Curry,8147
2022-01-25,Decision Campinas,Miller-Curry,8146
2022-01-25,Decision São Paulo,Nelson-Page,8145
2022-01-24,Decision São Paulo,Jenkins-Walker,8144
2022-01-24,Decision São Paulo,Nelson-Page,8143
2022-01-24,Decision São Paulo,Nelson-Page,8142
2022-01-24,Decision São Paulo,Nelson-Page,8141
2022-01-24,Decision São Paulo,Nelson-Page,8140
2022-01-24,Decision São Paulo,Morrison Ltd,8139
2022-01-24,Decision São Paulo,Nelson-Page,8138
2022-01-24,Decision São Paulo,Nelson-Page,8137
2022-01-21,Decision São Paulo,Jenkins-Walker,8136
2022-01-21,Decision São Paulo,"Pennington, Pittman and Ruiz",8134
2022-01-21,Decision São Paulo,"Pennington, Pittman and Ruiz",8133
2022-01-21,Decision São Paulo,"Pennington, Pittman and Ruiz",8132
2022-01-21,Decision São Paulo,"Pennington, Pittman and Ruiz",8131
2022-01-21,Decision São Paulo,Jenkins-Walker,8130
2022-01-21,Decision São Paulo,Jenkins-Walker,8129
2022-01-21,Decision São Paulo,Jenkins-Walker,8128
2022-01-21,Decision São Paulo,Jenkins-Walker,8127
2022-01-21,Decision Campinas,Miller-Curry,8126
2022-01-21,Decision São Paulo,"Morris, Moran and Dodson",8124
2022-01-21,Decision São Paulo,"Morris, Moran and Dodson",8123
2022-01-21,Decision São Paulo,"Morris, Moran and Dodson",8122
2022-01-21,Decision São Paulo,"Morris, Moran and Dodson",8121
2022-01-20,Decision São Paulo,Nelson-Page,8120
2022-01-20,Decision São Paulo,Nelson-Page,8119
2022-01-20,Decision São Paulo,Nelson-Page,8118
2022-01-20,Decision Campinas,Miller-Curry,8117
2022-01-20,Decision São Paulo,Nelson-Page,8116
2022-01-20,Decision São Paulo,Mann and Sons,8115
2022-01-20,Decision São Paulo,Barnes-Woods,8114
2022-01-20,Decision São Paulo,Nelson-Page,8113
2022-01-20,Decision São Paulo,Nelson-Page,8112
2022-01-20,Decision São Paulo,Johnson-Pratt,8111
2022-01-20,Decision Campinas,Miller-Curry,8110
2022-01-20,Decision São Paulo,Jenkins-Walker,8109
2022-01-19,Decision São Paulo,Jenkins-Walker,8108
2022-01-19,Decision Campinas,Miller-Curry,8107
2022-01-19,Decision São Paulo,Nelson-Page,8106
2022-01-19,Decision São Paulo,Nelson-Page,8105
2022-01-19,Decision São Paulo,Nelson-Page,8104
2022-01-19,Decision São Paulo,Johnson-Aguirre,8103
2022-01-18,Decision São Paulo,Jenkins-Walker,8102
2022-01-18,Decision São Paulo,Nelson-Page,8101
2022-01-18,Decision São Paulo,Jenkins-Walker,8100
2022-01-18,Decision São Paulo,Nelson-Page,8099
2022-01-18,Decision São Paulo,Nelson-Page,8098
2022-01-18,Decision São Paulo,Johnson-Pratt,8097
2022-01-18,Decision São Paulo,Johnson-Pratt,8096
2022-01-18,Decision São Paulo,Johnson-Pratt,8095
2022-01-18,Decision São Paulo,Johnson-Pratt,8094
2022-01-18,Decision São Paulo,Johnson-Pratt,8093
2022-01-18,Decision São Paulo,Johnson-Pratt,8092
2022-01-18,Decision Campinas,Miller-Curry,8091
2022-01-18,Decision Campinas,Miller-Curry,8090
2022-01-18,Decision São Paulo,Jenkins-Walker,8089
2022-01-18,Decision São Paulo,Callahan-Hall,8088
2022-01-18,Decision São Paulo,Callahan-Hall,8087
2022-01-18,Decision São Paulo,Barnes-Woods,8086
2022-01-18,Decision São Paulo,Barnes-Woods,8085
2022-01-18,Decision São Paulo,Barnes-Woods,8084
2022-01-18,Decision São Paulo,Barnes-Woods,8083
2022-01-18,Decision São Paulo,"Morris, Moran and Dodson",8082
2022-01-18,Decision São Paulo,Nelson-Page,8081
2022-01-18,Decision São Paulo,"Wade, Bernard and Bailey",8080
2022-01-18,Decision Campinas,Miller-Curry,8079
2022-01-17,Decision Campinas,Miller-Curry,8078
2022-01-17,Decision São Paulo,Morrison Ltd,8077
2022-01-17,Decision São Paulo,Nelson-Page,8076
2022-01-17,Decision São Paulo,Nelson-Page,8075
2022-01-17,Decision São Paulo,"Miller, Tran and Chang",8074
2022-01-17,Decision São Paulo,Nelson-Page,8073
2022-01-14,Decision São Paulo,Nelson-Page,8072
2022-01-14,Decision São Paulo,Jenkins-Walker,8071
2022-01-14,Decision São Paulo,Nelson-Page,8070
2022-01-14,Decision São Paulo,Nelson-Page,8069
2022-01-14,Decision São Paulo,Nelson-Page,8068
2022-01-14,Decision São Paulo,Nelson-Page,8067
2022-01-14,Decision São Paulo,Nelson-Page,8066
2022-01-14,Decision São Paulo,Nelson-Page,8065
2022-01-13,Decision Campinas,Miller-Curry,8064
2022-01-13,Decision São Paulo,Mann and Sons,8063
2022-01-13,Decision Campinas,Miller-Curry,8062
2022-01-13,Decision Campinas,Miller-Curry,8061
2022-01-13,Decision São Paulo,Jenkins-Walker,8060
2022-01-13,Decision São Paulo,Jenkins-Walker,8059
2022-01-13,Decision São Paulo,Jenkins-Walker,8058
2022-01-12,Decision São Paulo,Nelson-Page,8057
2022-01-12,Decision São Paulo,Jenkins-Walker,8056
2022-01-12,Decision São Paulo,Jenkins-Walker,8055
2022-01-12,Decision São Paulo,Jenkins-Walker,8054
2022-01-12,Decision Campinas,Miller-Curry,8053
2022-01-12,Decision Campinas,Miller-Curry,8052
2022-01-12,Decision Campinas,Miller-Curry,8051
2022-01-12,Decision Campinas,Miller-Curry,8050
2022-01-12,Decision São Paulo,"Miller, Tran and Chang",8049
2022-01-12,Decision São Paulo,Nelson-Page,8048
2022-01-12,Decision São Paulo,Nelson-Page,8047
2022-01-12,Decision São Paulo,Nelson-Page,8046
2022-01-12,Decision São Paulo,Nelson-Page,8045
2022-01-12,Decision São Paulo,Nelson-Page,8044
2022-01-12,Decision São Paulo,Nelson-Page,8043
2022-01-12,Decision São Paulo,Nelson-Page,8042
2022-01-11,Decision São Paulo,Morrison Ltd,8041
2022-01-11,Decision São Paulo,Nelson-Page,8040
2022-01-11,Decision São Paulo,Nelson-Page,8039
2022-01-11,Decision São Paulo,Nelson-Page,8038
2022-01-11,Decision São Paulo,Nelson-Page,8037
2022-01-11,Decision São Paulo,Nelson-Page,8036
2022-01-11,Decision São Paulo,Luna-Carpenter,8035
2022-01-10,Decision São Paulo,Mann and Sons,8034
2022-01-10,Decision São Paulo,Mckenzie-Francis,8033
2022-01-10,Decision São Paulo,Morrison Ltd,8032
2022-01-10,Decision São Paulo,Johnson-Pratt,8031
2022-01-10,Decision Campinas,Miller-Curry,8030
2022-01-10,Decision São Paulo,Nelson-Page,8029
2022-01-07,Decision São Paulo,Jenkins-Walker,8028
2022-01-07,Decision São Paulo,Jenkins-Walker,8027
2022-01-07,Decision São Paulo,Walters Group,8026
2022-01-07,Decision São Paulo,Jenkins-Walker,8025
2022-01-07,Decision São Paulo,Nelson-Page,8024
2022-01-07,Decision São Paulo,Nelson-Page,8023
2022-01-06,Decision São Paulo,Morrison Ltd,8022
2022-01-06,Decision São Paulo,Jenkins-Walker,8021
2022-01-06,Decision São Paulo,Jenkins-Walker,8020
2022-01-06,Decision São Paulo,Nelson-Page,8019
2022-01-06,Decision São Paulo,"Miller, Tran and Chang",8018
2022-01-06,Decision São Paulo,"Miller, Tran and Chang",8017
2022-01-06,Decision São Paulo,"Morris, Moran and Dodson",8016
2022-01-06,Decision São Paulo,"Morris, Moran and Dodson",8015
2022-01-06,Decision São Paulo,Barnes-Woods,8014
2022-01-06,Decision São Paulo,Barnes-Woods,8013
2022-01-06,Decision São Paulo,Barnes-Woods,8012
2022-01-06,Decision São Paulo,Barnes-Woods,8011
2022-01-06,Decision São Paulo,Barnes-Woods,8010
2022-01-06,Decision São Paulo,Barnes-Woods,8009
2022-01-06,Decision São Paulo,Barnes-Woods,8008
2022-01-06,Decision São Paulo,Barnes-Woods,8006
2022-01-06,Decision São Paulo,Barnes-Woods,8005
2022-01-06,Decision São Paulo,Barnes-Woods,8004
2022-01-06,Decision São Paulo,Nelson-Page,8003
2022-01-06,Decision São Paulo,Nelson-Page,8002
2022-01-06,Decision Campinas,Miller-Curry,8001
2022-01-06,Decision São Paulo,Jenkins-Walker,8000
2022-01-06,Decision São Paulo,Jenkins-Walker,7999
2022-01-05,Decision São Paulo,Morrison Ltd,7998
2022-01-05,Decision São Paulo,"Chapman, Brown and Hart",7997
2022-01-05,Decision São Paulo,Callahan-Hall,7996
2022-01-05,Decision São Paulo,Callahan-Hall,7995
2022-01-05,Decision São Paulo,Callahan-Hall,7994
2022-01-05,Decision São Paulo,Callahan-Hall,7993
2022-01-05,Decision São Paulo,Callahan-Hall,7992
2022-01-05,Decision São Paulo,Callahan-Hall,7991
2022-01-05,Decision São Paulo,Callahan-Hall,7990
2022-01-05,Decision São Paulo,Callahan-Hall,7989
2022-01-05,Decision São Paulo,Callahan-Hall,7988
2022-01-05,Decision São Paulo,Callahan-Hall,7987
2022-01-05,Decision São Paulo,Callahan-Hall,7986
2022-01-05,Decision São Paulo,Callahan-Hall,7985
2022-01-05,Decision São Paulo,Callahan-Hall,7984
2022-01-05,Decision São Paulo,Callahan-Hall,7983
2022-01-05,Decision São Paulo,Callahan-Hall,7982
2022-01-05,Decision São Paulo,Nelson-Page,7981
2022-01-05,Decision São Paulo,Callahan-Hall,7980
2022-01-05,Decision São Paulo,Nelson-Page,7979
2022-01-05,Decision São Paulo,Nelson-Page,7978
2022-01-05,Decision São Paulo,Nelson-Page,7977
2022-01-05,Decision São Paulo,Callahan-Hall,7976
2022-01-05,Decision São Paulo,Callahan-Hall,7975
2022-01-05,Decision São Paulo,"Chapman, Brown and Hart",7974
2022-01-05,Decision São Paulo,Nelson-Page,7973
2022-01-04,Decision São Paulo,Mann and Sons,7972
2022-01-04,Decision São Paulo,Mann and Sons,7971
2022-01-04,Decision São Paulo,Mann and Sons,7970
2022-01-04,Decision São Paulo,Mann and Sons,7969
2022-01-04,Decision São Paulo,Mann and Sons,7968
2022-01-04,Decision São Paulo,Nelson-Page,7967
2022-01-04,Decision São Paulo,Nelson-Page,7966
2022-01-04,Decision São Paulo,Nelson-Page,7965
2022-01-03,Decision São Paulo,Morrison Ltd,7964
2022-01-03,Decision São Paulo,Morrison Ltd,7963
2022-01-03,Decision São Paulo,Morrison Ltd,7962
2022-01-03,Decision São Paulo,Morrison Ltd,7961
2022-01-03,Decision São Paulo,Morrison Ltd,7960
2022-01-03,Decision São Paulo,Morrison Ltd,7959
2022-01-03,Decision São Paulo,Morrison Ltd,7958
2022-01-03,Decision São Paulo,Morrison Ltd,7957
2022-01-03,Decision São Paulo,Barnes-Woods,7956
2022-01-03,Decision São Paulo,Barnes-Woods,7955
2022-01-03,Decision São Paulo,Barnes-Woods,7954
2022-01-03,Decision São Paulo,Nelson-Page,7953
2022-01-03,Decision São Paulo,Nelson-Page,7952
2022-01-03,Decision São Paulo,Nelson-Page,7951
2022-01-03,Decision São Paulo,Nelson-Page,7950
2022-01-03,Decision Campinas,Miller-Curry,7949
2022-01-03,Decision Campinas,Miller-Curry,7948
2022-01-03,Decision Campinas,Miller-Curry,7947
2021-12-30,Decision Campinas,Miller-Curry,7946
2021-12-30,Decision São Paulo,Nelson-Page,7945
2021-12-30,Decision São Paulo,Mann and Sons,7944
2021-12-30,Decision São Paulo,Callahan-Hall,7943
2021-12-30,Decision São Paulo,Callahan-Hall,7942
2021-12-29,Decision Campinas,Miller-Curry,7941
2021-12-29,Decision São Paulo,Johnson-Aguirre,7940
2021-12-28,Decision São Paulo,King-Russell,7939
2021-12-28,Decision São Paulo,Nelson-Page,7938
2021-12-28,Decision São Paulo,Nelson-Page,7937
2021-12-28,Decision São Paulo,Nelson-Page,7936
2021-12-28,Decision São Paulo,Barnes-Woods,7935
2021-12-28,Decision São Paulo,Barnes-Woods,7934
2021-12-28,Decision São Paulo,Barnes-Woods,7933
2021-12-28,Decision São Paulo,Barnes-Woods,7932
2021-12-28,Decision São Paulo,Barnes-Woods,7931
2021-12-28,Decision São Paulo,Barnes-Woods,7930
2021-12-28,Decision São Paulo,Barnes-Woods,7929
2021-12-28,Decision São Paulo,Barnes-Woods,7928
2021-12-28,Decision São Paulo,Porter-Wilson,7927
2021-12-27,Decision São Paulo,Cruz Inc,7926
2021-12-27,Decision São Paulo,Nelson-Page,7925
2021-12-27,Decision São Paulo,Nelson-Page,7924
2021-12-27,Decision São Paulo,Nelson-Page,7923
2021-12-27,Decision São Paulo,Nelson-Page,7922
2021-12-27,Decision São Paulo,Nelson-Page,7921
2021-12-27,Decision São Paulo,Nelson-Page,7920
2021-12-27,Decision São Paulo,Nelson-Page,7919
2021-12-27,Decision São Paulo,Nelson-Page,7918
2021-12-27,Decision São Paulo,Jenkins-Walker,7917
2021-12-27,Decision São Paulo,Jenkins-Walker,7916
2021-12-27,Decision São Paulo,Jenkins-Walker,7915
2021-12-27,Decision São Paulo,Jenkins-Walker,7914
2021-12-27,Decision São Paulo,Jenkins-Walker,7913
2021-12-27,Decision São Paulo,Jenkins-Walker,7912
2021-12-27,Decision São Paulo,Jenkins-Walker,7911
2021-12-27,Decision São Paulo,Nelson-Page,7910
2021-12-27,Decision São Paulo,Nelson-Page,7909
2021-12-27,Decision São Paulo,Nelson-Page,7908
2021-12-27,Decision São Paulo,Nelson-Page,7907
2021-12-27,Decision São Paulo,Nelson-Page,7906
2021-12-27,Decision São Paulo,Nelson-Page,7905
2021-12-27,Decision São Paulo,Nelson-Page,7904
2021-12-27,Decision São Paulo,Nelson-Page,7903
2021-12-27,Decision São Paulo,Mann and Sons,7902
2021-12-27,Decision São Paulo,Nelson-Page,7901
2021-12-27,Decision São Paulo,Mann and Sons,7900
2021-12-27,Decision São Paulo,Nelson-Page,7899
2021-12-27,Decision São Paulo,Mann and Sons,7898
2021-12-27,Decision São Paulo,"Wade, Bernard and Bailey",7897
2021-12-27,Decision São Paulo,Mann and Sons,7896
2021-12-27,Decision São Paulo,Mann and Sons,7895
2021-12-27,Decision São Paulo,Mann and Sons,7894
2021-12-23,Decision Campinas,Miller-Curry,7893
2021-12-23,Decision São Paulo,Dougherty-Gilbert,7892
2021-12-22,Decision São Paulo,Morrison Ltd,7891
2021-12-22,Decision São Paulo,"Morris, Moran and Dodson",7889
2021-12-22,Decision São Paulo,"Morris, Moran and Dodson",7888
2021-12-22,Decision São Paulo,"Morris, Moran and Dodson",7887
2021-12-22,Decision Campinas,Miller-Curry,7886
2021-12-22,Decision São Paulo,"Morris, Moran and Dodson",7885
2021-12-22,Decision Campinas,Miller-Curry,7884
2021-12-22,Decision Campinas,Miller-Curry,7883
2021-12-22,Decision Campinas,Miller-Curry,7882
2021-12-22,Decision São Paulo,Nelson-Page,7881
2021-12-22,Decision São Paulo,Nelson-Page,7880
2021-12-22,Decision São Paulo,Barnes-Woods,7879
2021-12-22,Decision São Paulo,Callahan-Hall,7878
2021-12-22,Decision São Paulo,Walters Group,7877
2021-12-22,Decision São Paulo,Jenkins-Walker,7876
2021-12-21,Decision São Paulo,Morrison Ltd,7874
2021-12-21,Decision São Paulo,Morrison Ltd,7873
2021-12-21,Decision São Paulo,Morrison Ltd,7872
2021-12-21,Decision São Paulo,Morrison Ltd,7871
2021-12-21,Decision São Paulo,Morrison Ltd,7870
2021-12-21,Decision São Paulo,Morrison Ltd,7869
2021-12-21,Decision São Paulo,Morrison Ltd,7868
2021-12-21,Decision São Paulo,Morrison Ltd,7867
2021-12-21,Decision São Paulo,Morrison Ltd,7866
2021-12-21,Decision São Paulo,Morrison Ltd,7865
2021-12-21,Decision São Paulo,Morrison Ltd,7864
2021-12-21,Decision São Paulo,Callahan-Hall,7863
2021-12-21,Decision São Paulo,Callahan-Hall,7862
2021-12-21,Decision São Paulo,Barnes-Woods,7861
2021-12-21,Decision São Paulo,Jenkins-Walker,7860
2021-12-21,Decision São Paulo,Jenkins-Walker,7859
2021-12-21,Decision São Paulo,Jenkins-Walker,7858
2021-12-21,Decision São Paulo,Jenkins-Walker,7857
2021-12-21,Decision São Paulo,Callahan-Hall,7856
2021-12-21,Decision São Paulo,Porter-Wilson,7855
2021-12-21,Decision São Paulo,Johnson-Pratt,7854
2021-12-21,Decision São Paulo,Porter-Wilson,7853
2021-12-21,Decision São Paulo,Jenkins-Walker,7852
2021-12-17,Decision São Paulo,Morrison Ltd,7851
2021-12-17,Decision São Paulo,Morrison Ltd,7850
2021-12-17,Decision São Paulo,Morrison Ltd,7848
2021-12-17,Decision São Paulo,Craig-Webb,7847
2021-12-17,Decision São Paulo,"Morris, Moran and Dodson",7846
2021-12-17,Decision Campinas,Miller-Curry,7845
2021-12-17,Decision Campinas,Miller-Curry,7844
2021-12-17,Decision São Paulo,Nelson-Page,7843
2021-12-17,Decision São Paulo,King-Russell,7842
2021-12-17,Decision São Paulo,King-Russell,7841
2021-12-17,Decision São Paulo,King-Russell,7840
2021-12-17,Decision São Paulo,King-Russell,7839
2021-12-17,Decision São Paulo,King-Russell,7838
2021-12-17,Decision São Paulo,King-Russell,7837
2021-12-17,Decision São Paulo,"Morris, Moran and Dodson",7836
2021-12-17,Decision São Paulo,Barnes-Woods,7835
2021-12-17,Decision São Paulo,Barnes-Woods,7834
2021-12-17,Decision São Paulo,Barnes-Woods,7833
2021-12-17,Decision São Paulo,Barnes-Woods,7832
2021-12-17,Decision São Paulo,Barnes-Woods,7831
2021-12-17,Decision São Paulo,Barnes-Woods,7830
2021-12-16,Decision São Paulo,Nelson-Page,7829
2021-12-16,Decision Campinas,Miller-Curry,7828
2021-12-16,Decision São Paulo,Nelson-Page,7827
2021-12-16,Decision Campinas,Miller-Curry,7826
2021-12-16,Decision Campinas,Miller-Curry,7825
2021-12-16,Decision Campinas,Miller-Curry,7824
2021-12-16,Decision São Paulo,Nelson-Page,7823
2021-12-16,Decision São Paulo,Nelson-Page,7822
2021-12-16,Decision São Paulo,Callahan-Hall,7821
2021-12-16,Decision São Paulo,Callahan-Hall,7820
2021-12-15,Decision São Paulo,Mckenzie-Francis,7819
2021-12-15,Decision São Paulo,"Morris, Moran and Dodson",7818
2021-12-15,Decision São Paulo,"Morris, Moran and Dodson",7817
2021-12-15,Decision São Paulo,"Morris, Moran and Dodson",7816
2021-12-15,Decision São Paulo,"Morris, Moran and Dodson",7815
2021-12-15,Decision São Paulo,"Morris, Moran and Dodson",7814
2021-12-15,Decision São Paulo,"Chapman, Brown and Hart",7812
2021-12-15,Decision Campinas,Miller-Curry,7811
2021-12-15,Decision São Paulo,Barnes-Woods,7810
2021-12-15,Decision São Paulo,Barnes-Woods,7809
2021-12-15,Decision São Paulo,Barnes-Woods,7808
2021-12-15,Decision São Paulo,Barnes-Woods,7807
2021-12-15,Decision São Paulo,Barnes-Woods,7806
2021-12-15,Decision São Paulo,Barnes-Woods,7805
2021-12-15,Decision São Paulo,Barnes-Woods,7804
2021-12-15,Decision São Paulo,Barnes-Woods,7803
2021-12-15,Decision São Paulo,Barnes-Woods,7802
2021-12-15,Decision São Paulo,Barnes-Woods,7801
2021-12-15,Decision São Paulo,Barnes-Woods,7800
2021-12-15,Decision São Paulo,Nelson-Page,7799
2021-12-15,Decision São Paulo,Nelson-Page,7798
2021-12-15,Decision São Paulo,Nelson-Page,7797
2021-12-15,Decision São Paulo,Nelson-Page,7796
2021-12-15,Decision São Paulo,Nelson-Page,7795
2021-12-15,Decision São Paulo,Nelson-Page,7794
2021-12-15,Decision São Paulo,Nelson-Page,7793
2021-12-13,Decision São Paulo,Jenkins-Walker,7792
2021-12-13,Decision São Paulo,Jenkins-Walker,7791
2021-12-13,Decision São Paulo,Jenkins-Walker,7790
2021-12-13,Decision São Paulo,Morrison Ltd,7789
2021-12-13,Decision São Paulo,Jenkins-Walker,7788
2021-12-13,Decision São Paulo,Jenkins-Walker,7787
2021-12-13,Decision São Paulo,Johnson-Aguirre,7786
2021-12-13,Decision Campinas,Miller-Curry,7785
2021-12-13,Decision São Paulo,"Morris, Moran and Dodson",7784
2021-12-13,Decision São Paulo,"Morris, Moran and Dodson",7783
2021-12-13,Decision São Paulo,Morrison Ltd,7782
2021-12-13,Decision São Paulo,Nelson-Page,7781
2021-12-13,Decision São Paulo,Nelson-Page,7780
2021-12-13,Decision São Paulo,Nelson-Page,7779
2021-12-13,Decision São Paulo,Nelson-Page,7778
2021-12-13,Decision São Paulo,Nelson-Page,7777
2021-12-13,Decision São Paulo,"Wade, Bernard and Bailey",7776
2021-12-13,Decision São Paulo,"Wade, Bernard and Bailey",7775
2021-12-13,Decision São Paulo,"Morris, Moran and Dodson",7774
2021-12-13,Decision São Paulo,"Morris, Moran and Dodson",7773
2021-12-13,Decision São Paulo,Johnson-Pratt,7772
2021-12-13,Decision São Paulo,Nelson-Page,7771
2021-12-10,Decision São Paulo,Nelson-Page,7769
2021-12-10,Decision São Paulo,Nelson-Page,7768
2021-12-10,Decision São Paulo,Nelson-Page,7767
2021-12-10,Decision São Paulo,Nelson-Page,7766
2021-12-10,Decision São Paulo,Nelson-Page,7765
2021-12-10,Decision Campinas,Miller-Curry,7764
2021-12-10,Decision Campinas,Miller-Curry,7763
2021-12-10,Decision Campinas,Miller-Curry,7762
2021-12-09,Decision São Paulo,Brennan-Gomez,7757
2021-12-09,Decision São Paulo,Brennan-Gomez,7756
2021-12-09,Decision São Paulo,"Morris, Moran and Dodson",7755
2021-12-09,Decision São Paulo,"Morris, Moran and Dodson",7754
2021-12-09,Decision Campinas,Miller-Curry,7753
2021-12-09,Decision Campinas,Miller-Curry,7752
2021-12-09,Decision Campinas,Miller-Curry,7751
2021-12-09,Decision Campinas,Miller-Curry,7750
2021-12-09,Decision Campinas,Miller-Curry,7749
2021-12-09,Decision São Paulo,Nelson-Page,7748
2021-12-09,Decision São Paulo,Nelson-Page,7747
2021-12-09,Decision São Paulo,Nelson-Page,7746
2021-12-09,Decision Campinas,Miller-Curry,7745
2021-12-09,Decision Campinas,Miller-Curry,7744
2021-12-09,Decision São Paulo,Nelson-Page,7743
2021-12-09,Decision São Paulo,"Miller, Tran and Chang",7742
2021-12-09,Decision São Paulo,"Morris, Moran and Dodson",7741
2021-12-08,Decision São Paulo,Morrison Ltd,7740
2021-12-08,Decision São Paulo,Morrison Ltd,7739
2021-12-08,Decision São Paulo,Jimenez PLC,7738
2021-12-08,Decision São Paulo,Barnes-Woods,7737
2021-12-08,Decision São Paulo,Barnes-Woods,7736
2021-12-08,Decision São Paulo,Barnes-Woods,7735
2021-12-08,Decision São Paulo,Barnes-Woods,7734
2021-12-08,Decision São Paulo,Barnes-Woods,7733
2021-12-08,Decision São Paulo,Barnes-Woods,7732
2021-12-08,Decision São Paulo,Barnes-Woods,7731
2021-12-08,Decision São Paulo,Barnes-Woods,7730
2021-12-08,Decision São Paulo,Jimenez PLC,7729
2021-12-08,Decision São Paulo,Morrison Ltd,7725
2021-12-08,Decision São Paulo,"Miller, Tran and Chang",7724
2021-12-08,Decision São Paulo,"Miller, Tran and Chang",7723
2021-12-08,Decision São Paulo,"Miller, Tran and Chang",7722
2021-12-08,Decision São Paulo,Morrison Ltd,7721
2021-12-08,Decision São Paulo,Nelson-Page,7720
2021-12-08,Decision São Paulo,Nelson-Page,7719
2021-12-08,Decision São Paulo,Nelson-Page,7718
2021-12-08,Decision São Paulo,Nelson-Page,7717
2021-12-07,Decision São Paulo,Johnson-Pratt,7712
2021-12-07,Decision Campinas,Miller-Curry,7711
2021-12-07,Decision Campinas,Miller-Curry,7710
2021-12-07,Decision Campinas,Miller-Curry,7709
2021-12-07,Decision Campinas,Miller-Curry,7708
2021-12-07,Decision Campinas,Miller-Curry,7707
2021-12-07,Decision Campinas,Miller-Curry,7706
2021-12-07,Decision Campinas,Miller-Curry,7705
2021-12-07,Decision Campinas,Miller-Curry,7704
2021-12-07,Decision São Paulo,Callahan-Hall,7703
2021-12-07,Decision São Paulo,Callahan-Hall,7702
2021-12-07,Decision São Paulo,Nelson-Page,7701
2021-12-07,Decision São Paulo,Callahan-Hall,7700
2021-12-07,Decision São Paulo,Nelson-Page,7699
2021-12-07,Decision São Paulo,"Morris, Moran and Dodson",7698
2021-12-07,Decision São Paulo,"Morris, Moran and Dodson",7697
2021-12-07,Decision São Paulo,Nelson-Page,7696
2021-12-07,Decision São Paulo,Nelson-Page,7695
2021-12-06,Decision São Paulo,"Miller, Tran and Chang",7694
2021-12-06,Decision São Paulo,Johnson-Aguirre,7693
2021-12-06,Decision São Paulo,Jenkins-Walker,7692
2021-12-06,Decision São Paulo,Nelson-Page,7691
2021-12-06,Decision São Paulo,Johnson-Pratt,7690
2021-12-06,Decision São Paulo,Nelson-Page,7689
2021-12-06,Decision São Paulo,Johnson-Pratt,7688
2021-12-06,Decision São Paulo,Nelson-Page,7687
2021-12-06,Decision São Paulo,Nelson-Page,7686
2021-12-06,Decision São Paulo,Nelson-Page,7683
2021-12-06,Decision São Paulo,Nelson-Page,7682
2021-12-06,Decision São Paulo,Nelson-Page,7681
2021-12-06,Decision São Paulo,Nelson-Page,7680
2021-12-06,Decision São Paulo,Nelson-Page,7679
2021-12-06,Decision São Paulo,Nelson-Page,7678
2021-12-06,Decision Campinas,Miller-Curry,7677
2021-12-06,Decision Campinas,Miller-Curry,7676
2021-12-06,Decision Campinas,Miller-Curry,7675
2021-12-06,Decision Campinas,Miller-Curry,7674
2021-12-03,Decision São Paulo,Morrison Ltd,7673
2021-12-03,Decision São Paulo,Morrison Ltd,7672
2021-12-03,Decision São Paulo,Morrison Ltd,7671
2021-12-03,Decision Campinas,Miller-Curry,7668
2021-12-02,Decision São Paulo,Nelson-Page,7667
2021-12-02,Decision São Paulo,Nelson-Page,7666
2021-12-02,Decision São Paulo,Nelson-Page,7665
2021-12-02,Decision São Paulo,Nelson-Page,7664
2021-12-02,Decision São Paulo,Nelson-Page,7663
2021-12-02,Decision São Paulo,Nelson-Page,7662
2021-12-02,Decision São Paulo,Nelson-Page,7661
2021-12-02,Decision São Paulo,Nelson-Page,7660
2021-12-02,Decision São Paulo,Nelson-Page,7659
2021-12-02,Decision São Paulo,Nelson-Page,7658
2021-12-02,Decision São Paulo,Nelson-Page,7657
2021-12-02,Decision São Paulo,Nelson-Page,7656
2021-12-02,Decision São Paulo,Nelson-Page,7655
2021-12-02,Decision São Paulo,Nelson-Page,7654
2021-12-02,Decision São Paulo,"Wade, Bernard and Bailey",7653
2021-12-02,Decision São Paulo,Nelson-Page,7652
2021-12-02,Decision São Paulo,Nelson-Page,7651
2021-12-02,Decision São Paulo,"Wade, Bernard and Bailey",7650
2021-12-02,Decision São Paulo,"Wade, Bernard and Bailey",7649
2021-12-02,Decision São Paulo,Nelson-Page,7648
2021-12-02,Decision São Paulo,Nelson-Page,7647
2021-12-02,Decision São Paulo,Nelson-Page,7646
2021-12-02,Decision São Paulo,Morrison Ltd,7645
2021-12-02,Decision São Paulo,Morrison Ltd,7644
2021-12-02,Decision São Paulo,"Chapman, Brown and Hart",7643
2021-12-02,Decision São Paulo,Mann and Sons,7642
2021-12-02,Decision São Paulo,"Morris, Moran and Dodson",7641
2021-12-02,Decision São Paulo,Jenkins-Walker,7640
2021-12-02,Decision São Paulo,Jenkins-Walker,7639
2021-12-01,Decision São Paulo,Morrison Ltd,7638
2021-12-01,Decision São Paulo,Morrison Ltd,7637
2021-12-01,Decision São Paulo,"Morris, Moran and Dodson",7636
2021-12-01,Decision São Paulo,Jones-Norris,7635
2021-11-30,Decision São Paulo,Morrison Ltd,7634
2021-11-30,Decision Campinas,Miller-Curry,7633
2021-11-30,Decision Campinas,Miller-Curry,7632
2021-11-30,Decision Campinas,Miller-Curry,7631
2021-11-30,Decision Campinas,Miller-Curry,7630
2021-11-30,Decision São Paulo,Johnson-Aguirre,7628
2021-11-30,Decision São Paulo,Nelson-Page,7627
2021-11-30,Decision São Paulo,Nelson-Page,7626
2021-11-30,Decision São Paulo,Nelson-Page,7625
2021-11-30,Decision São Paulo,Nelson-Page,7624
2021-11-30,Decision São Paulo,Nelson-Page,7623
2021-11-30,Decision São Paulo,Nelson-Page,7622
2021-11-30,Decision São Paulo,Nelson-Page,7621
2021-11-30,Decision São Paulo,Nelson-Page,7620
2021-11-30,Decision São Paulo,Nelson-Page,7619
2021-11-29,Decision São Paulo,Morrison Ltd,7618
2021-11-29,Decision São Paulo,Morrison Ltd,7617
2021-11-29,Decision São Paulo,Johnson-Pratt,7615
2021-11-29,Decision São Paulo,"Morris, Moran and Dodson",7614
2021-11-29,Decision São Paulo,"Morris, Moran and Dodson",7613
2021-11-29,Decision São Paulo,"Morris, Moran and Dodson",7612
2021-11-29,Decision Campinas,Miller-Curry,7611
2021-11-29,Decision Campinas,Miller-Curry,7610
2021-11-29,Decision Campinas,Miller-Curry,7609
2021-11-29,Decision Campinas,Miller-Curry,7608
2021-11-29,Decision Campinas,Miller-Curry,7607
2021-11-29,Decision São Paulo,Callahan-Hall,7606
2021-11-29,Decision São Paulo,Callahan-Hall,7605
2021-11-29,Decision São Paulo,Callahan-Hall,7604
2021-11-29,Decision São Paulo,Callahan-Hall,7603
2021-11-29,Decision São Paulo,Nelson-Page,7602
2021-11-29,Decision São Paulo,Jenkins-Walker,7601
2021-11-26,Decision São Paulo,"Morris, Moran and Dodson",7600
2021-11-26,Decision São Paulo,"Morris, Moran and Dodson",7599
2021-11-26,Decision Campinas,Miller-Curry,7598
2021-11-26,Decision São Paulo,Nelson-Page,7597
2021-11-26,Decision São Paulo,"Morris, Moran and Dodson",7596
2021-11-26,Decision São Paulo,Nelson-Page,7595
2021-11-26,Decision São Paulo,Nelson-Page,7594
2021-11-26,Decision São Paulo,Nelson-Page,7593
2021-11-26,Decision São Paulo,Nelson-Page,7592
2021-11-26,Decision São Paulo,"Morris, Moran and Dodson",7591
2021-11-26,Decision São Paulo,Nelson-Page,7590
2021-11-26,Decision São Paulo,Nelson-Page,7589
2021-11-26,Decision São Paulo,"Morris, Moran and Dodson",7588
2021-11-25,Decision São Paulo,Morrison Ltd,7587
2021-11-25,Decision São Paulo,Morrison Ltd,7586
2021-11-25,Decision São Paulo,Morrison Ltd,7585
2021-11-25,Decision São Paulo,Morrison Ltd,7584
2021-11-25,Decision São Paulo,Jenkins-Walker,7583
2021-11-25,Decision São Paulo,Porter-Wilson,7582
2021-11-25,Decision São Paulo,Nelson-Page,7581
2021-11-25,Decision São Paulo,Nelson-Page,7580
2021-11-25,Decision São Paulo,Nelson-Page,7579
2021-11-25,Decision São Paulo,Nelson-Page,7578
2021-11-25,Decision São Paulo,Nelson-Page,7577
2021-11-25,Decision São Paulo,Nelson-Page,7576
2021-11-25,Decision São Paulo,Nelson-Page,7575
2021-11-25,Decision São Paulo,Nelson-Page,7574
2021-11-25,Decision São Paulo,Nelson-Page,7573
2021-11-25,Decision São Paulo,Nelson-Page,7572
2021-11-25,Decision São Paulo,Walters Group,7571
2021-11-25,Decision São Paulo,Nelson-Page,7570
2021-11-25,Decision São Paulo,Nelson-Page,7569
2021-11-25,Decision Campinas,Miller-Curry,7568
2021-11-25,Decision São Paulo,Nelson-Page,7567
2021-11-25,Decision São Paulo,Nelson-Page,7566
2021-11-25,Decision São Paulo,Johnson-Aguirre,7565
2021-11-24,Decision São Paulo,Morrison Ltd,7564
2021-11-24,Decision São Paulo,Morrison Ltd,7563
2021-11-24,Decision São Paulo,Morrison Ltd,7562
2021-11-24,Decision São Paulo,Morrison Ltd,7561
2021-11-24,Decision São Paulo,Morrison Ltd,7560
2021-11-24,Decision São Paulo,"Morris, Moran and Dodson",7559
2021-11-24,Decision São Paulo,Jenkins-Walker,7558
2021-11-24,Decision São Paulo,Johnson-Aguirre,7557
2021-11-24,Decision São Paulo,"Morris, Moran and Dodson",7556
2021-11-24,Decision São Paulo,"Morris, Moran and Dodson",7555
2021-11-24,Decision São Paulo,Jenkins-Walker,7554
2021-11-24,Decision São Paulo,Jenkins-Walker,7553
2021-11-24,Decision São Paulo,Jenkins-Walker,7551
2021-11-24,Decision São Paulo,Jenkins-Walker,7550
2021-11-24,Decision São Paulo,Jenkins-Walker,7549
2021-11-24,Decision São Paulo,Jenkins-Walker,7548
2021-11-24,Decision São Paulo,Jenkins-Walker,7547
2021-11-24,Decision São Paulo,Jenkins-Walker,7546
2021-11-23,Decision São Paulo,Morrison Ltd,7545
2021-11-23,Decision São Paulo,Morrison Ltd,7544
2021-11-23,Decision São Paulo,Nelson-Page,7543
2021-11-23,Decision São Paulo,Jenkins-Walker,7542
2021-11-23,Decision Campinas,Miller-Curry,7541
2021-11-23,Decision Campinas,Miller-Curry,7540
2021-11-23,Decision São Paulo,Nelson-Page,7539
2021-11-23,Decision São Paulo,Nelson-Page,7538
2021-11-23,Decision São Paulo,Nelson-Page,7537
2021-11-23,Decision São Paulo,Nelson-Page,7536
2021-11-23,Decision São Paulo,Callahan-Hall,7534
2021-11-23,Decision São Paulo,Morrison Ltd,7533
2021-11-23,Decision São Paulo,Morrison Ltd,7532
2021-11-23,Decision São Paulo,Morrison Ltd,7531
2021-11-22,Decision São Paulo,Nelson-Page,7530
2021-11-22,Decision São Paulo,"Wade, Bernard and Bailey",7529
2021-11-22,Decision São Paulo,"Wade, Bernard and Bailey",7528
2021-11-22,Decision São Paulo,"Morris, Moran and Dodson",7527
2021-11-22,Decision São Paulo,Johnson-Aguirre,7526
2021-11-22,Decision São Paulo,"Miller, Tran and Chang",7525
2021-11-22,Decision São Paulo,"Morris, Moran and Dodson",7524
2021-11-22,Decision São Paulo,Nelson-Page,7523
2021-11-22,Decision São Paulo,Johnson-Aguirre,7522
2021-11-22,Decision São Paulo,Nelson-Page,7521
2021-11-22,Decision São Paulo,Jenkins-Walker,7520
2021-11-22,Decision São Paulo,Nelson-Page,7519
2021-11-22,Decision São Paulo,Nelson-Page,7518
2021-11-19,Decision São Paulo,Morrison Ltd,7517
2021-11-19,Decision São Paulo,Nelson-Page,7516
2021-11-19,Decision São Paulo,"Morris, Moran and Dodson",7515
2021-11-19,Decision São Paulo,Johnson-Aguirre,7514
2021-11-19,Decision São Paulo,Nelson-Page,7513
2021-11-19,Decision São Paulo,Nelson-Page,7512
2021-11-19,Decision São Paulo,"Morris, Moran and Dodson",7511
2021-11-19,Decision São Paulo,Nelson-Page,7510
2021-11-19,Decision São Paulo,"Morris, Moran and Dodson",7509
2021-11-19,Decision São Paulo,"Morris, Moran and Dodson",7508
2021-11-18,Decision São Paulo,Morrison Ltd,7507
2021-11-18,Decision São Paulo,Morrison Ltd,7506
2021-11-18,Decision São Paulo,Morrison Ltd,7505
2021-11-18,Decision São Paulo,Morrison Ltd,7504
2021-11-18,Decision São Paulo,Morrison Ltd,7503
2021-11-18,Decision São Paulo,Morrison Ltd,7502
2021-11-18,Decision São Paulo,Nelson-Page,7501
2021-11-18,Decision São Paulo,Nelson-Page,7500
2021-11-18,Decision São Paulo,Jenkins-Walker,7499
2021-11-18,Decision São Paulo,Jenkins-Walker,7498
2021-11-18,Decision São Paulo,Jenkins-Walker,7497
2021-11-18,Decision São Paulo,Jenkins-Walker,7496
2021-11-18,Decision Campinas,Miller-Curry,7495
2021-11-18,Decision Campinas,Miller-Curry,7494
2021-11-18,Decision Campinas,Miller-Curry,7493
2021-11-18,Decision Campinas,Miller-Curry,7492
2021-11-18,Decision Campinas,Miller-Curry,7491
2021-11-18,Decision São Paulo,Morrison Ltd,7490
2021-11-18,Decision São Paulo,Jenkins-Walker,7489
2021-11-18,Decision São Paulo,Nelson-Page,7488
2021-11-18,Decision São Paulo,Nelson-Page,7487
2021-11-18,Decision São Paulo,Jones-Norris,7486
2021-11-17,Decision São Paulo,Morrison Ltd,7485
2021-11-17,Decision São Paulo,Morrison Ltd,7484
2021-11-17,Decision São Paulo,Morrison Ltd,7483
2021-11-17,Decision São Paulo,Barnes-Woods,7482
2021-11-17,Decision São Paulo,Barnes-Woods,7481
2021-11-17,Decision São Paulo,Morrison Ltd,7480
2021-11-17,Decision São Paulo,Nelson-Page,7479
2021-11-17,Decision São Paulo,Nelson-Page,7478
2021-11-17,Decision São Paulo,Nelson-Page,7477
2021-11-17,Decision São Paulo,Nelson-Page,7476
2021-11-17,Decision São Paulo,Nelson-Page,7475
2021-11-17,Decision Campinas,Miller-Curry,7474
2021-11-17,Decision Campinas,Miller-Curry,7473
2021-11-17,Decision Campinas,Miller-Curry,7472
2021-11-17,Decision Campinas,Miller-Curry,7471
2021-11-16,Decision São Paulo,Mckenzie-Francis,7470
2021-11-16,Decision São Paulo,Mckenzie-Francis,7469
2021-11-16,Decision São Paulo,Nelson-Page,7466
2021-11-16,Decision São Paulo,"Wade, Bernard and Bailey",7465
2021-11-16,Decision São Paulo,Nelson-Page,7464
2021-11-16,Decision São Paulo,Nelson-Page,7463
2021-11-16,Decision São Paulo,Nelson-Page,7462
2021-11-16,Decision São Paulo,Nelson-Page,7461
2021-11-16,Decision Campinas,Miller-Curry,7460
2021-11-16,Decision São Paulo,Morrison Ltd,7459
2021-11-16,Decision São Paulo,Johnson-Pratt,7458
2021-11-16,Decision São Paulo,Johnson-Pratt,7457
2021-11-12,Decision São Paulo,Morrison Ltd,7456
2021-11-12,Decision São Paulo,Morrison Ltd,7455
2021-11-12,Decision São Paulo,Morrison Ltd,7454
2021-11-12,Decision São Paulo,Jones-Norris,7453
2021-11-12,Decision São Paulo,Nelson-Page,7452
2021-11-12,Decision São Paulo,Nelson-Page,7451
2021-11-12,Decision São Paulo,Nelson-Page,7450
2021-11-12,Decision São Paulo,Nelson-Page,7449
2021-11-11,Decision Campinas,Miller-Curry,7448
2021-11-11,Decision Campinas,Miller-Curry,7447
2021-11-11,Decision São Paulo,Johnson-Pratt,7446
2021-11-11,Decision São Paulo,Nelson-Page,7445
2021-11-11,Decision São Paulo,Nelson-Page,7444
2021-11-11,Decision São Paulo,Barnes-Woods,7443
2021-11-11,Decision São Paulo,Barnes-Woods,7442
2021-11-11,Decision São Paulo,Porter-Wilson,7441
2021-11-11,Decision São Paulo,Johnson-Pratt,7440
2021-11-11,Decision São Paulo,Callahan-Hall,7439
2021-11-11,Decision São Paulo,Johnson-Pratt,7438
2021-11-11,Decision São Paulo,Johnson-Pratt,7437
2021-11-11,Decision São Paulo,Johnson-Pratt,7436
2021-11-11,Decision São Paulo,Johnson-Pratt,7435
2021-11-11,Decision São Paulo,Johnson-Pratt,7434
2021-11-11,Decision São Paulo,Johnson-Pratt,7433
2021-11-11,Decision São Paulo,Johnson-Pratt,7432
2021-11-10,Decision Campinas,Miller-Curry,7431
2021-11-10,Decision Campinas,Miller-Curry,7430
2021-11-10,Decision São Paulo,"Morris, Moran and Dodson",7429
2021-11-10,Decision Campinas,Miller-Curry,7428
2021-11-10,Decision São Paulo,Nelson-Page,7427
2021-11-10,Decision São Paulo,Nelson-Page,7426
2021-11-10,Decision São Paulo,Jenkins-Walker,7425
2021-11-10,Decision São Paulo,Johnson-Aguirre,7424
2021-11-09,Decision São Paulo,"Wade, Bernard and Bailey",7423
2021-11-09,Decision São Paulo,"Wade, Bernard and Bailey",7422
2021-11-09,Decision São Paulo,Nelson-Page,7421
2021-11-09,Decision São Paulo,Nelson-Page,7420
2021-11-09,Decision São Paulo,Nelson-Page,7419
2021-11-09,Decision São Paulo,Nelson-Page,7418
2021-11-09,Decision São Paulo,Nelson-Page,7417
2021-11-09,Decision São Paulo,Nelson-Page,7416
2021-11-09,Decision São Paulo,Nelson-Page,7415
2021-11-09,Decision São Paulo,Nelson-Page,7414
2021-11-09,Decision São Paulo,Nelson-Page,7413
2021-11-09,Decision São Paulo,Nelson-Page,7412
2021-11-09,Decision São Paulo,Nelson-Page,7411
2021-11-09,Decision São Paulo,Nelson-Page,7410
2021-11-09,Decision São Paulo,Jones-Hodges,7409
2021-11-09,Decision São Paulo,Jones-Hodges,7408
2021-11-09,Decision São Paulo,Jones-Hodges,7407
2021-11-09,Decision São Paulo,Jones-Hodges,7406
2021-11-09,Decision São Paulo,Jenkins-Walker,7405
2021-11-09,Decision São Paulo,Jenkins-Walker,7404
2021-11-09,Decision São Paulo,Nelson-Page,7403
2021-11-09,Decision São Paulo,Nelson-Page,7402
2021-11-09,Decision São Paulo,Nelson-Page,7401
2021-11-09,Decision São Paulo,Nelson-Page,7400
2021-11-09,Decision São Paulo,Nelson-Page,7399
2021-11-09,Decision São Paulo,Nelson-Page,7398
2021-11-09,Decision São Paulo,Nelson-Page,7397
2021-11-09,Decision São Paulo,"Wade, Bernard and Bailey",7396
2021-11-09,Decision São Paulo,Nelson-Page,7395
2021-11-09,Decision São Paulo,Morrison Ltd,7394
2021-11-09,Decision São Paulo,Morrison Ltd,7393
2021-11-09,Decision São Paulo,Morrison Ltd,7392
2021-11-09,Decision São Paulo,Morrison Ltd,7391
2021-11-09,Decision São Paulo,Johnson-Pratt,7390
2021-11-08,Decision São Paulo,Jenkins-Walker,7389
2021-11-08,Decision São Paulo,Jenkins-Walker,7388
2021-11-08,Decision São Paulo,Jenkins-Walker,7387
2021-11-08,Decision São Paulo,Morrison Ltd,7386
2021-11-08,Decision São Paulo,Jimenez PLC,7385
2021-11-08,Decision São Paulo,Walters Group,7384
2021-11-08,Decision Campinas,Miller-Curry,7383
2021-11-08,Decision São Paulo,Johnson-Aguirre,7382
2021-11-08,Decision São Paulo,"Myers, Torres and Martin",7381
2021-11-08,Decision São Paulo,Johnson-Pratt,7380
2021-11-08,Decision São Paulo,Johnson-Pratt,7379
2021-11-08,Decision São Paulo,"Morris, Moran and Dodson",7378
2021-11-08,Decision São Paulo,"Morris, Moran and Dodson",7377
2021-11-08,Decision São Paulo,"Morris, Moran and Dodson",7376
2021-11-08,Decision São Paulo,Callahan-Hall,7375
2021-11-08,Decision São Paulo,Callahan-Hall,7373
2021-11-08,Decision São Paulo,Callahan-Hall,7372
2021-11-05,Decision Campinas,Miller-Curry,7371
2021-11-05,Decision Campinas,Miller-Curry,7370
2021-11-05,Decision Campinas,Miller-Curry,7369
2021-11-05,Decision Campinas,Miller-Curry,7368
2021-11-05,Decision São Paulo,"Chapman, Brown and Hart",7367
2021-11-05,Decision São Paulo,"Wade, Bernard and Bailey",7366
2021-11-05,Decision São Paulo,"Wade, Bernard and Bailey",7365
2021-11-05,Decision São Paulo,Nelson-Page,7364
2021-11-05,Decision São Paulo,Nelson-Page,7363
2021-11-05,Decision São Paulo,Nelson-Page,7362
2021-11-05,Decision São Paulo,Nelson-Page,7361
2021-11-05,Decision São Paulo,Nelson-Page,7360
2021-11-05,Decision São Paulo,Nelson-Page,7359
2021-11-05,Decision São Paulo,Nelson-Page,7358
2021-11-05,Decision São Paulo,Nelson-Page,7357
2021-11-05,Decision São Paulo,Nelson-Page,7356
2021-11-04,Decision São Paulo,Jenkins-Walker,7355
2021-11-04,Decision São Paulo,Barnes-Woods,7354
2021-11-04,Decision São Paulo,Barnes-Woods,7353
2021-11-04,Decision Campinas,Miller-Curry,7352
2021-11-04,Decision Campinas,Miller-Curry,7351
2021-11-04,Decision São Paulo,Johnson-Pratt,7350
2021-11-04,Decision Campinas,Miller-Curry,7349
2021-11-04,Decision São Paulo,Johnson-Pratt,7348
2021-11-04,Decision São Paulo,Johnson-Pratt,7347
2021-11-04,Decision São Paulo,Johnson-Pratt,7346
2021-11-04,Decision São Paulo,Johnson-Pratt,7345
2021-11-04,Decision São Paulo,Johnson-Pratt,7344
2021-11-04,Decision São Paulo,Johnson-Pratt,7343
2021-11-04,Decision São Paulo,Johnson-Pratt,7342
2021-11-04,Decision São Paulo,Johnson-Pratt,7341
2021-11-04,Decision São Paulo,Johnson-Pratt,7340
2021-11-04,Decision Campinas,Miller-Curry,7339
2021-11-04,Decision São Paulo,Jenkins-Walker,7337
2021-11-04,Decision São Paulo,Jenkins-Walker,7336
2021-11-04,Decision São Paulo,"Morris, Moran and Dodson",7335
2021-11-04,Decision São Paulo,Jenkins-Walker,7334
2021-11-04,Decision São Paulo,Jenkins-Walker,7333
2021-11-04,Decision São Paulo,Jenkins-Walker,7332
2021-11-04,Decision São Paulo,Jenkins-Walker,7331
2021-11-04,Decision São Paulo,Johnson-Pratt,7330
2021-11-04,Decision São Paulo,Johnson-Pratt,7329
2021-11-04,Decision São Paulo,Johnson-Pratt,7328
2021-11-04,Decision São Paulo,Johnson-Pratt,7327
2021-11-04,Decision São Paulo,"Morris, Moran and Dodson",7326
2021-11-03,Decision São Paulo,Nelson-Page,7325
2021-11-03,Decision São Paulo,Nelson-Page,7324
2021-11-03,Decision São Paulo,Nelson-Page,7323
2021-11-03,Decision São Paulo,Nelson-Page,7322
2021-11-03,Decision São Paulo,Nelson-Page,7321
2021-11-03,Decision Campinas,Miller-Curry,7320
2021-11-03,Decision São Paulo,Jenkins-Walker,7319
2021-11-03,Decision São Paulo,Jenkins-Walker,7318
2021-11-03,Decision São Paulo,Barnes-Woods,7317
2021-11-03,Decision São Paulo,Jenkins-Walker,7316
2021-11-03,Decision São Paulo,Jenkins-Walker,7315
2021-11-03,Decision São Paulo,Jenkins-Walker,7314
2021-11-03,Decision São Paulo,Callahan-Hall,7313
2021-11-01,Decision Campinas,Miller-Curry,7312
2021-11-01,Decision Campinas,Miller-Curry,7311
2021-11-01,Decision Campinas,Miller-Curry,7310
2021-10-30,Decision São Paulo,Nelson-Page,7309
2021-10-30,Decision São Paulo,Nelson-Page,7308
2021-10-30,Decision São Paulo,Nelson-Page,7307
2021-10-30,Decision São Paulo,Nelson-Page,7306
2021-10-30,Decision São Paulo,"Wade, Bernard and Bailey",7305
2021-10-30,Decision São Paulo,Nelson-Page,7304
2021-10-30,Decision São Paulo,Nelson-Page,7303
2021-10-30,Decision São Paulo,Nelson-Page,7302
2021-10-30,Decision São Paulo,Nelson-Page,7301
2021-10-30,Decision São Paulo,Nelson-Page,7300
2021-10-30,Decision São Paulo,Nelson-Page,7299
2021-10-30,Decision São Paulo,Nelson-Page,7298
2021-10-30,Decision São Paulo,Nelson-Page,7297
2021-10-30,Decision São Paulo,Nelson-Page,7296
2021-10-30,Decision São Paulo,Nelson-Page,7295
2021-10-30,Decision São Paulo,Nelson-Page,7294
2021-10-30,Decision São Paulo,Nelson-Page,7293
2021-10-30,Decision São Paulo,Nelson-Page,7292
2021-10-30,Decision São Paulo,Nelson-Page,7291
2021-10-30,Decision São Paulo,Nelson-Page,7290
2021-10-29,Decision São Paulo,Nelson-Page,7289
2021-10-29,Decision Campinas,Miller-Curry,7288
2021-10-29,Decision Campinas,Miller-Curry,7287
2021-10-29,Decision Campinas,Miller-Curry,7286
2021-10-29,Decision São Paulo,Johnson-Pratt,7285
2021-10-29,Decision São Paulo,Johnson-Pratt,7284
2021-10-29,Decision São Paulo,Johnson-Pratt,7283
2021-10-29,Decision São Paulo,Johnson-Pratt,7282
2021-10-29,Decision São Paulo,Johnson-Pratt,7281
2021-10-29,Decision São Paulo,Mann and Sons,7280
2021-10-29,Decision São Paulo,Barnes-Woods,7279
2021-10-29,Decision São Paulo,Barnes-Woods,7278
2021-10-28,Decision São Paulo,Nelson-Page,7277
2021-10-28,Decision São Paulo,"Wade, Bernard and Bailey",7276
2021-10-28,Decision São Paulo,Nelson-Page,7275
2021-10-28,Decision São Paulo,Nelson-Page,7274
2021-10-28,Decision São Paulo,Nelson-Page,7273
2021-10-28,Decision São Paulo,Nelson-Page,7272
2021-10-28,Decision São Paulo,Nelson-Page,7271
2021-10-28,Decision São Paulo,Nelson-Page,7270
2021-10-28,Decision São Paulo,Nelson-Page,7269
2021-10-28,Decision São Paulo,Jenkins-Walker,7268
2021-10-28,Decision São Paulo,Jenkins-Walker,7267
2021-10-28,Decision São Paulo,Jenkins-Walker,7266
2021-10-28,Decision São Paulo,Jenkins-Walker,7265
2021-10-28,Decision São Paulo,Jenkins-Walker,7264
2021-10-28,Decision São Paulo,Jenkins-Walker,7263
2021-10-28,Decision São Paulo,Jenkins-Walker,7262
2021-10-28,Decision São Paulo,Barnes-Woods,7261
2021-10-28,Decision São Paulo,Barnes-Woods,7260
2021-10-28,Decision São Paulo,Barnes-Woods,7259
2021-10-28,Decision São Paulo,Barnes-Woods,7258
2021-10-28,Decision São Paulo,Barnes-Woods,7257
2021-10-28,Decision São Paulo,Morrison Ltd,7256
2021-10-28,Decision São Paulo,Morrison Ltd,7255
2021-10-28,Decision São Paulo,Morrison Ltd,7254
2021-10-28,Decision São Paulo,Morrison Ltd,7253
2021-10-28,Decision São Paulo,Morrison Ltd,7252
2021-10-28,Decision Campinas,Miller-Curry,7251
2021-10-28,Decision Campinas,Miller-Curry,7250
2021-10-28,Decision São Paulo,Morrison Ltd,7249
2021-10-28,Decision São Paulo,Dougherty-Gilbert,7248
2021-10-28,Decision São Paulo,Morrison Ltd,7247
2021-10-28,Decision Campinas,Miller-Curry,7246
2021-10-28,Decision São Paulo,Barnes-Woods,7245
2021-10-28,Decision São Paulo,Barnes-Woods,7244
2021-10-28,Decision São Paulo,Barnes-Woods,7243
2021-10-28,Decision São Paulo,Barnes-Woods,7242
2021-10-28,Decision São Paulo,Barnes-Woods,7241
2021-10-28,Decision São Paulo,Barnes-Woods,7240
2021-10-28,Decision São Paulo,Barnes-Woods,7239
2021-10-28,Decision São Paulo,Barnes-Woods,7238
2021-10-28,Decision São Paulo,Barnes-Woods,7237
2021-10-28,Decision São Paulo,Barnes-Woods,7236
2021-10-28,Decision São Paulo,Nelson-Page,7235
2021-10-28,Decision São Paulo,Barnes-Woods,7234
2021-10-28,Decision São Paulo,Barnes-Woods,7233
2021-10-28,Decision São Paulo,Barnes-Woods,7232
2021-10-27,Decision São Paulo,Nelson-Page,7231
2021-10-27,Decision São Paulo,Nelson-Page,7230
2021-10-27,Decision São Paulo,Nelson-Page,7229
2021-10-27,Decision São Paulo,Nelson-Page,7228
2021-10-27,Decision Campinas,Miller-Curry,7227
2021-10-27,Decision São Paulo,"Morris, Moran and Dodson",7226
2021-10-27,Decision Campinas,Miller-Curry,7225
2021-10-27,Decision Campinas,Miller-Curry,7224
2021-10-27,Decision São Paulo,Barnes-Woods,7223
2021-10-27,Decision Campinas,Miller-Curry,7222
2021-10-27,Decision Campinas,Miller-Curry,7221
2021-10-27,Decision Campinas,Miller-Curry,7220
2021-10-27,Decision Campinas,Miller-Curry,7219
2021-10-27,Decision Campinas,Miller-Curry,7218
2021-10-27,Decision São Paulo,"Chapman, Brown and Hart",7217
2021-10-27,Decision São Paulo,"Chapman, Brown and Hart",7216
2021-10-27,Decision São Paulo,"Chapman, Brown and Hart",7215
2021-10-27,Decision São Paulo,"Chapman, Brown and Hart",7214
2021-10-27,Decision São Paulo,"Chapman, Brown and Hart",7213
2021-10-27,Decision São Paulo,"Chapman, Brown and Hart",7212
2021-10-26,Decision São Paulo,"Miller, Tran and Chang",7211
2021-10-26,Decision São Paulo,"Miller, Tran and Chang",7210
2021-10-26,Decision São Paulo,"Miller, Tran and Chang",7209
2021-10-26,Decision São Paulo,"Miller, Tran and Chang",7208
2021-10-26,Decision São Paulo,"Miller, Tran and Chang",7207
2021-10-26,Decision São Paulo,"Miller, Tran and Chang",7206
2021-10-26,Decision São Paulo,"Miller, Tran and Chang",7205
2021-10-26,Decision São Paulo,"Miller, Tran and Chang",7204
2021-10-26,Decision São Paulo,"Miller, Tran and Chang",7203
2021-10-26,Decision São Paulo,Johnson-Pratt,7202
2021-10-26,Decision São Paulo,Johnson-Pratt,7201
2021-10-26,Decision Campinas,Miller-Curry,7200
2021-10-26,Decision São Paulo,Nelson-Page,7199
2021-10-26,Decision São Paulo,"Morris, Moran and Dodson",7198
2021-10-26,Decision São Paulo,Nelson-Page,7197
2021-10-26,Decision São Paulo,Nelson-Page,7196
2021-10-26,Decision São Paulo,Nelson-Page,7195
2021-10-26,Decision São Paulo,Nelson-Page,7194
2021-10-26,Decision São Paulo,Nelson-Page,7193
2021-10-26,Decision São Paulo,Nelson-Page,7192
2021-10-26,Decision São Paulo,Nelson-Page,7191
2021-10-26,Decision São Paulo,Nelson-Page,7190
2021-10-26,Decision São Paulo,Nelson-Page,7189
2021-10-26,Decision São Paulo,Nelson-Page,7188
2021-10-26,Decision São Paulo,Nelson-Page,7187
2021-10-26,Decision São Paulo,Nelson-Page,7186
2021-10-26,Decision São Paulo,Nelson-Page,7185
2021-10-26,Decision São Paulo,Nelson-Page,7184
2021-10-26,Decision São Paulo,Nelson-Page,7183
2021-10-26,Decision São Paulo,Jenkins-Walker,7182
2021-10-26,Decision São Paulo,Jenkins-Walker,7181
2021-10-26,Decision São Paulo,Jenkins-Walker,7180
2021-10-26,Decision São Paulo,Jenkins-Walker,7179
2021-10-26,Decision São Paulo,Barnes-Woods,7178
2021-10-26,Decision São Paulo,Johnson-Pratt,7177
2021-10-26,Decision São Paulo,Johnson-Pratt,7176
2021-10-25,Decision São Paulo,Barnes-Woods,7175
2021-10-25,Decision São Paulo,Mann and Sons,7174
2021-10-25,Decision Campinas,Miller-Curry,7173
2021-10-25,Decision São Paulo,Johnson-Aguirre,7172
2021-10-25,Decision Campinas,Miller-Curry,7171
2021-10-25,Decision Campinas,Miller-Curry,7170
2021-10-25,Decision Campinas,Miller-Curry,7169
2021-10-25,Decision São Paulo,Nelson-Page,7168
2021-10-25,Decision São Paulo,Nelson-Page,7167
2021-10-25,Decision São Paulo,Nelson-Page,7166
2021-10-25,Decision São Paulo,Nelson-Page,7165
2021-10-25,Decision São Paulo,Nelson-Page,7164
2021-10-25,Decision São Paulo,Nelson-Page,7163
2021-10-25,Decision São Paulo,Nelson-Page,7162
2021-10-25,Decision São Paulo,Nelson-Page,7161
2021-10-25,Decision São Paulo,Nelson-Page,7160
2021-10-25,Decision São Paulo,Barnes-Woods,7159
2021-10-25,Decision São Paulo,Jenkins-Walker,7158
2021-10-25,Decision São Paulo,Jenkins-Walker,7157
2021-10-25,Decision São Paulo,Jenkins-Walker,7156
2021-10-22,Decision São Paulo,Johnson-Pratt,7155
2021-10-22,Decision São Paulo,Johnson-Pratt,7154
2021-10-22,Decision São Paulo,Nelson-Page,7153
2021-10-22,Decision São Paulo,Nelson-Page,7152
2021-10-22,Decision São Paulo,Nelson-Page,7151
2021-10-22,Decision São Paulo,Nelson-Page,7150
2021-10-22,Decision São Paulo,Nelson-Page,7149
2021-10-22,Decision São Paulo,Nelson-Page,7148
2021-10-22,Decision Campinas,Miller-Curry,7147
2021-10-22,Decision Campinas,Miller-Curry,7146
2021-10-22,Decision São Paulo,Callahan-Hall,7145
2021-10-22,Decision São Paulo,Jenkins-Walker,7144
2021-10-22,Decision São Paulo,Jenkins-Walker,7143
2021-10-22,Decision São Paulo,Nelson-Page,7142
2021-10-22,Decision São Paulo,Nelson-Page,7141
2021-10-22,Decision São Paulo,Jenkins-Walker,7140
2021-10-22,Decision São Paulo,Jenkins-Walker,7139
2021-10-22,Decision São Paulo,Jenkins-Walker,7138
2021-10-22,Decision São Paulo,Nelson-Page,7137
2021-10-22,Decision São Paulo,Jenkins-Walker,7136
2021-10-22,Decision São Paulo,Jenkins-Walker,7135
2021-10-22,Decision São Paulo,Jenkins-Walker,7134
2021-10-22,Decision São Paulo,Jenkins-Walker,7133
2021-10-22,Decision São Paulo,Jenkins-Walker,7132
2021-10-22,Decision São Paulo,Jenkins-Walker,7131
2021-10-22,Decision São Paulo,Jenkins-Walker,7130
2021-10-22,Decision São Paulo,Jenkins-Walker,7129
2021-10-22,Decision São Paulo,Jenkins-Walker,7128
2021-10-22,Decision São Paulo,Barnes-Woods,7127
2021-10-22,Decision São Paulo,Johnson-Aguirre,7126
2021-10-22,Decision São Paulo,Barnes-Woods,7125
2021-10-21,Decision Campinas,Miller-Curry,7124
2021-10-20,Decision São Paulo,Morrison Ltd,7123
2021-10-20,Decision São Paulo,Dougherty-Gilbert,7122
2021-10-20,Decision São Paulo,Dougherty-Gilbert,7121
2021-10-20,Decision São Paulo,"Morris, Moran and Dodson",7120
2021-10-20,Decision São Paulo,Morrison Ltd,7119
2021-10-20,Decision São Paulo,Morrison Ltd,7118
2021-10-20,Decision Campinas,Miller-Curry,7117
2021-10-20,Decision São Paulo,Johnson-Pratt,7116
2021-10-20,Decision Campinas,Miller-Curry,7115
2021-10-20,Decision Campinas,Miller-Curry,7114
2021-10-20,Decision Campinas,Miller-Curry,7113
2021-10-20,Decision São Paulo,"Morris, Moran and Dodson",7112
2021-10-20,Decision Campinas,Miller-Curry,7111
2021-10-20,Decision São Paulo,Nelson-Page,7110
2021-10-20,Decision São Paulo,Nelson-Page,7109
2021-10-19,Decision São Paulo,Nelson-Page,7108
2021-10-19,Decision São Paulo,Nelson-Page,7107
2021-10-19,Decision São Paulo,Barnes-Woods,7106
2021-10-19,Decision São Paulo,Johnson-Pratt,7105
2021-10-19,Decision São Paulo,Johnson-Pratt,7104
2021-10-19,Decision São Paulo,"Chapman, Brown and Hart",7103
2021-10-19,Decision Campinas,Miller-Curry,7102
2021-10-19,Decision São Paulo,"Miller, Tran and Chang",7101
2021-10-19,Decision São Paulo,"Miller, Tran and Chang",7100
2021-10-19,Decision São Paulo,"Miller, Tran and Chang",7099
2021-10-19,Decision São Paulo,"Miller, Tran and Chang",7098
2021-10-19,Decision São Paulo,"Miller, Tran and Chang",7097
2021-10-19,Decision São Paulo,"Miller, Tran and Chang",7096
2021-10-19,Decision São Paulo,"Miller, Tran and Chang",7095
2021-10-19,Decision São Paulo,"Miller, Tran and Chang",7094
2021-10-19,Decision São Paulo,"Miller, Tran and Chang",7093
2021-10-19,Decision São Paulo,Nelson-Page,7092
2021-10-19,Decision São Paulo,"Morris, Moran and Dodson",7091
2021-10-19,Decision São Paulo,Nelson-Page,7090
2021-10-19,Decision São Paulo,"Morris, Moran and Dodson",7089
2021-10-19,Decision São Paulo,Nelson-Page,7088
2021-10-19,Decision São Paulo,Nelson-Page,7087
2021-10-19,Decision São Paulo,Nelson-Page,7086
2021-10-19,Decision São Paulo,Barnes-Woods,7085
2021-10-19,Decision São Paulo,"Chapman, Brown and Hart",7084
2021-10-19,Decision São Paulo,"Chapman, Brown and Hart",7083
2021-10-18,Decision Campinas,Miller-Curry,7082
2021-10-18,Decision São Paulo,Gibson-Rose,7081
2021-10-18,Decision Campinas,Miller-Curry,7080
2021-10-18,Decision Campinas,Miller-Curry,7079
2021-10-18,Decision Campinas,Miller-Curry,7078
2021-10-18,Decision Campinas,Miller-Curry,7077
2021-10-18,Decision Campinas,Miller-Curry,7076
2021-10-18,Decision Campinas,Miller-Curry,7075
2021-10-18,Decision São Paulo,Johnson-Pratt,7074
2021-10-18,Decision São Paulo,Johnson-Pratt,7073
2021-10-18,Decision São Paulo,"Chapman, Brown and Hart",7072
2021-10-18,Decision São Paulo,"Chapman, Brown and Hart",7071
2021-10-18,Decision São Paulo,"Chapman, Brown and Hart",7070
2021-10-18,Decision São Paulo,Nelson-Page,7069
2021-10-18,Decision São Paulo,Nelson-Page,7068
2021-10-18,Decision São Paulo,Morrison Ltd,7067
2021-10-15,Decision São Paulo,Morrison Ltd,7065
2021-10-15,Decision São Paulo,Porter-Wilson,7064
2021-10-15,Decision São Paulo,"Morris, Moran and Dodson",7063
2021-10-15,Decision São Paulo,"Morris, Moran and Dodson",7062
2021-10-15,Decision São Paulo,"Morris, Moran and Dodson",7061
2021-10-15,Decision Campinas,Miller-Curry,7060
2021-10-15,Decision São Paulo,"Morris, Moran and Dodson",7059
2021-10-15,Decision São Paulo,"Wade, Bernard and Bailey",7058
2021-10-15,Decision São Paulo,"Wade, Bernard and Bailey",7057
2021-10-15,Decision São Paulo,"Wade, Bernard and Bailey",7056
2021-10-15,Decision São Paulo,Barnes-Woods,7055
2021-10-15,Decision São Paulo,Barnes-Woods,7054
2021-10-15,Decision São Paulo,Barnes-Woods,7053
2021-10-15,Decision São Paulo,Barnes-Woods,7052
2021-10-15,Decision São Paulo,Barnes-Woods,7051
2021-10-15,Decision São Paulo,Barnes-Woods,7050
2021-10-15,Decision São Paulo,Callahan-Hall,7049
2021-10-15,Decision São Paulo,Callahan-Hall,7048
2021-10-15,Decision São Paulo,Callahan-Hall,7047
2021-10-15,Decision São Paulo,Callahan-Hall,7046
2021-10-15,Decision São Paulo,Callahan-Hall,7045
2021-10-15,Decision São Paulo,Callahan-Hall,7044
2021-10-15,Decision São Paulo,Jenkins-Walker,7043
2021-10-15,Decision São Paulo,Jenkins-Walker,7042
2021-10-15,Decision São Paulo,Jenkins-Walker,7041
2021-10-15,Decision São Paulo,Jenkins-Walker,7040
2021-10-15,Decision São Paulo,Mann and Sons,7039
2021-10-14,Decision Campinas,Miller-Curry,7038
2021-10-14,Decision Campinas,Miller-Curry,7037
2021-10-14,Decision São Paulo,Barnes-Woods,7036
2021-10-14,Decision São Paulo,Nelson-Page,7035
2021-10-14,Decision São Paulo,Nelson-Page,7034
2021-10-14,Decision Campinas,Miller-Curry,7033
2021-10-14,Decision São Paulo,Nelson-Page,7032
2021-10-14,Decision São Paulo,Johnson-Aguirre,7031
2021-10-14,Decision São Paulo,Nelson-Page,7030
2021-10-14,Decision São Paulo,Johnson-Aguirre,7029
2021-10-14,Decision São Paulo,Nelson-Page,7028
2021-10-13,Decision São Paulo,Mann and Sons,7027
2021-10-13,Decision Campinas,Miller-Curry,7026
2021-10-13,Decision São Paulo,Mann and Sons,7025
2021-10-13,Decision São Paulo,Jenkins-Walker,7023
2021-10-13,Decision São Paulo,Jenkins-Walker,7022
2021-10-13,Decision São Paulo,Jenkins-Walker,7021
2021-10-13,Decision São Paulo,Jenkins-Walker,7020
2021-10-13,Decision São Paulo,Jenkins-Walker,7019
2021-10-13,Decision São Paulo,Jenkins-Walker,7018
2021-10-13,Decision São Paulo,Nelson-Page,7017
2021-10-13,Decision São Paulo,Nelson-Page,7016
2021-10-13,Decision São Paulo,Nelson-Page,7015
2021-10-13,Decision São Paulo,Nelson-Page,7014
2021-10-13,Decision Campinas,Miller-Curry,7013
2021-10-13,Decision Campinas,Miller-Curry,7012
2021-10-13,Decision Campinas,Miller-Curry,7011
2021-10-13,Decision Campinas,Miller-Curry,7010
2021-10-11,Decision Campinas,Miller-Curry,7009
2021-10-11,Decision São Paulo,"Morris, Moran and Dodson",7008
2021-10-11,Decision São Paulo,"Morris, Moran and Dodson",7007
2021-10-10,Decision São Paulo,Gibson-Rose,7006
2021-10-10,Decision São Paulo,Nelson-Page,7005
2021-10-10,Decision São Paulo,Nelson-Page,7004
2021-10-10,Decision São Paulo,Nelson-Page,7003
2021-10-08,Decision São Paulo,Barnes-Woods,7000
2021-10-08,Decision São Paulo,Barnes-Woods,6999
2021-10-08,Decision São Paulo,Barnes-Woods,6998
2021-10-08,Decision São Paulo,Barnes-Woods,6997
2021-10-08,Decision Campinas,Miller-Curry,6996
2021-10-08,Decision São Paulo,Nelson-Page,6995
2021-10-08,Decision São Paulo,"Morris, Moran and Dodson",6994
2021-10-08,Decision São Paulo,"Morris, Moran and Dodson",6993
2021-10-08,Decision São Paulo,"Morris, Moran and Dodson",6992
2021-10-08,Decision São Paulo,Craig-Webb,6991
2021-10-08,Decision Campinas,Miller-Curry,6990
2021-10-08,Decision São Paulo,Gibson-Rose,6989
2021-10-08,Decision São Paulo,Gibson-Rose,6988
2021-10-08,Decision São Paulo,Gibson-Rose,6987
2021-10-08,Decision São Paulo,Gibson-Rose,6986
2021-10-08,Decision São Paulo,Gibson-Rose,6985
2021-10-08,Decision São Paulo,Gibson-Rose,6984
2021-10-08,Decision São Paulo,Gibson-Rose,6983
2021-10-08,Decision São Paulo,Gibson-Rose,6982
2021-10-08,Decision São Paulo,Nelson-Page,6981
2021-10-08,Decision São Paulo,Nelson-Page,6980
2021-10-08,Decision São Paulo,Nelson-Page,6979
2021-10-07,Decision São Paulo,Jenkins-Walker,6978
2021-10-07,Decision São Paulo,Jenkins-Walker,6977
2021-10-07,Decision São Paulo,Nelson-Page,6976
2021-10-07,Decision São Paulo,Nelson-Page,6975
2021-10-07,Decision São Paulo,Nelson-Page,6974
2021-10-07,Decision São Paulo,Nelson-Page,6973
2021-10-07,Decision São Paulo,Nelson-Page,6972
2021-10-07,Decision São Paulo,Nelson-Page,6971
2021-10-07,Decision São Paulo,Nelson-Page,6970
2021-10-07,Decision São Paulo,Nelson-Page,6969
2021-10-07,Decision São Paulo,Johnson-Pratt,6968
2021-10-07,Decision São Paulo,Johnson-Pratt,6967
2021-10-07,Decision São Paulo,Nelson-Page,6966
2021-10-07,Decision São Paulo,Mann and Sons,6965
2021-10-07,Decision São Paulo,Nelson-Page,6964
2021-10-07,Decision São Paulo,Mann and Sons,6963
2021-10-07,Decision São Paulo,Mann and Sons,6962
2021-10-07,Decision São Paulo,Mann and Sons,6961
2021-10-07,Decision São Paulo,Barnes-Woods,6960
2021-10-07,Decision Campinas,Miller-Curry,6959
2021-10-07,Decision Campinas,Miller-Curry,6958
2021-10-06,Decision São Paulo,Porter-Wilson,6957
2021-10-06,Decision São Paulo,Barnes-Woods,6956
2021-10-06,Decision Campinas,Miller-Curry,6955
2021-10-06,Decision Campinas,Miller-Curry,6954
2021-10-06,Decision Campinas,Miller-Curry,6953
2021-10-06,Decision São Paulo,Johnson-Pratt,6952
2021-10-06,Decision São Paulo,Barnes-Woods,6951
2021-10-06,Decision São Paulo,Morrison Ltd,6950
2021-10-06,Decision São Paulo,Barnes-Woods,6949
2021-10-06,Decision São Paulo,Nelson-Page,6948
2021-10-06,Decision São Paulo,Jones-Hodges,6947
2021-10-06,Decision São Paulo,Jones-Hodges,6946
2021-10-05,Decision São Paulo,Callahan-Hall,6945
2021-10-05,Decision São Paulo,Callahan-Hall,6944
2021-10-05,Decision São Paulo,Morrison Ltd,6943
2021-10-05,Decision Campinas,Miller-Curry,6942
2021-10-05,Decision São Paulo,Nelson-Page,6941
2021-10-05,Decision São Paulo,Nelson-Page,6940
2021-10-05,Decision São Paulo,Nelson-Page,6939
2021-10-05,Decision São Paulo,Nelson-Page,6938
2021-10-05,Decision São Paulo,Nelson-Page,6937
2021-10-05,Decision São Paulo,Nelson-Page,6936
2021-10-05,Decision São Paulo,"Myers, Torres and Martin",6935
2021-10-05,Decision São Paulo,"Myers, Torres and Martin",6934
2021-10-05,Decision São Paulo,Barnes-Woods,6933
2021-10-05,Decision Campinas,Miller-Curry,6932
2021-10-05,Decision São Paulo,"Morris, Moran and Dodson",6931
2021-10-04,Decision São Paulo,Nelson-Page,6930
2021-10-04,Decision São Paulo,Nelson-Page,6929
2021-10-04,Decision São Paulo,Nelson-Page,6928
2021-10-04,Decision São Paulo,Nelson-Page,6927
2021-10-04,Decision São Paulo,Nelson-Page,6926
2021-10-04,Decision São Paulo,Nelson-Page,6925
2021-10-04,Decision Campinas,Miller-Curry,6924
2021-10-04,Decision Campinas,Miller-Curry,6923
2021-10-04,Decision Campinas,Miller-Curry,6922
2021-10-04,Decision São Paulo,Johnson-Pratt,6921
2021-10-04,Decision São Paulo,Johnson-Pratt,6920
2021-10-04,Decision São Paulo,Johnson-Pratt,6919
2021-10-04,Decision São Paulo,Johnson-Pratt,6918
2021-10-04,Decision São Paulo,Johnson-Pratt,6917
2021-10-04,Decision São Paulo,Johnson-Pratt,6916
2021-10-04,Decision São Paulo,Johnson-Pratt,6915
2021-10-04,Decision Campinas,Miller-Curry,6914
2021-10-04,Decision Campinas,Miller-Curry,6913
2021-10-04,Decision Campinas,Miller-Curry,6912
2021-10-04,Decision São Paulo,Morrison Ltd,6911
2021-10-04,Decision São Paulo,Barnes-Woods,6910
2021-10-01,Decision São Paulo,"Morris, Moran and Dodson",6909
2021-10-01,Decision São Paulo,"Morris, Moran and Dodson",6908
2021-10-01,Decision São Paulo,"Morris, Moran and Dodson",6907
2021-10-01,Decision São Paulo,"Morris, Moran and Dodson",6906
2021-10-01,Decision São Paulo,"Morris, Moran and Dodson",6905
2021-10-01,Decision Campinas,Miller-Curry,6904
2021-10-01,Decision São Paulo,"Morris, Moran and Dodson",6903
2021-10-01,Decision São Paulo,Johnson-Aguirre,6902
2021-10-01,Decision São Paulo,Johnson-Aguirre,6901
2021-10-01,Decision São Paulo,Callahan-Hall,6900
2021-10-01,Decision Campinas,Miller-Curry,6899
2021-09-30,Decision São Paulo,Porter-Wilson,6898
2021-09-30,Decision São Paulo,Morrison Ltd,6897
2021-09-30,Decision São Paulo,Nelson-Page,6896
2021-09-30,Decision São Paulo,Nelson-Page,6895
2021-09-30,Decision São Paulo,Nelson-Page,6894
2021-09-30,Decision Campinas,Miller-Curry,6893
2021-09-30,Decision Campinas,Miller-Curry,6892
2021-09-30,Decision Campinas,Miller-Curry,6891
2021-09-30,Decision Campinas,Miller-Curry,6890
2021-09-29,Decision São Paulo,Mann and Sons,6889
2021-09-29,Decision Campinas,Miller-Curry,6888
2021-09-29,Decision Campinas,Miller-Curry,6886
2021-09-29,Decision Campinas,Miller-Curry,6885
2021-09-29,Decision Campinas,Miller-Curry,6884
2021-09-29,Decision São Paulo,Barnes-Woods,6883
2021-09-29,Decision São Paulo,Morrison Ltd,6882
2021-09-28,Decision São Paulo,Barnes-Woods,6881
2021-09-28,Decision São Paulo,Barnes-Woods,6880
2021-09-28,Decision São Paulo,Barnes-Woods,6879
2021-09-28,Decision São Paulo,Barnes-Woods,6878
2021-09-28,Decision São Paulo,Barnes-Woods,6877
2021-09-28,Decision São Paulo,Barnes-Woods,6876
2021-09-28,Decision São Paulo,Johnson-Aguirre,6875
2021-09-28,Decision São Paulo,Jenkins-Walker,6874
2021-09-28,Decision São Paulo,Mann and Sons,6873
2021-09-28,Decision São Paulo,Nelson-Page,6872
2021-09-28,Decision São Paulo,Nelson-Page,6871
2021-09-28,Decision Campinas,Miller-Curry,6870
2021-09-27,Decision São Paulo,Barnes-Woods,6869
2021-09-27,Decision São Paulo,Barnes-Woods,6868
2021-09-27,Decision São Paulo,Barnes-Woods,6867
2021-09-27,Decision São Paulo,Barnes-Woods,6866
2021-09-27,Decision São Paulo,Barnes-Woods,6865
2021-09-27,Decision São Paulo,Barnes-Woods,6864
2021-09-27,Decision São Paulo,Barnes-Woods,6863
2021-09-27,Decision São Paulo,Barnes-Woods,6862
2021-09-27,Decision São Paulo,Barnes-Woods,6861
2021-09-27,Decision São Paulo,Barnes-Woods,6860
2021-09-27,Decision São Paulo,Barnes-Woods,6859
2021-09-27,Decision São Paulo,Barnes-Woods,6858
2021-09-27,Decision São Paulo,Barnes-Woods,6857
2021-09-27,Decision São Paulo,Nelson-Page,6856
2021-09-27,Decision São Paulo,Nelson-Page,6855
2021-09-27,Decision São Paulo,Nelson-Page,6854
2021-09-27,Decision São Paulo,Nelson-Page,6853
2021-09-27,Decision São Paulo,Nelson-Page,6852
2021-09-27,Decision São Paulo,Nelson-Page,6851
2021-09-27,Decision Campinas,Miller-Curry,6850
2021-09-27,Decision São Paulo,Nelson-Page,6849
2021-09-27,Decision São Paulo,Johnson-Aguirre,6848
2021-09-27,Decision São Paulo,Johnson-Aguirre,6847
2021-09-27,Decision São Paulo,"Wade, Bernard and Bailey",6846
2021-09-27,Decision São Paulo,"Wade, Bernard and Bailey",6845
2021-09-27,Decision São Paulo,"Wade, Bernard and Bailey",6844
2021-09-27,Decision São Paulo,Jenkins-Walker,6843
2021-09-24,Decision São Paulo,Morrison Ltd,6842
2021-09-24,Decision São Paulo,"Morris, Moran and Dodson",6841
2021-09-24,Decision São Paulo,Barnes-Woods,6840
2021-09-24,Decision São Paulo,Johnson-Aguirre,6839
2021-09-24,Decision São Paulo,Callahan-Hall,6838
2021-09-24,Decision São Paulo,Nelson-Page,6837
2021-09-24,Decision São Paulo,Nelson-Page,6836
2021-09-24,Decision São Paulo,Nelson-Page,6835
2021-09-24,Decision São Paulo,Nelson-Page,6834
2021-09-24,Decision São Paulo,Nelson-Page,6833
2021-09-24,Decision São Paulo,Barnes-Woods,6832
2021-09-24,Decision São Paulo,Barnes-Woods,6831
2021-09-24,Decision São Paulo,Nelson-Page,6830
2021-09-24,Decision São Paulo,Nelson-Page,6829
2021-09-24,Decision São Paulo,Nelson-Page,6828
2021-09-24,Decision São Paulo,Nelson-Page,6827
2021-09-24,Decision Campinas,Miller-Curry,6826
2021-09-23,Decision Campinas,Miller-Curry,6825
2021-09-23,Decision Campinas,Miller-Curry,6824
2021-09-23,Decision Campinas,Miller-Curry,6823
2021-09-23,Decision Campinas,Miller-Curry,6822
2021-09-23,Decision São Paulo,Nelson-Page,6821
2021-09-23,Decision São Paulo,Nelson-Page,6820
2021-09-23,Decision São Paulo,Nelson-Page,6819
2021-09-23,Decision São Paulo,Callahan-Hall,6818
2021-09-23,Decision São Paulo,"Wade, Bernard and Bailey",6816
2021-09-23,Decision São Paulo,"Wade, Bernard and Bailey",6815
2021-09-23,Decision São Paulo,"Wade, Bernard and Bailey",6814
2021-09-23,Decision São Paulo,"Wade, Bernard and Bailey",6813
2021-09-22,Decision São Paulo,Nelson-Page,6812
2021-09-22,Decision São Paulo,Nelson-Page,6811
2021-09-22,Decision São Paulo,Nelson-Page,6810
2021-09-22,Decision São Paulo,Nelson-Page,6809
2021-09-22,Decision Campinas,Miller-Curry,6808
2021-09-22,Decision Campinas,Miller-Curry,6807
2021-09-22,Decision São Paulo,Porter-Wilson,6806
2021-09-22,Decision São Paulo,Porter-Wilson,6805
2021-09-22,Decision São Paulo,Nelson-Page,6804
2021-09-22,Decision São Paulo,Nelson-Page,6803
2021-09-22,Decision São Paulo,Luna-Carpenter,6802
2021-09-22,Decision Campinas,Miller-Curry,6801
2021-09-22,Decision Campinas,Miller-Curry,6800
2021-09-22,Decision Campinas,Miller-Curry,6799
2021-09-21,Decision São Paulo,Nelson-Page,6796
2021-09-21,Decision São Paulo,Nelson-Page,6795
2021-09-21,Decision São Paulo,"Morris, Moran and Dodson",6794
2021-09-21,Decision São Paulo,"Morris, Moran and Dodson",6793
2021-09-21,Decision São Paulo,Morrison Ltd,6792
2021-09-21,Decision São Paulo,Johnson-Pratt,6791
2021-09-21,Decision São Paulo,Barnes-Woods,6790
2021-09-21,Decision Campinas,Miller-Curry,6789
2021-09-21,Decision São Paulo,Morrison Ltd,6788
2021-09-21,Decision São Paulo,Nelson-Page,6787
2021-09-21,Decision São Paulo,Nelson-Page,6786
2021-09-21,Decision São Paulo,Nelson-Page,6785
2021-09-21,Decision São Paulo,Nelson-Page,6784
2021-09-20,Decision São Paulo,Jones-Hodges,6783
2021-09-20,Decision Campinas,Miller-Curry,6782
2021-09-20,Decision Campinas,Miller-Curry,6781
2021-09-20,Decision Campinas,Miller-Curry,6780
2021-09-20,Decision Campinas,Miller-Curry,6779
2021-09-20,Decision Campinas,Miller-Curry,6778
2021-09-20,Decision São Paulo,"Morris, Moran and Dodson",6777
2021-09-20,Decision São Paulo,Nelson-Page,6776
2021-09-20,Decision São Paulo,"Morris, Moran and Dodson",6775
2021-09-20,Decision São Paulo,Nelson-Page,6774
2021-09-20,Decision São Paulo,Nelson-Page,6773
2021-09-20,Decision São Paulo,Nelson-Page,6772
2021-09-20,Decision São Paulo,Gibson-Rose,6771
2021-09-20,Decision São Paulo,Gibson-Rose,6770
2021-09-20,Decision São Paulo,Gibson-Rose,6769
2021-09-17,Decision São Paulo,Barnes-Woods,6768
2021-09-17,Decision São Paulo,Barnes-Woods,6767
2021-09-17,Decision São Paulo,Barnes-Woods,6766
2021-09-17,Decision São Paulo,"Wade, Bernard and Bailey",6765
2021-09-17,Decision São Paulo,"Wade, Bernard and Bailey",6764
2021-09-17,Decision São Paulo,"Wade, Bernard and Bailey",6763
2021-09-17,Decision São Paulo,Johnson-Pratt,6762
2021-09-17,Decision São Paulo,Johnson-Pratt,6761
2021-09-17,Decision São Paulo,Barnes-Woods,6760
2021-09-17,Decision São Paulo,"Wade, Bernard and Bailey",6759
2021-09-17,Decision São Paulo,Nelson-Page,6758
2021-09-17,Decision São Paulo,Johnson-Pratt,6757
2021-09-17,Decision São Paulo,Johnson-Pratt,6756
2021-09-17,Decision São Paulo,Johnson-Pratt,6755
2021-09-16,Decision Campinas,Miller-Curry,6753
2021-09-16,Decision Campinas,Miller-Curry,6752
2021-09-16,Decision São Paulo,Barnes-Woods,6751
2021-09-16,Decision São Paulo,Barnes-Woods,6750
2021-09-16,Decision São Paulo,Barnes-Woods,6749
2021-09-16,Decision Campinas,Miller-Curry,6748
2021-09-16,Decision Campinas,Miller-Curry,6747
2021-09-16,Decision São Paulo,"Morris, Moran and Dodson",6746
2021-09-16,Decision São Paulo,Johnson-Pratt,6745
2021-09-16,Decision São Paulo,Johnson-Pratt,6744
2021-09-16,Decision São Paulo,Johnson-Pratt,6743
2021-09-16,Decision São Paulo,Barnes-Woods,6742
2021-09-16,Decision São Paulo,Jenkins-Walker,6741
2021-09-16,Decision São Paulo,Barnes-Woods,6740
2021-09-16,Decision São Paulo,Barnes-Woods,6739
2021-09-16,Decision São Paulo,Barnes-Woods,6738
2021-09-16,Decision São Paulo,Nelson-Page,6737
2021-09-16,Decision São Paulo,"Morris, Moran and Dodson",6736
2021-09-16,Decision São Paulo,"Morris, Moran and Dodson",6735
2021-09-16,Decision São Paulo,"Morris, Moran and Dodson",6734
2021-09-16,Decision São Paulo,Nelson-Page,6733
2021-09-16,Decision Campinas,Miller-Curry,6732
2021-09-16,Decision São Paulo,Barnes-Woods,6731
2021-09-16,Decision São Paulo,"Morris, Moran and Dodson",6730
2021-09-16,Decision São Paulo,"Morris, Moran and Dodson",6729
2021-09-16,Decision São Paulo,Nelson-Page,6728
2021-09-16,Decision São Paulo,Barnes-Woods,6727
2021-09-16,Decision São Paulo,"Morris, Moran and Dodson",6726
2021-09-16,Decision São Paulo,"Morris, Moran and Dodson",6725
2021-09-16,Decision São Paulo,Barnes-Woods,6724
2021-09-16,Decision São Paulo,"Morris, Moran and Dodson",6723
2021-09-16,Decision Campinas,Miller-Curry,6722
2021-09-16,Decision São Paulo,"Morris, Moran and Dodson",6721
2021-09-16,Decision São Paulo,Barnes-Woods,6720
2021-09-16,Decision São Paulo,Johnson-Pratt,6719
2021-09-16,Decision São Paulo,Barnes-Woods,6718
2021-09-16,Decision São Paulo,Johnson-Pratt,6717
2021-09-16,Decision São Paulo,Barnes-Woods,6716
2021-09-16,Decision São Paulo,Barnes-Woods,6715
2021-09-16,Decision São Paulo,Morrison Ltd,6714
2021-09-16,Decision São Paulo,Morrison Ltd,6713
2021-09-16,Decision Campinas,Miller-Curry,6711
2021-09-15,Decision Campinas,Miller-Curry,6710
2025-02-27,Decision São Paulo,Nelson-Page,14222
2025-02-26,Decision São Paulo,"Glover, Warren and Norris",14221
2025-02-26,Decision São Paulo,"Glover, Warren and Norris",14220
2025-02-26,Decision São Paulo,Nelson-Page,14219
2025-02-25,Decision São Paulo,Mann and Sons,14218
2025-02-25,Decision São Paulo,Jenkins-Walker,14217
2025-02-25,Decision São Paulo,Nelson-Page,14216
2025-02-25,Decision São Paulo,Nelson-Page,14215
2025-02-25,Decision São Paulo,"Glover, Warren and Norris",14214
2025-02-25,Decision São Paulo,Nelson-Page,14213
2025-02-24,Decision São Paulo,"Morris, Moran and Dodson",14212
2025-02-24,Decision São Paulo,"Morris, Moran and Dodson",14211
2025-02-24,Decision São Paulo,"Morris, Moran and Dodson",14210
2025-02-24,Decision São Paulo,"Morris, Moran and Dodson",14209
2025-02-24,Decision Campinas,Miller-Curry,14208
2025-02-24,Decision Campinas,Miller-Curry,14207
2025-02-24,Decision Campinas,Miller-Curry,14206
2025-02-24,Decision Campinas,Miller-Curry,14205
2025-02-24,Decision Campinas,Miller-Curry,14204
2025-02-24,Decision Campinas,Miller-Curry,14203
2025-02-24,Decision Campinas,Miller-Curry,14202
2025-02-24,Decision Campinas,Miller-Curry,14201
2025-02-24,Decision Campinas,Miller-Curry,14200
2025-02-24,Decision Campinas,Miller-Curry,14199
2025-02-21,Decision São Paulo,Nelson-Page,14198
2025-02-20,Decision São Paulo,Bishop-Reed,14197
2025-02-20,Decision São Paulo,Bishop-Reed,14196
2025-02-20,Decision São Paulo,Nelson-Page,14195
2025-02-20,Decision São Paulo,Nelson-Page,14194
2025-02-20,Decision São Paulo,"Wade, Bernard and Bailey",14193
2025-02-20,Decision São Paulo,Bell Group,14192
2025-02-20,Decision São Paulo,Bell Group,14191
2025-02-19,Decision São Paulo,"Glover, Warren and Norris",14190
2025-02-19,Decision São Paulo,"Glover, Warren and Norris",14189
2025-02-19,Decision São Paulo,"Glover, Warren and Norris",14188
2025-02-19,Decision São Paulo,Nelson-Page,14187
2025-02-19,Decision São Paulo,Nelson-Page,14186
2025-02-19,Decision São Paulo,Nelson-Page,14185
2025-02-19,Decision São Paulo,Nelson-Page,14184
2025-02-18,Decision São Paulo,"Glover, Warren and Norris",14183
2025-02-18,Decision São Paulo,"Glover, Warren and Norris",14182
2025-02-18,Decision São Paulo,Jenkins-Walker,14181
2025-02-17,Decision São Paulo,Bishop-Reed,14180
2025-02-17,Decision São Paulo,Bishop-Reed,14179
2025-02-17,Decision São Paulo,Bell Group,14178
2025-02-17,Decision São Paulo,Bell Group,14177
2025-02-14,Decision São Paulo,"Glover, Warren and Norris",14176
2025-02-14,Decision São Paulo,Bishop-Reed,14175
2025-02-14,Decision São Paulo,"Glover, Warren and Norris",14174
2025-02-13,Decision São Paulo,Porter-Wilson,14173
2025-02-13,Decision São Paulo,Jenkins-Walker,14172
2025-02-13,Decision São Paulo,Morrison Ltd,14171
2025-02-13,Decision São Paulo,Morrison Ltd,14170
2025-02-12,Decision São Paulo,"Glover, Warren and Norris",14169
2025-02-12,Decision São Paulo,"Glover, Warren and Norris",14168
2025-02-12,Decision São Paulo,"Glover, Warren and Norris",14167
2025-02-12,Decision São Paulo,Porter-Wilson,14166
2025-02-12,Decision São Paulo,Morrison Ltd,14165
2025-02-11,Decision São Paulo,Morrison Ltd,14163
2025-02-11,Decision São Paulo,Morrison Ltd,14162
2025-02-11,Decision São Paulo,Morrison Ltd,14161
2025-02-10,Decision São Paulo,Bishop-Reed,14160
2025-02-10,Decision São Paulo,Bishop-Reed,14159
2025-02-10,Decision São Paulo,Bishop-Reed,14158
2025-02-10,Decision São Paulo,Bell Group,14157
2025-02-10,Decision São Paulo,Bishop-Reed,14156
2025-02-10,Decision São Paulo,Porter-Wilson,14155
2025-02-10,Decision São Paulo,Porter-Wilson,14154
2025-02-07,Decision São Paulo,"Morris, Moran and Dodson",14153
2025-02-07,Decision São Paulo,Morrison Ltd,14152
2025-02-07,Decision São Paulo,"Morris, Moran and Dodson",14151
2025-02-07,Decision São Paulo,"Morris, Moran and Dodson",14150
2025-02-07,Decision São Paulo,"Morris, Moran and Dodson",14149
2025-02-07,Decision São Paulo,Porter-Wilson,14148
2025-02-07,Decision São Paulo,"Morris, Moran and Dodson",14147
2025-02-07,Decision São Paulo,"Morris, Moran and Dodson",14146
2025-02-07,Decision São Paulo,"Morris, Moran and Dodson",14145
2025-02-06,Decision São Paulo,"Glover, Warren and Norris",14144
2025-02-06,Decision São Paulo,"Glover, Warren and Norris",14143
2025-02-06,Decision São Paulo,"Glover, Warren and Norris",14142
2025-02-06,Decision São Paulo,"Glover, Warren and Norris",14141
2025-02-06,Decision São Paulo,"Glover, Warren and Norris",14140
2025-02-06,Decision São Paulo,"Morris, Moran and Dodson",14139
2025-02-06,Decision São Paulo,Bishop-Reed,14138
2025-02-06,Decision São Paulo,"Glover, Warren and Norris",14137
2025-02-06,Decision São Paulo,Porter-Wilson,14136
2025-02-06,Decision São Paulo,Porter-Wilson,14135
2025-02-06,Decision São Paulo,Porter-Wilson,14134
2025-02-06,Decision São Paulo,"Morris, Moran and Dodson",14133
2025-02-06,Decision São Paulo,"Morris, Moran and Dodson",14132
2025-02-06,Decision São Paulo,"Morris, Moran and Dodson",14131
2025-02-06,Decision São Paulo,"Morris, Moran and Dodson",14130
2025-02-06,Decision São Paulo,"Morris, Moran and Dodson",14129
2025-02-06,Decision São Paulo,"Morris, Moran and Dodson",14128
2025-02-06,Decision São Paulo,"Morris, Moran and Dodson",14127
2025-02-06,Decision São Paulo,Reed PLC,14126
2025-02-05,Decision São Paulo,"Morris, Moran and Dodson",14125
2025-02-05,Decision Campinas,Evans PLC,14124
2025-02-05,Decision São Paulo,"Morris, Moran and Dodson",14123
2025-02-05,Decision São Paulo,"Morris, Moran and Dodson",14122
2025-02-04,Decision São Paulo,"Glover, Warren and Norris",14121
2025-02-04,Decision Campinas,Miller-Curry,14120
2025-02-03,Decision São Paulo,"Glover, Warren and Norris",14119
2025-02-03,Decision São Paulo,Bell Group,14118
2025-02-03,Decision São Paulo,"Morris, Moran and Dodson",14117
2025-01-31,Decision São Paulo,"Glover, Warren and Norris",14116
2025-01-31,Decision São Paulo,"Glover, Warren and Norris",14115
2025-01-31,Decision São Paulo,"Glover, Warren and Norris",14114
2025-01-31,Decision São Paulo,"Glover, Warren and Norris",14113
2025-01-31,Decision São Paulo,Porter-Wilson,14112
2025-01-31,Decision São Paulo,Porter-Wilson,14111
2025-01-31,Decision São Paulo,"Glover, Warren and Norris",14110
2025-01-31,Decision São Paulo,"Glover, Warren and Norris",14109
2025-01-30,Decision São Paulo,"Glover, Warren and Norris",14108
2025-01-30,Decision São Paulo,"Glover, Warren and Norris",14107
2025-01-30,Decision São Paulo,"Glover, Warren and Norris",14106
2025-01-30,Decision São Paulo,"Glover, Warren and Norris",14105
2025-01-30,Decision São Paulo,Bell Group,14104
2025-01-30,Decision São Paulo,"Glover, Warren and Norris",14103
2025-01-30,Decision Campinas,Evans PLC,14102
2025-01-30,Decision São Paulo,Bishop-Reed,14101
2025-01-29,Decision São Paulo,Bishop-Reed,14100
2025-01-29,Decision São Paulo,"Morris, Moran and Dodson",14099
2025-01-29,Decision São Paulo,"Morris, Moran and Dodson",14098
2025-01-29,Decision São Paulo,"Morris, Moran and Dodson",14097
2025-01-29,Decision São Paulo,"Morris, Moran and Dodson",14096
2025-01-29,Decision São Paulo,"Morris, Moran and Dodson",14095
2025-01-28,Decision São Paulo,Morrison Ltd,14094
2025-01-28,Decision São Paulo,Jenkins-Walker,14093
2025-01-27,Decision São Paulo,Bell Group,14092
2025-01-27,Decision São Paulo,Bell Group,14091
2025-01-27,Decision São Paulo,Bell Group,14090
2025-01-27,Decision São Paulo,Bell Group,14089
2025-01-27,Decision São Paulo,Porter-Wilson,14088
2025-01-27,Decision São Paulo,"Morris, Moran and Dodson",14087
2025-01-27,Decision São Paulo,"Morris, Moran and Dodson",14086
2025-01-27,Decision São Paulo,"Morris, Moran and Dodson",14085
2025-01-26,Decision São Paulo,"Morris, Moran and Dodson",14084
2025-01-26,Decision São Paulo,"Morris, Moran and Dodson",14083
2025-01-26,Decision São Paulo,"Morris, Moran and Dodson",14082
2025-01-23,Decision São Paulo,"Glover, Warren and Norris",14081
2025-01-23,Decision São Paulo,"Morris, Moran and Dodson",14080
2025-01-23,Decision São Paulo,"Morris, Moran and Dodson",14079
2025-01-23,Decision São Paulo,"Morris, Moran and Dodson",14078
2025-01-23,Decision São Paulo,Bishop-Reed,14077
2025-01-23,Decision São Paulo,"Morris, Moran and Dodson",14076
2025-01-23,Decision São Paulo,"Glover, Warren and Norris",14075
2025-01-22,Decision São Paulo,Morrison Ltd,14073
2025-01-22,Decision São Paulo,Reed PLC,14072
2025-01-22,Decision São Paulo,"Morris, Moran and Dodson",14071
2025-01-21,Decision São Paulo,Bell Group,14070
2025-01-21,Decision São Paulo,"Glover, Warren and Norris",14069
2025-01-21,Decision São Paulo,Bishop-Reed,14068
2025-01-21,Decision São Paulo,"Morris, Moran and Dodson",14067
2025-01-21,Decision São Paulo,Bell Group,14066
2025-01-20,Decision Campinas,Miller-Curry,14065
2025-01-20,Decision Campinas,Miller-Curry,14064
2025-01-20,Decision São Paulo,Jenkins-Walker,14063
2025-01-20,Decision São Paulo,Bell Group,14062
2025-01-20,Decision São Paulo,Morrison Ltd,14061
2025-01-18,Decision São Paulo,Bell Group,14060
2025-01-17,Decision São Paulo,Bishop-Reed,14059
2025-01-17,Decision São Paulo,Bishop-Reed,14058
2025-01-17,Decision São Paulo,Bishop-Reed,14057
2025-01-17,Decision São Paulo,Bishop-Reed,14056
2025-01-16,Decision São Paulo,Miller Group,14055
2025-01-16,Decision São Paulo,"Glover, Warren and Norris",14054
2025-01-16,Decision São Paulo,Mann and Sons,14053
2025-01-16,Decision São Paulo,Mann and Sons,14052
2025-01-16,Decision São Paulo,Bell Group,14051
2025-01-15,Decision São Paulo,"Glover, Warren and Norris",14050
2025-01-15,Decision São Paulo,Bell Group,14049
2025-01-15,Decision São Paulo,"Morris, Moran and Dodson",14048
2025-01-15,Decision São Paulo,"Morris, Moran and Dodson",14047
2025-01-15,Decision São Paulo,"Glover, Warren and Norris",14046
2025-01-14,Decision São Paulo,Morrison Ltd,14045
2025-01-14,Decision São Paulo,Morrison Ltd,14044
2025-01-14,Decision São Paulo,Porter-Wilson,14043
2025-01-14,Decision São Paulo,Porter-Wilson,14042
2025-01-13,Decision São Paulo,Jenkins-Walker,14041
2025-01-13,Decision São Paulo,"Glover, Warren and Norris",14040
2025-01-13,Decision São Paulo,"Glover, Warren and Norris",14039
2025-01-13,Decision São Paulo,"Glover, Warren and Norris",14038
2025-01-13,Decision São Paulo,Reed PLC,14037
2025-01-10,Decision São Paulo,"Glover, Warren and Norris",14036
2025-01-10,Decision São Paulo,"Glover, Warren and Norris",14035
2025-01-10,Decision São Paulo,"Morris, Moran and Dodson",14034
2025-01-09,Decision São Paulo,"Glover, Warren and Norris",14033
2025-01-09,Decision São Paulo,Porter-Wilson,14032
2025-01-09,Decision São Paulo,"Glover, Warren and Norris",14031
2025-01-08,Decision São Paulo,Morrison Ltd,14030
2025-01-08,Decision São Paulo,Morrison Ltd,14029
2025-01-08,Decision São Paulo,Morrison Ltd,14028
2025-01-08,Decision São Paulo,Morrison Ltd,14027
2025-01-08,Decision São Paulo,Morrison Ltd,14026
2025-01-08,Decision São Paulo,Morrison Ltd,14025
2025-01-08,Decision São Paulo,Bell Group,14024
2025-01-07,Decision São Paulo,Porter-Wilson,14023
2025-01-07,Decision São Paulo,Porter-Wilson,14022
2025-01-07,Decision São Paulo,Porter-Wilson,14021
2025-01-06,Decision São Paulo,Morrison Ltd,14020
2025-01-06,Decision São Paulo,Morrison Ltd,14019
2025-01-06,Decision Campinas,Werner PLC,14018
2025-01-06,Decision São Paulo,Morrison Ltd,14017
2025-01-03,Decision São Paulo,"Glover, Warren and Norris",14016
2025-01-03,Decision São Paulo,"Glover, Warren and Norris",14015
2025-01-03,Decision São Paulo,"Glover, Warren and Norris",14014
2025-01-02,Decision Campinas,Miller-Curry,14013
2024-12-30,Decision São Paulo,Jenkins-Walker,14012
2024-12-30,Decision São Paulo,Jenkins-Walker,14011
2024-12-28,Decision São Paulo,Bell Group,14010
2024-12-28,Decision São Paulo,Bell Group,14009
2024-12-28,Decision São Paulo,Bell Group,14008
2024-12-27,Decision São Paulo,Bell Group,14007
2024-12-27,Decision São Paulo,"Glover, Warren and Norris",14006
2024-12-27,Decision São Paulo,Jenkins-Walker,14005
2024-12-27,Decision São Paulo,Bell Group,14004
2024-12-27,Decision São Paulo,Bell Group,14003
2024-12-26,Decision São Paulo,Jenkins-Walker,14002
2024-12-26,Decision Campinas,Miller-Curry,14001
2024-12-26,Decision Campinas,Miller-Curry,13999
2024-12-26,Decision Campinas,Miller-Curry,13998
2024-12-26,Decision Campinas,Miller-Curry,13997
2024-12-26,Decision Campinas,Miller-Curry,13996
2024-12-26,Decision São Paulo,Porter-Wilson,13995
2024-12-23,Decision São Paulo,"Glover, Warren and Norris",13994
2024-12-23,Decision São Paulo,"Glover, Warren and Norris",13993
2024-12-19,Decision São Paulo,"Glover, Warren and Norris",13992
2024-12-19,Decision São Paulo,"Glover, Warren and Norris",13991
2024-12-19,Decision São Paulo,Jenkins-Walker,13990
2024-12-19,Decision São Paulo,Jenkins-Walker,13989
2024-12-19,Decision São Paulo,Jenkins-Walker,13988
2024-12-19,Decision São Paulo,Miller Group,13987
2024-12-19,Decision São Paulo,"Glover, Warren and Norris",13986
2024-12-19,Decision São Paulo,Bishop-Reed,13985
2024-12-18,Decision São Paulo,Bishop-Reed,13984
2024-12-18,Decision São Paulo,Bishop-Reed,13983
2024-12-18,Decision São Paulo,Bishop-Reed,13982
2024-12-18,Decision São Paulo,"Bowers, Oconnor and Williams",13981
2024-12-18,Decision São Paulo,Bishop-Reed,13980
2024-12-18,Decision São Paulo,Jenkins-Walker,13979
2024-12-18,Decision São Paulo,Jenkins-Walker,13978
2024-12-17,Decision Campinas,Werner PLC,13977
2024-12-17,Decision São Paulo,Bishop-Reed,13976
2024-12-16,Decision São Paulo,"Glover, Warren and Norris",13975
2024-12-16,Decision São Paulo,"Glover, Warren and Norris",13974
2024-12-16,Decision São Paulo,"Bowers, Oconnor and Williams",13973
2024-12-16,Decision São Paulo,Porter-Wilson,13972
2024-12-16,Decision São Paulo,"Bowers, Oconnor and Williams",13971
2024-12-16,Decision São Paulo,Morrison Ltd,13970
2024-12-16,Decision São Paulo,Morrison Ltd,13969
2024-12-13,Decision São Paulo,Morrison Ltd,13968
2024-12-13,Decision São Paulo,Morrison Ltd,13967
2024-12-12,Decision São Paulo,"Glover, Warren and Norris",13966
2024-12-12,Decision São Paulo,Bell Group,13965
2024-12-12,Decision São Paulo,Bell Group,13964
2024-12-12,Decision Campinas,Miller-Curry,13963
2024-12-12,Decision São Paulo,"Morris, Moran and Dodson",13961
2024-12-12,Decision São Paulo,"Morris, Moran and Dodson",13960
2024-12-12,Decision São Paulo,"Morris, Moran and Dodson",13959
2024-12-12,Decision São Paulo,"Morris, Moran and Dodson",13958
2024-12-12,Decision São Paulo,"Morris, Moran and Dodson",13957
2024-12-12,Decision São Paulo,"Morris, Moran and Dodson",13956
2024-12-12,Decision São Paulo,"Morris, Moran and Dodson",13955
2024-12-12,Decision São Paulo,"Morris, Moran and Dodson",13954
2024-12-12,Decision São Paulo,"Morris, Moran and Dodson",13953
2024-12-12,Decision São Paulo,"Morris, Moran and Dodson",13952
2024-12-12,Decision São Paulo,"Morris, Moran and Dodson",13951
2024-12-12,Decision São Paulo,Morrison Ltd,13950
2024-12-11,Decision Campinas,Evans PLC,13949
2024-12-11,Decision São Paulo,"Glover, Warren and Norris",13948
2024-12-11,Decision São Paulo,Morrison Ltd,13947
2024-12-11,Decision São Paulo,Bell Group,13946
2024-12-11,Decision São Paulo,Bell Group,13945
2024-12-10,Decision São Paulo,Porter-Wilson,13944
2024-12-10,Decision São Paulo,Bell Group,13943
2024-12-10,Decision São Paulo,Porter-Wilson,13942
2024-12-09,Decision São Paulo,Bell Group,13941
2024-12-06,Decision São Paulo,Reed PLC,13940
2024-12-06,Decision São Paulo,"Glover, Warren and Norris",13939
2024-12-05,Decision Campinas,Werner PLC,13938
2024-12-06,Decision Campinas,Werner PLC,13937
2024-12-06,Decision Campinas,Werner PLC,13936
2024-12-05,Decision Campinas,Miller-Curry,13935
2024-12-05,Decision Campinas,Werner PLC,13934
2024-12-05,Decision Campinas,Miller-Curry,13933
2024-12-05,Decision São Paulo,"Glover, Warren and Norris",13932
2024-12-04,Decision São Paulo,"Glover, Warren and Norris",13931
2024-12-04,Decision São Paulo,"Glover, Warren and Norris",13930
2024-12-04,Decision São Paulo,"Glover, Warren and Norris",13929
2024-12-04,Decision São Paulo,"Glover, Warren and Norris",13928
2024-12-04,Decision São Paulo,"Glover, Warren and Norris",13927
2024-12-04,Decision São Paulo,"Glover, Warren and Norris",13926
2024-12-04,Decision São Paulo,"Glover, Warren and Norris",13925
2024-12-04,Decision São Paulo,"Glover, Warren and Norris",13924
2024-12-03,Decision Campinas,Miller-Curry,13923
2024-12-03,Decision São Paulo,Nelson-Page,13922
2024-12-03,Decision São Paulo,Nelson-Page,13921
2024-12-03,Decision Campinas,Miller-Curry,13920
2024-12-03,Decision São Paulo,Nelson-Page,13919
2024-12-03,Decision São Paulo,Nelson-Page,13918
2024-12-03,Decision São Paulo,Nelson-Page,13917
2024-12-03,Decision São Paulo,"Glover, Warren and Norris",13916
2024-12-03,Decision São Paulo,"Glover, Warren and Norris",13915
2024-12-03,Decision São Paulo,"Glover, Warren and Norris",13914
2024-12-03,Decision São Paulo,"Glover, Warren and Norris",13913
2024-12-03,Decision São Paulo,Miller Group,13912
2024-12-02,Decision São Paulo,Nelson-Page,13911
2024-12-02,Decision São Paulo,Nelson-Page,13910
2024-12-02,Decision São Paulo,Nelson-Page,13909
2024-12-02,Decision São Paulo,Nelson-Page,13908
2024-12-02,Decision São Paulo,Nelson-Page,13907
2024-12-02,Decision São Paulo,Nelson-Page,13906
2024-12-02,Decision São Paulo,Nelson-Page,13905
2024-12-02,Decision São Paulo,Nelson-Page,13904
2024-12-02,Decision São Paulo,Morrison Ltd,13903
2024-12-02,Decision São Paulo,Mann and Sons,13902
2024-12-02,Decision São Paulo,Mann and Sons,13901
2024-12-02,Decision São Paulo,Mann and Sons,13900
2024-12-02,Decision São Paulo,Mann and Sons,13899
2024-12-02,Decision São Paulo,Nelson-Page,13898
2024-12-02,Decision São Paulo,Mann and Sons,13897
2024-12-02,Decision São Paulo,Mann and Sons,13896
2024-12-02,Decision São Paulo,Mann and Sons,13895
2024-12-02,Decision São Paulo,Mann and Sons,13894
2024-12-02,Decision São Paulo,Mann and Sons,13893
2024-12-02,Decision São Paulo,Mann and Sons,13892
2024-12-02,Decision São Paulo,Mann and Sons,13891
2024-12-02,Decision São Paulo,Mann and Sons,13890
2024-12-02,Decision São Paulo,Nelson-Page,13889
2024-12-02,Decision São Paulo,Nelson-Page,13888
2024-12-02,Decision São Paulo,Nelson-Page,13887
2024-12-02,Decision São Paulo,Nelson-Page,13886
2024-12-02,Decision São Paulo,Nelson-Page,13885
2024-11-29,Decision São Paulo,"Morris, Moran and Dodson",13884
2024-11-29,Decision São Paulo,"Morris, Moran and Dodson",13883
2024-11-29,Decision São Paulo,"Glover, Warren and Norris",13882
2024-11-29,Decision São Paulo,Reed PLC,13881
2024-11-28,Decision São Paulo,Nelson-Page,13880
2024-11-28,Decision São Paulo,Nelson-Page,13879
2024-11-28,Decision São Paulo,Morrison Ltd,13878
2024-11-28,Decision São Paulo,"Wade, Bernard and Bailey",13877
2024-11-28,Decision São Paulo,Nelson-Page,13876
2024-11-28,Decision São Paulo,Nelson-Page,13875
2024-11-28,Decision São Paulo,"Glover, Warren and Norris",13874
2024-11-28,Decision São Paulo,Nelson-Page,13873
2024-11-28,Decision São Paulo,Nelson-Page,13872
2024-11-28,Decision Campinas,Werner PLC,13871
2024-11-27,Decision São Paulo,Bell Group,13870
2024-11-27,Decision São Paulo,Bell Group,13869
2024-11-27,Decision São Paulo,Bell Group,13868
2024-11-27,Decision São Paulo,Bell Group,13867
2024-11-27,Decision São Paulo,Bell Group,13866
2024-11-27,Decision São Paulo,"Williams, Clark and Lynn",13865
2024-11-27,Decision São Paulo,"Williams, Clark and Lynn",13864
2024-11-26,Decision São Paulo,"Wade, Bernard and Bailey",13863
2024-11-26,Decision São Paulo,"Wade, Bernard and Bailey",13862
2024-11-26,Decision São Paulo,"Wade, Bernard and Bailey",13861
2024-11-26,Decision São Paulo,"Wade, Bernard and Bailey",13860
2024-11-26,Decision São Paulo,Nelson-Page,13859
2024-11-26,Decision Campinas,Miller-Curry,13858
2024-11-26,Decision São Paulo,"Glover, Warren and Norris",13857
2024-11-25,Decision São Paulo,"Glover, Warren and Norris",13856
2024-11-25,Decision São Paulo,"Glover, Warren and Norris",13855
2024-11-25,Decision São Paulo,"Glover, Warren and Norris",13854
2024-11-25,Decision Campinas,Miller-Curry,13853
2024-11-25,Decision São Paulo,"Bowers, Oconnor and Williams",13852
2024-11-22,Decision São Paulo,Porter-Wilson,13851
2024-11-22,Decision São Paulo,Porter-Wilson,13850
2024-11-22,Decision São Paulo,Miller Group,13849
2024-11-22,Decision São Paulo,"Glover, Warren and Norris",13848
2024-11-22,Decision São Paulo,Nelson-Page,13847
2024-11-22,Decision São Paulo,"Glover, Warren and Norris",13846
2024-11-22,Decision São Paulo,"Glover, Warren and Norris",13845
2024-11-22,Decision São Paulo,"Glover, Warren and Norris",13844
2024-11-22,Decision São Paulo,"Glover, Warren and Norris",13843
2024-11-22,Decision São Paulo,"Glover, Warren and Norris",13842
2024-11-22,Decision São Paulo,"Glover, Warren and Norris",13841
2024-11-22,Decision São Paulo,"Glover, Warren and Norris",13840
2024-11-21,Decision São Paulo,Morrison Ltd,13839
2024-11-19,Decision Campinas,Miller-Curry,13838
2024-11-19,Decision São Paulo,Jenkins-Walker,13837
2024-11-19,Decision São Paulo,Jenkins-Walker,13836
2024-11-19,Decision São Paulo,"Glover, Warren and Norris",13835
2024-11-19,Decision São Paulo,"Wade, Bernard and Bailey",13834
2024-11-18,Decision São Paulo,Jenkins-Walker,13833
2024-11-18,Decision São Paulo,"Wade, Bernard and Bailey",13832
2024-11-18,Decision São Paulo,"Glover, Warren and Norris",13831
2024-11-18,Decision São Paulo,"Wade, Bernard and Bailey",13830
2024-11-18,Decision São Paulo,"Wade, Bernard and Bailey",13829
2024-11-18,Decision São Paulo,Jenkins-Walker,13828
2024-11-14,Decision São Paulo,Bishop-Reed,13827
2024-11-14,Decision São Paulo,"Wade, Bernard and Bailey",13826
2024-11-14,Decision São Paulo,"Wade, Bernard and Bailey",13825
2024-11-14,Decision São Paulo,Nelson-Page,13824
2024-11-14,Decision São Paulo,"Grant, Smith and Martinez",13823
2024-11-14,Decision São Paulo,"Glover, Warren and Norris",13822
2024-11-14,Decision Campinas,Miller-Curry,13821
2024-11-13,Decision São Paulo,Bell Group,13820
2024-11-13,Decision São Paulo,Bell Group,13819
2024-11-13,Decision São Paulo,Nelson-Page,13818
2024-11-13,Decision São Paulo,Nelson-Page,13817
2024-11-13,Decision São Paulo,Nelson-Page,13816
2024-11-13,Decision São Paulo,Nelson-Page,13815
2024-11-13,Decision São Paulo,Jenkins-Walker,13814
2024-11-13,Decision São Paulo,Nelson-Page,13813
2024-11-12,Decision São Paulo,Nelson-Page,13812
2024-11-12,Decision São Paulo,Nelson-Page,13811
2024-11-12,Decision São Paulo,Nelson-Page,13810
2024-11-12,Decision São Paulo,Nelson-Page,13809
2024-11-12,Decision São Paulo,Nelson-Page,13808
2024-11-12,Decision São Paulo,Nelson-Page,13807
2024-11-12,Decision São Paulo,Nelson-Page,13806
2024-11-12,Decision São Paulo,Nelson-Page,13805
2024-11-12,Decision Campinas,Miller-Curry,13804
2024-11-12,Decision Campinas,Miller-Curry,13803
2024-11-12,Decision Campinas,Miller-Curry,13802
2024-11-12,Decision Campinas,Miller-Curry,13801
2024-11-12,Decision Campinas,Miller-Curry,13800
2024-11-12,Decision Campinas,Miller-Curry,13799
2024-11-12,Decision São Paulo,Nelson-Page,13798
2024-11-12,Decision Campinas,Werner PLC,13797
2024-11-12,Decision Campinas,Werner PLC,13796
2024-11-11,Decision São Paulo,Nelson-Page,13795
2024-11-11,Decision São Paulo,Nelson-Page,13794
2024-11-11,Decision São Paulo,Nelson-Page,13793
2024-11-11,Decision São Paulo,Nelson-Page,13792
2024-11-11,Decision São Paulo,Nelson-Page,13791
2024-11-11,Decision São Paulo,Nelson-Page,13790
2024-11-11,Decision São Paulo,Nelson-Page,13789
2024-11-11,Decision São Paulo,Nelson-Page,13788
2024-11-11,Decision São Paulo,"Glover, Warren and Norris",13787
2024-11-11,Decision São Paulo,"Glover, Warren and Norris",13786
2024-11-11,Decision São Paulo,Miller Group,13785
2024-11-11,Decision São Paulo,Nelson-Page,13784
2024-11-11,Decision São Paulo,Nelson-Page,13783
2024-11-11,Decision São Paulo,Nelson-Page,13782
2024-11-11,Decision São Paulo,Nelson-Page,13781
2024-11-11,Decision São Paulo,Nelson-Page,13780
2024-11-11,Decision São Paulo,Nelson-Page,13779
2024-11-11,Decision São Paulo,Porter-Wilson,13778
2024-11-11,Decision São Paulo,Nelson-Page,13777
2024-11-11,Decision São Paulo,Nelson-Page,13776
2024-11-11,Decision São Paulo,Nelson-Page,13775
2024-11-11,Decision São Paulo,Nelson-Page,13774
2024-11-11,Decision São Paulo,Nelson-Page,13773
2024-11-11,Decision São Paulo,Nelson-Page,13772
2024-11-11,Decision São Paulo,Nelson-Page,13771
2024-11-11,Decision São Paulo,Nelson-Page,13770
2024-11-11,Decision São Paulo,Nelson-Page,13769
2024-11-11,Decision São Paulo,Nelson-Page,13768
2024-11-11,Decision São Paulo,Nelson-Page,13767
2024-11-11,Decision São Paulo,Nelson-Page,13766
2024-11-11,Decision São Paulo,Nelson-Page,13765
2024-11-11,Decision São Paulo,Nelson-Page,13764
2024-11-11,Decision São Paulo,Nelson-Page,13763
2024-11-11,Decision São Paulo,Nelson-Page,13762
2024-11-11,Decision São Paulo,Nelson-Page,13761
2024-11-11,Decision São Paulo,Nelson-Page,13760
2024-11-11,Decision São Paulo,Nelson-Page,13759
2024-11-11,Decision São Paulo,Nelson-Page,13758
2024-11-11,Decision São Paulo,Nelson-Page,13757
2024-11-11,Decision São Paulo,Nelson-Page,13756
2024-11-11,Decision São Paulo,Nelson-Page,13755
2024-11-11,Decision São Paulo,Nelson-Page,13754
2024-11-11,Decision São Paulo,Nelson-Page,13753
2024-11-11,Decision São Paulo,Nelson-Page,13752
2024-11-11,Decision São Paulo,Nelson-Page,13751
2024-11-11,Decision São Paulo,Nelson-Page,13750
2024-11-11,Decision São Paulo,Nelson-Page,13749
2024-11-11,Decision São Paulo,Nelson-Page,13748
2024-11-11,Decision São Paulo,Nelson-Page,13747
2024-11-08,Decision São Paulo,Nelson-Page,13746
2024-11-08,Decision São Paulo,Nelson-Page,13745
2024-11-08,Decision São Paulo,Nelson-Page,13744
2024-11-08,Decision São Paulo,Bell Group,13743
2024-11-08,Decision São Paulo,Nelson-Page,13742
2024-11-08,Decision São Paulo,Nelson-Page,13741
2024-11-07,Decision São Paulo,Jenkins-Walker,13740
2024-11-07,Decision São Paulo,"Glover, Warren and Norris",13739
2024-11-07,Decision São Paulo,"Glover, Warren and Norris",13738
2024-11-07,Decision São Paulo,"Glover, Warren and Norris",13737
2024-11-07,Decision São Paulo,Bell Group,13736
2024-11-07,Decision São Paulo,Bell Group,13735
2024-11-07,Decision São Paulo,Bell Group,13734
2024-11-07,Decision São Paulo,Bell Group,13733
2024-11-07,Decision São Paulo,Bell Group,13732
2024-11-07,Decision São Paulo,Bell Group,13731
2024-11-07,Decision São Paulo,Bishop-Reed,13730
2024-11-06,Decision São Paulo,"Morris, Moran and Dodson",13729
2024-11-06,Decision Campinas,Werner PLC,13728
2024-11-06,Decision São Paulo,Jenkins-Walker,13727
2024-11-06,Decision São Paulo,Bell Group,13726
2024-11-05,Decision São Paulo,Jenkins-Walker,13725
2024-11-05,Decision São Paulo,Morrison Ltd,13724
2024-11-04,Decision São Paulo,"Glover, Warren and Norris",13723
2024-11-04,Decision Campinas,Werner PLC,13722
2024-11-04,Decision São Paulo,"Glover, Warren and Norris",13721
2024-11-04,Decision São Paulo,"Glover, Warren and Norris",13720
2024-11-04,Decision São Paulo,"Glover, Warren and Norris",13719
2024-11-01,Decision São Paulo,"Glover, Warren and Norris",13718
2024-11-01,Decision São Paulo,Porter-Wilson,13717
2024-10-31,Decision São Paulo,Porter-Wilson,13716
2024-10-31,Decision São Paulo,Bell Group,13715
2024-10-31,Decision São Paulo,Bell Group,13714
2024-10-30,Decision São Paulo,Bell Group,13713
2024-10-29,Decision São Paulo,"Bowers, Oconnor and Williams",13712
2024-10-29,Decision São Paulo,Porter-Wilson,13711
2024-10-29,Decision São Paulo,"Glover, Warren and Norris",13710
2024-10-29,Decision São Paulo,"Glover, Warren and Norris",13709
2024-10-29,Decision São Paulo,Bell Group,13708
2024-10-29,Decision São Paulo,Bell Group,13707
2024-10-29,Decision São Paulo,Bell Group,13706
2024-10-28,Decision São Paulo,Bell Group,13705
2024-10-28,Decision São Paulo,"Glover, Warren and Norris",13704
2024-10-25,Decision São Paulo,Morrison Ltd,13703
2024-10-24,Decision São Paulo,Morrison Ltd,13702
2024-10-24,Decision São Paulo,Mann and Sons,13701
2024-10-23,Decision São Paulo,Porter-Wilson,13700
2024-10-23,Decision São Paulo,Bell Group,13699
2024-10-23,Decision São Paulo,"Glover, Warren and Norris",13698
2024-10-23,Decision São Paulo,"Glover, Warren and Norris",13697
2024-10-23,Decision Campinas,Miller-Curry,13696
2024-10-23,Decision São Paulo,"Glover, Warren and Norris",13695
2024-10-23,Decision São Paulo,Porter-Wilson,13694
2024-10-22,Decision Campinas,Werner PLC,13693
2024-10-22,Decision São Paulo,Porter-Wilson,13692
2024-10-22,Decision Campinas,Miller-Curry,13691
2024-10-22,Decision São Paulo,Porter-Wilson,13690
2024-10-22,Decision São Paulo,Porter-Wilson,13689
2024-10-22,Decision São Paulo,Porter-Wilson,13688
2024-10-22,Decision São Paulo,Porter-Wilson,13687
2024-10-22,Decision Campinas,Miller-Curry,13686
2024-10-21,Decision Campinas,Werner PLC,13685
2024-10-21,Decision Campinas,Werner PLC,13684
2024-10-21,Decision São Paulo,"Bowers, Oconnor and Williams",13683
2024-10-21,Decision São Paulo,Bell Group,13682
2024-10-21,Decision São Paulo,Porter-Wilson,13681
2024-10-21,Decision São Paulo,Porter-Wilson,13680
2024-10-18,Decision São Paulo,Reed PLC,13679
2024-10-18,Decision São Paulo,"Glover, Warren and Norris",13678
2024-10-18,Decision São Paulo,Morrison Ltd,13677
2024-10-17,Decision São Paulo,"Morris, Moran and Dodson",13676
2024-10-17,Decision São Paulo,"Morris, Moran and Dodson",13675
2024-10-17,Decision São Paulo,"Morris, Moran and Dodson",13674
2024-10-17,Decision São Paulo,"Morris, Moran and Dodson",13673
2024-10-17,Decision São Paulo,Bell Group,13672
2024-10-17,Decision São Paulo,Reed PLC,13671
2024-10-17,Decision São Paulo,Miller Group,13670
2024-10-17,Decision São Paulo,Jenkins-Walker,13669
2024-10-17,Decision São Paulo,"Glover, Warren and Norris",13668
2024-10-16,Decision Campinas,Werner PLC,13667
2024-10-16,Decision Campinas,Miller-Curry,13666
2024-10-16,Decision Campinas,Miller-Curry,13665
2024-10-16,Decision São Paulo,Miller Group,13664
2024-10-16,Decision Campinas,Miller-Curry,13663
2024-10-16,Decision Campinas,Miller-Curry,13662
2024-10-16,Decision Campinas,Miller-Curry,13661
2024-10-16,Decision Campinas,Miller-Curry,13660
2024-10-16,Decision São Paulo,"Glover, Warren and Norris",13659
2024-10-16,Decision Campinas,Miller-Curry,13658
2024-10-16,Decision Campinas,Miller-Curry,13657
2024-10-16,Decision Campinas,Miller-Curry,13656
2024-10-16,Decision Campinas,Miller-Curry,13655
2024-10-16,Decision Campinas,Miller-Curry,13654
2024-10-16,Decision Campinas,Miller-Curry,13653
2024-10-16,Decision Campinas,Miller-Curry,13652
2024-10-16,Decision Campinas,Miller-Curry,13651
2024-10-16,Decision Campinas,Miller-Curry,13650
2024-10-16,Decision Campinas,Miller-Curry,13649
2024-10-16,Decision Campinas,Miller-Curry,13648
2024-10-16,Decision Campinas,Miller-Curry,13647
2024-10-16,Decision São Paulo,Bishop-Reed,13646
2024-10-16,Decision São Paulo,Bishop-Reed,13645
2024-10-15,Decision Campinas,Werner PLC,13644
2024-10-14,Decision São Paulo,"Glover, Warren and Norris",13643
2024-10-14,Decision São Paulo,"Glover, Warren and Norris",13642
2024-10-14,Decision São Paulo,"Glover, Warren and Norris",13641
2024-10-14,Decision São Paulo,Jenkins-Walker,13640
2024-10-14,Decision São Paulo,"Glover, Warren and Norris",13639
2024-10-14,Decision São Paulo,"Glover, Warren and Norris",13638
2024-10-11,Decision São Paulo,"Morris, Moran and Dodson",13637
2024-10-11,Decision São Paulo,Bishop-Reed,13636
2024-10-11,Decision São Paulo,"Morris, Moran and Dodson",13635
2024-10-11,Decision São Paulo,Morrison Ltd,13634
2024-10-11,Decision São Paulo,Morrison Ltd,13633
2024-10-11,Decision São Paulo,Morrison Ltd,13632
2024-10-10,Decision São Paulo,"Glover, Warren and Norris",13631
2024-10-10,Decision São Paulo,"Glover, Warren and Norris",13630
2024-10-10,Decision São Paulo,"Morris, Moran and Dodson",13629
2024-10-10,Decision São Paulo,"Morris, Moran and Dodson",13628
2024-10-10,Decision São Paulo,"Morris, Moran and Dodson",13627
2024-10-10,Decision São Paulo,"Glover, Warren and Norris",13626
2024-10-10,Decision São Paulo,"Morris, Moran and Dodson",13625
2024-10-10,Decision São Paulo,"Morris, Moran and Dodson",13624
2024-10-10,Decision São Paulo,"Morris, Moran and Dodson",13623
2024-10-10,Decision São Paulo,Jenkins-Walker,13622
2024-10-10,Decision São Paulo,Jenkins-Walker,13621
2024-10-10,Decision São Paulo,Jenkins-Walker,13620
2024-10-10,Decision São Paulo,Jenkins-Walker,13619
2024-10-10,Decision São Paulo,"Glover, Warren and Norris",13618
2024-10-09,Decision Campinas,Werner PLC,13617
2024-10-09,Decision Campinas,Werner PLC,13616
2024-10-09,Decision São Paulo,Reed PLC,13615
2024-10-09,Decision São Paulo,Reed PLC,13614
2024-10-09,Decision Campinas,Werner PLC,13613
2024-10-09,Decision São Paulo,Reed PLC,13612
2024-10-09,Decision Campinas,Werner PLC,13611
2024-10-09,Decision São Paulo,Bell Group,13610
2024-10-09,Decision São Paulo,Porter-Wilson,13609
2024-10-09,Decision São Paulo,Bell Group,13608
2024-10-08,Decision São Paulo,Nelson-Page,13607
2024-10-08,Decision São Paulo,"Morris, Moran and Dodson",13606
2024-10-08,Decision São Paulo,"Glover, Warren and Norris",13605
2024-10-08,Decision São Paulo,Bell Group,13604
2024-10-07,Decision São Paulo,Miller Group,13603
2024-10-07,Decision São Paulo,Luna-Carpenter,13602
2024-10-07,Decision São Paulo,Luna-Carpenter,13601
2024-10-07,Decision São Paulo,"Glover, Warren and Norris",13600
2024-10-07,Decision São Paulo,"Wade, Bernard and Bailey",13599
2024-10-07,Decision São Paulo,"Glover, Warren and Norris",13598
2024-10-07,Decision São Paulo,"Glover, Warren and Norris",13597
2024-10-07,Decision São Paulo,"Glover, Warren and Norris",13596
2024-10-07,Decision São Paulo,"Glover, Warren and Norris",13595
2024-10-07,Decision São Paulo,"Wade, Bernard and Bailey",13594
2024-10-07,Decision São Paulo,"Wade, Bernard and Bailey",13593
2024-10-07,Decision São Paulo,Bell Group,13592
2024-10-07,Decision São Paulo,"Wade, Bernard and Bailey",13591
2024-10-07,Decision São Paulo,Bell Group,13590
2024-10-07,Decision São Paulo,Bell Group,13589
2024-10-07,Decision São Paulo,Bell Group,13588
2024-10-07,Decision São Paulo,Bell Group,13587
2024-10-07,Decision São Paulo,Bell Group,13586
2024-10-07,Decision São Paulo,"Wade, Bernard and Bailey",13585
2024-10-07,Decision São Paulo,"Wade, Bernard and Bailey",13584
2024-10-07,Decision São Paulo,"Wade, Bernard and Bailey",13583
2024-10-07,Decision São Paulo,"Wade, Bernard and Bailey",13582
2024-10-07,Decision São Paulo,"Wade, Bernard and Bailey",13581
2024-10-07,Decision São Paulo,Bell Group,13580
2024-10-07,Decision São Paulo,Bell Group,13579
2024-10-07,Decision São Paulo,Bell Group,13578
2024-10-07,Decision São Paulo,Bell Group,13577
2024-10-07,Decision São Paulo,Bell Group,13576
2024-10-07,Decision São Paulo,Porter-Wilson,13575
2024-10-04,Decision São Paulo,Bell Group,13574
2024-10-04,Decision São Paulo,Bell Group,13573
2024-10-04,Decision São Paulo,"Jensen, Smith and Brennan",13572
2024-10-04,Decision São Paulo,Morrison Ltd,13571
2024-10-04,Decision São Paulo,Morrison Ltd,13570
2024-10-04,Decision São Paulo,Morrison Ltd,13569
2024-10-04,Decision São Paulo,Morrison Ltd,13568
2024-10-04,Decision São Paulo,Morrison Ltd,13567
2024-10-04,Decision São Paulo,Morrison Ltd,13566
2024-10-04,Decision São Paulo,Morrison Ltd,13565
2024-10-04,Decision São Paulo,Morrison Ltd,13564
2024-10-04,Decision São Paulo,Morrison Ltd,13563
2024-10-04,Decision São Paulo,Morrison Ltd,13562
2024-10-04,Decision São Paulo,Morrison Ltd,13561
2024-10-03,Decision São Paulo,Morrison Ltd,13560
2024-10-03,Decision São Paulo,"Morris, Moran and Dodson",13559
2024-10-03,Decision São Paulo,"Morris, Moran and Dodson",13558
2024-10-03,Decision São Paulo,"Morris, Moran and Dodson",13557
2024-10-03,Decision São Paulo,"Morris, Moran and Dodson",13556
2024-10-03,Decision São Paulo,Morrison Ltd,13555
2024-10-03,Decision São Paulo,Morrison Ltd,13554
2024-10-03,Decision São Paulo,Morrison Ltd,13553
2024-10-03,Decision São Paulo,Morrison Ltd,13552
2024-10-03,Decision São Paulo,Morrison Ltd,13551
2024-10-03,Decision São Paulo,Morrison Ltd,13550
2024-10-03,Decision São Paulo,Morrison Ltd,13549
2024-10-03,Decision São Paulo,Morrison Ltd,13548
2024-10-03,Decision São Paulo,Morrison Ltd,13547
2024-10-03,Decision São Paulo,Morrison Ltd,13546
2024-10-03,Decision São Paulo,"Wade, Bernard and Bailey",13545
2024-10-03,Decision São Paulo,"Wade, Bernard and Bailey",13544
2024-10-03,Decision São Paulo,"Wade, Bernard and Bailey",13543
2024-10-03,Decision São Paulo,"Wade, Bernard and Bailey",13542
2024-10-03,Decision São Paulo,"Wade, Bernard and Bailey",13541
2024-10-03,Decision São Paulo,"Wade, Bernard and Bailey",13540
2024-10-03,Decision São Paulo,"Wade, Bernard and Bailey",13539
2024-10-03,Decision Campinas,Werner PLC,13538
2024-10-03,Decision Campinas,Werner PLC,13537
2024-10-02,Decision São Paulo,"Wade, Bernard and Bailey",13536
2024-10-02,Decision São Paulo,"Wade, Bernard and Bailey",13535
2024-10-02,Decision São Paulo,"Morris, Moran and Dodson",13534
2024-10-02,Decision São Paulo,"Morris, Moran and Dodson",13533
2024-10-02,Decision São Paulo,"Morris, Moran and Dodson",13532
2024-10-02,Decision São Paulo,"Wade, Bernard and Bailey",13531
2024-10-02,Decision São Paulo,"Morris, Moran and Dodson",13530
2024-10-02,Decision São Paulo,Bell Group,13529
2024-10-02,Decision São Paulo,Bell Group,13528
2024-10-02,Decision São Paulo,Bell Group,13527
2024-10-02,Decision São Paulo,Bell Group,13526
2024-10-02,Decision São Paulo,"Morris, Moran and Dodson",13525
2024-10-01,Decision São Paulo,Bell Group,13524
2024-10-01,Decision São Paulo,Nelson-Page,13523
2024-10-01,Decision São Paulo,Nelson-Page,13522
2024-10-01,Decision São Paulo,Nelson-Page,13521
2024-10-01,Decision São Paulo,Nelson-Page,13520
2024-10-01,Decision São Paulo,Nelson-Page,13519
2024-10-01,Decision São Paulo,Nelson-Page,13518
2024-10-01,Decision São Paulo,Nelson-Page,13517
2024-10-01,Decision São Paulo,Nelson-Page,13516
2024-10-01,Decision São Paulo,"Wade, Bernard and Bailey",13515
2024-10-01,Decision São Paulo,"Wade, Bernard and Bailey",13514
2024-10-01,Decision São Paulo,"Glover, Warren and Norris",13513
2024-09-30,Decision São Paulo,"Glover, Warren and Norris",13512
2024-09-30,Decision São Paulo,Morrison Ltd,13511
2024-09-30,Decision São Paulo,Morrison Ltd,13510
2024-09-30,Decision São Paulo,Nelson-Page,13509
2024-09-30,Decision São Paulo,"Morris, Moran and Dodson",13508
2024-09-30,Decision São Paulo,"Morris, Moran and Dodson",13507
2024-09-30,Decision São Paulo,"Morris, Moran and Dodson",13506
2024-09-30,Decision São Paulo,"Morris, Moran and Dodson",13505
2024-09-30,Decision São Paulo,"Morris, Moran and Dodson",13504
2024-09-30,Decision São Paulo,Morrison Ltd,13503
2024-09-30,Decision São Paulo,"Morris, Moran and Dodson",13502
2024-09-30,Decision São Paulo,"Morris, Moran and Dodson",13501
2024-09-30,Decision São Paulo,Morrison Ltd,13500
2024-09-30,Decision São Paulo,Morrison Ltd,13499
2024-09-30,Decision São Paulo,Morrison Ltd,13498
2024-09-30,Decision São Paulo,Morrison Ltd,13497
2024-09-30,Decision São Paulo,Morrison Ltd,13496
2024-09-27,Decision São Paulo,"Glover, Warren and Norris",13495
2024-09-27,Decision São Paulo,"Glover, Warren and Norris",13494
2024-09-27,Decision São Paulo,"Glover, Warren and Norris",13493
2024-09-27,Decision São Paulo,Page-Douglas,13492
2024-09-27,Decision São Paulo,Bishop-Reed,13491
2024-09-26,Decision São Paulo,"Glover, Warren and Norris",13490
2024-09-26,Decision São Paulo,"Glover, Warren and Norris",13489
2024-09-26,Decision São Paulo,Miller Group,13488
2024-09-26,Decision São Paulo,Nelson-Page,13487
2024-09-26,Decision São Paulo,Nelson-Page,13486
2024-09-26,Decision Campinas,Miller-Curry,13485
2024-09-26,Decision São Paulo,Jenkins-Walker,13484
2024-09-26,Decision São Paulo,Nelson-Page,13483
2024-09-26,Decision São Paulo,Walters Group,13482
2024-09-26,Decision Campinas,Werner PLC,13481
2024-09-25,Decision São Paulo,"Bowers, Oconnor and Williams",13480
2024-09-25,Decision São Paulo,"Glover, Warren and Norris",13479
2024-09-25,Decision São Paulo,"Wade, Bernard and Bailey",13478
2024-09-25,Decision São Paulo,Nelson-Page,13477
2024-09-25,Decision São Paulo,"Wade, Bernard and Bailey",13476
2024-09-25,Decision São Paulo,"Wade, Bernard and Bailey",13475
2024-09-25,Decision São Paulo,Nelson-Page,13474
2024-09-25,Decision São Paulo,Nelson-Page,13473
2024-09-25,Decision São Paulo,Nelson-Page,13472
2024-09-25,Decision Campinas,Miller-Curry,13471
2024-09-25,Decision Campinas,Miller-Curry,13470
2024-09-25,Decision Campinas,Miller-Curry,13469
2024-09-25,Decision Campinas,Miller-Curry,13468
2024-09-25,Decision São Paulo,Nelson-Page,13467
2024-09-25,Decision São Paulo,"Wade, Bernard and Bailey",13466
2024-09-25,Decision São Paulo,Nelson-Page,13465
2024-09-25,Decision São Paulo,Nelson-Page,13464
2024-09-25,Decision São Paulo,Bell Group,13463
2024-09-25,Decision São Paulo,Porter-Wilson,13462
2024-09-25,Decision São Paulo,"Glover, Warren and Norris",13461
2024-09-24,Decision São Paulo,Porter-Wilson,13460
2024-09-24,Decision São Paulo,Porter-Wilson,13459
2024-09-24,Decision São Paulo,Bell Group,13458
2024-09-24,Decision São Paulo,"Wade, Bernard and Bailey",13457
2024-09-24,Decision São Paulo,"Glover, Warren and Norris",13456
2024-09-23,Decision Campinas,Werner PLC,13455
2024-09-23,Decision Campinas,Werner PLC,13454
2024-09-23,Decision São Paulo,"Wade, Bernard and Bailey",13453
2024-09-23,Decision São Paulo,Nelson-Page,13452
2024-09-23,Decision São Paulo,Nelson-Page,13451
2024-09-23,Decision São Paulo,Nelson-Page,13450
2024-09-23,Decision São Paulo,Nelson-Page,13449
2024-09-23,Decision São Paulo,Nelson-Page,13448
2024-09-23,Decision São Paulo,"Glover, Warren and Norris",13447
2024-09-23,Decision São Paulo,"Glover, Warren and Norris",13446
2024-09-21,Decision São Paulo,"Glover, Warren and Norris",13445
2024-09-19,Decision São Paulo,Porter-Wilson,13444
2024-09-19,Decision São Paulo,Bell Group,13443
2024-09-19,Decision São Paulo,Bell Group,13442
2024-09-19,Decision São Paulo,Bell Group,13441
2024-09-18,Decision São Paulo,"Glover, Warren and Norris",13440
2024-09-18,Decision São Paulo,Jenkins-Walker,13439
2024-09-18,Decision São Paulo,Bell Group,13438
2024-09-18,Decision São Paulo,"Bowers, Oconnor and Williams",13437
2024-09-17,Decision São Paulo,"Glover, Warren and Norris",13436
2024-09-17,Decision São Paulo,"Glover, Warren and Norris",13435
2024-09-17,Decision São Paulo,Nelson-Page,13434
2024-09-17,Decision São Paulo,Nelson-Page,13433
2024-09-17,Decision São Paulo,Nelson-Page,13432
2024-09-17,Decision São Paulo,Bell Group,13431
2024-09-16,Decision São Paulo,"Glover, Warren and Norris",13430
2024-09-16,Decision São Paulo,Nelson-Page,13429
2024-09-16,Decision São Paulo,Nelson-Page,13428
2024-09-16,Decision São Paulo,Nelson-Page,13427
2024-09-16,Decision São Paulo,Nelson-Page,13426
2024-09-16,Decision São Paulo,Nelson-Page,13425
2024-09-16,Decision São Paulo,Nelson-Page,13424
2024-09-16,Decision São Paulo,Nelson-Page,13423
2024-09-16,Decision São Paulo,Bell Group,13422
2024-09-13,Decision São Paulo,"Glover, Warren and Norris",13421
2024-09-13,Decision São Paulo,"Glover, Warren and Norris",13420
2024-09-13,Decision São Paulo,Porter-Wilson,13419
2024-09-13,Decision São Paulo,Nelson-Page,13418
2024-09-13,Decision São Paulo,Bishop-Reed,13417
2024-09-12,Decision São Paulo,"Wade, Bernard and Bailey",13416
2024-09-12,Decision São Paulo,"Wade, Bernard and Bailey",13415
2024-09-12,Decision São Paulo,"Wade, Bernard and Bailey",13414
2024-09-12,Decision São Paulo,"Glover, Warren and Norris",13413
2024-09-12,Decision São Paulo,"Glover, Warren and Norris",13412
2024-09-12,Decision São Paulo,"Glover, Warren and Norris",13411
2024-09-12,Decision São Paulo,"Glover, Warren and Norris",13410
2024-09-12,Decision São Paulo,"Glover, Warren and Norris",13409
2024-09-12,Decision Campinas,Werner PLC,13408
2024-09-12,Decision Campinas,Werner PLC,13407
2024-09-11,Decision São Paulo,"Glover, Warren and Norris",13406
2024-09-11,Decision São Paulo,"Morris, Moran and Dodson",13405
2024-09-11,Decision São Paulo,Morrison Ltd,13404
2024-09-11,Decision São Paulo,Bell Group,13403
2024-09-11,Decision São Paulo,Bell Group,13402
2024-09-11,Decision São Paulo,Porter-Wilson,13401
2024-09-10,Decision São Paulo,Morrison Ltd,13400
2024-09-10,Decision São Paulo,Bishop-Reed,13399
2024-09-10,Decision São Paulo,Bell Group,13398
2024-09-10,Decision São Paulo,Nelson-Page,13397
2024-09-10,Decision São Paulo,Nelson-Page,13396
2024-09-10,Decision São Paulo,Nelson-Page,13395
2024-09-10,Decision São Paulo,Nelson-Page,13394
2024-09-10,Decision São Paulo,Nelson-Page,13393
2024-09-10,Decision São Paulo,Nelson-Page,13392
2024-09-10,Decision São Paulo,Nelson-Page,13391
2024-09-10,Decision São Paulo,Nelson-Page,13390
2024-09-10,Decision São Paulo,"Glover, Warren and Norris",13389
2024-09-10,Decision São Paulo,"Glover, Warren and Norris",13388
2024-09-10,Decision São Paulo,"Glover, Warren and Norris",13387
2024-09-10,Decision São Paulo,"Glover, Warren and Norris",13386
2024-09-10,Decision São Paulo,"Glover, Warren and Norris",13385
2024-09-10,Decision São Paulo,"Glover, Warren and Norris",13384
2024-09-10,Decision São Paulo,"Glover, Warren and Norris",13383
2024-09-10,Decision São Paulo,"Glover, Warren and Norris",13382
2024-09-10,Decision São Paulo,"Glover, Warren and Norris",13381
2024-09-10,Decision São Paulo,"Glover, Warren and Norris",13380
2024-09-10,Decision São Paulo,Bell Group,13379
2024-09-10,Decision São Paulo,Bell Group,13378
2024-09-10,Decision São Paulo,Bell Group,13377
2024-09-10,Decision São Paulo,"Glover, Warren and Norris",13376
2024-09-10,Decision São Paulo,"Glover, Warren and Norris",13375
2024-09-10,Decision São Paulo,"Glover, Warren and Norris",13374
2024-09-10,Decision São Paulo,"Glover, Warren and Norris",13373
2024-09-10,Decision São Paulo,"Glover, Warren and Norris",13372
2024-09-10,Decision São Paulo,Morrison Ltd,13371
2024-09-09,Decision São Paulo,"Glover, Warren and Norris",13370
2024-09-09,Decision São Paulo,"Glover, Warren and Norris",13369
2024-09-09,Decision São Paulo,"Glover, Warren and Norris",13368
2024-09-09,Decision São Paulo,"Glover, Warren and Norris",13367
2024-09-09,Decision São Paulo,"Wade, Bernard and Bailey",13366
2024-09-09,Decision São Paulo,Nelson-Page,13365
2024-09-09,Decision São Paulo,Nelson-Page,13364
2024-09-06,Decision São Paulo,Nelson-Page,13363
2024-09-06,Decision São Paulo,"Glover, Warren and Norris",13362
2024-09-06,Decision São Paulo,"Bowers, Oconnor and Williams",13361
2024-09-06,Decision São Paulo,"Bowers, Oconnor and Williams",13360
2024-09-04,Decision São Paulo,Bishop-Reed,13359
2024-09-04,Decision São Paulo,"Glover, Warren and Norris",13358
2024-09-04,Decision São Paulo,"Wade, Bernard and Bailey",13357
2024-09-04,Decision São Paulo,"Wade, Bernard and Bailey",13356
2024-09-04,Decision São Paulo,"Wade, Bernard and Bailey",13355
2024-09-04,Decision São Paulo,Nelson-Page,13354
2024-09-04,Decision Campinas,Miller-Curry,13353
2024-09-04,Decision São Paulo,"Glover, Warren and Norris",13352
2024-09-04,Decision São Paulo,"Glover, Warren and Norris",13351
2024-09-04,Decision São Paulo,"Glover, Warren and Norris",13350
2024-09-04,Decision São Paulo,Nelson-Page,13349
2024-09-03,Decision São Paulo,Serrano-Hall,13348
2024-09-03,Decision São Paulo,Serrano-Hall,13347
2024-09-03,Decision São Paulo,Nelson-Page,13346
2024-09-03,Decision São Paulo,Nelson-Page,13345
2024-09-03,Decision São Paulo,Nelson-Page,13344
2024-09-03,Decision São Paulo,"Wade, Bernard and Bailey",13343
2024-09-03,Decision São Paulo,"Wade, Bernard and Bailey",13342
2024-09-03,Decision São Paulo,"Wade, Bernard and Bailey",13341
2024-09-03,Decision São Paulo,"Wade, Bernard and Bailey",13340
2024-09-03,Decision São Paulo,Nelson-Page,13339
2024-09-03,Decision São Paulo,Nelson-Page,13338
2024-09-03,Decision São Paulo,Nelson-Page,13337
2024-09-03,Decision São Paulo,Nelson-Page,13336
2024-09-03,Decision São Paulo,Nelson-Page,13335
2024-09-02,Decision São Paulo,"Bowers, Oconnor and Williams",13334
2024-09-02,Decision São Paulo,Bishop-Reed,13333
2024-08-31,Decision Campinas,Miller-Curry,13332
2024-08-31,Decision Campinas,Miller-Curry,13331
2024-08-31,Decision Campinas,Miller-Curry,13330
2024-08-31,Decision Campinas,Miller-Curry,13329
2024-08-30,Decision São Paulo,Mann and Sons,13328
2024-08-30,Decision São Paulo,Bell Group,13327
2024-08-30,Decision São Paulo,Bell Group,13326
2024-08-30,Decision São Paulo,Bell Group,13325
2024-08-29,Decision São Paulo,"Glover, Warren and Norris",13324
2024-08-29,Decision São Paulo,Porter-Wilson,13323
2024-08-29,Decision São Paulo,Porter-Wilson,13322
2024-08-28,Decision São Paulo,"Glover, Warren and Norris",13321
2024-08-28,Decision São Paulo,"Morris, Moran and Dodson",13320
2024-08-28,Decision Campinas,Werner PLC,13319
2024-08-27,Decision São Paulo,Bishop-Reed,13318
2024-08-27,Decision São Paulo,Nelson-Page,13317
2024-08-27,Decision São Paulo,"Glover, Warren and Norris",13316
2024-08-27,Decision São Paulo,Nelson-Page,13315
2024-08-26,Decision São Paulo,Morrison Ltd,13314
2024-08-26,Decision São Paulo,Morrison Ltd,13313
2024-08-23,Decision São Paulo,"Glover, Warren and Norris",13312
2024-08-23,Decision São Paulo,Jenkins-Walker,13311
2024-08-23,Decision São Paulo,Jenkins-Walker,13310
2024-08-23,Decision São Paulo,Jenkins-Walker,13309
2024-08-23,Decision São Paulo,"Morris, Moran and Dodson",13308
2024-08-23,Decision São Paulo,"Morris, Moran and Dodson",13307
2024-08-23,Decision São Paulo,"Ramirez, Williams and Chandler",13306
2024-08-22,Decision São Paulo,"Wade, Bernard and Bailey",13305
2024-08-22,Decision São Paulo,"Wade, Bernard and Bailey",13304
2024-08-22,Decision São Paulo,"Wade, Bernard and Bailey",13303
2024-08-22,Decision São Paulo,"Wade, Bernard and Bailey",13302
2024-08-22,Decision São Paulo,Bell Group,13301
2024-08-22,Decision São Paulo,"Glover, Warren and Norris",13300
2024-08-22,Decision São Paulo,"Morris, Moran and Dodson",13299
2024-08-22,Decision São Paulo,"Glover, Warren and Norris",13298
2024-08-22,Decision São Paulo,Nelson-Page,13297
2024-08-22,Decision São Paulo,Nelson-Page,13296
2024-08-22,Decision São Paulo,Nelson-Page,13295
2024-08-22,Decision São Paulo,Nelson-Page,13294
2024-08-21,Decision São Paulo,Morrison Ltd,13293
2024-08-21,Decision São Paulo,Walters Group,13292
2024-08-21,Decision São Paulo,"Glover, Warren and Norris",13291
2024-08-20,Decision São Paulo,"Glover, Warren and Norris",13290
2024-08-20,Decision São Paulo,"Glover, Warren and Norris",13289
2024-08-20,Decision São Paulo,"Wade, Bernard and Bailey",13288
2024-08-20,Decision São Paulo,"Wade, Bernard and Bailey",13287
2024-08-20,Decision São Paulo,"Wade, Bernard and Bailey",13286
2024-08-20,Decision São Paulo,"Wade, Bernard and Bailey",13285
2024-08-20,Decision São Paulo,"Wade, Bernard and Bailey",13284
2024-08-20,Decision São Paulo,Nelson-Page,13283
2024-08-20,Decision São Paulo,Jenkins-Walker,13282
2024-08-20,Decision São Paulo,Nelson-Page,13281
2024-08-20,Decision São Paulo,Jenkins-Walker,13280
2024-08-20,Decision São Paulo,"Wade, Bernard and Bailey",13279
2024-08-20,Decision São Paulo,"Wade, Bernard and Bailey",13278
2024-08-20,Decision Campinas,Miller-Curry,13277
2024-08-20,Decision São Paulo,Nelson-Page,13276
2024-08-19,Decision São Paulo,"Morris, Moran and Dodson",13275
2024-08-19,Decision São Paulo,"Morris, Moran and Dodson",13274
2024-08-19,Decision São Paulo,Luna-Carpenter,13273
2024-08-19,Decision São Paulo,Luna-Carpenter,13272
2024-08-16,Decision São Paulo,"Glover, Warren and Norris",13271
2024-08-16,Decision São Paulo,"Glover, Warren and Norris",13270
2024-08-16,Decision São Paulo,Nelson-Page,13269
2024-08-15,Decision Campinas,Werner PLC,13268
2024-08-15,Decision Campinas,Miller-Curry,13267
2024-08-15,Decision São Paulo,Porter-Wilson,13266
2024-08-14,Decision Campinas,Werner PLC,13265
2024-08-14,Decision Campinas,Werner PLC,13264
2024-08-14,Decision São Paulo,Jenkins-Walker,13263
2024-08-14,Decision São Paulo,Porter-Wilson,13262
2024-08-13,Decision São Paulo,Jenkins-Walker,13261
2024-08-13,Decision Campinas,Miller-Curry,13260
2024-08-13,Decision Campinas,Miller-Curry,13259
2024-08-13,Decision São Paulo,Jenkins-Walker,13258
2024-08-13,Decision São Paulo,Jenkins-Walker,13257
2024-08-13,Decision Campinas,Miller-Curry,13256
2024-08-13,Decision São Paulo,Jenkins-Walker,13255
2024-08-13,Decision Campinas,Miller-Curry,13254
2024-08-13,Decision Campinas,Miller-Curry,13253
2024-08-13,Decision Campinas,Miller-Curry,13252
2024-08-13,Decision Campinas,Miller-Curry,13251
2024-08-13,Decision São Paulo,"Glover, Warren and Norris",13250
2024-08-13,Decision São Paulo,Morrison Ltd,13249
2024-08-13,Decision São Paulo,"Glover, Warren and Norris",13248
2024-08-13,Decision São Paulo,Porter-Wilson,13247
2024-08-13,Decision São Paulo,Porter-Wilson,13246
2024-08-13,Decision São Paulo,Porter-Wilson,13245
2024-08-12,Decision São Paulo,"Wade, Bernard and Bailey",13244
2024-08-12,Decision São Paulo,"Wade, Bernard and Bailey",13243
2024-08-12,Decision São Paulo,Nelson-Page,13242
2024-08-12,Decision Campinas,Werner PLC,13241
2024-08-12,Decision São Paulo,Bell Group,13240
2021-02-04,Decision Campinas,Miller-Curry,4183
2021-02-04,Decision Campinas,Miller-Curry,4182
2021-02-04,Decision São Paulo,"Morris, Moran and Dodson",4181
2021-02-04,Decision Campinas,Miller-Curry,4180
2021-02-04,Decision São Paulo,Barnes-Woods,4179
2021-02-04,Decision São Paulo,"Morris, Moran and Dodson",4178
2021-02-04,Decision São Paulo,Barnes-Woods,4177
2021-02-04,Decision São Paulo,Mann and Sons,4176
2021-02-03,Decision São Paulo,Callahan-Hall,4175
2021-02-03,Decision São Paulo,Callahan-Hall,4174
2021-02-03,Decision São Paulo,Callahan-Hall,4173
2021-02-03,Decision São Paulo,Nelson-Page,4172
2021-02-03,Decision São Paulo,Nelson-Page,4171
2021-02-03,Decision São Paulo,Nelson-Page,4170
2021-02-03,Decision São Paulo,Nelson-Page,4169
2021-02-03,Decision São Paulo,Nelson-Page,4168
2021-02-03,Decision São Paulo,Hicks-Gibson,4166
2021-02-03,Decision São Paulo,"Morris, Moran and Dodson",4165
2021-02-03,Decision São Paulo,"Morris, Moran and Dodson",4164
2021-02-03,Decision Campinas,"Morris, Moran and Dodson",4163
2021-02-03,Decision São Paulo,Nelson-Page,4162
2021-02-03,Decision São Paulo,Nelson-Page,4161
2021-02-03,Decision São Paulo,Nelson-Page,4160
2021-02-03,Decision São Paulo,"Morris, Moran and Dodson",4159
2021-02-02,Decision São Paulo,Morrison Ltd,4158
2021-02-02,Decision São Paulo,Morrison Ltd,4157
2021-02-02,Decision São Paulo,Morrison Ltd,4156
2021-02-02,Decision São Paulo,Nelson-Page,4155
2021-02-02,Decision São Paulo,Nelson-Page,4154
2021-02-02,Decision São Paulo,Barnes-Woods,4153
2021-02-02,Decision São Paulo,"Morris, Moran and Dodson",4152
2021-02-02,Decision São Paulo,Nelson-Page,4151
2021-02-02,Decision São Paulo,Peterson-Mcdaniel,4150
2021-02-02,Decision São Paulo,Peterson-Mcdaniel,4149
2021-02-02,Decision São Paulo,Nelson-Page,4148
2021-02-02,Decision São Paulo,Peterson-Mcdaniel,4147
2021-02-02,Decision São Paulo,Nelson-Page,4146
2021-02-02,Decision São Paulo,Nelson-Page,4145
2021-02-02,Decision São Paulo,"Morris, Moran and Dodson",4144
2021-02-02,Decision São Paulo,"Morris, Moran and Dodson",4143
2021-02-02,Decision São Paulo,Nelson-Page,4142
2021-02-02,Decision São Paulo,"Wade, Bernard and Bailey",4141
2021-02-01,Decision Campinas,Miller-Curry,4140
2021-02-01,Decision São Paulo,"Morris, Moran and Dodson",4139
2021-02-01,Decision São Paulo,Callahan-Hall,4138
2021-02-01,Decision São Paulo,Barnes-Woods,4137
2021-02-01,Decision São Paulo,Gonzalez and Sons,4136
2021-01-29,Decision Campinas,Miller-Curry,4135
2021-01-29,Decision Campinas,Miller-Curry,4134
2021-01-29,Decision Campinas,Miller-Curry,4133
2021-01-29,Decision Campinas,Miller-Curry,4132
2021-01-29,Decision São Paulo,Barnes-Woods,4131
2021-01-29,Decision São Paulo,Peterson-Mcdaniel,4130
2021-01-29,Decision São Paulo,Peterson-Mcdaniel,4129
2021-01-29,Decision São Paulo,Williams Ltd,4128
2021-01-29,Decision São Paulo,Williams Ltd,4127
2021-01-29,Decision Campinas,Miller-Curry,4126
2021-01-29,Decision Campinas,Miller-Curry,4125
2021-01-29,Decision São Paulo,Nelson-Page,4124
2021-01-29,Decision São Paulo,Nelson-Page,4123
2021-01-28,Decision São Paulo,Nelson-Page,4122
2021-01-29,Decision São Paulo,"Wade, Bernard and Bailey",4121
2021-01-29,Decision São Paulo,Callahan-Hall,4120
2021-01-28,Decision São Paulo,"Morris, Moran and Dodson",4119
2021-01-27,Decision São Paulo,Barnes-Woods,4118
2021-01-28,Decision São Paulo,Nelson-Page,4117
2021-01-28,Decision São Paulo,Barnes-Woods,4116
2021-01-28,Decision São Paulo,Nelson-Page,4115
2021-01-28,Decision São Paulo,Nelson-Page,4114
2021-01-28,Decision São Paulo,Barnes-Woods,4113
2021-01-28,Decision São Paulo,Barnes-Woods,4112
2021-01-28,Decision São Paulo,Nelson-Page,4111
2021-01-28,Decision São Paulo,Barnes-Woods,4110
2021-01-28,Decision São Paulo,Nelson-Page,4109
2021-01-28,Decision São Paulo,Nelson-Page,4108
2021-01-28,Decision São Paulo,"Morris, Moran and Dodson",4107
2021-01-27,Decision São Paulo,Nelson-Page,4106
2021-01-26,Decision São Paulo,Nelson-Page,4105
2021-01-26,Decision São Paulo,Nelson-Page,4104
2021-01-26,Decision São Paulo,Morrison Ltd,4103
2021-01-26,Decision São Paulo,Morrison Ltd,4101
2021-01-26,Decision São Paulo,King-Russell,4100
2021-01-26,Decision São Paulo,King-Russell,4099
2021-01-26,Decision São Paulo,King-Russell,4098
2021-01-26,Decision São Paulo,Nelson-Page,4097
2021-01-25,Decision São Paulo,Nelson-Page,4095
2021-01-26,Decision São Paulo,"Wade, Bernard and Bailey",4094
2021-01-26,Decision São Paulo,"Wade, Bernard and Bailey",4093
2021-01-26,Decision São Paulo,Nelson-Page,4092
2021-01-26,Decision São Paulo,Nelson-Page,4091
2021-01-26,Decision São Paulo,Nelson-Page,4090
2021-01-26,Decision São Paulo,Nelson-Page,4089
2021-01-26,Decision São Paulo,Nelson-Page,4088
2021-01-26,Decision São Paulo,Nelson-Page,4087
2021-01-26,Decision São Paulo,Nelson-Page,4086
2021-01-26,Decision São Paulo,Nelson-Page,4085
2021-01-26,Decision São Paulo,"Wade, Bernard and Bailey",4084
2021-01-26,Decision São Paulo,"Morris, Moran and Dodson",4083
2021-01-26,Decision São Paulo,"Morris, Moran and Dodson",4082
2021-01-26,Decision São Paulo,Nelson-Page,4081
2021-01-26,Decision São Paulo,Nelson-Page,4080
2021-01-26,Decision São Paulo,Nelson-Page,4079
2021-01-26,Decision São Paulo,Nelson-Page,4078
2021-01-26,Decision São Paulo,"Morris, Moran and Dodson",4077
2021-01-26,Decision Campinas,Miller-Curry,4076
2021-01-25,Decision São Paulo,Barnes-Woods,4075
2021-01-25,Decision Campinas,Miller-Curry,4074
2021-01-22,Decision São Paulo,Nelson-Page,4073
2021-01-22,Decision São Paulo,Nelson-Page,4072
2021-01-22,Decision São Paulo,Nelson-Page,4071
2021-01-22,Decision São Paulo,Nelson-Page,4070
2021-01-22,Decision São Paulo,Nelson-Page,4069
2021-01-22,Decision São Paulo,"Rodriguez, Adams and Bell",4068
2021-01-22,Decision São Paulo,Barnes-Woods,4067
2021-01-22,Decision São Paulo,Barnes-Woods,4066
2021-01-22,Decision São Paulo,Barnes-Woods,4065
2021-01-22,Decision São Paulo,Barnes-Woods,4064
2021-01-22,Decision São Paulo,"Rodriguez, Adams and Bell",4063
2021-01-22,Decision São Paulo,Barnes-Woods,4062
2021-01-22,Decision São Paulo,Mann and Sons,4061
2021-01-22,Decision São Paulo,Mann and Sons,4060
2021-01-22,Decision São Paulo,Mann and Sons,4059
2021-01-22,Decision São Paulo,"Morris, Moran and Dodson",4058
2021-01-22,Decision Campinas,Miller-Curry,4057
2021-01-22,Decision São Paulo,"Morris, Moran and Dodson",4056
2021-01-22,Decision São Paulo,"Morris, Moran and Dodson",4055
2021-01-22,Decision São Paulo,"Morris, Moran and Dodson",4054
2021-01-22,Decision São Paulo,"Morris, Moran and Dodson",4053
2021-01-22,Decision São Paulo,"Morris, Moran and Dodson",4052
2021-01-22,Decision Campinas,Miller-Curry,4051
2021-01-21,Decision São Paulo,Callahan-Hall,4050
2021-01-21,Decision São Paulo,Callahan-Hall,4049
2021-01-21,Decision São Paulo,Callahan-Hall,4048
2021-01-21,Decision São Paulo,Barber LLC,4047
2021-01-20,Decision São Paulo,Barnes-Woods,4046
2020-09-25,Decision São Paulo,"Morris, Moran and Dodson",3138
2020-09-25,Decision São Paulo,Barnes-Woods,3137
2020-09-25,Decision São Paulo,"Morris, Moran and Dodson",3136
2020-09-24,Decision São Paulo,Nelson-Page,3135
2020-09-24,Decision São Paulo,Nelson-Page,3134
2020-09-24,Decision São Paulo,Nelson-Page,3133
2020-09-24,Decision São Paulo,Nelson-Page,3132
2020-09-24,Decision São Paulo,Nelson-Page,3131
2020-09-24,Decision São Paulo,Nelson-Page,3130
2020-09-24,Decision São Paulo,Nelson-Page,3129
2020-09-24,Decision São Paulo,Nelson-Page,3128
2020-09-24,Decision São Paulo,Nelson-Page,3127
2020-09-24,Decision São Paulo,Nelson-Page,3126
2020-09-24,Decision São Paulo,Nelson-Page,3125
2020-09-24,Decision São Paulo,Nelson-Page,3124
2020-09-24,Decision São Paulo,Nelson-Page,3123
2020-09-24,Decision São Paulo,Morrison Ltd,3122
2020-09-24,Decision São Paulo,Morrison Ltd,3121
2020-09-24,Decision Campinas,Miller-Curry,3120
2020-09-24,Decision Campinas,Miller-Curry,3119
2020-09-24,Decision Campinas,Miller-Curry,3118
2020-09-24,Decision Campinas,Miller-Curry,3117
2020-09-24,Decision Campinas,Miller-Curry,3116
2020-09-24,Decision Campinas,Miller-Curry,3115
2020-09-24,Decision Campinas,Miller-Curry,3114
2020-09-24,Decision Campinas,Miller-Curry,3113
2020-09-24,Decision Campinas,Miller-Curry,3112
2020-09-24,Decision Campinas,Miller-Curry,3111
2020-09-24,Decision Campinas,Miller-Curry,3110
2020-09-24,Decision Campinas,Miller-Curry,3109
2020-09-24,Decision São Paulo,Barnes-Woods,3108
2020-09-24,Decision São Paulo,Nelson-Page,3107
2020-09-24,Decision São Paulo,Nelson-Page,3106
2020-09-24,Decision São Paulo,Nelson-Page,3105
2020-09-23,Decision São Paulo,Nelson-Page,3104
2020-09-23,Decision São Paulo,Johnson-Aguirre,3103
2020-09-23,Decision São Paulo,Nelson-Page,3102
2020-09-22,Decision São Paulo,Nelson-Page,3101
2020-09-22,Decision São Paulo,Nelson-Page,3100
2020-09-22,Decision São Paulo,"Wade, Bernard and Bailey",3099
2020-09-22,Decision São Paulo,"Wade, Bernard and Bailey",3098
2020-09-22,Decision São Paulo,Nelson-Page,3097
2020-09-22,Decision São Paulo,"Wade, Bernard and Bailey",3096
2020-09-22,Decision São Paulo,"Wade, Bernard and Bailey",3095
2020-09-22,Decision São Paulo,Callahan-Hall,3094
2020-09-22,Decision São Paulo,Nelson-Page,3093
2020-09-22,Decision São Paulo,Nelson-Page,3092
2020-09-22,Decision São Paulo,Jones-Hodges,3091
2020-09-22,Decision São Paulo,"Morris, Moran and Dodson",3090
2020-09-22,Decision Campinas,Miller-Curry,3089
2020-09-22,Decision São Paulo,Morrison Ltd,3088
2020-09-22,Decision São Paulo,"Morris, Moran and Dodson",3087
2020-09-21,Decision São Paulo,"Miller, Tran and Chang",3086
2020-09-21,Decision São Paulo,"Morris, Moran and Dodson",3083
2020-09-21,Decision São Paulo,"Morris, Moran and Dodson",3082
2020-09-21,Decision São Paulo,"Morris, Moran and Dodson",3081
2020-09-21,Decision São Paulo,"Wade, Bernard and Bailey",3080
2020-09-21,Decision São Paulo,Morrison Ltd,3079
2020-09-21,Decision São Paulo,Johnson-Aguirre,3078
2020-09-20,Decision São Paulo,Nelson-Page,3077
2020-09-20,Decision São Paulo,Nelson-Page,3076
2020-09-20,Decision São Paulo,Griffith-Webb,3075
2020-09-20,Decision São Paulo,Nelson-Page,3074
2020-09-20,Decision São Paulo,Nelson-Page,3073
2020-09-20,Decision São Paulo,Nelson-Page,3072
2020-09-20,Decision São Paulo,Nelson-Page,3071
2020-09-20,Decision São Paulo,Nelson-Page,3070
2020-09-20,Decision São Paulo,Nelson-Page,3069
2020-09-20,Decision São Paulo,Nelson-Page,3068
2020-09-20,Decision São Paulo,Nelson-Page,3067
2020-09-20,Decision São Paulo,Nelson-Page,3066
2020-09-20,Decision São Paulo,Nelson-Page,3065
2020-09-20,Decision São Paulo,Nelson-Page,3064
2020-09-20,Decision São Paulo,Nelson-Page,3063
2020-09-20,Decision São Paulo,Nelson-Page,3062
2020-09-18,Decision São Paulo,King-Russell,3061
2020-09-18,Decision São Paulo,Morrison Ltd,3060
2020-09-18,Decision São Paulo,Morrison Ltd,3059
2020-09-18,Decision São Paulo,Barnes-Woods,3058
2020-09-18,Decision São Paulo,Barnes-Woods,3057
2020-09-18,Decision São Paulo,Barnes-Woods,3056
2020-09-17,Decision São Paulo,Nelson-Page,3055
2020-09-17,Decision São Paulo,Nelson-Page,3054
2020-09-17,Decision Campinas,Miller-Curry,3053
2020-09-17,Decision Campinas,Miller-Curry,3052
2020-09-17,Decision Campinas,Miller-Curry,3051
2020-09-17,Decision São Paulo,Morrison Ltd,3050
2020-09-17,Decision São Paulo,Morrison Ltd,3049
2020-09-17,Decision São Paulo,Morrison Ltd,3048
2020-09-16,Decision São Paulo,Nelson-Page,3047
2020-09-16,Decision São Paulo,Nelson-Page,3046
2020-09-16,Decision São Paulo,Nelson-Page,3045
2020-09-16,Decision São Paulo,Nelson-Page,3044
2020-09-16,Decision São Paulo,Nelson-Page,3043
2020-09-16,Decision São Paulo,Nelson-Page,3042
2020-09-16,Decision São Paulo,"Wade, Bernard and Bailey",3041
2020-09-16,Decision São Paulo,"Wade, Bernard and Bailey",3040
2020-09-16,Decision São Paulo,"Morris, Moran and Dodson",3039
2020-09-15,Decision São Paulo,Barnes-Woods,3038
2020-09-15,Decision São Paulo,Barnes-Woods,3037
2020-09-15,Decision São Paulo,"Wade, Bernard and Bailey",3036
2020-09-15,Decision São Paulo,Nelson-Page,3035
2020-09-15,Decision São Paulo,Mann and Sons,3034
2020-09-15,Decision São Paulo,Mann and Sons,3033
2020-09-15,Decision São Paulo,Mann and Sons,3032
2020-09-15,Decision São Paulo,Mann and Sons,3031
2020-09-15,Decision São Paulo,Nelson-Page,3030
2020-09-15,Decision São Paulo,Nelson-Page,3029
2020-09-15,Decision São Paulo,Nelson-Page,3028
2020-09-15,Decision São Paulo,Nelson-Page,3027
2020-09-15,Decision São Paulo,Nelson-Page,3026
2020-09-15,Decision São Paulo,Nelson-Page,3025
2020-09-15,Decision São Paulo,Nelson-Page,3024
2020-09-15,Decision São Paulo,Nelson-Page,3023
2020-09-15,Decision São Paulo,Nelson-Page,3022
2020-09-15,Decision São Paulo,"Morris, Moran and Dodson",3021
2020-09-14,Decision São Paulo,Nelson-Page,3020
2020-09-14,Decision São Paulo,Callahan-Hall,3019
2020-09-14,Decision São Paulo,Bennett Group,3018
2020-09-14,Decision São Paulo,Bennett Group,3017
2020-09-14,Decision São Paulo,Bennett Group,3016
2020-09-14,Decision São Paulo,Nelson-Page,3015
2020-09-14,Decision São Paulo,Nelson-Page,3014
2020-09-14,Decision São Paulo,Nelson-Page,3013
2020-09-14,Decision São Paulo,Nelson-Page,3012
2020-09-14,Decision São Paulo,Morrison Ltd,3011
2020-09-11,Decision São Paulo,"Morris, Moran and Dodson",3010
2020-09-11,Decision São Paulo,"Morris, Moran and Dodson",3009
2020-09-11,Decision São Paulo,Johnson-Aguirre,3008
2020-09-11,Decision São Paulo,"Morris, Moran and Dodson",3007
2020-09-11,Decision São Paulo,"Morris, Moran and Dodson",3006
2020-09-11,Decision São Paulo,"Morris, Moran and Dodson",3005
2020-09-11,Decision São Paulo,"Morris, Moran and Dodson",3004
2020-09-11,Decision São Paulo,"Morris, Moran and Dodson",3003
2020-09-11,Decision São Paulo,"Morris, Moran and Dodson",3002
2020-09-11,Decision São Paulo,"Morris, Moran and Dodson",3001
2020-09-11,Decision São Paulo,Barnes-Woods,3000
2020-09-10,Decision São Paulo,Nelson-Page,2999
2020-09-10,Decision São Paulo,Callahan-Hall,2998
2020-09-10,Decision São Paulo,Callahan-Hall,2997
2020-09-10,Decision São Paulo,Johnson-Aguirre,2996
2020-09-10,Decision São Paulo,Johnson-Aguirre,2995
2020-09-10,Decision São Paulo,Morrison Ltd,2994
2020-09-09,Decision São Paulo,Nelson-Page,2992
2020-09-09,Decision São Paulo,Nelson-Page,2991
2020-09-09,Decision São Paulo,Nelson-Page,2990
2020-09-09,Decision São Paulo,Nelson-Page,2989
2020-09-08,Decision São Paulo,Nelson-Page,2988
2020-09-08,Decision São Paulo,Nelson-Page,2987
2020-09-08,Decision São Paulo,Nelson-Page,2986
2020-09-08,Decision São Paulo,Nelson-Page,2985
2020-09-08,Decision São Paulo,"Morris, Moran and Dodson",2984
2020-09-08,Decision São Paulo,Dougherty-Gilbert,2983
2020-09-08,Decision São Paulo,Mann and Sons,2982
2020-09-08,Decision São Paulo,"Miller, Tran and Chang",2981
2020-09-08,Decision São Paulo,Mann and Sons,2980
2020-09-08,Decision São Paulo,Barnes-Woods,2979
2020-09-07,Decision São Paulo,"Morris, Moran and Dodson",2978
2020-09-07,Decision São Paulo,"Morris, Moran and Dodson",2977
2020-09-07,Decision São Paulo,"Morris, Moran and Dodson",2976
2020-09-04,Decision São Paulo,Nelson-Page,2975
2020-09-04,Decision São Paulo,Nelson-Page,2974
2020-09-04,Decision São Paulo,Nelson-Page,2973
2020-09-04,Decision São Paulo,Nelson-Page,2972
2020-09-04,Decision São Paulo,Nelson-Page,2971
2020-09-04,Decision São Paulo,Nelson-Page,2970
2020-09-04,Decision São Paulo,Nelson-Page,2969
2020-09-04,Decision São Paulo,Griffith-Webb,2968
2020-09-04,Decision São Paulo,Griffith-Webb,2967
2020-09-04,Decision São Paulo,Nelson-Page,2966
2020-09-03,Decision São Paulo,Morrison Ltd,2965
2020-09-03,Decision São Paulo,Morrison Ltd,2964
2020-09-03,Decision São Paulo,Morrison Ltd,2963
2020-09-03,Decision São Paulo,Morrison Ltd,2962
2020-09-03,Decision São Paulo,"Morris, Moran and Dodson",2961
2020-09-03,Decision São Paulo,"Morris, Moran and Dodson",2960
2020-09-03,Decision São Paulo,Nelson-Page,2959
2020-09-03,Decision São Paulo,Nelson-Page,2958
2020-09-02,Decision São Paulo,Nelson-Page,2957
2020-09-02,Decision São Paulo,Nelson-Page,2956
2020-09-02,Decision São Paulo,Nelson-Page,2955
2020-09-02,Decision São Paulo,Nelson-Page,2954
2020-09-02,Decision São Paulo,Morrison Ltd,2953
2020-09-02,Decision São Paulo,Mann and Sons,2952
2020-09-02,Decision São Paulo,Morrison Ltd,2951
2020-09-02,Decision São Paulo,"Morris, Moran and Dodson",2950
2020-09-02,Decision São Paulo,"Morris, Moran and Dodson",2949
2020-09-02,Decision São Paulo,"Morris, Moran and Dodson",2948
2020-09-02,Decision São Paulo,"Morris, Moran and Dodson",2947
2020-09-02,Decision São Paulo,"Morris, Moran and Dodson",2946
2020-09-02,Decision São Paulo,"Morris, Moran and Dodson",2945
2020-09-01,Decision São Paulo,Morrison Ltd,2944
2020-09-01,Decision São Paulo,Morrison Ltd,2943
2020-09-01,Decision São Paulo,Callahan-Hall,2942
2020-09-01,Decision São Paulo,Morrison Ltd,2941
2020-09-01,Decision São Paulo,Mann and Sons,2940
2020-09-01,Decision Campinas,Miller-Curry,2939
2020-09-01,Decision São Paulo,Morrison Ltd,2938
2020-08-31,Decision São Paulo,Barnes-Woods,2937
2020-08-31,Decision São Paulo,Barnes-Woods,2936
2020-08-31,Decision São Paulo,Barnes-Woods,2935
2020-08-31,Decision São Paulo,Barnes-Woods,2934
2020-08-31,Decision São Paulo,Barnes-Woods,2933
2020-08-31,Decision São Paulo,Barnes-Woods,2932
2020-08-31,Decision São Paulo,Barnes-Woods,2931
2020-08-31,Decision São Paulo,Morrison Ltd,2930
2020-08-31,Decision Campinas,Miller-Curry,2928
2020-08-31,Decision São Paulo,"Morris, Moran and Dodson",2927
2020-08-31,Decision Campinas,Miller-Curry,2926
2020-08-31,Decision Campinas,Miller-Curry,2925
2020-08-31,Decision Campinas,Miller-Curry,2924
2020-08-31,Decision São Paulo,"Morris, Moran and Dodson",2921
2020-08-31,Decision São Paulo,King-Russell,2920
2020-08-31,Decision São Paulo,Callahan-Hall,2919
2020-08-31,Decision São Paulo,Callahan-Hall,2918
2020-08-29,Decision São Paulo,Nelson-Page,2917
2020-08-29,Decision São Paulo,Nelson-Page,2916
2020-08-29,Decision São Paulo,Nelson-Page,2915
2020-08-29,Decision São Paulo,Nelson-Page,2914
2020-08-29,Decision São Paulo,Nelson-Page,2913
2020-08-29,Decision São Paulo,Nelson-Page,2912
2020-08-29,Decision São Paulo,Nelson-Page,2911
2020-08-29,Decision São Paulo,Nelson-Page,2910
2020-08-29,Decision São Paulo,Nelson-Page,2909
2020-08-29,Decision São Paulo,Nelson-Page,2908
2020-08-29,Decision São Paulo,Nelson-Page,2907
2020-08-29,Decision São Paulo,Nelson-Page,2906
2020-08-29,Decision São Paulo,Nelson-Page,2905
2020-08-28,Decision São Paulo,Morrison Ltd,2904
2020-08-28,Decision Campinas,Miller-Curry,2903
2020-08-27,Decision São Paulo,"Wade, Bernard and Bailey",2902
2020-08-26,Decision São Paulo,Johnson-Aguirre,2901
2020-08-26,Decision São Paulo,Morrison Ltd,2900
2020-08-26,Decision São Paulo,Morrison Ltd,2898
2020-08-26,Decision São Paulo,Morrison Ltd,2897
2020-08-26,Decision São Paulo,Morrison Ltd,2896
2020-08-26,Decision São Paulo,Morrison Ltd,2895
2020-08-26,Decision São Paulo,Gonzalez and Sons,2894
2020-08-26,Decision São Paulo,Gonzalez and Sons,2893
2020-08-26,Decision São Paulo,"Wade, Bernard and Bailey",2892
2020-08-26,Decision São Paulo,"Wade, Bernard and Bailey",2891
2020-08-25,Decision São Paulo,"Morris, Moran and Dodson",2890
2020-08-25,Decision São Paulo,King-Russell,2889
2020-08-25,Decision São Paulo,Callahan-Hall,2888
2020-08-25,Decision São Paulo,Nelson-Page,2887
2020-08-25,Decision São Paulo,Morrison Ltd,2886
2020-08-25,Decision São Paulo,Morrison Ltd,2885
2020-08-25,Decision São Paulo,"Morris, Moran and Dodson",2884
2020-08-24,Decision São Paulo,"Morris, Moran and Dodson",2883
2020-08-21,Decision Campinas,Miller-Curry,2878
2020-08-20,Decision São Paulo,"Morris, Moran and Dodson",2875
2020-08-20,Decision São Paulo,"Morris, Moran and Dodson",2874
2020-08-19,Decision São Paulo,"Morris, Moran and Dodson",2873
2020-08-19,Decision São Paulo,"Wade, Bernard and Bailey",2872
2020-08-19,Decision São Paulo,Barnes-Woods,2871
2020-08-19,Decision Campinas,Miller-Curry,2870
2020-08-19,Decision Campinas,Miller-Curry,2869
2020-08-19,Decision Campinas,Miller-Curry,2868
2020-08-19,Decision Campinas,Miller-Curry,2867
2020-08-19,Decision Campinas,Miller-Curry,2866
2020-08-19,Decision Campinas,Miller-Curry,2865
2020-08-19,Decision Campinas,Miller-Curry,2864
2020-08-19,Decision São Paulo,Nelson-Page,2863
2020-08-19,Decision Campinas,Miller-Curry,2862
2020-08-19,Decision Campinas,Miller-Curry,2861
2020-08-19,Decision Campinas,Miller-Curry,2860
2020-08-19,Decision Campinas,Miller-Curry,2859
2020-08-19,Decision Campinas,Miller-Curry,2858
2020-08-19,Decision Campinas,Miller-Curry,2857
2020-08-19,Decision Campinas,Miller-Curry,2856
2020-08-19,Decision Campinas,Miller-Curry,2855
2020-08-19,Decision Campinas,Miller-Curry,2854
2020-08-19,Decision Campinas,Miller-Curry,2852
2020-08-19,Decision Campinas,Miller-Curry,2851
2020-08-19,Decision Campinas,Miller-Curry,2850
2020-08-19,Decision São Paulo,Nelson-Page,2849
2020-08-19,Decision Campinas,Miller-Curry,2848
2020-08-19,Decision Campinas,Miller-Curry,2847
2020-08-19,Decision Campinas,Miller-Curry,2846
2020-08-19,Decision Campinas,Miller-Curry,2845
2020-08-19,Decision Campinas,Miller-Curry,2844
2020-08-19,Decision São Paulo,"Morris, Moran and Dodson",2843
2020-08-17,Decision São Paulo,Nelson-Page,2841
2020-08-17,Decision São Paulo,"Morris, Moran and Dodson",2840
2020-08-14,Decision São Paulo,"Wade, Bernard and Bailey",2839
2020-08-14,Decision São Paulo,Nelson-Page,2838
2020-08-14,Decision São Paulo,Callahan-Hall,2837
2020-08-14,Decision São Paulo,Callahan-Hall,2836
2020-08-14,Decision São Paulo,"Morris, Moran and Dodson",2835
2020-08-14,Decision São Paulo,Morrison Ltd,2834
2020-08-13,Decision São Paulo,"Morris, Moran and Dodson",2833
2020-08-13,Decision São Paulo,King-Russell,2832
2020-08-13,Decision São Paulo,King-Russell,2831
2020-08-13,Decision São Paulo,King-Russell,2830
2020-08-13,Decision São Paulo,Morrison Ltd,2829
2020-08-13,Decision São Paulo,Morrison Ltd,2828
2020-08-13,Decision São Paulo,Morrison Ltd,2827
2020-08-13,Decision São Paulo,Morrison Ltd,2826
2020-08-13,Decision São Paulo,"Morris, Moran and Dodson",2825
2020-08-13,Decision Campinas,Miller-Curry,2824
2020-08-13,Decision Campinas,Miller-Curry,2823
2020-08-13,Decision Campinas,Miller-Curry,2822
2020-08-13,Decision São Paulo,Callahan-Hall,2821
2020-08-13,Decision São Paulo,Callahan-Hall,2820
2020-08-13,Decision São Paulo,Callahan-Hall,2819
2020-08-12,Decision São Paulo,King-Russell,2815
2020-08-11,Decision São Paulo,Nelson-Page,2814
2020-08-11,Decision São Paulo,Nelson-Page,2813
2020-08-11,Decision São Paulo,Nelson-Page,2812
2020-08-11,Decision São Paulo,Nelson-Page,2811
2020-08-10,Decision São Paulo,King-Russell,2810
2020-08-10,Decision São Paulo,King-Russell,2809
2020-08-10,Decision São Paulo,King-Russell,2808
2020-08-10,Decision São Paulo,King-Russell,2807
2020-08-10,Decision São Paulo,Salas-Yoder,2806
2020-08-10,Decision São Paulo,"Wade, Bernard and Bailey",2805
2020-08-07,Decision São Paulo,Morrison Ltd,2804
2020-08-07,Decision São Paulo,Dougherty-Gilbert,2803
2020-08-07,Decision São Paulo,Dougherty-Gilbert,2802
2020-08-06,Decision São Paulo,Johnson-Aguirre,2801
2020-08-06,Decision São Paulo,"Morris, Moran and Dodson",2799
2020-08-05,Decision São Paulo,King-Russell,2798
2020-08-05,Decision São Paulo,King-Russell,2797
2020-08-05,Decision São Paulo,King-Russell,2796
2020-08-05,Decision São Paulo,King-Russell,2795
2020-08-05,Decision São Paulo,King-Russell,2794
2020-08-05,Decision São Paulo,"Morris, Moran and Dodson",2793
2020-08-05,Decision São Paulo,"Wade, Bernard and Bailey",2792
2020-08-05,Decision São Paulo,"Wade, Bernard and Bailey",2791
2020-08-05,Decision São Paulo,"Morris, Moran and Dodson",2790
2020-08-05,Decision São Paulo,"Morris, Moran and Dodson",2789
2020-08-05,Decision São Paulo,"Morris, Moran and Dodson",2788
2020-08-05,Decision São Paulo,"Morris, Moran and Dodson",2787
2020-08-05,Decision São Paulo,"Morris, Moran and Dodson",2786
2020-08-04,Decision São Paulo,"Morris, Moran and Dodson",2785
2020-08-04,Decision São Paulo,"Morris, Moran and Dodson",2784
2020-08-04,Decision São Paulo,Nelson-Page,2783
2020-08-04,Decision São Paulo,"Wade, Bernard and Bailey",2782
2020-08-03,Decision São Paulo,King-Russell,2781
2020-08-03,Decision São Paulo,"Morris, Moran and Dodson",2780
2020-08-03,Decision São Paulo,"Morris, Moran and Dodson",2779
2020-07-31,Decision Campinas,Miller-Curry,2778
2020-07-31,Decision São Paulo,"Garcia, Brown and Williams",2777
2020-07-31,Decision São Paulo,"Garcia, Brown and Williams",2776
2020-07-31,Decision São Paulo,Callahan-Hall,2775
2020-07-31,Decision São Paulo,Callahan-Hall,2774
2020-07-31,Decision São Paulo,Callahan-Hall,2773
2020-07-31,Decision São Paulo,"Morris, Moran and Dodson",2772
2020-07-31,Decision São Paulo,"Morris, Moran and Dodson",2771
2020-07-31,Decision São Paulo,"Morris, Moran and Dodson",2770
2020-07-31,Decision Campinas,Miller-Curry,2769
2020-07-31,Decision Campinas,Miller-Curry,2768
2020-07-29,Decision São Paulo,Morrison Ltd,2767
2020-07-29,Decision São Paulo,"Morris, Moran and Dodson",2766
2020-07-29,Decision São Paulo,"Morris, Moran and Dodson",2765
2020-07-27,Decision Campinas,Miller-Curry,2764
2020-07-27,Decision Campinas,Miller-Curry,2763
2020-07-27,Decision Campinas,Miller-Curry,2762
2020-07-27,Decision Campinas,Miller-Curry,2761
2020-07-27,Decision Campinas,Miller-Curry,2760
2020-07-27,Decision Campinas,Miller-Curry,2759
2020-07-27,Decision Campinas,Evans PLC,2758
2020-07-27,Decision Campinas,Miller-Curry,2757
2020-07-27,Decision São Paulo,Nelson-Page,2756
2020-07-27,Decision São Paulo,Nelson-Page,2755
2020-07-24,Decision São Paulo,"Morris, Moran and Dodson",2754
2020-07-24,Decision São Paulo,"Morris, Moran and Dodson",2753
2020-07-24,Decision São Paulo,"Morris, Moran and Dodson",2752
2020-07-24,Decision São Paulo,"Morris, Moran and Dodson",2751
2020-07-24,Decision São Paulo,"Morris, Moran and Dodson",2750
2020-07-24,Decision São Paulo,Mann and Sons,2749
2020-07-23,Decision São Paulo,King-Russell,2748
2020-07-23,Decision São Paulo,King-Russell,2747
2020-07-23,Decision São Paulo,King-Russell,2746
2020-07-23,Decision São Paulo,King-Russell,2745
2020-07-23,Decision São Paulo,"Morris, Moran and Dodson",2744
2020-07-23,Decision São Paulo,"Morris, Moran and Dodson",2743
2020-07-23,Decision São Paulo,"Wade, Bernard and Bailey",2742
2020-07-23,Decision São Paulo,"Wade, Bernard and Bailey",2741
2020-07-22,Decision São Paulo,Morrison Ltd,2740
2020-07-22,Decision São Paulo,King-Russell,2739
2020-07-22,Decision São Paulo,King-Russell,2738
2020-07-22,Decision São Paulo,King-Russell,2737
2020-07-22,Decision São Paulo,King-Russell,2736
2020-07-22,Decision São Paulo,King-Russell,2735
2020-07-22,Decision São Paulo,King-Russell,2734
2020-07-22,Decision São Paulo,King-Russell,2733
2020-07-22,Decision São Paulo,King-Russell,2732
2020-07-21,Decision São Paulo,Nelson-Page,2731
2020-07-21,Decision Campinas,Miller-Curry,2730
2020-07-21,Decision Campinas,Miller-Curry,2729
2020-07-21,Decision Campinas,Miller-Curry,2728
2020-07-21,Decision Campinas,Miller-Curry,2727
2020-07-21,Decision Campinas,Miller-Curry,2726
2020-07-21,Decision Campinas,Miller-Curry,2725
2020-07-21,Decision Campinas,Miller-Curry,2724
2020-07-21,Decision Campinas,Miller-Curry,2723
2020-07-21,Decision Campinas,Miller-Curry,2722
2020-07-21,Decision São Paulo,"Morris, Moran and Dodson",2721
2020-07-21,Decision São Paulo,"Morris, Moran and Dodson",2720
2020-07-21,Decision São Paulo,Nelson-Page,2719
2020-07-21,Decision São Paulo,Nelson-Page,2718
2020-07-20,Decision São Paulo,Mann and Sons,2717
2020-07-20,Decision São Paulo,Mann and Sons,2716
2020-07-20,Decision Campinas,Miller-Curry,2715
2020-07-20,Decision Campinas,Miller-Curry,2714
2020-07-20,Decision Campinas,Miller-Curry,2713
2020-07-20,Decision Campinas,Miller-Curry,2712
2020-07-20,Decision Campinas,Miller-Curry,2711
2020-07-20,Decision Campinas,Miller-Curry,2710
2020-07-20,Decision Campinas,Miller-Curry,2709
2020-07-20,Decision Campinas,Miller-Curry,2708
2020-07-20,Decision Campinas,Miller-Curry,2707
2020-07-20,Decision Campinas,Miller-Curry,2706
2020-07-20,Decision Campinas,Miller-Curry,2705
2020-07-20,Decision Campinas,Miller-Curry,2704
2020-07-20,Decision São Paulo,"Morris, Moran and Dodson",2703
2020-07-20,Decision Campinas,Miller-Curry,2702
2020-07-20,Decision Campinas,Miller-Curry,2701
2020-07-20,Decision Campinas,Miller-Curry,2700
2020-07-20,Decision Campinas,Miller-Curry,2699
2020-07-20,Decision Campinas,Miller-Curry,2698
2020-07-20,Decision Campinas,Miller-Curry,2697
2020-07-20,Decision Campinas,Miller-Curry,2696
2020-07-20,Decision Campinas,Miller-Curry,2695
2020-07-20,Decision Campinas,Miller-Curry,2694
2020-07-20,Decision São Paulo,Morrison Ltd,2693
2020-07-20,Decision São Paulo,"Ruiz, Burns and Wallace",2692
2020-07-20,Decision São Paulo,"Morris, Moran and Dodson",2691
2020-07-17,Decision São Paulo,Morrison Ltd,2690
2020-07-17,Decision São Paulo,Nelson-Page,2689
2020-07-17,Decision São Paulo,"Wade, Bernard and Bailey",2688
2020-07-17,Decision São Paulo,"Miller, Tran and Chang",2687
2020-07-17,Decision São Paulo,"Miller, Tran and Chang",2686
2020-07-16,Decision São Paulo,Nelson-Page,2685
2020-07-16,Decision São Paulo,"Wade, Bernard and Bailey",2684
2020-07-16,Decision São Paulo,"Wade, Bernard and Bailey",2683
2020-07-16,Decision São Paulo,"Wade, Bernard and Bailey",2682
2020-07-15,Decision São Paulo,"Morris, Moran and Dodson",2681
2020-07-15,Decision São Paulo,"Morris, Moran and Dodson",2680
2020-07-14,Decision São Paulo,Nelson-Page,2679
2020-07-14,Decision São Paulo,"Morris, Moran and Dodson",2678
2020-07-14,Decision São Paulo,"Morris, Moran and Dodson",2677
2020-07-14,Decision São Paulo,"Morris, Moran and Dodson",2676
2020-07-14,Decision São Paulo,Johnson-Aguirre,2675
2020-07-14,Decision São Paulo,"Morris, Moran and Dodson",2674
2020-07-13,Decision São Paulo,"Wade, Bernard and Bailey",2673
2020-07-10,Decision São Paulo,King-Russell,2672
2020-07-10,Decision São Paulo,"Morris, Moran and Dodson",2671
2020-07-10,Decision São Paulo,Johnson-Aguirre,2670
2020-07-10,Decision São Paulo,Johnson-Aguirre,2669
2020-07-09,Decision São Paulo,Morrison Ltd,2668
2020-07-09,Decision São Paulo,Morrison Ltd,2667
2020-07-09,Decision São Paulo,"Morris, Moran and Dodson",2666
2020-07-08,Decision São Paulo,"Morris, Moran and Dodson",2665
2020-07-08,Decision São Paulo,"Garcia, Brown and Williams",2664
2020-07-08,Decision São Paulo,Mann and Sons,2663
2020-07-07,Decision São Paulo,Nelson-Page,2662
2020-07-07,Decision São Paulo,Johnson-Aguirre,2661
2020-07-06,Decision São Paulo,Callahan-Hall,2660
2020-07-06,Decision São Paulo,Callahan-Hall,2659
2020-07-06,Decision São Paulo,Callahan-Hall,2658
2020-07-06,Decision São Paulo,Callahan-Hall,2657
2020-07-06,Decision São Paulo,"Morris, Moran and Dodson",2656
2020-07-03,Decision São Paulo,"Morris, Moran and Dodson",2655
2020-07-03,Decision São Paulo,Morrison Ltd,2654
2020-07-03,Decision São Paulo,Morrison Ltd,2653
2020-07-03,Decision São Paulo,Callahan-Hall,2652
2020-07-03,Decision São Paulo,"Morris, Moran and Dodson",2651
2020-07-02,Decision São Paulo,"Wade, Bernard and Bailey",2650
2020-07-02,Decision São Paulo,"Wade, Bernard and Bailey",2649
2020-06-30,Decision Campinas,Miller-Curry,2648
2020-06-30,Decision Campinas,Miller-Curry,2647
2020-06-30,Decision Campinas,Miller-Curry,2646
2020-06-30,Decision Campinas,Miller-Curry,2645
2020-06-30,Decision Campinas,Miller-Curry,2644
2020-06-30,Decision Campinas,Miller-Curry,2643
2020-06-30,Decision São Paulo,Morrison Ltd,2642
2020-06-30,Decision São Paulo,"Morris, Moran and Dodson",2641
2020-06-30,Decision São Paulo,"Morris, Moran and Dodson",2640
2020-06-30,Decision Campinas,Miller-Curry,2639
2020-06-30,Decision Campinas,Miller-Curry,2638
2020-06-30,Decision Campinas,Miller-Curry,2637
2020-06-30,Decision Campinas,Miller-Curry,2636
2020-06-29,Decision São Paulo,"Morris, Moran and Dodson",2635
2020-06-29,Decision São Paulo,"Morris, Moran and Dodson",2634
2020-06-29,Decision São Paulo,Morrison Ltd,2633
2020-06-29,Decision Campinas,Miller-Curry,2632
2020-06-29,Decision Campinas,Miller-Curry,2631
2020-06-29,Decision Campinas,Miller-Curry,2630
2020-06-29,Decision Campinas,Miller-Curry,2629
2020-06-29,Decision Campinas,Miller-Curry,2628
2020-06-29,Decision Campinas,Miller-Curry,2627
2020-06-29,Decision Campinas,Miller-Curry,2626
2020-06-29,Decision Campinas,Miller-Curry,2625
2020-06-29,Decision Campinas,Miller-Curry,2624
2020-06-29,Decision Campinas,Miller-Curry,2623
2020-06-29,Decision Campinas,Miller-Curry,2622
2020-06-29,Decision Campinas,Miller-Curry,2621
2020-06-29,Decision Campinas,Miller-Curry,2620
2020-06-29,Decision Campinas,Miller-Curry,2619
2020-06-29,Decision Campinas,Miller-Curry,2618
2020-06-29,Decision Campinas,Miller-Curry,2617
2020-06-29,Decision Campinas,Miller-Curry,2615
2020-06-29,Decision Campinas,Miller-Curry,2614
2020-06-29,Decision Campinas,Miller-Curry,2613
2020-06-29,Decision Campinas,Miller-Curry,2612
2020-06-29,Decision Campinas,Miller-Curry,2611
2020-06-29,Decision Campinas,Miller-Curry,2610
2020-06-29,Decision Campinas,Miller-Curry,2609
2020-06-29,Decision Campinas,Miller-Curry,2608
2020-06-26,Decision São Paulo,"Wade, Bernard and Bailey",2607
2020-06-26,Decision São Paulo,"Wade, Bernard and Bailey",2606
2020-06-26,Decision São Paulo,"Wade, Bernard and Bailey",2605
2020-06-26,Decision São Paulo,"Wade, Bernard and Bailey",2604
2020-06-26,Decision São Paulo,"Wade, Bernard and Bailey",2603
2020-06-26,Decision São Paulo,"Morris, Moran and Dodson",2602
2020-06-26,Decision São Paulo,"Morris, Moran and Dodson",2601
2020-06-26,Decision São Paulo,"Morris, Moran and Dodson",2600
2020-06-26,Decision São Paulo,Morrison Ltd,2599
2020-06-26,Decision São Paulo,"Morris, Moran and Dodson",2597
2020-06-26,Decision São Paulo,"Morris, Moran and Dodson",2596
2020-06-25,Decision São Paulo,"Wade, Bernard and Bailey",2595
2020-06-25,Decision São Paulo,Nelson-Page,2594
2020-06-25,Decision São Paulo,"Wade, Bernard and Bailey",2593
2020-06-25,Decision São Paulo,"Wade, Bernard and Bailey",2592
2020-06-24,Decision São Paulo,Walters Group,2591
2020-06-24,Decision São Paulo,Gonzalez and Sons,2590
2020-06-22,Decision São Paulo,"Morris, Moran and Dodson",2589
2020-06-19,Decision São Paulo,"Morris, Moran and Dodson",2588
2020-06-19,Decision São Paulo,"Morris, Moran and Dodson",2587
2020-06-19,Decision São Paulo,Callahan-Hall,2586
2020-06-18,Decision São Paulo,King-Russell,2585
2020-06-18,Decision São Paulo,"Morris, Moran and Dodson",2584
2020-06-17,Decision São Paulo,Nelson-Page,2583
2020-06-17,Decision São Paulo,"Morris, Moran and Dodson",2582
2020-06-17,Decision Campinas,Miller-Curry,2581
2020-06-17,Decision Campinas,Miller-Curry,2580
2020-06-17,Decision Campinas,Miller-Curry,2579
2020-06-17,Decision Campinas,Miller-Curry,2578
2020-06-17,Decision Campinas,Miller-Curry,2577
2020-06-17,Decision Campinas,Miller-Curry,2576
2020-06-17,Decision Campinas,Miller-Curry,2575
2020-06-17,Decision Campinas,Miller-Curry,2574
2020-06-17,Decision Campinas,Miller-Curry,2573
2020-06-17,Decision Campinas,Miller-Curry,2572
2020-06-17,Decision Campinas,Miller-Curry,2571
2020-06-17,Decision Campinas,Miller-Curry,2570
2020-06-17,Decision Campinas,Miller-Curry,2569
2020-06-16,Decision São Paulo,Johnson-Aguirre,2568
2020-06-16,Decision São Paulo,"Morris, Moran and Dodson",2567
2020-06-16,Decision São Paulo,Nelson-Page,2566
2020-06-16,Decision São Paulo,Nelson-Page,2565
2020-06-16,Decision São Paulo,Nelson-Page,2564
2020-06-16,Decision São Paulo,Nelson-Page,2563
2020-06-16,Decision São Paulo,Nelson-Page,2562
2020-06-16,Decision São Paulo,Nelson-Page,2561
2020-06-16,Decision São Paulo,Nelson-Page,2560
2020-06-16,Decision São Paulo,Nelson-Page,2559
2020-06-16,Decision São Paulo,Nelson-Page,2558
2020-06-16,Decision São Paulo,Nelson-Page,2557
2020-06-16,Decision São Paulo,Nelson-Page,2556
2020-06-15,Decision São Paulo,"Morris, Moran and Dodson",2555
2020-06-12,Decision São Paulo,"Morris, Moran and Dodson",2554
2020-06-10,Decision São Paulo,"Morris, Moran and Dodson",2553
2020-06-09,Decision São Paulo,"Morris, Moran and Dodson",2552
2020-06-09,Decision São Paulo,"Morris, Moran and Dodson",2551
2020-06-08,Decision São Paulo,"Morris, Moran and Dodson",2550
2020-06-05,Decision São Paulo,"Morris, Moran and Dodson",2549
2020-06-05,Decision São Paulo,Morrison Ltd,2548
2020-06-05,Decision São Paulo,Nelson-Page,2547
2020-06-05,Decision São Paulo,Morrison Ltd,2546
2020-06-05,Decision São Paulo,Morrison Ltd,2545
2020-06-05,Decision São Paulo,Morrison Ltd,2544
2020-06-05,Decision São Paulo,Morrison Ltd,2543
2020-06-05,Decision São Paulo,Morrison Ltd,2542
2020-06-05,Decision São Paulo,Morrison Ltd,2541
2020-06-05,Decision São Paulo,Gonzalez and Sons,2540
2020-06-04,Decision São Paulo,Gonzalez and Sons,2539
2020-06-04,Decision São Paulo,Gonzalez and Sons,2538
2020-06-03,Decision São Paulo,"Morris, Moran and Dodson",2537
2020-06-03,Decision São Paulo,"Morris, Moran and Dodson",2536
2020-06-03,Decision Campinas,Miller-Curry,2535
2020-06-03,Decision Campinas,Miller-Curry,2534
2020-06-03,Decision Campinas,Miller-Curry,2533
2020-06-03,Decision Campinas,Miller-Curry,2532
2020-06-03,Decision Campinas,Miller-Curry,2531
2020-06-03,Decision Campinas,Miller-Curry,2530
2020-06-03,Decision Campinas,Miller-Curry,2529
2020-06-03,Decision Campinas,Miller-Curry,2528
2020-06-03,Decision Campinas,Miller-Curry,2527
2020-06-03,Decision Campinas,Miller-Curry,2526
2020-06-03,Decision São Paulo,Morrison Ltd,2525
2020-06-02,Decision São Paulo,Gonzalez and Sons,2524
2020-06-02,Decision São Paulo,Gonzalez and Sons,2523
2020-06-01,Decision Campinas,Miller-Curry,2522
2020-06-01,Decision Campinas,Miller-Curry,2521
2020-05-29,Decision São Paulo,"Morris, Moran and Dodson",2520
2020-05-28,Decision São Paulo,"Morris, Moran and Dodson",2519
2020-05-28,Decision São Paulo,"Morris, Moran and Dodson",2518
2020-05-28,Decision São Paulo,"Morris, Moran and Dodson",2517
2020-05-28,Decision São Paulo,"Morris, Moran and Dodson",2516
2020-05-28,Decision São Paulo,"Morris, Moran and Dodson",2515
2020-05-28,Decision São Paulo,King-Russell,2514
2020-05-28,Decision São Paulo,King-Russell,2513
2020-05-28,Decision São Paulo,King-Russell,2512
2020-05-28,Decision São Paulo,"Morris, Moran and Dodson",2511
2020-05-28,Decision São Paulo,"Morris, Moran and Dodson",2510
2020-05-28,Decision São Paulo,Johnson-Aguirre,2509
2020-05-28,Decision São Paulo,Johnson-Aguirre,2508
2020-05-28,Decision São Paulo,Johnson-Aguirre,2507
2020-05-28,Decision São Paulo,Johnson-Aguirre,2506
2020-05-28,Decision Campinas,Miller-Curry,2505
2020-05-27,Decision São Paulo,Nelson-Page,2504
2020-05-27,Decision São Paulo,Nelson-Page,2503
2020-05-26,Decision São Paulo,Nelson-Page,2502
2020-05-25,Decision São Paulo,Johnson-Aguirre,2501
2020-05-25,Decision São Paulo,Johnson-Aguirre,2500
2020-05-25,Decision São Paulo,Johnson-Aguirre,2499
2020-05-25,Decision São Paulo,Johnson-Aguirre,2498
2020-05-25,Decision São Paulo,Johnson-Aguirre,2497
2020-05-25,Decision São Paulo,Johnson-Aguirre,2496
2020-05-25,Decision São Paulo,Johnson-Aguirre,2495
2020-05-25,Decision São Paulo,Johnson-Aguirre,2494
2020-05-25,Decision São Paulo,Johnson-Aguirre,2493
2020-05-25,Decision São Paulo,Johnson-Aguirre,2492
2020-05-25,Decision São Paulo,Johnson-Aguirre,2491
2020-05-25,Decision São Paulo,Johnson-Aguirre,2490
2020-05-25,Decision São Paulo,Johnson-Aguirre,2489
2020-05-25,Decision São Paulo,Johnson-Aguirre,2488
2020-05-25,Decision São Paulo,Johnson-Aguirre,2487
2020-05-22,Decision São Paulo,"Morris, Moran and Dodson",2486
2020-05-22,Decision São Paulo,Morrison Ltd,2485
2020-05-22,Decision São Paulo,"Morris, Moran and Dodson",2484
2020-05-22,Decision São Paulo,"Morris, Moran and Dodson",2483
2020-05-21,Decision São Paulo,Barnes-Woods,2482
2020-05-20,Decision São Paulo,Mann and Sons,2481
2020-05-19,Decision São Paulo,"Morris, Moran and Dodson",2480
2020-05-19,Decision São Paulo,"Morris, Moran and Dodson",2479
2020-05-19,Decision São Paulo,"Morris, Moran and Dodson",2478
2020-05-18,Decision São Paulo,"Morris, Moran and Dodson",2477
2020-05-18,Decision São Paulo,Dougherty-Arnold,2476
2020-05-18,Decision São Paulo,Dougherty-Arnold,2475
2020-05-15,Decision Campinas,Miller-Curry,2474
2020-05-15,Decision Campinas,Miller-Curry,2473
2020-05-14,Decision Campinas,Miller-Curry,2472
2020-05-14,Decision Campinas,Miller-Curry,2471
2020-05-14,Decision São Paulo,Morrison Ltd,2470
2020-05-14,Decision São Paulo,Morrison Ltd,2469
2020-05-14,Decision São Paulo,Morrison Ltd,2468
2020-05-14,Decision São Paulo,Morrison Ltd,2467
2020-05-13,Decision São Paulo,Callahan-Hall,2466
2020-05-13,Decision São Paulo,Callahan-Hall,2465
2020-05-13,Decision São Paulo,Callahan-Hall,2464
2020-05-13,Decision Campinas,Miller-Curry,2463
2020-05-12,Decision São Paulo,Gonzalez and Sons,2462
2020-05-08,Decision São Paulo,"Morris, Moran and Dodson",2461
2020-05-07,Decision São Paulo,Dougherty-Arnold,2460
2020-05-07,Decision São Paulo,Mann and Sons,2459
2020-05-07,Decision São Paulo,Mann and Sons,2458
2020-05-06,Decision São Paulo,Mann and Sons,2457
2020-05-06,Decision São Paulo,"Morris, Moran and Dodson",2456
2020-05-06,Decision Campinas,Miller-Curry,2455
2020-05-05,Decision São Paulo,"Morris, Moran and Dodson",2454
2020-05-05,Decision São Paulo,"Morris, Moran and Dodson",2453
2020-05-05,Decision São Paulo,Dougherty-Arnold,2452
2020-05-05,Decision São Paulo,Dougherty-Arnold,2451
2020-05-05,Decision São Paulo,Dougherty-Arnold,2450
2020-05-05,Decision São Paulo,Dougherty-Arnold,2449
2020-05-04,Decision São Paulo,Nelson-Page,2448
2020-05-04,Decision São Paulo,Nelson-Page,2447
2020-05-04,Decision São Paulo,Nelson-Page,2446
2020-05-04,Decision São Paulo,Nelson-Page,2445
2020-05-04,Decision São Paulo,Nelson-Page,2444
2020-05-04,Decision São Paulo,Nelson-Page,2443
2020-05-04,Decision São Paulo,Nelson-Page,2442
2020-05-04,Decision São Paulo,Nelson-Page,2441
2020-05-04,Decision São Paulo,Nelson-Page,2440
2020-05-04,Decision São Paulo,Nelson-Page,2439
2020-05-04,Decision Campinas,Miller-Curry,2438
2020-04-30,Decision São Paulo,Morrison Ltd,2437
2020-04-30,Decision Campinas,Miller-Curry,2436
2020-04-29,Decision São Paulo,Morrison Ltd,2435
2020-04-29,Decision Campinas,Miller-Curry,2434
2020-04-29,Decision São Paulo,"Morris, Moran and Dodson",2432
2020-04-29,Decision São Paulo,"Morris, Moran and Dodson",2431
2020-04-29,Decision São Paulo,"Morris, Moran and Dodson",2430
2020-04-29,Decision Campinas,Miller-Curry,2429
2020-04-29,Decision Campinas,Miller-Curry,2428
2020-04-28,Decision São Paulo,King-Russell,2427
2020-04-28,Decision São Paulo,Mann and Sons,2426
2020-04-28,Decision Campinas,Miller-Curry,2425
2020-04-28,Decision Campinas,Miller-Curry,2424
2020-04-27,Decision São Paulo,King-Russell,2423
2020-04-24,Decision São Paulo,"Morris, Moran and Dodson",2422
2020-04-24,Decision São Paulo,"Morris, Moran and Dodson",2421
2020-04-24,Decision São Paulo,"Morris, Moran and Dodson",2420
2020-04-24,Decision São Paulo,"Morris, Moran and Dodson",2419
2020-04-24,Decision São Paulo,"Morris, Moran and Dodson",2418
2020-04-24,Decision São Paulo,"Morris, Moran and Dodson",2417
2020-04-24,Decision São Paulo,Gonzalez and Sons,2416
2020-04-23,Decision São Paulo,"Morris, Moran and Dodson",2415
2020-04-23,Decision São Paulo,Mann and Sons,2414
2020-04-23,Decision Campinas,Mitchell LLC,2413
2020-04-23,Decision Campinas,Mitchell LLC,2412
2020-04-23,Decision Campinas,Miller-Curry,2411
2020-04-20,Decision São Paulo,"Morris, Moran and Dodson",2410
2020-04-20,Decision São Paulo,"Morris, Moran and Dodson",2409
2020-04-20,Decision São Paulo,"Morris, Moran and Dodson",2408
2020-04-17,Decision São Paulo,Gonzalez and Sons,2407
2020-04-17,Decision São Paulo,Gonzalez and Sons,2406
2020-04-17,Decision São Paulo,King-Russell,2405
2020-04-17,Decision São Paulo,Mann and Sons,2404
2020-04-16,Decision São Paulo,"Morris, Moran and Dodson",2403
2020-04-16,Decision São Paulo,"Morris, Moran and Dodson",2402
2020-04-16,Decision São Paulo,Gonzalez and Sons,2401
2020-04-14,Decision Campinas,Miller-Curry,2400
2020-04-14,Decision Campinas,Miller-Curry,2399
2020-04-14,Decision Campinas,Miller-Curry,2398
2020-04-14,Decision Campinas,Miller-Curry,2397
2020-04-09,Decision São Paulo,"Morris, Moran and Dodson",2396
2020-04-09,Decision São Paulo,Gonzalez and Sons,2395
2020-04-09,Decision São Paulo,Callahan-Hall,2394
2020-04-09,Decision São Paulo,Callahan-Hall,2393
2020-04-09,Decision São Paulo,Barnes-Woods,2392
2020-04-08,Decision São Paulo,Gonzalez and Sons,2391
2020-04-07,Decision São Paulo,"Morris, Moran and Dodson",2390
2020-04-07,Decision São Paulo,"Morris, Moran and Dodson",2389
2020-04-07,Decision São Paulo,Johnson-Aguirre,2388
2020-04-06,Decision São Paulo,Callahan-Hall,2387
2020-04-06,Decision São Paulo,Callahan-Hall,2386
2020-04-03,Decision São Paulo,Mann and Sons,2385
2020-04-03,Decision São Paulo,"Morris, Moran and Dodson",2384
2020-04-03,Decision São Paulo,"Morris, Moran and Dodson",2383
2020-04-03,Decision São Paulo,"Morris, Moran and Dodson",2382
2020-04-03,Decision São Paulo,"Morris, Moran and Dodson",2381
2020-04-03,Decision São Paulo,"Morris, Moran and Dodson",2380
2020-04-03,Decision São Paulo,"Morris, Moran and Dodson",2379
2020-04-03,Decision São Paulo,Gonzalez and Sons,2378
2020-04-02,Decision São Paulo,Nelson-Page,2377
2020-04-02,Decision São Paulo,"Morris, Moran and Dodson",2376
2020-04-02,Decision São Paulo,"Morris, Moran and Dodson",2375
2020-04-01,Decision São Paulo,King-Russell,2374
2020-04-01,Decision São Paulo,Gonzalez and Sons,2373
2020-04-01,Decision São Paulo,Gonzalez and Sons,2372
2020-04-01,Decision São Paulo,Mann and Sons,2371
2020-04-01,Decision São Paulo,Mann and Sons,2370
2020-04-01,Decision São Paulo,"Morris, Moran and Dodson",2369
2020-04-01,Decision São Paulo,Gonzalez and Sons,2368
2020-03-31,Decision Campinas,Miller-Curry,2367
2020-03-31,Decision Campinas,Miller-Curry,2366
2020-03-30,Decision São Paulo,Walters Group,2365
2020-03-30,Decision São Paulo,"Morris, Moran and Dodson",2364
2020-03-30,Decision São Paulo,Gonzalez and Sons,2363
2020-03-27,Decision Campinas,Miller-Curry,2362
2020-03-27,Decision Campinas,Miller-Curry,2361
2020-03-27,Decision São Paulo,Barnes-Woods,2360
2020-03-27,Decision São Paulo,Morrison Ltd,2359
2020-03-27,Decision Campinas,Miller-Curry,2357
2020-03-26,Decision São Paulo,Gonzalez and Sons,2356
2020-03-26,Decision São Paulo,"Morris, Moran and Dodson",2355
2020-03-26,Decision São Paulo,"Morris, Moran and Dodson",2354
2020-03-26,Decision São Paulo,"Morris, Moran and Dodson",2353
2020-03-26,Decision São Paulo,"Morris, Moran and Dodson",2352
2020-03-26,Decision São Paulo,"Morris, Moran and Dodson",2351
2020-03-26,Decision São Paulo,"Morris, Moran and Dodson",2350
2020-03-26,Decision Campinas,Miller-Curry,2349
2020-03-26,Decision Campinas,Miller-Curry,2348
2020-03-26,Decision Campinas,Miller-Curry,2347
2020-03-26,Decision São Paulo,Dougherty-Arnold,2346
2020-03-25,Decision Campinas,Miller-Curry,2345
2020-03-25,Decision Campinas,Miller-Curry,2344
2020-03-25,Decision São Paulo,Gonzalez and Sons,2343
2020-03-25,Decision São Paulo,Gonzalez and Sons,2342
2020-03-24,Decision São Paulo,Barnes-Woods,2341
2020-03-24,Decision São Paulo,Barnes-Woods,2340
2020-03-24,Decision São Paulo,Barnes-Woods,2339
2020-03-24,Decision São Paulo,Barnes-Woods,2338
2020-03-24,Decision São Paulo,Gonzalez and Sons,2337
2020-03-24,Decision São Paulo,Barnes-Woods,2336
2020-03-24,Decision São Paulo,Barnes-Woods,2335
2020-03-24,Decision São Paulo,Barnes-Woods,2334
2020-03-24,Decision São Paulo,Barnes-Woods,2333
2020-03-24,Decision São Paulo,Gonzalez and Sons,2332
2020-03-23,Decision Campinas,Miller-Curry,2331
2020-03-23,Decision Campinas,Miller-Curry,2330
2020-03-23,Decision São Paulo,Barnes-Woods,2329
2020-03-23,Decision Campinas,Miller-Curry,2328
2020-03-23,Decision Campinas,Miller-Curry,2327
2020-03-23,Decision São Paulo,Morrison Ltd,2326
2020-03-23,Decision São Paulo,King-Russell,2325
2020-03-20,Decision São Paulo,Morrison Ltd,2324
2020-03-20,Decision São Paulo,Morrison Ltd,2323
2020-03-20,Decision São Paulo,Morrison Ltd,2322
2020-03-20,Decision São Paulo,Gonzalez and Sons,2321
2020-03-20,Decision São Paulo,Gonzalez and Sons,2320
2020-03-19,Decision São Paulo,Gonzalez and Sons,2319
2020-03-19,Decision São Paulo,Gonzalez and Sons,2318
2020-03-19,Decision São Paulo,King-Russell,2317
2020-03-18,Decision São Paulo,King-Russell,2316
2020-03-18,Decision São Paulo,Nelson-Page,2315
2020-03-18,Decision São Paulo,Dougherty-Arnold,2314
2020-03-18,Decision Campinas,Miller-Curry,2313
2020-03-18,Decision Campinas,Miller-Curry,2312
2020-03-18,Decision São Paulo,Gonzalez and Sons,2311
2020-03-18,Decision Campinas,Miller-Curry,2310
2020-03-18,Decision Campinas,Miller-Curry,2309
2020-03-18,Decision Campinas,Miller-Curry,2308
2020-03-18,Decision Campinas,Miller-Curry,2307
2020-03-18,Decision Campinas,Miller-Curry,2306
2020-03-18,Decision Campinas,Miller-Curry,2305
2020-03-17,Decision São Paulo,"Morris, Moran and Dodson",2304
2020-03-17,Decision Campinas,Miller-Curry,2303
2020-03-17,Decision São Paulo,Dougherty-Arnold,2302
2020-03-17,Decision São Paulo,Dougherty-Arnold,2301
2020-03-17,Decision São Paulo,"Morris, Moran and Dodson",2300
2020-03-16,Decision São Paulo,Barnes-Woods,2299
2020-03-16,Decision São Paulo,King-Russell,2298
2020-03-16,Decision São Paulo,Morrison Ltd,2297
2020-03-16,Decision São Paulo,Morrison Ltd,2296
2020-03-13,Decision São Paulo,Gonzalez and Sons,2295
2020-03-13,Decision São Paulo,Gonzalez and Sons,2294
2020-03-12,Decision São Paulo,Gonzalez and Sons,2293
2020-03-12,Decision São Paulo,"Morris, Moran and Dodson",2292
2020-03-12,Decision São Paulo,"Morris, Moran and Dodson",2291
2020-03-12,Decision São Paulo,"Morris, Moran and Dodson",2290
2020-03-12,Decision São Paulo,Nelson-Page,2289
2020-03-12,Decision São Paulo,Nelson-Page,2288
2020-03-12,Decision São Paulo,Nelson-Page,2287
2020-03-12,Decision São Paulo,Nelson-Page,2286
2020-03-12,Decision São Paulo,Morrison Ltd,2284
2020-03-12,Decision São Paulo,Walters Group,2283
2020-03-12,Decision Campinas,Miller-Curry,2282
2020-03-12,Decision Campinas,Miller-Curry,2281
2020-03-12,Decision São Paulo,"Morris, Moran and Dodson",2280
2020-03-12,Decision Campinas,Miller-Curry,2279
2020-03-12,Decision Campinas,Miller-Curry,2278
2020-03-12,Decision Campinas,Miller-Curry,2277
2020-03-12,Decision Campinas,Miller-Curry,2276
2020-03-12,Decision Campinas,Miller-Curry,2275
2020-03-11,Decision São Paulo,King-Russell,2274
2020-03-11,Decision São Paulo,Morrison Ltd,2273
2020-03-11,Decision São Paulo,"Morris, Moran and Dodson",2272
2020-03-11,Decision São Paulo,"Morris, Moran and Dodson",2271
2020-03-10,Decision São Paulo,"Morris, Moran and Dodson",2270
2020-03-10,Decision São Paulo,Nelson-Page,2269
2020-03-10,Decision São Paulo,King-Russell,2268
2020-03-10,Decision São Paulo,Morrison Ltd,2267
2020-03-10,Decision São Paulo,Nelson-Page,2266
2020-03-10,Decision São Paulo,Nelson-Page,2265
2020-03-09,Decision São Paulo,Barnes-Woods,2264
2020-03-09,Decision São Paulo,Barnes-Woods,2263
2020-03-09,Decision São Paulo,Barnes-Woods,2262
2020-03-09,Decision São Paulo,Barnes-Woods,2261
2020-03-09,Decision São Paulo,Barnes-Woods,2260
2020-03-09,Decision São Paulo,Callahan-Hall,2259
2020-03-09,Decision São Paulo,Callahan-Hall,2258
2020-03-09,Decision São Paulo,"Morris, Moran and Dodson",2257
2020-03-06,Decision São Paulo,"Morris, Moran and Dodson",2256
2020-03-06,Decision São Paulo,"Morris, Moran and Dodson",2255
2020-03-06,Decision São Paulo,"Morris, Moran and Dodson",2254
2020-03-06,Decision São Paulo,"Morris, Moran and Dodson",2253
2020-03-06,Decision São Paulo,"Morris, Moran and Dodson",2252
2020-03-06,Decision São Paulo,"Morris, Moran and Dodson",2251
2020-03-05,Decision São Paulo,Nelson-Page,2250
2020-03-05,Decision São Paulo,Gonzalez and Sons,2249
2020-03-05,Decision São Paulo,Morrison Ltd,2248
2020-03-05,Decision São Paulo,Nelson-Page,2247
2020-03-05,Decision São Paulo,"Morris, Moran and Dodson",2246
2020-03-04,Decision São Paulo,Callahan-Hall,2245
2020-03-04,Decision São Paulo,"Morris, Moran and Dodson",2244
2020-03-04,Decision São Paulo,Nelson-Page,2243
2020-03-04,Decision São Paulo,Nelson-Page,2242
2020-03-04,Decision São Paulo,Nelson-Page,2241
2020-03-04,Decision São Paulo,Nelson-Page,2240
2020-03-04,Decision São Paulo,Nelson-Page,2239
2020-03-04,Decision São Paulo,"Morris, Moran and Dodson",2238
2020-03-04,Decision São Paulo,Gonzalez and Sons,2237
2020-03-04,Decision São Paulo,"Morris, Moran and Dodson",2236
2020-03-04,Decision São Paulo,"Morris, Moran and Dodson",2235
2020-03-04,Decision São Paulo,"Morris, Moran and Dodson",2234
2020-03-04,Decision São Paulo,"Morris, Moran and Dodson",2233
2020-03-04,Decision São Paulo,Gonzalez and Sons,2232
2020-03-04,Decision São Paulo,"Morris, Moran and Dodson",2231
2020-03-04,Decision São Paulo,Mann and Sons,2230
2020-03-04,Decision São Paulo,Mann and Sons,2229
2020-03-03,Decision São Paulo,Gonzalez and Sons,2228
2020-03-03,Decision São Paulo,Morrison Ltd,2227
2020-03-03,Decision São Paulo,"Morris, Moran and Dodson",2226
2020-03-03,Decision São Paulo,"Morris, Moran and Dodson",2225
2020-03-03,Decision São Paulo,"Morris, Moran and Dodson",2224
2020-03-03,Decision São Paulo,"Morris, Moran and Dodson",2223
2020-03-02,Decision São Paulo,"Morris, Moran and Dodson",2222
2020-03-02,Decision São Paulo,Gonzalez and Sons,2221
2020-03-02,Decision São Paulo,Morrison Ltd,2220
2020-03-02,Decision Campinas,Miller-Curry,2219
2020-02-28,Decision São Paulo,Mann and Sons,2218
2020-02-28,Decision São Paulo,"Morris, Moran and Dodson",2217
2020-02-28,Decision São Paulo,"Morris, Moran and Dodson",2216
2020-02-28,Decision São Paulo,"Morris, Moran and Dodson",2215
2020-02-28,Decision São Paulo,"Morris, Moran and Dodson",2214
2020-02-28,Decision São Paulo,Callahan-Hall,2213
2020-02-28,Decision São Paulo,Gonzalez and Sons,2212
2020-02-27,Decision Campinas,Miller-Curry,2211
2020-02-27,Decision Campinas,Miller-Curry,2210
2020-02-27,Decision Campinas,Miller-Curry,2209
2020-02-27,Decision São Paulo,Morrison Ltd,2208
2020-02-27,Decision São Paulo,Morrison Ltd,2207
2020-02-27,Decision São Paulo,"Morris, Moran and Dodson",2206
2020-02-26,Decision São Paulo,Morrison Ltd,2205
2020-02-26,Decision São Paulo,Morrison Ltd,2204
2020-02-26,Decision São Paulo,Morrison Ltd,2203
2020-02-26,Decision São Paulo,Morrison Ltd,2202
2020-02-26,Decision São Paulo,Nelson-Page,2201
2020-02-26,Decision São Paulo,Nelson-Page,2200
2020-02-26,Decision São Paulo,Mann and Sons,2199
2020-02-26,Decision São Paulo,Mann and Sons,2198
2020-02-26,Decision São Paulo,Mann and Sons,2197
2020-02-26,Decision São Paulo,Mann and Sons,2196
2020-02-26,Decision São Paulo,Mann and Sons,2195
2020-02-26,Decision São Paulo,Mann and Sons,2194
2020-02-26,Decision São Paulo,Mann and Sons,2193
2020-02-26,Decision São Paulo,Nelson-Page,2192
2020-02-26,Decision São Paulo,Mann and Sons,2191
2020-02-26,Decision São Paulo,Mann and Sons,2190
2020-02-26,Decision São Paulo,Morrison Ltd,2189
2020-02-24,Decision São Paulo,Barnes-Woods,2188
2020-02-21,Decision São Paulo,Mann and Sons,2187
2020-02-21,Decision São Paulo,Mann and Sons,2186
2020-02-21,Decision São Paulo,Mann and Sons,2185
2020-02-21,Decision São Paulo,Mann and Sons,2184
2020-02-21,Decision São Paulo,Mann and Sons,2183
2020-02-21,Decision São Paulo,Mann and Sons,2182
2020-02-21,Decision Campinas,Miller-Curry,2181
2020-02-21,Decision Campinas,Miller-Curry,2180
2020-02-21,Decision Campinas,Miller-Curry,2179
2020-02-21,Decision Campinas,Miller-Curry,2178
2020-02-21,Decision Campinas,Miller-Curry,2177
2020-02-21,Decision São Paulo,Mann and Sons,2176
2020-02-21,Decision Campinas,Miller-Curry,2175
2020-02-21,Decision Campinas,Miller-Curry,2174
2020-02-21,Decision São Paulo,Mann and Sons,2173
2020-02-21,Decision São Paulo,Mann and Sons,2172
2020-02-21,Decision São Paulo,Mann and Sons,2171
2020-02-21,Decision São Paulo,Walters Group,2170
2020-02-21,Decision São Paulo,Walters Group,2169
2020-02-21,Decision São Paulo,Walters Group,2168
2020-02-20,Decision São Paulo,Nelson-Page,2167
2020-02-20,Decision São Paulo,Nelson-Page,2166
2020-02-20,Decision São Paulo,Gonzalez and Sons,2165
2020-02-20,Decision São Paulo,Gonzalez and Sons,2164
2020-02-19,Decision São Paulo,Morrison Ltd,2163
2020-02-18,Decision São Paulo,Morrison Ltd,2162
2020-02-18,Decision São Paulo,Morrison Ltd,2161
2020-02-18,Decision Campinas,Miller-Curry,2160
2020-02-18,Decision São Paulo,"Morris, Moran and Dodson",2159
2020-02-18,Decision São Paulo,"Morris, Moran and Dodson",2158
2020-02-14,Decision São Paulo,Nelson-Page,2157
2020-02-14,Decision São Paulo,Morrison Ltd,2156
2020-02-14,Decision São Paulo,Morrison Ltd,2155
2020-02-14,Decision São Paulo,Morrison Ltd,2154
2020-02-14,Decision São Paulo,Morrison Ltd,2153
2020-02-14,Decision São Paulo,Morrison Ltd,2152
2020-02-14,Decision São Paulo,Morrison Ltd,2151
2020-02-14,Decision São Paulo,Morrison Ltd,2150
2020-02-14,Decision São Paulo,Morrison Ltd,2149
2020-02-14,Decision São Paulo,"Morris, Moran and Dodson",2148
2020-02-14,Decision São Paulo,Mann and Sons,2147
2020-02-13,Decision São Paulo,Callahan-Hall,2146
2020-02-13,Decision São Paulo,Callahan-Hall,2145
2020-02-13,Decision São Paulo,Morrison Ltd,2144
2020-02-13,Decision São Paulo,Morrison Ltd,2143
2020-02-13,Decision São Paulo,Morrison Ltd,2142
2020-02-13,Decision São Paulo,Morrison Ltd,2141
2020-02-13,Decision São Paulo,Morrison Ltd,2140
2020-02-13,Decision São Paulo,Mann and Sons,2139
2020-02-13,Decision São Paulo,Mann and Sons,2138
2020-02-13,Decision São Paulo,Mann and Sons,2137
2020-02-13,Decision São Paulo,Mann and Sons,2136
2020-02-13,Decision São Paulo,Mann and Sons,2135
2020-02-13,Decision São Paulo,Mann and Sons,2134
2020-02-13,Decision São Paulo,Morrison Ltd,2133
2020-02-13,Decision São Paulo,Morrison Ltd,2132
2020-02-13,Decision São Paulo,Callahan-Hall,2131
2020-02-13,Decision São Paulo,Gonzalez and Sons,2130
2020-02-13,Decision São Paulo,Gonzalez and Sons,2129
2020-02-12,Decision São Paulo,"Morris, Moran and Dodson",2128
2020-02-12,Decision São Paulo,Dougherty-Gilbert,2127
2020-02-12,Decision São Paulo,Morrison Ltd,2126
2020-02-12,Decision São Paulo,Morrison Ltd,2125
2020-02-11,Decision São Paulo,Johnson-Aguirre,2124
2020-02-11,Decision São Paulo,Nelson-Page,2123
2020-02-11,Decision São Paulo,Gonzalez and Sons,2122
2020-02-10,Decision Campinas,Miller-Curry,2121
2020-02-10,Decision Campinas,Miller-Curry,2120
2020-02-10,Decision Campinas,Miller-Curry,2119
2020-02-10,Decision São Paulo,Morrison Ltd,2118
2020-02-10,Decision São Paulo,Walters Group,2117
2020-02-10,Decision São Paulo,Walters Group,2116
2020-02-10,Decision São Paulo,Walters Group,2115
2020-02-10,Decision São Paulo,Walters Group,2114
2020-02-07,Decision Campinas,Miller-Curry,2113
2020-02-07,Decision Campinas,Miller-Curry,2112
2020-02-07,Decision Campinas,Miller-Curry,2111
2020-02-07,Decision Campinas,Miller-Curry,2110
2020-02-07,Decision Campinas,Miller-Curry,2109
2020-02-06,Decision São Paulo,Gonzalez and Sons,2108
2020-02-06,Decision São Paulo,Gonzalez and Sons,2107
2020-02-06,Decision São Paulo,"Morris, Moran and Dodson",2106
2020-02-05,Decision São Paulo,Morrison Ltd,2105
2020-02-05,Decision São Paulo,"Morris, Moran and Dodson",2104
2020-02-04,Decision São Paulo,Nelson-Page,2103
2020-02-04,Decision São Paulo,Morrison Ltd,2102
2020-02-04,Decision São Paulo,Morrison Ltd,2101
2020-02-04,Decision São Paulo,"Herman, Petty and Singleton",2100
2020-02-04,Decision São Paulo,Mann and Sons,2099
2020-02-03,Decision São Paulo,Jimenez PLC,2098
2020-02-03,Decision São Paulo,Gonzalez and Sons,2097
2020-01-31,Decision Campinas,Miller-Curry,2096
2020-01-31,Decision São Paulo,Gonzalez and Sons,2095
2020-01-31,Decision Campinas,Miller-Curry,2094
2020-01-31,Decision São Paulo,"Morris, Moran and Dodson",2093
2020-01-31,Decision São Paulo,"Morris, Moran and Dodson",2092
2020-01-30,Decision Campinas,Miller-Curry,2091
2020-01-30,Decision Campinas,Miller-Curry,2090
2020-01-30,Decision Campinas,Miller-Curry,2089
2020-01-30,Decision São Paulo,Gonzalez and Sons,2088
2020-01-30,Decision São Paulo,Gonzalez and Sons,2087
2020-01-30,Decision São Paulo,Gonzalez and Sons,2086
2020-01-30,Decision São Paulo,Gonzalez and Sons,2085
2020-01-30,Decision São Paulo,Gonzalez and Sons,2084
2020-01-30,Decision São Paulo,Gonzalez and Sons,2083
2020-01-30,Decision São Paulo,"Morris, Moran and Dodson",2082
2020-01-29,Decision Campinas,Miller-Curry,2081
2020-01-29,Decision São Paulo,Barnes-Woods,2080
2020-01-29,Decision São Paulo,Barnes-Woods,2079
2020-01-29,Decision São Paulo,Bennett Group,2078
2020-01-29,Decision São Paulo,Mann and Sons,2077
2020-01-28,Decision Campinas,Miller-Curry,2076
2020-01-28,Decision Campinas,Miller-Curry,2075
2020-01-28,Decision Campinas,Miller-Curry,2074
2020-01-28,Decision Campinas,Miller-Curry,2073
2020-01-28,Decision Campinas,Miller-Curry,2072
2020-01-28,Decision Campinas,Miller-Curry,2071
2020-01-28,Decision Campinas,Miller-Curry,2070
2020-01-28,Decision Campinas,Miller-Curry,2069
2020-01-28,Decision Campinas,Miller-Curry,2068
2020-01-28,Decision Campinas,Miller-Curry,2067
2020-01-28,Decision Campinas,Miller-Curry,2066
2020-01-28,Decision Campinas,Miller-Curry,2065
2020-01-28,Decision Campinas,Miller-Curry,2064
2020-01-28,Decision São Paulo,Bennett Group,2063
2020-01-28,Decision São Paulo,King-Russell,2062
2020-01-28,Decision São Paulo,Mann and Sons,2061
2020-01-28,Decision São Paulo,Morrison Ltd,2060
2020-01-28,Decision Campinas,Miller-Curry,2059
2020-01-28,Decision Campinas,Miller-Curry,2058
2020-01-27,Decision São Paulo,Johnson-Aguirre,2057
2020-01-27,Decision São Paulo,Johnson-Aguirre,2056
2020-01-27,Decision Campinas,Miller-Curry,2055
2020-01-27,Decision São Paulo,Johnson-Aguirre,2054
2020-01-27,Decision São Paulo,Johnson-Aguirre,2053
2020-01-27,Decision São Paulo,Gonzalez and Sons,2052
2020-01-27,Decision São Paulo,Morrison Ltd,2051
2020-01-24,Decision São Paulo,"Morris, Moran and Dodson",2050
2020-01-24,Decision São Paulo,Mann and Sons,2049
2020-01-24,Decision São Paulo,Callahan-Hall,2048
2020-01-24,Decision São Paulo,Barnes-Woods,2047
2020-01-24,Decision São Paulo,Barnes-Woods,2046
2020-01-24,Decision São Paulo,Gonzalez and Sons,2045
2020-01-24,Decision São Paulo,Gonzalez and Sons,2044
2020-01-23,Decision São Paulo,Nelson-Page,2043
2020-01-23,Decision São Paulo,Nelson-Page,2042
2020-01-23,Decision São Paulo,Nelson-Page,2041
2020-01-23,Decision São Paulo,Nelson-Page,2040
2020-01-23,Decision São Paulo,Nelson-Page,2039
2020-01-23,Decision São Paulo,Nelson-Page,2038
2020-01-23,Decision São Paulo,Nelson-Page,2037
2020-01-23,Decision São Paulo,Nelson-Page,2036
2020-01-23,Decision São Paulo,Nelson-Page,2035
2020-01-23,Decision São Paulo,Mann and Sons,2034
2020-01-23,Decision São Paulo,Morrison Ltd,2033
2020-01-23,Decision São Paulo,"Morris, Moran and Dodson",2032
2020-01-23,Decision São Paulo,"Morris, Moran and Dodson",2031
2020-01-23,Decision São Paulo,"Morris, Moran and Dodson",2030
2020-01-23,Decision São Paulo,"Morris, Moran and Dodson",2029
2020-01-23,Decision São Paulo,"Morris, Moran and Dodson",2028
2020-01-23,Decision São Paulo,"Morris, Moran and Dodson",2027
2020-01-23,Decision São Paulo,"Morris, Moran and Dodson",2026
2020-01-22,Decision São Paulo,Gonzalez and Sons,2025
2020-01-22,Decision São Paulo,Mann and Sons,2024
2020-01-22,Decision São Paulo,Gonzalez and Sons,2023
2020-01-22,Decision São Paulo,"Morris, Moran and Dodson",2022
2020-01-22,Decision São Paulo,Gonzalez and Sons,2021
2020-01-22,Decision São Paulo,Gonzalez and Sons,2020
2020-01-22,Decision São Paulo,Morrison Ltd,2019
2020-01-22,Decision São Paulo,"Morris, Moran and Dodson",2018
2020-01-21,Decision São Paulo,Nelson-Page,2017
2020-01-21,Decision São Paulo,Gonzalez and Sons,2016
2020-01-21,Decision São Paulo,Gonzalez and Sons,2015
2020-01-19,Decision São Paulo,Harrell Group,2014
2020-01-16,Decision São Paulo,Gonzalez and Sons,2013
2020-01-16,Decision São Paulo,Gonzalez and Sons,2012
2020-01-16,Decision São Paulo,Gonzalez and Sons,2011
2020-01-16,Decision São Paulo,Gonzalez and Sons,2010
2020-01-16,Decision São Paulo,Gonzalez and Sons,2009
2020-01-16,Decision São Paulo,"Morris, Moran and Dodson",2007
2020-01-15,Decision São Paulo,"Morris, Moran and Dodson",2006
2020-01-15,Decision São Paulo,Mann and Sons,2005
2020-01-15,Decision São Paulo,Bennett Group,2004
2020-01-15,Decision Campinas,Miller-Curry,2003
2020-01-15,Decision São Paulo,"Morris, Moran and Dodson",2001
2020-01-14,Decision São Paulo,Barnes-Woods,2000
2020-01-14,Decision São Paulo,Barnes-Woods,1999
2020-01-14,Decision São Paulo,Gonzalez and Sons,1998
2020-01-14,Decision São Paulo,Morrison Ltd,1997
2020-01-14,Decision São Paulo,Morrison Ltd,1996
2020-01-14,Decision São Paulo,Morrison Ltd,1995
2020-01-14,Decision São Paulo,Morrison Ltd,1994
2020-01-14,Decision São Paulo,Morrison Ltd,1993
2020-01-14,Decision São Paulo,Morrison Ltd,1992
2020-01-14,Decision São Paulo,Morrison Ltd,1991
2020-01-14,Decision São Paulo,Morrison Ltd,1990
2020-01-14,Decision São Paulo,Morrison Ltd,1989
2020-01-13,Decision São Paulo,Gonzalez and Sons,1988
2020-01-13,Decision São Paulo,Barnes-Woods,1987
2020-01-13,Decision São Paulo,Johnson-Aguirre,1986
2020-01-13,Decision São Paulo,Morrison Ltd,1985
2020-01-13,Decision São Paulo,Morrison Ltd,1984
2020-01-13,Decision São Paulo,Morrison Ltd,1983
2020-01-13,Decision São Paulo,Morrison Ltd,1982
2020-01-12,Decision São Paulo,Callahan-Hall,1981
2020-01-12,Decision São Paulo,Callahan-Hall,1980
2020-01-12,Decision São Paulo,Callahan-Hall,1979
2020-01-12,Decision São Paulo,Callahan-Hall,1978
2020-01-12,Decision São Paulo,Callahan-Hall,1977
2020-01-12,Decision São Paulo,Callahan-Hall,1976
2020-01-12,Decision Campinas,Miller-Curry,1975
2020-01-12,Decision Campinas,Miller-Curry,1974
2020-01-12,Decision Campinas,Miller-Curry,1973
2020-01-12,Decision Campinas,Miller-Curry,1972
2020-01-12,Decision Campinas,Miller-Curry,1971
2020-01-12,Decision Campinas,Miller-Curry,1970
2020-01-12,Decision São Paulo,Mann and Sons,1969
2020-01-12,Decision São Paulo,"Wade, Bernard and Bailey",1968
2020-01-12,Decision São Paulo,"Morris, Moran and Dodson",1967
2020-01-09,Decision São Paulo,Nelson-Page,1966
2020-01-09,Decision São Paulo,Nelson-Page,1965
2020-01-09,Decision Campinas,Miller-Curry,1964
2020-01-09,Decision São Paulo,"Morris, Moran and Dodson",1963
2020-01-09,Decision São Paulo,Gonzalez and Sons,1962
2020-01-09,Decision São Paulo,Nelson-Page,1961
2020-01-09,Decision São Paulo,Nelson-Page,1960
2020-01-09,Decision Campinas,Miller-Curry,1959
2020-01-09,Decision Campinas,Miller-Curry,1958
2020-01-09,Decision Campinas,Miller-Curry,1957
2020-01-09,Decision Campinas,Miller-Curry,1956
2020-01-09,Decision Campinas,Miller-Curry,1955
2020-01-09,Decision Campinas,Miller-Curry,1954
2020-01-08,Decision São Paulo,Collins Ltd,1953
2020-01-08,Decision São Paulo,Callahan-Hall,1952
2020-01-08,Decision São Paulo,Callahan-Hall,1951
2020-01-08,Decision São Paulo,Gonzalez and Sons,1950
2020-01-08,Decision São Paulo,Gonzalez and Sons,1949
2020-01-08,Decision São Paulo,Gonzalez and Sons,1948
2020-01-08,Decision São Paulo,Gonzalez and Sons,1947
2020-01-08,Decision São Paulo,Dougherty-Gilbert,1946
2020-01-08,Decision São Paulo,Dougherty-Gilbert,1945
2020-01-07,Decision São Paulo,Dougherty-Gilbert,1944
2020-01-07,Decision São Paulo,Nelson-Page,1943
2020-01-07,Decision Campinas,Miller-Curry,1942
2020-01-06,Decision São Paulo,Jimenez PLC,1941
2020-01-06,Decision São Paulo,Jimenez PLC,1940
2020-01-06,Decision São Paulo,Harrell Group,1939
2020-01-06,Decision São Paulo,Morrison Ltd,1938
2020-01-06,Decision São Paulo,Nelson-Page,1937
2020-01-06,Decision São Paulo,Nelson-Page,1936
2020-01-06,Decision São Paulo,Nelson-Page,1935
2020-01-06,Decision São Paulo,Nelson-Page,1934
2020-01-06,Decision São Paulo,Morrison Ltd,1933
2020-01-06,Decision São Paulo,Nelson-Page,1932
2020-01-06,Decision São Paulo,Nelson-Page,1931
2020-01-05,Decision São Paulo,Callahan-Hall,1930
2020-01-05,Decision São Paulo,"Morris, Moran and Dodson",1929
2020-01-05,Decision São Paulo,"Morris, Moran and Dodson",1928
2020-01-05,Decision São Paulo,"Morris, Moran and Dodson",1927
2020-01-05,Decision São Paulo,"Morris, Moran and Dodson",1926
2020-01-05,Decision São Paulo,"Morris, Moran and Dodson",1925
2020-01-05,Decision São Paulo,"Morris, Moran and Dodson",1924
2020-01-05,Decision São Paulo,Morrison Ltd,1923
2020-01-05,Decision São Paulo,Nelson-Page,1922
2020-01-05,Decision São Paulo,Gonzalez and Sons,1921
2020-01-02,Decision São Paulo,King-Russell,1920
2020-01-01,Decision São Paulo,"Morris, Moran and Dodson",1919
2019-12-29,Decision São Paulo,Dougherty-Gilbert,1918
2019-12-29,Decision São Paulo,King-Russell,1917
2019-12-29,Decision São Paulo,Mann and Sons,1916
2019-12-26,Decision Campinas,Miller-Curry,1915
2019-12-26,Decision São Paulo,"Morris, Moran and Dodson",1914
2019-12-26,Decision Campinas,Miller-Curry,1913
2019-12-26,Decision São Paulo,Morrison Ltd,1912
2019-12-26,Decision São Paulo,"Morris, Moran and Dodson",1911
2019-12-26,Decision São Paulo,Dougherty-Gilbert,1910
2019-12-26,Decision São Paulo,Johnson-Aguirre,1909
2019-12-26,Decision São Paulo,Gonzalez and Sons,1908
2019-12-26,Decision São Paulo,Gonzalez and Sons,1907
2019-12-25,Decision Campinas,Miller-Curry,1906
2019-12-25,Decision Campinas,Miller-Curry,1905
2019-12-25,Decision Campinas,Miller-Curry,1904
2019-12-25,Decision Campinas,Miller-Curry,1903
2019-12-25,Decision Campinas,Miller-Curry,1902
2019-12-25,Decision Campinas,Miller-Curry,1901
2019-12-25,Decision Campinas,Miller-Curry,1900
2019-12-25,Decision Campinas,Miller-Curry,1899
2019-12-25,Decision Campinas,Miller-Curry,1898
2019-12-25,Decision Campinas,Miller-Curry,1897
2019-12-25,Decision Campinas,Miller-Curry,1896
2019-12-25,Decision Campinas,Miller-Curry,1895
2019-12-25,Decision Campinas,Miller-Curry,1894
2019-12-25,Decision Campinas,Miller-Curry,1893
2019-12-25,Decision Campinas,Miller-Curry,1892
2019-12-25,Decision Campinas,Miller-Curry,1891
2019-12-25,Decision Campinas,Miller-Curry,1890
2019-12-25,Decision São Paulo,Walters Group,1889
2019-12-25,Decision São Paulo,Walters Group,1888
2019-12-25,Decision São Paulo,Walters Group,1887
2019-12-25,Decision Campinas,Miller-Curry,1886
2019-12-25,Decision Campinas,Miller-Curry,1885
2019-12-25,Decision Campinas,Miller-Curry,1884
2019-12-25,Decision Campinas,Miller-Curry,1883
2019-12-25,Decision Campinas,Miller-Curry,1882
2019-12-25,Decision Campinas,Miller-Curry,1881
2019-12-25,Decision Campinas,Miller-Curry,1880
2019-12-25,Decision Campinas,Miller-Curry,1879
2019-12-25,Decision Campinas,Miller-Curry,1878
2019-12-25,Decision Campinas,Miller-Curry,1877
2019-12-25,Decision Campinas,Miller-Curry,1876
2019-12-22,Decision Campinas,Miller-Curry,1875
2019-12-22,Decision Campinas,Miller-Curry,1874
2019-12-22,Decision Campinas,Miller-Curry,1873
2019-12-22,Decision Campinas,Miller-Curry,1872
2019-12-22,Decision Campinas,Miller-Curry,1871
2019-12-22,Decision Campinas,Miller-Curry,1870
2019-12-22,Decision Campinas,Miller-Curry,1869
2019-12-22,Decision Campinas,Miller-Curry,1868
2019-12-22,Decision São Paulo,Nelson-Page,1867
2019-12-22,Decision São Paulo,Nelson-Page,1866
2019-12-22,Decision Campinas,Miller-Curry,1865
2019-12-19,Decision São Paulo,Bennett Group,1864
2019-12-19,Decision São Paulo,Bennett Group,1863
2019-12-19,Decision São Paulo,Bennett Group,1862
2019-12-19,Decision São Paulo,Bennett Group,1861
2019-12-19,Decision São Paulo,Bennett Group,1860
2019-12-19,Decision São Paulo,Bennett Group,1859
2019-12-19,Decision São Paulo,Bennett Group,1858
2019-12-19,Decision São Paulo,Bennett Group,1857
2019-12-19,Decision São Paulo,Bennett Group,1856
2019-12-19,Decision São Paulo,Gonzalez and Sons,1855
2019-12-18,Decision São Paulo,Morrison Ltd,1854
2019-12-18,Decision São Paulo,Mann and Sons,1853
2019-12-18,Decision São Paulo,Bishop-Reed,1852
2019-12-17,Decision São Paulo,"Wade, Bernard and Bailey",1851
2019-12-17,Decision São Paulo,"Morris, Moran and Dodson",1850
2019-12-16,Decision São Paulo,"Morris, Moran and Dodson",1849
2019-12-16,Decision São Paulo,Nelson-Page,1848
2019-12-15,Decision São Paulo,Callahan-Hall,1846
2019-12-15,Decision São Paulo,Callahan-Hall,1845
2019-12-15,Decision Campinas,Miller-Curry,1844
2019-12-15,Decision São Paulo,Morrison Ltd,1843
2019-12-15,Decision São Paulo,"Wade, Bernard and Bailey",1842
2019-12-15,Decision São Paulo,Nelson-Page,1841
2019-12-13,Decision Campinas,Miller-Curry,1840
2019-12-13,Decision Campinas,Miller-Curry,1839
2019-12-12,Decision Campinas,Miller-Curry,1838
2019-12-12,Decision São Paulo,Mann and Sons,1837
2019-12-11,Decision São Paulo,Morrison Ltd,1836
2019-12-11,Decision São Paulo,"Morris, Moran and Dodson",1834
2019-12-11,Decision Campinas,Miller-Curry,1833
2019-12-10,Decision São Paulo,Morrison Ltd,1832
2019-12-10,Decision São Paulo,Morrison Ltd,1831
2019-12-10,Decision São Paulo,Morrison Ltd,1830
2019-12-10,Decision São Paulo,Mann and Sons,1829
2019-12-10,Decision São Paulo,Gonzalez and Sons,1828
2019-12-09,Decision São Paulo,Gonzalez and Sons,1827
2019-12-09,Decision São Paulo,Gonzalez and Sons,1826
2019-12-09,Decision São Paulo,Gonzalez and Sons,1825
2019-12-09,Decision São Paulo,"Morris, Moran and Dodson",1824
2019-12-09,Decision São Paulo,Gonzalez and Sons,1822
2019-12-08,Decision São Paulo,Gonzalez and Sons,1821
2019-12-08,Decision São Paulo,Nelson-Page,1820
2019-12-08,Decision São Paulo,Nelson-Page,1819
2019-12-08,Decision São Paulo,Nelson-Page,1818
2019-12-08,Decision São Paulo,Nelson-Page,1817
2019-12-08,Decision São Paulo,Nelson-Page,1816
2019-12-08,Decision São Paulo,Jimenez PLC,1815
2019-12-08,Decision São Paulo,Gonzalez and Sons,1814
2019-12-06,Decision Campinas,Miller-Curry,1813
2019-12-05,Decision São Paulo,"Morris, Moran and Dodson",1812
2019-12-05,Decision São Paulo,Mann and Sons,1811
2019-12-05,Decision São Paulo,Morrison Ltd,1810
2019-12-05,Decision São Paulo,Morrison Ltd,1809
2019-12-04,Decision São Paulo,Callahan-Hall,1808
2019-12-04,Decision São Paulo,Gonzalez and Sons,1807
2019-12-04,Decision São Paulo,"Williams, Hale and Strong",1806
2019-12-04,Decision São Paulo,Johnson-Aguirre,1805
2019-12-04,Decision São Paulo,Gonzalez and Sons,1804
2019-12-04,Decision São Paulo,Callahan-Hall,1803
2019-12-04,Decision São Paulo,Mann and Sons,1801
2019-12-04,Decision São Paulo,"Morris, Moran and Dodson",1800
2019-12-03,Decision São Paulo,Mann and Sons,1799
2019-12-02,Decision São Paulo,"Morris, Moran and Dodson",1798
2019-12-02,Decision São Paulo,Gonzalez and Sons,1797
2019-12-02,Decision São Paulo,Barnes-Woods,1796
2019-12-01,Decision São Paulo,Gonzalez and Sons,1795
2019-11-28,Decision São Paulo,Morrison Ltd,1794
2019-11-28,Decision Campinas,Miller-Curry,1793
2019-11-28,Decision São Paulo,Gonzalez and Sons,1792
2019-11-28,Decision São Paulo,Morrison Ltd,1791
2019-11-28,Decision São Paulo,Morrison Ltd,1790
2019-11-28,Decision São Paulo,Morrison Ltd,1789
2019-11-28,Decision São Paulo,Nelson-Page,1788
2019-11-28,Decision São Paulo,Nelson-Page,1787
2019-11-28,Decision Campinas,Miller-Curry,1786
2019-11-28,Decision Campinas,Miller-Curry,1785
2019-11-28,Decision Campinas,Miller-Curry,1784
2019-11-28,Decision Campinas,Miller-Curry,1783
2019-11-28,Decision Campinas,Miller-Curry,1782
2019-11-28,Decision Campinas,Miller-Curry,1781
2019-11-28,Decision Campinas,Miller-Curry,1780
2019-11-28,Decision Campinas,Miller-Curry,1779
2019-11-28,Decision Campinas,Miller-Curry,1778
2019-11-28,Decision Campinas,Miller-Curry,1777
2019-11-28,Decision Campinas,Miller-Curry,1776
2019-11-28,Decision Campinas,Miller-Curry,1775
2019-11-28,Decision Campinas,Miller-Curry,1774
2019-11-28,Decision Campinas,Miller-Curry,1773
2019-11-28,Decision Campinas,Miller-Curry,1772
2019-11-27,Decision Campinas,Miller-Curry,1771
2019-11-27,Decision Campinas,Miller-Curry,1770
2019-11-27,Decision Campinas,Miller-Curry,1769
2019-11-27,Decision Campinas,Miller-Curry,1768
2019-11-27,Decision Campinas,Miller-Curry,1767
2019-11-27,Decision Campinas,Miller-Curry,1766
2019-11-27,Decision Campinas,Miller-Curry,1765
2019-11-27,Decision Campinas,Miller-Curry,1764
2019-11-27,Decision Campinas,Miller-Curry,1763
2019-11-27,Decision Campinas,Miller-Curry,1762
2019-11-27,Decision Campinas,Miller-Curry,1761
2019-11-27,Decision Campinas,Miller-Curry,1760
2019-11-27,Decision Campinas,Miller-Curry,1759
2019-11-27,Decision Campinas,Miller-Curry,1758
2019-11-27,Decision Campinas,Miller-Curry,1757
2019-11-27,Decision Campinas,Miller-Curry,1756
2019-11-27,Decision Campinas,Miller-Curry,1755
2019-11-27,Decision Campinas,Miller-Curry,1754
2019-11-27,Decision Campinas,Miller-Curry,1753
2019-11-27,Decision Campinas,Miller-Curry,1752
2019-11-27,Decision Campinas,Miller-Curry,1751
2019-11-27,Decision Campinas,Miller-Curry,1750
2019-11-27,Decision Campinas,Miller-Curry,1749
2019-11-27,Decision Campinas,Miller-Curry,1748
2019-11-27,Decision Campinas,Miller-Curry,1747
2019-11-27,Decision Campinas,Miller-Curry,1746
2019-11-27,Decision São Paulo,Walters Group,1745
2019-11-27,Decision Campinas,Miller-Curry,1744
2019-11-27,Decision Campinas,Miller-Curry,1743
2019-11-27,Decision São Paulo,Walters Group,1742
2019-11-27,Decision Campinas,Miller-Curry,1741
2019-11-27,Decision Campinas,Miller-Curry,1740
2019-11-27,Decision Campinas,Miller-Curry,1739
2019-11-27,Decision Campinas,Miller-Curry,1738
2019-11-27,Decision São Paulo,Nelson-Page,1737
2019-11-27,Decision São Paulo,Nelson-Page,1736
2019-11-27,Decision São Paulo,Nelson-Page,1735
2019-11-27,Decision São Paulo,"Morris, Moran and Dodson",1734
2019-11-27,Decision São Paulo,Morrison Ltd,1733
2019-11-27,Decision São Paulo,Morrison Ltd,1732
2019-11-27,Decision São Paulo,Morrison Ltd,1731
2019-11-27,Decision São Paulo,Morrison Ltd,1730
2019-11-27,Decision São Paulo,Callahan-Hall,1729
2019-11-27,Decision São Paulo,"Morris, Moran and Dodson",1728
2019-11-27,Decision São Paulo,"Morris, Moran and Dodson",1727
2019-11-26,Decision São Paulo,Gonzalez and Sons,1726
2019-11-26,Decision São Paulo,Morrison Ltd,1725
2019-11-26,Decision São Paulo,"Morris, Moran and Dodson",1724
2019-11-26,Decision São Paulo,Morrison Ltd,1723
2019-11-26,Decision São Paulo,Morrison Ltd,1722
2019-11-26,Decision São Paulo,Morrison Ltd,1721
2019-11-26,Decision São Paulo,Morrison Ltd,1720
2019-11-26,Decision São Paulo,Morrison Ltd,1719
2019-11-26,Decision São Paulo,Morrison Ltd,1718
2019-11-26,Decision São Paulo,Morrison Ltd,1717
2019-11-26,Decision São Paulo,Morrison Ltd,1716
2019-11-26,Decision São Paulo,Morrison Ltd,1715
2019-11-26,Decision São Paulo,Morrison Ltd,1714
2019-11-26,Decision São Paulo,Morrison Ltd,1713
2019-11-25,Decision São Paulo,Nelson-Page,1712
2019-11-25,Decision São Paulo,Nelson-Page,1711
2019-11-25,Decision São Paulo,"Wade, Bernard and Bailey",1710
2019-11-25,Decision São Paulo,Callahan-Hall,1709
2019-11-25,Decision São Paulo,Callahan-Hall,1708
2019-11-25,Decision São Paulo,Mann and Sons,1707
2019-11-25,Decision São Paulo,Mann and Sons,1706
2019-11-25,Decision São Paulo,Mann and Sons,1705
2019-11-25,Decision São Paulo,Mann and Sons,1704
2019-11-25,Decision São Paulo,Mann and Sons,1703
2019-11-25,Decision São Paulo,Mann and Sons,1702
2019-11-25,Decision São Paulo,Mann and Sons,1700
2019-11-25,Decision São Paulo,Mann and Sons,1699
2019-11-25,Decision São Paulo,Mann and Sons,1698
2019-11-25,Decision São Paulo,Mann and Sons,1697
2019-11-24,Decision São Paulo,Mann and Sons,1696
2019-11-24,Decision São Paulo,Dougherty-Gilbert,1695
2019-11-24,Decision São Paulo,Morrison Ltd,1694
2019-11-24,Decision São Paulo,Morrison Ltd,1693
2019-11-24,Decision São Paulo,Morrison Ltd,1692
2019-11-24,Decision São Paulo,Morrison Ltd,1691
2019-11-21,Decision São Paulo,Barnes-Woods,1690
2019-11-21,Decision São Paulo,Callahan-Hall,1689
2019-11-21,Decision São Paulo,Callahan-Hall,1688
2019-11-21,Decision São Paulo,Callahan-Hall,1687
2019-11-21,Decision São Paulo,Gonzalez and Sons,1686
2019-11-21,Decision São Paulo,Barnes-Woods,1685
2019-11-21,Decision São Paulo,"Morris, Moran and Dodson",1684
2019-11-21,Decision São Paulo,"Morris, Moran and Dodson",1683
2019-11-20,Decision São Paulo,Mann and Sons,1682
2019-11-20,Decision São Paulo,Nelson-Page,1681
2019-11-20,Decision São Paulo,"Morris, Moran and Dodson",1679
2019-11-20,Decision Campinas,Miller-Curry,1678
2019-11-20,Decision São Paulo,Mann and Sons,1677
2019-11-20,Decision São Paulo,Mann and Sons,1676
2019-11-20,Decision São Paulo,Mann and Sons,1675
2019-11-20,Decision Campinas,Miller-Curry,1674
2019-11-20,Decision São Paulo,Nelson-Page,1672
2019-11-20,Decision São Paulo,Johnson-Aguirre,1671
2019-11-20,Decision São Paulo,"Morris, Moran and Dodson",1670
2019-11-20,Decision São Paulo,"Morris, Moran and Dodson",1669
2019-11-20,Decision São Paulo,"Morris, Moran and Dodson",1668
2019-11-20,Decision São Paulo,Johnson-Aguirre,1667
2019-11-19,Decision São Paulo,Callahan-Hall,1666
2019-11-18,Decision São Paulo,Gonzalez and Sons,1665
2019-11-18,Decision São Paulo,Gonzalez and Sons,1664
2019-11-18,Decision São Paulo,Mann and Sons,1663
2019-11-18,Decision São Paulo,Barnes-Woods,1662
2019-11-18,Decision São Paulo,Barnes-Woods,1661
2019-11-17,Decision São Paulo,"Morris, Moran and Dodson",1660
2019-11-17,Decision São Paulo,Luna-Carpenter,1659
2019-11-17,Decision São Paulo,"Morris, Moran and Dodson",1658
2019-11-17,Decision São Paulo,"Morris, Moran and Dodson",1657
2019-11-17,Decision São Paulo,"Morris, Moran and Dodson",1656
2019-11-17,Decision São Paulo,"Morris, Moran and Dodson",1655
2019-11-13,Decision São Paulo,"Morris, Moran and Dodson",1654
2019-11-13,Decision São Paulo,Mann and Sons,1653
2019-11-13,Decision São Paulo,"Morris, Moran and Dodson",1652
2019-11-13,Decision São Paulo,"Morris, Moran and Dodson",1651
2019-11-13,Decision São Paulo,"Morris, Moran and Dodson",1650
2019-11-13,Decision São Paulo,"Morris, Moran and Dodson",1649
2019-11-13,Decision São Paulo,"Morris, Moran and Dodson",1648
2019-11-12,Decision São Paulo,Gonzalez and Sons,1647
2019-11-12,Decision São Paulo,"Morris, Moran and Dodson",1646
2019-11-12,Decision São Paulo,Gonzalez and Sons,1645
2019-11-12,Decision São Paulo,"Morris, Moran and Dodson",1644
2019-11-11,Decision São Paulo,Barnes-Woods,1643
2019-11-11,Decision São Paulo,Barnes-Woods,1642
2019-11-11,Decision São Paulo,Barnes-Woods,1641
2019-11-07,Decision São Paulo,Collins Ltd,1640
2019-11-07,Decision São Paulo,Gonzalez and Sons,1639
2019-11-06,Decision São Paulo,"Morris, Moran and Dodson",1638
2019-11-06,Decision São Paulo,"Morris, Moran and Dodson",1637
2019-11-06,Decision São Paulo,Barnes-Woods,1636
2019-11-06,Decision São Paulo,"Morris, Moran and Dodson",1635
2019-11-05,Decision São Paulo,"Morris, Moran and Dodson",1634
2019-11-05,Decision São Paulo,"Morris, Moran and Dodson",1633
2019-11-05,Decision São Paulo,"Morris, Moran and Dodson",1632
2019-11-05,Decision São Paulo,"Morris, Moran and Dodson",1631
2019-11-05,Decision São Paulo,"Morris, Moran and Dodson",1630
2019-11-04,Decision São Paulo,"Morris, Moran and Dodson",1629
2019-11-04,Decision São Paulo,"Morris, Moran and Dodson",1628
2019-11-03,Decision São Paulo,Nelson-Page,1627
2019-11-03,Decision São Paulo,Nelson-Page,1626
2019-11-03,Decision São Paulo,Nelson-Page,1625
2019-11-03,Decision São Paulo,Nelson-Page,1624
2019-11-03,Decision São Paulo,Mann and Sons,1621
2019-10-31,Decision São Paulo,Gonzalez and Sons,1620
2019-10-31,Decision São Paulo,"Morris, Moran and Dodson",1619
2019-10-31,Decision São Paulo,"Morris, Moran and Dodson",1618
2019-10-31,Decision São Paulo,"Morris, Moran and Dodson",1617
2019-10-31,Decision São Paulo,"Morris, Moran and Dodson",1616
2019-10-31,Decision São Paulo,"Morris, Moran and Dodson",1615
2019-10-30,Decision São Paulo,Dougherty-Gilbert,1614
2019-10-30,Decision São Paulo,Callahan-Hall,1613
2019-10-30,Decision Campinas,Miller-Curry,1612
2019-10-29,Decision Campinas,Miller-Curry,1611
2019-10-29,Decision Campinas,Miller-Curry,1610
2019-10-29,Decision Campinas,Miller-Curry,1609
2019-10-29,Decision Campinas,Miller-Curry,1608
2019-10-29,Decision Campinas,Miller-Curry,1607
2019-10-29,Decision Campinas,Miller-Curry,1605
2019-10-29,Decision São Paulo,"Morris, Moran and Dodson",1604
2019-10-29,Decision Campinas,Miller-Curry,1603
2019-10-29,Decision São Paulo,Mann and Sons,1602
2019-10-29,Decision São Paulo,Barnes-Woods,1601
2019-10-29,Decision São Paulo,Barnes-Woods,1600
2019-10-28,Decision São Paulo,Gonzalez and Sons,1599
2019-10-28,Decision São Paulo,Gonzalez and Sons,1598
2019-10-28,Decision São Paulo,Gonzalez and Sons,1597
2019-10-28,Decision São Paulo,Gonzalez and Sons,1596
2019-10-28,Decision São Paulo,Gonzalez and Sons,1595
2019-10-28,Decision Campinas,Miller-Curry,1594
2019-10-28,Decision Campinas,Miller-Curry,1593
2019-10-28,Decision Campinas,Miller-Curry,1592
2019-10-24,Decision São Paulo,Morrison Ltd,1591
2019-10-23,Decision São Paulo,Mann and Sons,1590
2019-10-23,Decision São Paulo,Morrison Ltd,1589
2019-10-23,Decision São Paulo,Morrison Ltd,1588
2019-10-23,Decision São Paulo,Morrison Ltd,1587
2019-10-23,Decision São Paulo,Morrison Ltd,1586
2019-10-23,Decision São Paulo,"Morris, Moran and Dodson",1585
2019-10-23,Decision São Paulo,"Morris, Moran and Dodson",1584
2019-10-22,Decision São Paulo,"Morris, Moran and Dodson",1583
2019-10-22,Decision Campinas,Miller-Curry,1582
2019-10-22,Decision Campinas,Miller-Curry,1581
2019-10-21,Decision São Paulo,Mann and Sons,1580
2019-10-21,Decision São Paulo,Mann and Sons,1579
2019-10-21,Decision São Paulo,"Morris, Moran and Dodson",1578
2019-10-21,Decision São Paulo,"Morris, Moran and Dodson",1577
2019-10-21,Decision São Paulo,Callahan-Hall,1576
2019-10-21,Decision São Paulo,Callahan-Hall,1575
2019-10-21,Decision São Paulo,Morrison Ltd,1574
2019-10-21,Decision São Paulo,Morrison Ltd,1573
2019-10-21,Decision São Paulo,Morrison Ltd,1572
2019-10-20,Decision São Paulo,"Morris, Moran and Dodson",1571
2019-10-18,Decision São Paulo,"Morris, Moran and Dodson",1570
2019-10-18,Decision São Paulo,"Morris, Moran and Dodson",1569
2019-10-18,Decision São Paulo,"Morris, Moran and Dodson",1568
2019-10-17,Decision São Paulo,Gonzalez and Sons,1567
2019-10-17,Decision São Paulo,Gonzalez and Sons,1566
2019-10-17,Decision São Paulo,Gonzalez and Sons,1565
2019-10-15,Decision São Paulo,"Morris, Moran and Dodson",1564
2019-10-15,Decision São Paulo,Gonzalez and Sons,1563
2019-10-15,Decision São Paulo,Gonzalez and Sons,1562
2019-10-15,Decision São Paulo,"Morris, Moran and Dodson",1561
2019-10-15,Decision São Paulo,"Morris, Moran and Dodson",1560
2019-10-14,Decision São Paulo,Morrison Ltd,1559
2019-10-14,Decision São Paulo,Gonzalez and Sons,1558
2019-10-14,Decision São Paulo,Morrison Ltd,1557
2019-10-14,Decision São Paulo,Nelson-Page,1556
2019-10-14,Decision São Paulo,Morrison Ltd,1555
2019-10-14,Decision São Paulo,Morrison Ltd,1554
2019-10-14,Decision São Paulo,Nelson-Page,1553
2019-10-14,Decision São Paulo,"Shelton, Moore and Clark",1552
2019-10-14,Decision São Paulo,"Wade, Bernard and Bailey",1551
2019-10-14,Decision São Paulo,Nelson-Page,1550
2019-10-14,Decision São Paulo,White PLC,1549
2019-10-11,Decision São Paulo,Mann and Sons,1548
2019-10-11,Decision São Paulo,Mann and Sons,1547
2019-10-11,Decision São Paulo,Mann and Sons,1546
2019-10-11,Decision São Paulo,Mann and Sons,1545
2019-10-11,Decision São Paulo,"Morris, Moran and Dodson",1544
2019-10-11,Decision São Paulo,Barnes-Woods,1543
2019-10-11,Decision São Paulo,Callahan-Hall,1542
2019-10-11,Decision São Paulo,Mann and Sons,1541
2019-10-10,Decision São Paulo,Morrison Ltd,1540
2019-10-10,Decision São Paulo,Morrison Ltd,1539
2019-10-10,Decision São Paulo,Morrison Ltd,1538
2019-10-09,Decision São Paulo,"Morris, Moran and Dodson",1537
2019-10-09,Decision São Paulo,Barnes-Woods,1536
2019-10-09,Decision São Paulo,Gonzalez and Sons,1535
2019-10-09,Decision São Paulo,"Morris, Moran and Dodson",1534
2019-10-08,Decision Campinas,Miller-Curry,1533
2019-10-08,Decision São Paulo,Morrison Ltd,1532
2019-10-08,Decision São Paulo,"Wade, Bernard and Bailey",1531
2019-10-08,Decision São Paulo,"Wade, Bernard and Bailey",1530
2019-10-07,Decision São Paulo,Callahan-Hall,1529
2019-10-07,Decision São Paulo,Mann and Sons,1528
2019-10-07,Decision São Paulo,"Morris, Moran and Dodson",1527
2019-10-07,Decision São Paulo,Mann and Sons,1526
2019-10-07,Decision Campinas,Miller-Curry,1525
2019-10-07,Decision São Paulo,"Morris, Moran and Dodson",1524
2019-10-04,Decision São Paulo,"Morris, Moran and Dodson",1522
2019-10-04,Decision São Paulo,"Morris, Moran and Dodson",1521
2019-10-04,Decision São Paulo,Gonzalez and Sons,1520
2019-10-04,Decision São Paulo,Morrison Ltd,1519
2019-10-04,Decision São Paulo,Morrison Ltd,1518
2019-10-04,Decision São Paulo,Morrison Ltd,1517
2019-10-04,Decision São Paulo,Nelson-Page,1516
2019-10-03,Decision São Paulo,Callahan-Hall,1515
2019-10-03,Decision São Paulo,Callahan-Hall,1514
2019-10-03,Decision São Paulo,Callahan-Hall,1513
2019-10-03,Decision São Paulo,Callahan-Hall,1512
2019-10-03,Decision São Paulo,"Morris, Moran and Dodson",1511
2019-10-03,Decision São Paulo,Harrell Group,1510
2019-10-03,Decision São Paulo,Callahan-Hall,1509
2019-10-03,Decision São Paulo,Dougherty-Gilbert,1508
2019-10-03,Decision Campinas,Miller-Curry,1507
2019-10-03,Decision São Paulo,Morrison Ltd,1506
2019-10-03,Decision São Paulo,Morrison Ltd,1505
2019-10-03,Decision São Paulo,Morrison Ltd,1504
2019-10-03,Decision São Paulo,Morrison Ltd,1503
2019-10-03,Decision São Paulo,Morrison Ltd,1502
2019-10-03,Decision São Paulo,Morrison Ltd,1501
2019-10-03,Decision São Paulo,Morrison Ltd,1500
2019-10-03,Decision São Paulo,Morrison Ltd,1499
2019-10-03,Decision São Paulo,Morrison Ltd,1498
2019-10-03,Decision São Paulo,Morrison Ltd,1497
2019-10-03,Decision São Paulo,Morrison Ltd,1496
2019-10-03,Decision São Paulo,Morrison Ltd,1495
2019-10-03,Decision São Paulo,Morrison Ltd,1494
2019-10-03,Decision São Paulo,Morrison Ltd,1493
2019-10-03,Decision São Paulo,Morrison Ltd,1492
2019-10-03,Decision São Paulo,Morrison Ltd,1491
2019-10-02,Decision Campinas,Miller-Curry,1490
2019-10-02,Decision São Paulo,"Morris, Moran and Dodson",1489
2019-10-01,Decision São Paulo,Jones-Hodges,1488
2019-10-01,Decision São Paulo,Nelson-Page,1487
2019-10-01,Decision São Paulo,Nelson-Page,1486
2019-10-01,Decision São Paulo,"Wade, Bernard and Bailey",1485
2019-09-30,Decision São Paulo,Gonzalez and Sons,1484
2019-09-30,Decision Campinas,Miller-Curry,1483
2019-09-27,Decision São Paulo,"Morris, Moran and Dodson",1482
2019-09-27,Decision São Paulo,"Morris, Moran and Dodson",1481
2019-09-27,Decision São Paulo,"Morris, Moran and Dodson",1480
2019-09-27,Decision São Paulo,Gonzalez and Sons,1479
2019-09-27,Decision São Paulo,Morrison Ltd,1478
2019-09-27,Decision Campinas,Miller-Curry,1477
2019-09-26,Decision Campinas,Miller-Curry,1476
2019-09-26,Decision Campinas,Miller-Curry,1475
2019-09-25,Decision São Paulo,Dougherty-Gilbert,1474
2019-09-25,Decision São Paulo,Barnes-Woods,1473
2019-09-25,Decision São Paulo,Gonzalez and Sons,1472
2019-09-25,Decision Campinas,Miller-Curry,1471
2019-09-24,Decision São Paulo,Collins Ltd,1470
2019-09-24,Decision São Paulo,Gonzalez and Sons,1469
2019-09-24,Decision São Paulo,"Morris, Moran and Dodson",1468
2019-09-24,Decision São Paulo,Mann and Sons,1467
2019-09-23,Decision São Paulo,Jones-Hodges,1466
2019-09-23,Decision São Paulo,Gonzalez and Sons,1465
2019-09-23,Decision São Paulo,Gonzalez and Sons,1464
2019-09-23,Decision São Paulo,Nelson-Page,1463
2019-09-23,Decision São Paulo,"Wade, Bernard and Bailey",1462
2019-09-23,Decision São Paulo,"Wade, Bernard and Bailey",1461
2019-09-23,Decision São Paulo,"Wade, Bernard and Bailey",1460
2019-09-20,Decision São Paulo,Barnes-Woods,1459
2019-09-20,Decision São Paulo,Morrison Ltd,1458
2019-09-20,Decision São Paulo,"Morris, Moran and Dodson",1457
2019-09-19,Decision São Paulo,Gonzalez and Sons,1456
2019-09-19,Decision São Paulo,Gonzalez and Sons,1455
2019-09-18,Decision São Paulo,"Morris, Moran and Dodson",1454
2019-09-18,Decision São Paulo,Gonzalez and Sons,1453
2019-09-18,Decision São Paulo,Gonzalez and Sons,1452
2019-09-18,Decision São Paulo,Morrison Ltd,1451
2019-09-18,Decision São Paulo,Morrison Ltd,1450
2019-09-18,Decision São Paulo,Morrison Ltd,1449
2019-09-18,Decision São Paulo,Morrison Ltd,1448
2019-09-18,Decision São Paulo,Morrison Ltd,1447
2019-09-18,Decision São Paulo,Morrison Ltd,1446
2019-09-18,Decision São Paulo,Morrison Ltd,1445
2019-09-18,Decision São Paulo,Morrison Ltd,1444
2019-09-18,Decision São Paulo,Morrison Ltd,1443
2019-09-18,Decision São Paulo,Morrison Ltd,1442
2019-09-18,Decision São Paulo,Morrison Ltd,1441
2019-09-18,Decision São Paulo,Morrison Ltd,1440
2019-09-18,Decision São Paulo,Morrison Ltd,1439
2019-09-18,Decision São Paulo,King-Russell,1438
2019-09-18,Decision São Paulo,King-Russell,1437
2019-09-18,Decision São Paulo,Nelson-Page,1436
2019-09-18,Decision São Paulo,Nelson-Page,1435
2019-09-17,Decision São Paulo,Callahan-Hall,1434
2019-09-17,Decision São Paulo,Callahan-Hall,1433
2019-09-17,Decision São Paulo,Callahan-Hall,1432
2019-09-17,Decision São Paulo,Callahan-Hall,1431
2019-09-17,Decision São Paulo,Callahan-Hall,1430
2019-09-17,Decision São Paulo,Callahan-Hall,1429
2019-09-17,Decision São Paulo,Mann and Sons,1428
2019-09-17,Decision São Paulo,Mann and Sons,1427
2019-09-17,Decision São Paulo,Dougherty-Gilbert,1426
2019-09-16,Decision São Paulo,Harrell Group,1425
2019-09-16,Decision São Paulo,Gonzalez and Sons,1424
2019-09-16,Decision São Paulo,Mann and Sons,1423
2019-09-16,Decision Campinas,Miller-Curry,1422
2019-09-16,Decision São Paulo,Walters Group,1421
2019-09-16,Decision São Paulo,"Morris, Moran and Dodson",1420
2019-09-15,Decision São Paulo,Gonzalez and Sons,1419
2019-09-13,Decision São Paulo,Mann and Sons,1418
2019-09-13,Decision São Paulo,Mann and Sons,1417
2019-09-13,Decision São Paulo,"Wade, Bernard and Bailey",1416
2019-09-13,Decision São Paulo,Nelson-Page,1415
2019-09-13,Decision São Paulo,"Wade, Bernard and Bailey",1414
2019-09-13,Decision São Paulo,Nelson-Page,1413
2019-09-13,Decision São Paulo,Nelson-Page,1412
2019-09-12,Decision São Paulo,Nelson-Page,1411
2019-09-12,Decision São Paulo,Mann and Sons,1410
2019-09-11,Decision Campinas,Miller-Curry,1409
2019-09-10,Decision São Paulo,Callahan-Hall,1408
2019-09-10,Decision São Paulo,Callahan-Hall,1407
2019-09-10,Decision São Paulo,"Morris, Moran and Dodson",1406
2019-09-09,Decision São Paulo,Gonzalez and Sons,1405
2019-09-09,Decision São Paulo,"Morris, Moran and Dodson",1404
2019-09-06,Decision São Paulo,Gonzalez and Sons,1403
2019-09-06,Decision São Paulo,Barnes-Woods,1402
2019-09-06,Decision São Paulo,Barnes-Woods,1401
2019-09-06,Decision São Paulo,"Morris, Moran and Dodson",1400
2019-09-06,Decision São Paulo,Gonzalez and Sons,1399
2019-09-06,Decision São Paulo,"Morris, Moran and Dodson",1398
2019-09-06,Decision São Paulo,Barnes-Woods,1397
2019-09-06,Decision São Paulo,Barnes-Woods,1396
2019-09-05,Decision São Paulo,"Morris, Moran and Dodson",1395
2019-09-05,Decision São Paulo,Nelson-Page,1394
2019-09-05,Decision São Paulo,Nelson-Page,1393
2019-09-05,Decision São Paulo,Nelson-Page,1392
2019-09-05,Decision São Paulo,"Wade, Bernard and Bailey",1391
2019-09-05,Decision São Paulo,Nelson-Page,1390
2019-09-05,Decision São Paulo,"Wade, Bernard and Bailey",1389
2019-09-05,Decision São Paulo,Nelson-Page,1388
2019-09-04,Decision São Paulo,Gonzalez and Sons,1387
2019-09-04,Decision São Paulo,"Morris, Moran and Dodson",1386
2019-09-03,Decision São Paulo,Walters Group,1385
2019-09-03,Decision São Paulo,Walters Group,1384
2019-09-03,Decision São Paulo,Mann and Sons,1383
2019-09-03,Decision São Paulo,"Morris, Moran and Dodson",1382
2019-09-03,Decision São Paulo,Morrison Ltd,1381
2019-09-03,Decision São Paulo,Barnes-Woods,1380
2019-09-02,Decision Campinas,Miller-Curry,1379
2019-09-02,Decision Campinas,Miller-Curry,1378
2019-09-02,Decision Campinas,Miller-Curry,1377
2019-09-02,Decision São Paulo,"Morris, Moran and Dodson",1376
2019-09-02,Decision São Paulo,King-Russell,1375
2019-09-02,Decision São Paulo,King-Russell,1374
2019-09-02,Decision São Paulo,King-Russell,1373
2019-09-02,Decision São Paulo,King-Russell,1372
2019-09-02,Decision São Paulo,Nelson-Page,1371
2019-09-02,Decision São Paulo,"Wade, Bernard and Bailey",1370
2019-08-30,Decision São Paulo,Mann and Sons,1369
2019-08-30,Decision São Paulo,Mann and Sons,1368
2019-08-30,Decision São Paulo,Mann and Sons,1367
2019-08-30,Decision São Paulo,Barnes-Woods,1366
2019-08-29,Decision São Paulo,"Morris, Moran and Dodson",1365
2019-08-29,Decision Campinas,Miller-Curry,1364
2019-08-29,Decision Campinas,Miller-Curry,1363
2019-08-29,Decision São Paulo,Mann and Sons,1362
2019-08-29,Decision Campinas,Miller-Curry,1361
2019-08-29,Decision São Paulo,"Morris, Moran and Dodson",1360
2019-08-29,Decision São Paulo,Morrison Ltd,1359
2019-08-29,Decision São Paulo,Gonzalez and Sons,1358
2019-08-29,Decision São Paulo,Gonzalez and Sons,1357
2019-08-29,Decision São Paulo,Gonzalez and Sons,1356
2019-08-29,Decision São Paulo,Gonzalez and Sons,1355
2019-08-29,Decision São Paulo,Gonzalez and Sons,1354
2019-08-28,Decision São Paulo,Gonzalez and Sons,1353
2019-08-28,Decision São Paulo,"Morris, Moran and Dodson",1352
2019-08-28,Decision São Paulo,Nelson-Page,1351
2019-08-28,Decision São Paulo,Nelson-Page,1350
2019-08-28,Decision São Paulo,"Morris, Moran and Dodson",1349
2019-08-28,Decision São Paulo,"Morris, Moran and Dodson",1348
2019-08-28,Decision São Paulo,"Morris, Moran and Dodson",1347
2019-08-28,Decision São Paulo,"Morris, Moran and Dodson",1346
2019-08-28,Decision São Paulo,"Wade, Bernard and Bailey",1345
2019-08-28,Decision São Paulo,"Morris, Moran and Dodson",1344
2019-08-28,Decision São Paulo,Gonzalez and Sons,1343
2019-08-28,Decision São Paulo,Barnes-Woods,1341
2019-08-28,Decision São Paulo,Callahan-Hall,1340
2019-08-28,Decision Campinas,Miller-Curry,1339
2019-08-28,Decision São Paulo,Harrell Group,1338
2019-08-27,Decision São Paulo,Harrell Group,1337
2019-08-27,Decision São Paulo,Barnes-Woods,1336
2019-08-27,Decision São Paulo,Barnes-Woods,1335
2019-08-27,Decision São Paulo,Mann and Sons,1334
2019-08-27,Decision São Paulo,"Morris, Moran and Dodson",1333
2019-08-27,Decision São Paulo,"Morris, Moran and Dodson",1332
2019-08-27,Decision São Paulo,Callahan-Hall,1331
2019-08-26,Decision São Paulo,Gonzalez and Sons,1330
2019-08-26,Decision São Paulo,Barnes-Woods,1329
2019-08-23,Decision São Paulo,Mann and Sons,1328
2019-08-23,Decision São Paulo,Mann and Sons,1327
2019-08-23,Decision São Paulo,Mann and Sons,1326
2019-08-23,Decision São Paulo,Mann and Sons,1325
2019-08-22,Decision São Paulo,Gonzalez and Sons,1324
2019-08-22,Decision São Paulo,Gonzalez and Sons,1323
2019-08-22,Decision São Paulo,Gonzalez and Sons,1322
2019-08-22,Decision São Paulo,Gonzalez and Sons,1321
2019-08-22,Decision São Paulo,Gonzalez and Sons,1320
2019-08-22,Decision Campinas,Miller-Curry,1318
2019-08-22,Decision Campinas,Miller-Curry,1317
2019-08-22,Decision São Paulo,"Morris, Moran and Dodson",1316
2019-08-21,Decision São Paulo,Gonzalez and Sons,1315
2019-08-21,Decision São Paulo,Mann and Sons,1314
2019-08-21,Decision São Paulo,"Wade, Bernard and Bailey",1313
2019-08-21,Decision São Paulo,Jimenez PLC,1312
2019-08-21,Decision São Paulo,"Morris, Moran and Dodson",1311
2019-08-21,Decision São Paulo,"Morris, Moran and Dodson",1310
2019-08-21,Decision São Paulo,Morrison Ltd,1309
2019-08-21,Decision São Paulo,Morrison Ltd,1308
2019-08-21,Decision São Paulo,Morrison Ltd,1307
2019-08-21,Decision São Paulo,"Wade, Bernard and Bailey",1306
2019-08-20,Decision São Paulo,Mann and Sons,1305
2019-08-20,Decision São Paulo,Mann and Sons,1304
2019-08-20,Decision São Paulo,Morrison Ltd,1303
2019-08-20,Decision São Paulo,Gonzalez and Sons,1302
2019-08-19,Decision São Paulo,Morrison Ltd,1301
2019-08-19,Decision Campinas,Miller-Curry,1300
2019-08-18,Decision São Paulo,Gonzalez and Sons,1299
2019-08-17,Decision São Paulo,King-Russell,1298
2019-08-16,Decision Campinas,Miller-Curry,1297
2019-08-16,Decision Campinas,Miller-Curry,1296
2019-08-16,Decision Campinas,Miller-Curry,1295
2019-08-16,Decision Campinas,Miller-Curry,1294
2019-08-16,Decision Campinas,Miller-Curry,1293
2019-08-16,Decision São Paulo,"Morris, Moran and Dodson",1292
2019-08-16,Decision São Paulo,Morrison Ltd,1291
2019-08-15,Decision São Paulo,Barnes-Woods,1289
2019-08-15,Decision Campinas,Miller-Curry,1288
2019-08-15,Decision São Paulo,Morrison Ltd,1287
2019-08-15,Decision São Paulo,Morrison Ltd,1286
2019-08-15,Decision São Paulo,Morrison Ltd,1285
2019-08-15,Decision São Paulo,Gonzalez and Sons,1284
2019-08-15,Decision São Paulo,Gonzalez and Sons,1283
2019-08-15,Decision São Paulo,Gonzalez and Sons,1282
2019-08-15,Decision São Paulo,Gonzalez and Sons,1281
2019-08-14,Decision São Paulo,Gonzalez and Sons,1280
2019-08-14,Decision São Paulo,Gonzalez and Sons,1279
2019-08-14,Decision São Paulo,Mann and Sons,1278
2019-08-14,Decision São Paulo,"Morris, Moran and Dodson",1277
2019-08-14,Decision São Paulo,Morrison Ltd,1276
2019-08-14,Decision São Paulo,Morrison Ltd,1275
2019-08-14,Decision São Paulo,Dougherty-Gilbert,1274
2019-08-14,Decision São Paulo,Dougherty-Gilbert,1273
2019-08-14,Decision São Paulo,Dougherty-Gilbert,1272
2019-08-14,Decision São Paulo,Dougherty-Gilbert,1271
2019-08-13,Decision São Paulo,"Wade, Bernard and Bailey",1270
2019-08-13,Decision São Paulo,Nelson-Page,1269
2019-08-13,Decision São Paulo,"Morris, Moran and Dodson",1268
2019-08-13,Decision São Paulo,Nelson-Page,1267
2019-08-13,Decision São Paulo,Gonzalez and Sons,1266
2019-08-13,Decision São Paulo,Gonzalez and Sons,1265
2019-08-13,Decision São Paulo,Nelson-Page,1264
2019-08-13,Decision São Paulo,Gonzalez and Sons,1263
2019-08-13,Decision São Paulo,Gonzalez and Sons,1262
2019-08-13,Decision São Paulo,Gonzalez and Sons,1261
2019-08-13,Decision São Paulo,Gonzalez and Sons,1260
2019-08-13,Decision São Paulo,Gonzalez and Sons,1259
2019-08-13,Decision São Paulo,King-Russell,1258
2019-08-13,Decision Campinas,Miller-Curry,1257
2019-08-13,Decision São Paulo,King-Russell,1256
2019-08-13,Decision São Paulo,King-Russell,1255
2019-08-13,Decision São Paulo,Nelson-Page,1254
2019-08-13,Decision São Paulo,Walters Group,1253
2019-08-13,Decision São Paulo,King-Russell,1252
2019-08-13,Decision São Paulo,King-Russell,1251
2019-08-13,Decision São Paulo,King-Russell,1250
2019-08-13,Decision São Paulo,Villa-Jacobs,1248
2019-08-13,Decision São Paulo,"Morris, Moran and Dodson",1246
2019-08-13,Decision São Paulo,"Morris, Moran and Dodson",1245
2019-08-13,Decision São Paulo,"Morris, Moran and Dodson",1244
2019-08-12,Decision São Paulo,Nelson-Page,1243
2019-08-12,Decision São Paulo,Nelson-Page,1242
2019-08-12,Decision São Paulo,Nelson-Page,1241
2019-08-12,Decision São Paulo,Nelson-Page,1240
2019-08-12,Decision São Paulo,Nelson-Page,1239
2019-08-12,Decision São Paulo,Nelson-Page,1238
2019-08-12,Decision São Paulo,Nelson-Page,1237
2019-08-12,Decision São Paulo,Nelson-Page,1236
2019-08-12,Decision São Paulo,Nelson-Page,1235
2019-08-12,Decision São Paulo,Callahan-Hall,1234
2019-08-12,Decision São Paulo,"Morris, Moran and Dodson",1233
2019-08-12,Decision São Paulo,Mann and Sons,1232
2019-08-09,Decision São Paulo,Mann and Sons,1231
2019-08-09,Decision São Paulo,Callahan-Hall,1230
2019-08-09,Decision São Paulo,Nelson-Page,1229
2019-08-09,Decision São Paulo,Nelson-Page,1228
2019-08-09,Decision São Paulo,Nelson-Page,1227
2019-08-09,Decision São Paulo,Nelson-Page,1226
2019-08-09,Decision São Paulo,Johnson-Aguirre,1225
2019-08-09,Decision São Paulo,Johnson-Aguirre,1224
2019-08-09,Decision São Paulo,Callahan-Hall,1223
2019-08-09,Decision São Paulo,Mann and Sons,1222
2019-08-08,Decision São Paulo,King-Russell,1221
2019-08-07,Decision São Paulo,Johnson-Aguirre,1220
2019-08-07,Decision São Paulo,Johnson-Aguirre,1219
2019-08-07,Decision São Paulo,Johnson-Aguirre,1218
2019-08-07,Decision São Paulo,"Morris, Moran and Dodson",1217
2019-08-07,Decision São Paulo,"Morris, Moran and Dodson",1216
2019-08-07,Decision São Paulo,"Morris, Moran and Dodson",1215
2019-08-07,Decision São Paulo,Mann and Sons,1214
2019-08-07,Decision São Paulo,"Morris, Moran and Dodson",1213
2019-08-06,Decision São Paulo,Morrison Ltd,1212
2019-08-06,Decision São Paulo,Morrison Ltd,1211
2019-08-06,Decision São Paulo,Morrison Ltd,1210
2019-08-06,Decision São Paulo,Morrison Ltd,1209
2019-08-06,Decision São Paulo,Morrison Ltd,1208
2019-08-06,Decision São Paulo,Morrison Ltd,1207
2019-08-06,Decision São Paulo,Morrison Ltd,1206
2019-08-06,Decision São Paulo,Morrison Ltd,1205
2019-08-06,Decision São Paulo,Luna-Carpenter,1204
2019-08-06,Decision São Paulo,Morrison Ltd,1203
2019-08-06,Decision São Paulo,"Morris, Moran and Dodson",1202
2019-08-05,Decision São Paulo,Callahan-Hall,1201
2019-08-05,Decision São Paulo,Mann and Sons,1200
2019-08-05,Decision São Paulo,Mann and Sons,1199
2019-08-05,Decision São Paulo,Mann and Sons,1198
2019-08-05,Decision São Paulo,Morrison Ltd,1197
2019-08-05,Decision São Paulo,Nelson-Page,1196
2019-08-05,Decision São Paulo,Gonzalez and Sons,1195
2019-08-02,Decision São Paulo,Morrison Ltd,1194
2019-08-01,Decision São Paulo,Mann and Sons,1193
2019-08-01,Decision São Paulo,Mann and Sons,1192
2019-08-01,Decision São Paulo,"Morris, Moran and Dodson",1191
2019-07-31,Decision São Paulo,"Wade, Bernard and Bailey",1190
2019-07-31,Decision São Paulo,Nelson-Page,1189
2019-07-31,Decision São Paulo,Nelson-Page,1188
2019-07-31,Decision São Paulo,Nelson-Page,1187
2019-07-31,Decision São Paulo,"Wade, Bernard and Bailey",1186
2019-07-31,Decision São Paulo,Nelson-Page,1185
2019-07-31,Decision São Paulo,Nelson-Page,1184
2019-07-31,Decision Campinas,Miller-Curry,1183
2019-07-31,Decision São Paulo,King-Russell,1182
2019-07-31,Decision Campinas,Miller-Curry,1181
2019-07-31,Decision Campinas,Miller-Curry,1180
2019-07-30,Decision São Paulo,"Morris, Moran and Dodson",1179
2019-07-30,Decision Campinas,Miller-Curry,1178
2019-07-30,Decision São Paulo,"Morris, Moran and Dodson",1177
2019-07-30,Decision Campinas,Miller-Curry,1176
2019-07-30,Decision São Paulo,Barnes-Woods,1175
2019-07-30,Decision São Paulo,Callahan-Hall,1174
2019-07-30,Decision São Paulo,Callahan-Hall,1173
2019-07-30,Decision Campinas,Miller-Curry,1170
2019-07-30,Decision São Paulo,Morrison Ltd,1169
2019-07-29,Decision São Paulo,Mann and Sons,1168
2019-07-29,Decision São Paulo,Morrison Ltd,1167
2019-07-29,Decision São Paulo,"Morris, Moran and Dodson",1166
2019-07-26,Decision São Paulo,Barnes-Woods,1165
2019-07-26,Decision Campinas,Miller-Curry,1164
2019-07-25,Decision São Paulo,King-Russell,1163
2019-07-25,Decision Campinas,Miller-Curry,1162
2019-07-25,Decision São Paulo,Barnes-Woods,1161
2019-07-25,Decision São Paulo,Mann and Sons,1160
2019-07-25,Decision São Paulo,Mann and Sons,1159
2019-07-25,Decision São Paulo,Mann and Sons,1158
2019-07-25,Decision São Paulo,Mann and Sons,1157
2019-07-24,Decision São Paulo,Barnes-Woods,1156
2019-07-24,Decision São Paulo,Barnes-Woods,1155
2019-07-24,Decision São Paulo,Barnes-Woods,1154
2019-07-23,Decision São Paulo,Barnes-Woods,1153
2019-07-23,Decision São Paulo,"Morris, Moran and Dodson",1152
2019-07-23,Decision São Paulo,Morrison Ltd,1151
2019-07-23,Decision São Paulo,"Morris, Moran and Dodson",1150
2019-07-23,Decision São Paulo,"Morris, Moran and Dodson",1149
2019-07-23,Decision São Paulo,Mann and Sons,1148
2019-07-22,Decision São Paulo,Morrison Ltd,1147
2019-07-22,Decision São Paulo,King-Russell,1146
2019-07-22,Decision São Paulo,Walters Group,1145
2019-07-22,Decision São Paulo,Morrison Ltd,1144
2019-07-22,Decision São Paulo,Morrison Ltd,1143
2019-07-22,Decision São Paulo,Barnes-Woods,1142
2019-07-22,Decision São Paulo,Nelson-Page,1141
2019-07-22,Decision São Paulo,Nelson-Page,1140
2019-07-22,Decision São Paulo,Barnes-Woods,1139
2019-07-22,Decision São Paulo,Morrison Ltd,1138
2019-07-22,Decision São Paulo,Morrison Ltd,1137
2019-07-19,Decision Campinas,Miller-Curry,1136
2019-07-19,Decision São Paulo,Barnes-Woods,1135
2019-07-19,Decision São Paulo,Dougherty-Gilbert,1134
2019-07-19,Decision São Paulo,Dougherty-Gilbert,1133
2019-07-19,Decision São Paulo,Dougherty-Gilbert,1132
2019-07-19,Decision São Paulo,Dougherty-Gilbert,1131
2019-07-19,Decision Campinas,Miller-Curry,1130
2019-07-19,Decision São Paulo,"Morris, Moran and Dodson",1129
2019-07-19,Decision São Paulo,"Morris, Moran and Dodson",1128
2019-07-19,Decision São Paulo,"Morris, Moran and Dodson",1127
2019-07-19,Decision São Paulo,"Morris, Moran and Dodson",1126
2019-07-19,Decision São Paulo,Barnes-Woods,1125
2019-07-19,Decision São Paulo,Luna-Carpenter,1124
2019-07-19,Decision São Paulo,"Morris, Moran and Dodson",1123
2019-07-18,Decision Campinas,Miller-Curry,1122
2019-07-18,Decision São Paulo,Morrison Ltd,1121
2019-07-18,Decision São Paulo,Gonzalez and Sons,1120
2019-07-18,Decision São Paulo,Morrison Ltd,1119
2019-07-17,Decision São Paulo,Morrison Ltd,1118
2019-07-17,Decision São Paulo,Morrison Ltd,1117
2019-07-17,Decision São Paulo,Nelson-Page,1116
2019-07-17,Decision São Paulo,Nelson-Page,1115
2019-07-17,Decision São Paulo,"Wade, Bernard and Bailey",1114
2019-07-17,Decision São Paulo,"Morris, Moran and Dodson",1113
2019-07-17,Decision São Paulo,"Morris, Moran and Dodson",1112
2019-07-17,Decision São Paulo,"Morris, Moran and Dodson",1111
2019-07-17,Decision São Paulo,Mann and Sons,1110
2019-07-16,Decision São Paulo,Gonzalez and Sons,1109
2019-07-16,Decision São Paulo,"Morris, Moran and Dodson",1108
2019-07-16,Decision Campinas,Miller-Curry,1107
2019-07-16,Decision Campinas,Miller-Curry,1106
2019-07-16,Decision Campinas,Miller-Curry,1105
2019-07-15,Decision São Paulo,"Morris, Moran and Dodson",1104
2019-07-15,Decision Campinas,Miller-Curry,1103
2019-07-15,Decision São Paulo,Mann and Sons,1102
2019-07-15,Decision São Paulo,Mann and Sons,1101
2019-07-15,Decision São Paulo,"Morris, Moran and Dodson",1100
2019-07-15,Decision São Paulo,"Morris, Moran and Dodson",1099
2019-03-27,Decision São Paulo,Morrison Ltd,509
2019-03-27,Decision São Paulo,Morrison Ltd,508
2019-03-27,Decision São Paulo,Morrison Ltd,507
2019-03-27,Decision São Paulo,Morrison Ltd,506
2019-03-27,Decision São Paulo,Morrison Ltd,505
2019-03-27,Decision São Paulo,Morrison Ltd,504
2019-03-27,Decision São Paulo,Morrison Ltd,503
2019-03-27,Decision São Paulo,Morrison Ltd,502
2019-03-27,Decision São Paulo,Morrison Ltd,501
2019-03-27,Decision São Paulo,Morrison Ltd,500
2019-03-27,Decision São Paulo,Morrison Ltd,499
2019-03-27,Decision São Paulo,Morrison Ltd,498
2019-03-27,Decision São Paulo,Morrison Ltd,497
2019-03-27,Decision São Paulo,Morrison Ltd,496
2019-03-27,Decision São Paulo,Morrison Ltd,495
2019-03-26,Decision São Paulo,"Morris, Moran and Dodson",494
2019-03-26,Decision São Paulo,"Morris, Moran and Dodson",493
2019-03-26,Decision São Paulo,Johnson-Aguirre,492
2019-03-25,Decision São Paulo,Walters Group,491
2019-03-22,Decision Campinas,Miller-Curry,490
2019-03-22,Decision São Paulo,Nelson-Page,489
2019-03-22,Decision São Paulo,Gonzalez and Sons,488
2019-03-22,Decision São Paulo,Gonzalez and Sons,486
2019-03-21,Decision São Paulo,"Morris, Moran and Dodson",485
2019-03-21,Decision São Paulo,"Morris, Moran and Dodson",484
2019-03-21,Decision São Paulo,Morrison Ltd,483
2019-03-21,Decision São Paulo,Morrison Ltd,482
2019-03-21,Decision São Paulo,"Morris, Moran and Dodson",481
2019-03-21,Decision São Paulo,Morrison Ltd,480
2019-03-21,Decision São Paulo,Morrison Ltd,479
2019-03-20,Decision São Paulo,Nelson-Page,478
2019-03-20,Decision São Paulo,Barnes-Woods,477
2019-03-19,Decision São Paulo,Nelson-Page,476
2019-03-19,Decision São Paulo,Morrison Ltd,475
2019-03-18,Decision São Paulo,Jones-Hodges,474
2019-03-18,Decision São Paulo,"Morris, Moran and Dodson",473
2019-03-18,Decision São Paulo,Morrison Ltd,472
2019-03-18,Decision São Paulo,Morrison Ltd,471
2019-03-18,Decision São Paulo,Walters Group,470
2019-03-18,Decision São Paulo,Nelson-Page,469
2019-03-18,Decision São Paulo,Luna-Carpenter,468
2019-03-18,Decision São Paulo,Nelson-Page,467
2019-03-18,Decision São Paulo,Nelson-Page,466
2019-03-18,Decision São Paulo,Nelson-Page,465
2019-03-18,Decision São Paulo,Nelson-Page,464
2019-03-18,Decision São Paulo,Nelson-Page,463
2019-03-18,Decision São Paulo,Nelson-Page,462
2019-03-18,Decision São Paulo,Nelson-Page,461
2019-03-15,Decision São Paulo,Morrison Ltd,460
2019-03-15,Decision São Paulo,Morrison Ltd,459
2019-03-15,Decision São Paulo,Johnson-Aguirre,458
2019-03-14,Decision São Paulo,Morrison Ltd,457
2019-03-13,Decision São Paulo,Callahan-Hall,455
2019-03-13,Decision São Paulo,Nelson-Page,454
2019-03-13,Decision São Paulo,Nelson-Page,453
2019-03-13,Decision São Paulo,Nelson-Page,452
2019-03-13,Decision São Paulo,Nelson-Page,451
2019-03-13,Decision São Paulo,Morrison Ltd,450
2019-03-13,Decision São Paulo,Morrison Ltd,449
2019-03-13,Decision São Paulo,Johnson-Aguirre,448
2019-03-12,Decision São Paulo,Gonzalez and Sons,447
2019-03-11,Decision Campinas,Miller-Curry,446
2019-03-11,Decision Campinas,Miller-Curry,445
2019-03-11,Decision Campinas,Miller-Curry,444
2019-03-11,Decision Campinas,Miller-Curry,443
2019-03-11,Decision Campinas,Miller-Curry,442
2019-03-11,Decision Campinas,Miller-Curry,441
2019-03-11,Decision Campinas,Miller-Curry,440
2019-03-11,Decision Campinas,Miller-Curry,439
2019-03-11,Decision Campinas,Miller-Curry,438
2019-03-11,Decision Campinas,Miller-Curry,437
2019-03-11,Decision Campinas,Miller-Curry,436
2019-03-11,Decision Campinas,Miller-Curry,435
2019-03-11,Decision Campinas,Miller-Curry,434
2019-03-11,Decision Campinas,Miller-Curry,433
2019-03-11,Decision Campinas,Miller-Curry,432
2019-03-11,Decision Campinas,Miller-Curry,431
2019-03-11,Decision Campinas,Miller-Curry,430
2019-03-11,Decision Campinas,Miller-Curry,429
2019-03-11,Decision Campinas,Miller-Curry,428
2019-03-11,Decision Campinas,Miller-Curry,427
2019-03-11,Decision Campinas,Miller-Curry,426
2019-03-11,Decision Campinas,Miller-Curry,425
2019-03-11,Decision Campinas,Miller-Curry,424
2019-03-11,Decision Campinas,Miller-Curry,423
2019-03-11,Decision Campinas,Miller-Curry,422
2019-03-11,Decision Campinas,Miller-Curry,421
2019-03-11,Decision Campinas,Miller-Curry,420
2019-03-11,Decision Campinas,Miller-Curry,419
2019-03-11,Decision Campinas,Miller-Curry,418
2019-03-11,Decision Campinas,Miller-Curry,417
2019-03-11,Decision Campinas,Miller-Curry,416
2019-03-11,Decision Campinas,Miller-Curry,415
2019-03-11,Decision Campinas,Miller-Curry,414
2019-03-11,Decision Campinas,Miller-Curry,413
2019-03-11,Decision Campinas,Miller-Curry,412
2019-03-11,Decision Campinas,Miller-Curry,411
2019-03-11,Decision Campinas,Miller-Curry,410
2019-03-11,Decision Campinas,Miller-Curry,409
2019-03-11,Decision Campinas,Miller-Curry,408
2019-03-11,Decision Campinas,Miller-Curry,407
2019-03-11,Decision Campinas,Miller-Curry,406
2019-03-11,Decision Campinas,Miller-Curry,405
2019-03-11,Decision Campinas,Miller-Curry,404
2019-03-11,Decision Campinas,Miller-Curry,403
2019-03-11,Decision Campinas,Miller-Curry,402
2019-03-11,Decision Campinas,Miller-Curry,401
2019-03-11,Decision Campinas,Miller-Curry,400
2019-03-11,Decision Campinas,Miller-Curry,399
2019-03-11,Decision Campinas,Miller-Curry,398
2019-03-11,Decision São Paulo,Luna-Carpenter,397
2019-03-11,Decision São Paulo,Jones-Hodges,396
2019-03-11,Decision São Paulo,Morrison Ltd,395
2019-03-10,Decision Campinas,Miller-Curry,394
2019-03-10,Decision Campinas,Miller-Curry,393
2019-03-10,Decision Campinas,Miller-Curry,392
2019-03-10,Decision Campinas,Miller-Curry,391
2019-03-08,Decision Campinas,Miller-Curry,390
2019-03-08,Decision São Paulo,Morrison Ltd,389
2019-03-08,Decision São Paulo,Nelson-Page,388
2019-03-07,Decision São Paulo,"Morris, Moran and Dodson",387
2019-03-07,Decision São Paulo,Jones-Hodges,386
2019-03-06,Decision São Paulo,Morrison Ltd,385
2019-03-06,Decision São Paulo,Morrison Ltd,384
2019-03-01,Decision São Paulo,Gonzalez and Sons,383
2019-03-01,Decision São Paulo,Johnson-Aguirre,382
2019-02-28,Decision São Paulo,"Wade, Bernard and Bailey",381
2019-02-28,Decision São Paulo,"Wade, Bernard and Bailey",380
2019-02-28,Decision São Paulo,"Wade, Bernard and Bailey",379
2019-02-28,Decision São Paulo,"Morris, Moran and Dodson",378
2019-02-28,Decision São Paulo,Nelson-Page,377
2019-02-28,Decision São Paulo,Nelson-Page,376
2019-02-28,Decision São Paulo,Nelson-Page,375
2019-02-27,Decision São Paulo,Morrison Ltd,374
2019-02-27,Decision São Paulo,Morrison Ltd,373
2019-02-27,Decision São Paulo,Morrison Ltd,372
2019-02-27,Decision São Paulo,Morrison Ltd,371
2019-02-27,Decision São Paulo,Morrison Ltd,370
2019-02-27,Decision São Paulo,Nelson-Page,369
2019-02-27,Decision São Paulo,Nelson-Page,368
2019-02-27,Decision São Paulo,Nelson-Page,367
2019-02-27,Decision São Paulo,Nelson-Page,366
2019-02-27,Decision São Paulo,Nelson-Page,365
2019-02-27,Decision São Paulo,Morrison Ltd,364
2019-02-25,Decision São Paulo,Nelson-Page,363
2019-02-25,Decision São Paulo,Nelson-Page,362
2019-02-25,Decision São Paulo,Nelson-Page,361
2019-02-25,Decision São Paulo,Gonzalez and Sons,360
2019-02-25,Decision São Paulo,Nelson-Page,359
2019-02-25,Decision São Paulo,Nelson-Page,358
2019-02-25,Decision São Paulo,"Wade, Bernard and Bailey",357
2019-02-25,Decision São Paulo,"Wade, Bernard and Bailey",356
2019-02-25,Decision São Paulo,"Wade, Bernard and Bailey",355
2019-02-22,Decision São Paulo,Jones-Hodges,354
2019-02-22,Decision São Paulo,Nelson-Page,353
2019-02-22,Decision São Paulo,Morrison Ltd,352
2019-02-22,Decision São Paulo,Gonzalez and Sons,351
2019-02-22,Decision São Paulo,Morrison Ltd,350
2019-02-21,Decision São Paulo,Morrison Ltd,349
2019-02-20,Decision São Paulo,Nelson-Page,348
2019-02-20,Decision São Paulo,Nelson-Page,347
2019-02-20,Decision São Paulo,Nelson-Page,346
2019-02-20,Decision São Paulo,Nelson-Page,345
2019-02-20,Decision São Paulo,Nelson-Page,344
2019-02-20,Decision São Paulo,"Morris, Moran and Dodson",343
2019-02-20,Decision São Paulo,Barnes-Woods,342
2019-02-19,Decision São Paulo,Gonzalez and Sons,341
2019-02-18,Decision São Paulo,Callahan-Hall,335
2019-02-18,Decision São Paulo,Callahan-Hall,334
2019-02-18,Decision São Paulo,Callahan-Hall,333
2019-02-18,Decision São Paulo,"Morris, Moran and Dodson",332
2019-02-18,Decision São Paulo,"Morris, Moran and Dodson",331
2019-02-18,Decision São Paulo,"Morris, Moran and Dodson",330
2019-02-18,Decision São Paulo,Morrison Ltd,329
2019-02-18,Decision São Paulo,Nelson-Page,328
2019-02-14,Decision São Paulo,Morrison Ltd,327
2019-02-14,Decision São Paulo,Barnes-Woods,326
2019-02-14,Decision São Paulo,Johnson-Aguirre,325
2019-02-14,Decision São Paulo,Johnson-Aguirre,324
2019-02-13,Decision São Paulo,Nelson-Page,323
2019-02-13,Decision São Paulo,Nelson-Page,322
2019-02-13,Decision São Paulo,Nelson-Page,321
2019-02-13,Decision São Paulo,Nelson-Page,320
2019-02-13,Decision São Paulo,Nelson-Page,319
2019-02-13,Decision São Paulo,Nelson-Page,318
2019-02-12,Decision São Paulo,Callahan-Hall,317
2019-02-12,Decision São Paulo,Callahan-Hall,316
2019-02-12,Decision São Paulo,Callahan-Hall,315
2019-02-12,Decision São Paulo,Morrison Ltd,314
2019-02-12,Decision São Paulo,Gonzalez and Sons,313
2019-02-12,Decision São Paulo,Morrison Ltd,312
2019-02-11,Decision São Paulo,"Morris, Moran and Dodson",311
2019-02-10,Decision São Paulo,Nelson-Page,310
2019-02-07,Decision São Paulo,Barnes-Woods,309
2019-02-07,Decision São Paulo,Barnes-Woods,308
2019-02-07,Decision São Paulo,"Morris, Moran and Dodson",307
2019-02-07,Decision São Paulo,Morrison Ltd,306
2019-02-07,Decision São Paulo,Gonzalez and Sons,305
2019-02-07,Decision São Paulo,"Chambers, Brown and Armstrong",303
2019-02-07,Decision São Paulo,"Chambers, Brown and Armstrong",302
2019-02-07,Decision São Paulo,Morrison Ltd,301
2019-02-06,Decision São Paulo,Gonzalez and Sons,300
2019-02-06,Decision São Paulo,Barnes-Woods,299
2019-02-06,Decision São Paulo,"Morris, Moran and Dodson",298
2019-02-06,Decision São Paulo,"Morris, Moran and Dodson",297
2019-02-06,Decision São Paulo,"Morris, Moran and Dodson",296
2019-02-06,Decision São Paulo,"Morris, Moran and Dodson",295
2019-02-06,Decision São Paulo,"Morris, Moran and Dodson",294
2019-02-05,Decision São Paulo,Morrison Ltd,293
2019-02-05,Decision São Paulo,Morrison Ltd,292
2019-02-05,Decision São Paulo,"Morris, Moran and Dodson",291
2019-02-03,Decision São Paulo,Barnes-Woods,290
2019-02-03,Decision São Paulo,Morrison Ltd,289
2019-01-31,Decision São Paulo,Barnes-Woods,288
2019-01-31,Decision São Paulo,Morrison Ltd,287
2019-01-31,Decision São Paulo,Morrison Ltd,286
2019-01-31,Decision São Paulo,Nelson-Page,285
2019-01-31,Decision São Paulo,Morrison Ltd,284
2019-01-30,Decision São Paulo,Gonzalez and Sons,283
2019-01-30,Decision São Paulo,Gonzalez and Sons,282
2019-01-30,Decision Campinas,Miller-Curry,281
2019-01-30,Decision Campinas,Miller-Curry,279
2019-01-30,Decision Campinas,Miller-Curry,278
2019-01-30,Decision Campinas,Miller-Curry,277
2019-01-30,Decision Campinas,Miller-Curry,276
2019-01-30,Decision Campinas,Miller-Curry,275
2019-01-30,Decision Campinas,Miller-Curry,274
2019-01-30,Decision Campinas,Miller-Curry,273
2019-01-30,Decision Campinas,Miller-Curry,272
2019-01-30,Decision Campinas,Miller-Curry,271
2019-01-30,Decision Campinas,Miller-Curry,270
2019-01-30,Decision Campinas,Miller-Curry,269
2019-01-30,Decision Campinas,Miller-Curry,268
2019-01-30,Decision Campinas,Miller-Curry,267
2019-01-30,Decision Campinas,Miller-Curry,266
2019-01-30,Decision Campinas,Miller-Curry,265
2019-01-30,Decision Campinas,Miller-Curry,264
2019-01-30,Decision Campinas,Miller-Curry,263
2019-01-28,Decision São Paulo,"Morris, Moran and Dodson",262
2019-01-28,Decision São Paulo,Nelson-Page,261
2019-01-23,Decision São Paulo,Johnson-Aguirre,260
2019-01-23,Decision São Paulo,Johnson-Aguirre,259
2019-01-23,Decision São Paulo,Callahan-Hall,258
2019-01-23,Decision São Paulo,Morrison Ltd,257
2019-01-23,Decision São Paulo,"Morris, Moran and Dodson",256
2019-01-22,Decision São Paulo,Gonzalez and Sons,255
2019-01-22,Decision São Paulo,Barnes-Woods,254
2019-01-21,Decision São Paulo,Morrison Ltd,253
2019-01-21,Decision São Paulo,Nelson-Page,252
2019-01-21,Decision São Paulo,Gonzalez and Sons,251
2019-01-21,Decision São Paulo,"Wade, Bernard and Bailey",250
2019-01-21,Decision São Paulo,Barnes-Woods,249
2019-01-16,Decision Campinas,Evans PLC,248
2019-01-16,Decision Campinas,Miller-Curry,247
2019-01-16,Decision Campinas,Miller-Curry,246
2019-01-16,Decision Campinas,Miller-Curry,245
2019-01-16,Decision Campinas,Miller-Curry,244
2019-01-16,Decision Campinas,Miller-Curry,243
2019-01-16,Decision Campinas,Miller-Curry,242
2019-01-16,Decision Campinas,Miller-Curry,241
2019-01-16,Decision Campinas,Miller-Curry,240
2019-01-16,Decision Campinas,Miller-Curry,239
2019-01-16,Decision Campinas,Miller-Curry,238
2019-01-16,Decision Campinas,Miller-Curry,237
2019-01-15,Decision São Paulo,Nelson-Page,236
2019-01-15,Decision São Paulo,Nelson-Page,235
2019-01-15,Decision São Paulo,Nelson-Page,234
2019-01-15,Decision São Paulo,Callahan-Hall,233
2019-01-15,Decision Campinas,Miller-Curry,232
2019-01-15,Decision Campinas,Miller-Curry,231
2019-01-15,Decision Campinas,Miller-Curry,230
2019-01-15,Decision Campinas,Miller-Curry,229
2019-01-15,Decision Campinas,Miller-Curry,228
2019-01-15,Decision Campinas,Miller-Curry,227
2019-01-15,Decision Campinas,Miller-Curry,226
2019-01-15,Decision Campinas,Miller-Curry,225
2019-01-15,Decision Campinas,Miller-Curry,224
2019-01-15,Decision Campinas,Miller-Curry,223
2019-01-15,Decision Campinas,Miller-Curry,222
2019-01-15,Decision Campinas,Miller-Curry,221
2019-01-15,Decision Campinas,Miller-Curry,220
2019-01-15,Decision Campinas,Miller-Curry,219
2019-01-15,Decision Campinas,Miller-Curry,218
2019-01-15,Decision Campinas,Miller-Curry,217
2019-01-15,Decision Campinas,Miller-Curry,216
2019-01-15,Decision Campinas,Miller-Curry,215
2019-01-15,Decision Campinas,Miller-Curry,214
2019-01-15,Decision Campinas,Miller-Curry,213
2019-01-15,Decision Campinas,Miller-Curry,212
2019-01-15,Decision Campinas,Miller-Curry,211
2019-01-15,Decision Campinas,Miller-Curry,210
2019-01-15,Decision Campinas,Miller-Curry,209
2019-01-15,Decision Campinas,Miller-Curry,208
2019-01-15,Decision Campinas,Miller-Curry,207
2019-01-15,Decision Campinas,Miller-Curry,206
2019-01-15,Decision Campinas,Miller-Curry,205
2019-01-15,Decision Campinas,Miller-Curry,204
2019-01-15,Decision Campinas,Miller-Curry,203
2019-01-15,Decision Campinas,Miller-Curry,202
2019-01-15,Decision Campinas,Miller-Curry,201
2019-01-15,Decision Campinas,Miller-Curry,200
2019-01-15,Decision Campinas,Miller-Curry,199
2019-01-15,Decision Campinas,Miller-Curry,198
2019-01-15,Decision Campinas,Miller-Curry,197
2019-01-15,Decision Campinas,Miller-Curry,196
2019-01-15,Decision Campinas,Miller-Curry,195
2019-01-15,Decision Campinas,Miller-Curry,194
2019-01-15,Decision Campinas,Miller-Curry,193
2019-01-15,Decision Campinas,Miller-Curry,192
2019-01-14,Decision São Paulo,Morrison Ltd,191
2019-01-14,Decision São Paulo,Morrison Ltd,190
2019-01-14,Decision São Paulo,Morrison Ltd,189
2019-01-14,Decision Campinas,Miller-Curry,188
2019-01-14,Decision Campinas,Miller-Curry,187
2019-01-14,Decision Campinas,Miller-Curry,186
2019-01-14,Decision Campinas,Miller-Curry,185
2019-01-14,Decision Campinas,Miller-Curry,184
2019-01-14,Decision Campinas,Miller-Curry,183
2019-01-14,Decision Campinas,Miller-Curry,182
2019-01-14,Decision Campinas,Miller-Curry,181
2019-01-14,Decision Campinas,Miller-Curry,180
2019-01-14,Decision Campinas,Miller-Curry,179
2019-01-14,Decision Campinas,Miller-Curry,178
2019-01-14,Decision Campinas,Miller-Curry,177
2019-01-14,Decision Campinas,Miller-Curry,176
2019-01-14,Decision Campinas,Miller-Curry,175
2019-01-14,Decision Campinas,Miller-Curry,174
2019-01-14,Decision Campinas,Miller-Curry,173
2019-01-14,Decision Campinas,Miller-Curry,172
2019-01-14,Decision Campinas,Miller-Curry,171
2019-01-14,Decision Campinas,Miller-Curry,170
2019-01-14,Decision Campinas,Miller-Curry,169
2019-01-14,Decision Campinas,Miller-Curry,168
2019-01-14,Decision Campinas,Miller-Curry,167
2019-01-14,Decision Campinas,Miller-Curry,166
2019-01-14,Decision Campinas,Miller-Curry,165
2019-01-14,Decision Campinas,Miller-Curry,164
2019-01-14,Decision Campinas,Miller-Curry,163
2019-01-14,Decision Campinas,Miller-Curry,162
2019-01-14,Decision Campinas,Miller-Curry,161
2019-01-14,Decision Campinas,Miller-Curry,160
2019-01-14,Decision Campinas,Miller-Curry,159
2019-01-14,Decision Campinas,Miller-Curry,158
2019-01-14,Decision São Paulo,Jimenez PLC,157
2019-01-14,Decision Campinas,Miller-Curry,156
2019-01-14,Decision Campinas,Miller-Curry,155
2019-01-14,Decision Campinas,Miller-Curry,154
2019-01-14,Decision Campinas,Miller-Curry,153
2019-01-14,Decision Campinas,Miller-Curry,152
2019-01-14,Decision Campinas,Miller-Curry,151
2019-01-14,Decision Campinas,Miller-Curry,150
2019-01-14,Decision Campinas,Miller-Curry,149
2019-01-14,Decision Campinas,Miller-Curry,148
2019-01-14,Decision Campinas,Miller-Curry,147
2019-01-13,Decision Campinas,Miller-Curry,146
2019-01-13,Decision Campinas,Miller-Curry,145
2019-01-13,Decision Campinas,Miller-Curry,144
2019-01-13,Decision Campinas,Miller-Curry,143
2019-01-13,Decision Campinas,Miller-Curry,142
2019-01-13,Decision Campinas,Miller-Curry,141
2019-01-13,Decision Campinas,Miller-Curry,140
2019-01-13,Decision Campinas,Miller-Curry,139
2019-01-13,Decision Campinas,Miller-Curry,138
2019-01-13,Decision São Paulo,"Wade, Bernard and Bailey",137
2019-01-13,Decision São Paulo,"Wade, Bernard and Bailey",136
2019-01-13,Decision Campinas,Miller-Curry,135
2019-01-13,Decision São Paulo,Nelson-Page,134
2019-01-13,Decision Campinas,Miller-Curry,133
2019-01-13,Decision São Paulo,Morrison Ltd,132
2019-01-13,Decision São Paulo,Morrison Ltd,131
2019-01-13,Decision São Paulo,Morrison Ltd,130
2019-01-10,Decision São Paulo,Callahan-Hall,129
2019-01-10,Decision São Paulo,Barnes-Woods,128
2019-01-10,Decision São Paulo,Barnes-Woods,127
2019-01-10,Decision São Paulo,Barnes-Woods,126
2019-01-10,Decision São Paulo,Barnes-Woods,125
2019-01-09,Decision São Paulo,Barnes-Woods,124
2019-01-08,Decision São Paulo,Johnson-Aguirre,123
2019-01-08,Decision São Paulo,Johnson-Aguirre,122
2019-01-08,Decision São Paulo,Johnson-Aguirre,121
2019-01-08,Decision São Paulo,Johnson-Aguirre,120
2019-01-08,Decision São Paulo,Barnes-Woods,119
2019-01-08,Decision São Paulo,Barnes-Woods,118
2019-01-07,Decision São Paulo,Nelson-Page,117
2019-01-07,Decision São Paulo,"Wade, Bernard and Bailey",116
2019-01-07,Decision São Paulo,"Wade, Bernard and Bailey",115
2019-01-07,Decision São Paulo,Nelson-Page,114
2019-01-07,Decision São Paulo,Nelson-Page,113
2019-01-07,Decision São Paulo,Nelson-Page,112
2019-01-07,Decision São Paulo,"Wade, Bernard and Bailey",111
2019-01-07,Decision São Paulo,Nelson-Page,110
2019-01-07,Decision São Paulo,"Wade, Bernard and Bailey",109
2019-01-07,Decision São Paulo,Nelson-Page,108
2019-01-07,Decision São Paulo,Nelson-Page,107
2019-01-07,Decision São Paulo,Nelson-Page,106
2019-01-07,Decision São Paulo,Nelson-Page,105
2019-01-07,Decision São Paulo,Nelson-Page,104
2019-01-07,Decision São Paulo,Morrison Ltd,103
2019-01-07,Decision São Paulo,Morrison Ltd,102
2019-01-07,Decision São Paulo,Morrison Ltd,101
2019-01-07,Decision São Paulo,Morrison Ltd,100
2019-01-06,Decision São Paulo,Barnes-Woods,99
2019-01-06,Decision São Paulo,Walters Group,98
2019-01-06,Decision São Paulo,Gonzalez and Sons,97
2019-01-03,Decision São Paulo,"Morris, Moran and Dodson",96
2019-01-03,Decision São Paulo,"Morris, Moran and Dodson",95
2019-01-02,Decision São Paulo,Jones-Hodges,94
2019-01-02,Decision São Paulo,Walters Group,93
2019-01-01,Decision São Paulo,Nelson-Page,92
2019-01-01,Decision São Paulo,Nelson-Page,91
2019-01-01,Decision São Paulo,Nelson-Page,90
2019-01-01,Decision São Paulo,Nelson-Page,89
2018-12-26,Decision São Paulo,Morrison Ltd,87
2018-12-27,Decision São Paulo,Gonzalez and Sons,86
2018-12-25,Decision São Paulo,Morrison Ltd,85
2018-12-25,Decision São Paulo,"Wade, Bernard and Bailey",84
2018-12-25,Decision São Paulo,"Wade, Bernard and Bailey",83
2018-12-25,Decision São Paulo,Nelson-Page,82
2018-12-25,Decision São Paulo,Nelson-Page,81
2018-12-25,Decision São Paulo,Nelson-Page,80
2018-12-25,Decision São Paulo,"Wade, Bernard and Bailey",79
2018-12-25,Decision São Paulo,"Wade, Bernard and Bailey",78
2018-12-25,Decision São Paulo,Nelson-Page,77
2018-12-25,Decision São Paulo,Jones-Hodges,76
2018-12-25,Decision São Paulo,Gonzalez and Sons,75
2018-12-25,Decision São Paulo,"Wade, Bernard and Bailey",74
2018-12-25,Decision São Paulo,Morrison Ltd,73
2018-12-25,Decision São Paulo,Gonzalez and Sons,72
2018-12-25,Decision São Paulo,Morrison Ltd,71
2018-12-25,Decision São Paulo,Nelson-Page,70
2018-12-25,Decision São Paulo,Morrison Ltd,69
2018-12-25,Decision São Paulo,Morrison Ltd,68
2018-12-19,Decision São Paulo,"Morris, Moran and Dodson",67
2018-12-19,Decision São Paulo,"Morris, Moran and Dodson",66
2018-12-19,Decision São Paulo,Callahan-Hall,65
2018-12-18,Decision São Paulo,Callahan-Hall,64
2018-12-18,Decision São Paulo,Callahan-Hall,63
2018-12-18,Decision São Paulo,Callahan-Hall,62
2018-12-18,Decision São Paulo,Johnson-Aguirre,61
2018-12-18,Decision São Paulo,Johnson-Aguirre,60
2018-12-18,Decision São Paulo,Johnson-Aguirre,59
2018-12-18,Decision São Paulo,Johnson-Aguirre,58
2018-12-18,Decision São Paulo,"Morris, Moran and Dodson",57
2018-12-17,Decision São Paulo,Walters Group,56
2018-12-17,Decision São Paulo,Callahan-Hall,55
2018-12-16,Decision São Paulo,Morrison Ltd,54
2018-12-16,Decision São Paulo,"Morris, Moran and Dodson",53
2018-12-16,Decision São Paulo,"Morris, Moran and Dodson",52
2018-12-13,Decision Campinas,Miller-Curry,51
2018-12-12,Decision São Paulo,Callahan-Hall,50
2018-12-12,Decision São Paulo,Callahan-Hall,49
2018-12-12,Decision São Paulo,Callahan-Hall,48
2018-12-12,Decision São Paulo,Callahan-Hall,47
2018-12-12,Decision São Paulo,Walters Group,46
2018-12-12,Decision São Paulo,Morrison Ltd,45
2018-12-12,Decision São Paulo,Morrison Ltd,44
2018-12-12,Decision São Paulo,Walters Group,43
2018-12-12,Decision São Paulo,Walters Group,42
2018-12-11,Decision São Paulo,Walters Group,41
2018-12-11,Decision São Paulo,Walters Group,40
2018-12-12,Decision São Paulo,Morrison Ltd,39
2018-12-12,Decision São Paulo,Morrison Ltd,38
2018-12-12,Decision São Paulo,Morrison Ltd,37
2018-12-12,Decision São Paulo,Morrison Ltd,36
2018-12-12,Decision São Paulo,Morrison Ltd,35
2018-12-12,Decision São Paulo,Morrison Ltd,34
2018-12-12,Decision São Paulo,Morrison Ltd,33
2018-12-12,Decision São Paulo,Morrison Ltd,32
2018-12-12,Decision São Paulo,Morrison Ltd,31
2018-12-11,Decision São Paulo,Gonzalez and Sons,30
2018-12-11,Decision São Paulo,Morrison Ltd,29
2018-12-11,Decision São Paulo,Morrison Ltd,28
2018-12-11,Decision São Paulo,Nelson-Page,27
2018-12-11,Decision São Paulo,Nelson-Page,26
2018-12-11,Decision São Paulo,Nelson-Page,25
2018-12-10,Decision São Paulo,Callahan-Hall,24
2018-12-10,Decision São Paulo,"Morris, Moran and Dodson",23
2018-12-10,Decision São Paulo,Barnes-Woods,21
2018-12-09,Decision São Paulo,"Morris, Moran and Dodson",20
2018-12-09,Decision São Paulo,"Morris, Moran and Dodson",19
2018-12-09,Decision São Paulo,"Morris, Moran and Dodson",18
2018-12-09,Decision São Paulo,Nelson-Page,17
2018-12-09,Decision São Paulo,Nelson-Page,16
2018-12-09,Decision São Paulo,Barnes-Woods,14
2018-12-06,Decision São Paulo,Gonzalez and Sons,13
2018-12-05,Decision São Paulo,Walters Group,12
2018-12-05,Decision São Paulo,Walters Group,11
2018-12-05,Decision São Paulo,Walters Group,10
2018-12-05,Decision São Paulo,Walters Group,9
2018-12-05,Decision Campinas,Walters Group,8
2018-12-05,Decision São Paulo,Walters Group,7
2018-12-04,Decision São Paulo,Barnes-Woods,6
2018-12-04,Decision São Paulo,Callahan-Hall,5
2018-12-04,Decision São Paulo,Barnes-Woods,4
2018-12-02,Decision São Paulo,Barnes-Woods,2
2022-06-30,Decision São Paulo,Jenkins-Walker,9770
2022-06-30,Decision São Paulo,Jenkins-Walker,9769
2022-06-30,Decision São Paulo,Jenkins-Walker,9768
2022-06-30,Decision São Paulo,Jenkins-Walker,9767
2022-06-30,Decision São Paulo,Jenkins-Walker,9766
2022-06-30,Decision São Paulo,Jenkins-Walker,9765
2022-06-30,Decision São Paulo,Jenkins-Walker,9764
2022-06-30,Decision São Paulo,Jenkins-Walker,9763
2022-06-30,Decision São Paulo,Jenkins-Walker,9762
2022-06-30,Decision São Paulo,Jenkins-Walker,9761
2022-06-30,Decision São Paulo,Jenkins-Walker,9760
2022-06-30,Decision São Paulo,Jenkins-Walker,9759
2022-06-30,Decision São Paulo,Jenkins-Walker,9758
2022-06-30,Decision São Paulo,Jenkins-Walker,9757
2022-06-30,Decision São Paulo,Jenkins-Walker,9756
2022-06-30,Decision São Paulo,Porter-Wilson,9755
2022-06-30,Decision São Paulo,Jenkins-Walker,9754
2022-06-30,Decision São Paulo,Jenkins-Walker,9753
2022-06-30,Decision São Paulo,Jenkins-Walker,9752
2022-06-30,Decision São Paulo,Jenkins-Walker,9751
2022-06-30,Decision São Paulo,Jenkins-Walker,9750
2022-06-30,Decision São Paulo,Jenkins-Walker,9749
2022-06-30,Decision São Paulo,Jenkins-Walker,9748
2022-06-30,Decision São Paulo,Jenkins-Walker,9747
2022-06-30,Decision São Paulo,Jenkins-Walker,9746
2022-06-30,Decision São Paulo,Jenkins-Walker,9745
2022-06-30,Decision São Paulo,Jenkins-Walker,9744
2022-06-30,Decision Campinas,Miller-Curry,9743
2022-06-30,Decision São Paulo,Mann and Sons,9742
2022-06-30,Decision São Paulo,Mann and Sons,9741
2022-06-30,Decision São Paulo,Jenkins-Walker,9740
2022-06-30,Decision São Paulo,Jenkins-Walker,9739
2022-06-30,Decision São Paulo,Jenkins-Walker,9738
2022-06-30,Decision São Paulo,Jenkins-Walker,9737
2022-06-30,Decision São Paulo,Mann and Sons,9736
2022-06-29,Decision São Paulo,Barnes-Woods,9735
2022-06-29,Decision São Paulo,Jenkins-Walker,9734
2022-06-29,Decision São Paulo,Barnes-Woods,9733
2022-06-29,Decision São Paulo,Barnes-Woods,9732
2022-06-29,Decision São Paulo,Barnes-Woods,9731
2022-06-29,Decision São Paulo,Barnes-Woods,9730
2022-06-29,Decision São Paulo,Jenkins-Walker,9729
2022-06-29,Decision São Paulo,Barnes-Woods,9728
2022-06-29,Decision São Paulo,Barnes-Woods,9727
2022-06-29,Decision São Paulo,Barnes-Woods,9726
2022-06-29,Decision São Paulo,Barnes-Woods,9725
2022-06-29,Decision São Paulo,Barnes-Woods,9724
2022-06-29,Decision São Paulo,"Morris, Moran and Dodson",9723
2022-06-29,Decision São Paulo,Porter-Wilson,9722
2022-06-29,Decision Campinas,Miller-Curry,9721
2022-06-28,Decision São Paulo,Mann and Sons,9720
2022-06-28,Decision São Paulo,Dougherty-Gilbert,9719
2022-06-28,Decision São Paulo,Jenkins-Walker,9718
2022-06-28,Decision São Paulo,Jenkins-Walker,9717
2022-06-28,Decision São Paulo,Jenkins-Walker,9716
2022-06-28,Decision São Paulo,Jenkins-Walker,9715
2022-06-28,Decision São Paulo,Jenkins-Walker,9714
2022-06-28,Decision São Paulo,"Morris, Moran and Dodson",9713
2022-06-28,Decision São Paulo,Jenkins-Walker,9712
2022-06-28,Decision São Paulo,"Morris, Moran and Dodson",9711
2022-06-28,Decision São Paulo,"Morris, Moran and Dodson",9710
2022-06-28,Decision São Paulo,"Morris, Moran and Dodson",9709
2022-06-28,Decision São Paulo,"Morris, Moran and Dodson",9708
2022-06-28,Decision Campinas,Miller-Curry,9707
2022-06-27,Decision São Paulo,"Morris, Moran and Dodson",9706
2022-06-27,Decision São Paulo,Mann and Sons,9705
2022-06-27,Decision São Paulo,Jenkins-Walker,9704
2022-06-27,Decision São Paulo,"Wade, Bernard and Bailey",9703
2022-06-27,Decision São Paulo,Nelson-Page,9702
2022-06-27,Decision São Paulo,Nelson-Page,9701
2022-06-27,Decision São Paulo,Nelson-Page,9700
2022-06-27,Decision São Paulo,Nelson-Page,9699
2022-06-27,Decision São Paulo,Nelson-Page,9698
2022-06-27,Decision São Paulo,Nelson-Page,9697
2022-06-27,Decision São Paulo,Nelson-Page,9696
2022-06-27,Decision São Paulo,Nelson-Page,9695
2022-06-27,Decision São Paulo,"Wade, Bernard and Bailey",9694
2022-06-27,Decision São Paulo,Morrison Ltd,9693
2022-06-27,Decision São Paulo,Mann and Sons,9692
2022-06-27,Decision São Paulo,Mann and Sons,9691
2022-06-27,Decision São Paulo,Jenkins-Walker,9690
2022-06-27,Decision São Paulo,Jenkins-Walker,9689
2022-06-27,Decision São Paulo,Jenkins-Walker,9688
2022-06-24,Decision São Paulo,Mann and Sons,9687
2022-06-24,Decision São Paulo,Morrison Ltd,9686
2022-06-24,Decision São Paulo,Barnes-Woods,9685
2022-06-23,Decision São Paulo,Barnes-Woods,9684
2022-06-23,Decision São Paulo,Barnes-Woods,9683
2022-06-23,Decision São Paulo,Barnes-Woods,9682
2022-06-23,Decision São Paulo,Walters Group,9681
2022-06-23,Decision São Paulo,Johnson-Pratt,9680
2022-06-23,Decision São Paulo,Nelson-Page,9679
2022-06-23,Decision São Paulo,Nelson-Page,9678
2022-06-23,Decision São Paulo,Nelson-Page,9677
2022-06-22,Decision São Paulo,"Morris, Moran and Dodson",9676
2022-06-22,Decision São Paulo,"Morris, Moran and Dodson",9675
2022-06-22,Decision São Paulo,"Morris, Moran and Dodson",9674
2022-06-22,Decision São Paulo,"Morris, Moran and Dodson",9673
2022-06-22,Decision São Paulo,"Morris, Moran and Dodson",9672
2022-06-22,Decision São Paulo,Mann and Sons,9671
2022-06-22,Decision São Paulo,Jenkins-Walker,9670
2022-06-22,Decision São Paulo,Jenkins-Walker,9669
2022-06-22,Decision São Paulo,Jenkins-Walker,9668
2022-06-22,Decision São Paulo,Porter-Wilson,9667
2022-06-21,Decision São Paulo,Johnson-Pratt,9666
2022-06-21,Decision São Paulo,Johnson-Pratt,9665
2022-06-21,Decision São Paulo,Nelson-Page,9664
2022-06-21,Decision São Paulo,Nelson-Page,9663
2022-06-21,Decision São Paulo,Nelson-Page,9662
2022-06-21,Decision São Paulo,"Miller, Tran and Chang",9661
2022-06-21,Decision São Paulo,Nelson-Page,9660
2022-06-21,Decision São Paulo,Nelson-Page,9659
2022-06-21,Decision São Paulo,Nelson-Page,9658
2022-06-21,Decision São Paulo,Porter-Wilson,9657
2022-06-21,Decision São Paulo,Porter-Wilson,9656
2022-06-21,Decision São Paulo,Porter-Wilson,9655
2022-06-21,Decision São Paulo,"Williams, Clark and Lynn",9654
2022-06-21,Decision São Paulo,"Williams, Clark and Lynn",9653
2022-06-20,Decision São Paulo,Mann and Sons,9652
2022-06-20,Decision São Paulo,Mann and Sons,9651
2022-06-20,Decision São Paulo,Mann and Sons,9650
2022-06-20,Decision São Paulo,"Miller, Tran and Chang",9649
2022-06-20,Decision São Paulo,"Miller, Tran and Chang",9648
2022-06-20,Decision São Paulo,"Miller, Tran and Chang",9647
2022-06-20,Decision São Paulo,"Miller, Tran and Chang",9646
2022-06-17,Decision São Paulo,Morrison Ltd,9645
2022-06-15,Decision São Paulo,Morrison Ltd,9644
2022-06-15,Decision São Paulo,Nelson-Page,9643
2022-06-15,Decision São Paulo,Nelson-Page,9642
2022-06-15,Decision São Paulo,Walters Group,9641
2022-06-15,Decision São Paulo,"Morris, Moran and Dodson",9639
2022-06-15,Decision São Paulo,"Morris, Moran and Dodson",9638
2022-06-14,Decision São Paulo,"Morris, Moran and Dodson",9637
2022-06-14,Decision São Paulo,"Morris, Moran and Dodson",9636
2022-06-14,Decision São Paulo,"Morris, Moran and Dodson",9635
2022-06-14,Decision São Paulo,"Morris, Moran and Dodson",9634
2022-06-14,Decision São Paulo,"Morris, Moran and Dodson",9633
2022-06-14,Decision São Paulo,"Morris, Moran and Dodson",9632
2022-06-14,Decision São Paulo,Johnson-Pratt,9631
2022-06-14,Decision São Paulo,Porter-Wilson,9630
2022-06-14,Decision São Paulo,Callahan-Hall,9629
2022-06-14,Decision São Paulo,Nelson-Page,9628
2022-06-14,Decision São Paulo,Nelson-Page,9627
2022-06-14,Decision São Paulo,"Wade, Bernard and Bailey",9626
2022-06-13,Decision São Paulo,Mann and Sons,9625
2022-06-13,Decision São Paulo,Mann and Sons,9624
2022-06-13,Decision São Paulo,Mann and Sons,9623
2022-06-13,Decision São Paulo,Mann and Sons,9622
2022-06-13,Decision São Paulo,Mann and Sons,9621
2022-06-13,Decision São Paulo,Mann and Sons,9620
2022-06-13,Decision São Paulo,Mann and Sons,9619
2022-06-13,Decision São Paulo,Morrison Ltd,9618
2022-06-13,Decision São Paulo,Mann and Sons,9617
2022-06-13,Decision São Paulo,Mann and Sons,9616
2022-06-13,Decision São Paulo,Porter-Wilson,9615
2022-06-13,Decision São Paulo,Mann and Sons,9614
2022-06-13,Decision São Paulo,Mann and Sons,9613
2022-06-13,Decision São Paulo,Mann and Sons,9612
2022-06-13,Decision São Paulo,Mann and Sons,9611
2022-06-13,Decision São Paulo,Mann and Sons,9610
2022-06-13,Decision São Paulo,Mann and Sons,9609
2022-06-13,Decision São Paulo,Mann and Sons,9608
2022-06-13,Decision São Paulo,Mann and Sons,9607
2022-06-13,Decision São Paulo,Morrison Ltd,9606
2021-04-06,Decision São Paulo,"Morris, Moran and Dodson",4860
2021-04-06,Decision São Paulo,Barnes-Woods,4859
2021-04-06,Decision São Paulo,Callahan-Hall,4858
2021-04-06,Decision São Paulo,"Morris, Moran and Dodson",4857
2021-04-06,Decision São Paulo,"Morris, Moran and Dodson",4856
2021-04-06,Decision São Paulo,Nelson-Page,4855
2021-04-06,Decision São Paulo,Nelson-Page,4854
2021-04-06,Decision São Paulo,Nelson-Page,4853
2021-04-06,Decision São Paulo,"Wade, Bernard and Bailey",4852
2021-04-06,Decision São Paulo,"Morris, Moran and Dodson",4851
2021-04-06,Decision São Paulo,Johnson-Aguirre,4850
2021-04-06,Decision São Paulo,"Williams, Kelley and Goodman",4849
2021-04-06,Decision São Paulo,Barnes-Woods,4848
2021-04-06,Decision São Paulo,Barnes-Woods,4847
2021-04-06,Decision São Paulo,"Morris, Moran and Dodson",4846
2021-04-05,Decision São Paulo,Barnes-Woods,4844
2021-04-05,Decision São Paulo,Barnes-Woods,4843
2021-04-05,Decision São Paulo,Nelson-Page,4842
2021-04-05,Decision São Paulo,Nelson-Page,4841
2021-04-05,Decision São Paulo,Nelson-Page,4840
2021-04-05,Decision São Paulo,Nelson-Page,4839
2021-04-05,Decision São Paulo,Nelson-Page,4838
2021-04-05,Decision São Paulo,Nelson-Page,4837
2021-04-05,Decision São Paulo,Nelson-Page,4836
2021-04-05,Decision São Paulo,Nelson-Page,4835
2021-04-05,Decision São Paulo,Nelson-Page,4834
2021-04-05,Decision São Paulo,King-Russell,4833
2021-04-05,Decision São Paulo,Johnson-Aguirre,4832
2021-04-05,Decision São Paulo,"Morris, Moran and Dodson",4830
2021-04-05,Decision São Paulo,"Morris, Moran and Dodson",4829
2021-04-05,Decision São Paulo,"Wade, Bernard and Bailey",4828
2021-04-05,Decision São Paulo,Gonzalez and Sons,4827
2021-04-05,Decision São Paulo,Gonzalez and Sons,4826
2021-04-05,Decision São Paulo,Nelson-Page,4825
2021-04-05,Decision São Paulo,Nelson-Page,4824
2021-04-05,Decision São Paulo,Nelson-Page,4823
2021-04-05,Decision São Paulo,Nelson-Page,4822
2021-04-05,Decision São Paulo,Nelson-Page,4821
2021-04-05,Decision São Paulo,"Wade, Bernard and Bailey",4820
2021-04-05,Decision São Paulo,"Wade, Bernard and Bailey",4819
2021-04-05,Decision São Paulo,Nelson-Page,4818
2021-04-05,Decision São Paulo,Nelson-Page,4817
2021-04-05,Decision São Paulo,Nelson-Page,4816
2021-04-05,Decision São Paulo,Nelson-Page,4815
2021-04-05,Decision São Paulo,Nelson-Page,4814
2021-04-05,Decision São Paulo,Nelson-Page,4813
2021-04-05,Decision São Paulo,Nelson-Page,4812
2021-04-05,Decision São Paulo,Nelson-Page,4811
2021-04-05,Decision São Paulo,Nelson-Page,4810
2021-04-05,Decision São Paulo,Nelson-Page,4809
2021-04-05,Decision São Paulo,Nelson-Page,4808
2021-04-05,Decision São Paulo,Barnes-Woods,4807
2021-04-05,Decision São Paulo,Nelson-Page,4806
2021-04-05,Decision São Paulo,Nelson-Page,4805
2021-04-05,Decision São Paulo,Nelson-Page,4804
2021-04-05,Decision São Paulo,Nelson-Page,4803
2021-04-05,Decision São Paulo,Nelson-Page,4802
2021-04-05,Decision São Paulo,Nelson-Page,4801
2021-04-05,Decision São Paulo,Nelson-Page,4800
2021-04-05,Decision São Paulo,Nelson-Page,4799
2021-04-05,Decision São Paulo,"Wade, Bernard and Bailey",4798
2021-04-05,Decision São Paulo,Nelson-Page,4797
2021-04-02,Decision São Paulo,Barnes-Woods,4796
2021-04-02,Decision São Paulo,Barnes-Woods,4795
2021-04-01,Decision São Paulo,Morrison Ltd,4794
2021-04-01,Decision Campinas,Miller-Curry,4793
2021-04-01,Decision Campinas,Miller-Curry,4792
2021-04-01,Decision São Paulo,"Morris, Moran and Dodson",4791
2021-04-01,Decision São Paulo,"Morris, Moran and Dodson",4790
2021-04-01,Decision São Paulo,"Morris, Moran and Dodson",4789
2021-04-01,Decision São Paulo,"Morris, Moran and Dodson",4788
2021-04-01,Decision São Paulo,"Morris, Moran and Dodson",4787
2021-04-01,Decision São Paulo,Barnes-Woods,4786
2021-03-31,Decision Campinas,Miller-Curry,4785
2021-03-31,Decision Campinas,Miller-Curry,4784
2021-03-31,Decision Campinas,Miller-Curry,4783
2021-03-31,Decision Campinas,Miller-Curry,4782
2021-03-31,Decision São Paulo,Morrison Ltd,4781
2021-03-30,Decision São Paulo,"Morris, Moran and Dodson",4780
2021-03-30,Decision São Paulo,Mann and Sons,4779
2021-03-30,Decision Campinas,Miller-Curry,4777
2021-03-30,Decision São Paulo,Morrison Ltd,4775
2021-03-30,Decision São Paulo,Barnes-Woods,4774
2021-03-29,Decision São Paulo,Williams Ltd,4773
2021-03-29,Decision São Paulo,Barnes-Woods,4772
2021-03-29,Decision São Paulo,Barnes-Woods,4771
2021-03-28,Decision São Paulo,Barnes-Woods,4770
2021-03-28,Decision São Paulo,Barnes-Woods,4769
2021-03-28,Decision São Paulo,Barnes-Woods,4768
2021-03-28,Decision São Paulo,Barnes-Woods,4767
2021-03-26,Decision Campinas,Miller-Curry,4766
2021-03-26,Decision São Paulo,"Morris, Moran and Dodson",4765
2021-03-26,Decision São Paulo,"Morris, Moran and Dodson",4764
2021-03-26,Decision São Paulo,"Morris, Moran and Dodson",4763
2021-03-26,Decision São Paulo,"Morris, Moran and Dodson",4762
2021-03-26,Decision São Paulo,"Morris, Moran and Dodson",4761
2021-03-26,Decision São Paulo,Morrison Ltd,4760
2021-03-25,Decision São Paulo,"Morris, Moran and Dodson",4759
2021-03-25,Decision São Paulo,"Morris, Moran and Dodson",4758
2021-03-25,Decision São Paulo,"Morris, Moran and Dodson",4757
2021-03-25,Decision São Paulo,"Morris, Moran and Dodson",4756
2021-03-25,Decision São Paulo,"Morris, Moran and Dodson",4755
2021-03-25,Decision São Paulo,"Morris, Moran and Dodson",4754
2021-03-25,Decision São Paulo,"Morris, Moran and Dodson",4753
2021-03-25,Decision São Paulo,"Morris, Moran and Dodson",4752
2021-03-25,Decision São Paulo,"Morris, Moran and Dodson",4751
2021-03-25,Decision São Paulo,"Morris, Moran and Dodson",4750
2021-03-25,Decision São Paulo,"Morris, Moran and Dodson",4749
2021-03-25,Decision São Paulo,"Morris, Moran and Dodson",4748
2021-03-25,Decision São Paulo,"Morris, Moran and Dodson",4747
2021-03-25,Decision São Paulo,"Morris, Moran and Dodson",4746
2021-03-25,Decision São Paulo,"Morris, Moran and Dodson",4745
2021-03-25,Decision São Paulo,"Morris, Moran and Dodson",4744
2021-03-25,Decision São Paulo,"Morris, Moran and Dodson",4743
2021-03-25,Decision São Paulo,"Morris, Moran and Dodson",4742
2021-03-25,Decision São Paulo,Barnes-Woods,4741
2021-03-25,Decision São Paulo,Nelson-Page,4740
2021-03-25,Decision São Paulo,Morrison Ltd,4739
2021-03-25,Decision São Paulo,Morrison Ltd,4738
2021-03-25,Decision São Paulo,Morrison Ltd,4737
2021-03-25,Decision São Paulo,Nelson-Page,4736
2021-03-25,Decision São Paulo,Nelson-Page,4735
2021-03-24,Decision São Paulo,Barnes-Woods,4734
2021-03-24,Decision São Paulo,Barnes-Woods,4733
2021-03-24,Decision São Paulo,Barnes-Woods,4732
2021-03-24,Decision São Paulo,Barnes-Woods,4731
2021-03-24,Decision São Paulo,Barnes-Woods,4730
2021-03-24,Decision São Paulo,Barnes-Woods,4729
2021-03-24,Decision São Paulo,Nelson-Page,4728
2021-03-24,Decision São Paulo,Nelson-Page,4727
2021-03-24,Decision São Paulo,Nelson-Page,4726
2021-03-24,Decision São Paulo,"Morris, Moran and Dodson",4725
2021-03-24,Decision São Paulo,"Morris, Moran and Dodson",4724
2021-03-24,Decision São Paulo,"Morris, Moran and Dodson",4723
2021-03-24,Decision São Paulo,"Morris, Moran and Dodson",4722
2021-03-24,Decision São Paulo,"Wade, Bernard and Bailey",4721
2021-03-24,Decision São Paulo,"Morris, Moran and Dodson",4720
2021-03-24,Decision São Paulo,"Morris, Moran and Dodson",4719
2021-03-24,Decision São Paulo,Barnes-Woods,4718
2021-03-24,Decision São Paulo,Mann and Sons,4712
2021-03-24,Decision São Paulo,Mann and Sons,4711
2021-03-24,Decision São Paulo,Barnes-Woods,4710
2021-03-23,Decision São Paulo,"Wade, Bernard and Bailey",4707
2021-03-23,Decision São Paulo,Nelson-Page,4706
2021-03-23,Decision São Paulo,"Morris, Moran and Dodson",4705
2021-03-23,Decision São Paulo,Nelson-Page,4704
2021-03-23,Decision São Paulo,Jimenez PLC,4703
2021-03-23,Decision São Paulo,Nelson-Page,4702
2021-03-23,Decision São Paulo,Nelson-Page,4701
2021-03-23,Decision São Paulo,Nelson-Page,4700
2021-03-23,Decision São Paulo,Nelson-Page,4699
2021-03-23,Decision São Paulo,Nelson-Page,4698
2021-03-23,Decision São Paulo,Nelson-Page,4697
2021-03-23,Decision São Paulo,Barnes-Woods,4696
2021-03-23,Decision São Paulo,Johnson-Aguirre,4692
2021-03-23,Decision São Paulo,Nelson-Page,4691
2021-03-23,Decision São Paulo,Johnson-Aguirre,4690
2021-03-23,Decision São Paulo,Nelson-Page,4688
2021-03-23,Decision São Paulo,Johnson-Aguirre,4684
2021-03-23,Decision São Paulo,Callahan-Hall,4683
2021-03-23,Decision São Paulo,Callahan-Hall,4682
2021-03-23,Decision São Paulo,Callahan-Hall,4681
2021-03-23,Decision São Paulo,Callahan-Hall,4680
2021-03-23,Decision São Paulo,Morrison Ltd,4679
2021-03-22,Decision São Paulo,"Morris, Moran and Dodson",4678
2021-03-22,Decision São Paulo,"Morris, Moran and Dodson",4677
2021-03-22,Decision São Paulo,"Morris, Moran and Dodson",4676
2021-03-22,Decision São Paulo,Barnes-Woods,4675
2021-03-22,Decision São Paulo,"Morris, Moran and Dodson",4674
2021-03-22,Decision São Paulo,Dougherty-Gilbert,4673
2021-03-22,Decision São Paulo,Dougherty-Gilbert,4672
2021-03-22,Decision São Paulo,Barnes-Woods,4671
2021-03-22,Decision São Paulo,Barnes-Woods,4670
2021-03-22,Decision São Paulo,Barnes-Woods,4669
2021-03-22,Decision São Paulo,Barnes-Woods,4668
2021-03-22,Decision São Paulo,Barnes-Woods,4667
2021-03-22,Decision São Paulo,"Morris, Moran and Dodson",4666
2021-03-22,Decision São Paulo,Barnes-Woods,4665
2021-03-22,Decision São Paulo,"Wade, Bernard and Bailey",4664
2021-03-22,Decision São Paulo,Nelson-Page,4663
2021-03-22,Decision São Paulo,Mann and Sons,4662
2021-03-22,Decision São Paulo,"Morris, Moran and Dodson",4661
2021-03-22,Decision São Paulo,"Morris, Moran and Dodson",4660
2021-03-22,Decision São Paulo,"Morris, Moran and Dodson",4659
2021-03-22,Decision São Paulo,Nelson-Page,4658
2021-03-22,Decision São Paulo,Nelson-Page,4657
2021-03-22,Decision São Paulo,Nelson-Page,4656
2021-03-22,Decision São Paulo,Nelson-Page,4655
2021-03-22,Decision São Paulo,Nelson-Page,4654
2021-03-22,Decision São Paulo,Nelson-Page,4653
2021-03-22,Decision São Paulo,Barnes-Woods,4652
2021-03-22,Decision São Paulo,Barnes-Woods,4651
2021-03-19,Decision São Paulo,Barnes-Woods,4650
2021-03-19,Decision São Paulo,Gonzalez and Sons,4649
2021-03-19,Decision São Paulo,"Morris, Moran and Dodson",4648
2021-03-19,Decision São Paulo,Barnes-Woods,4647
2021-03-19,Decision São Paulo,Barnes-Woods,4646
2021-03-19,Decision São Paulo,Barnes-Woods,4645
2021-03-19,Decision São Paulo,Barnes-Woods,4644
2021-03-19,Decision São Paulo,Barnes-Woods,4643
2021-03-19,Decision São Paulo,Barnes-Woods,4642
2021-03-19,Decision São Paulo,Barnes-Woods,4641
2021-03-19,Decision São Paulo,Barnes-Woods,4640
2021-03-19,Decision São Paulo,Barnes-Woods,4638
2021-03-19,Decision São Paulo,Barnes-Woods,4637
2021-03-19,Decision São Paulo,Barnes-Woods,4636
2021-03-19,Decision São Paulo,Johnson-Aguirre,4635
2021-03-19,Decision São Paulo,Callahan-Hall,4634
2021-03-19,Decision São Paulo,Barnes-Woods,4633
2021-03-19,Decision São Paulo,Nelson-Page,4632
2021-03-19,Decision São Paulo,"Wade, Bernard and Bailey",4631
2021-03-19,Decision São Paulo,Nelson-Page,4630
2021-03-19,Decision São Paulo,Nelson-Page,4629
2021-03-18,Decision Campinas,Miller-Curry,4628
2021-03-18,Decision São Paulo,Barnes-Woods,4627
2021-03-18,Decision São Paulo,Barnes-Woods,4626
2021-03-18,Decision São Paulo,"Morris, Moran and Dodson",4625
2021-03-18,Decision São Paulo,"Morris, Moran and Dodson",4624
2021-03-18,Decision São Paulo,"Mueller, Rogers and Lopez",4623
2021-03-18,Decision São Paulo,"Mueller, Rogers and Lopez",4622
2021-03-18,Decision São Paulo,Barnes-Woods,4621
2021-03-18,Decision São Paulo,Nelson-Page,4620
2021-03-17,Decision São Paulo,Gonzalez and Sons,4619
2021-03-17,Decision São Paulo,Barnes-Woods,4617
2021-03-17,Decision São Paulo,"Morris, Moran and Dodson",4616
2021-03-17,Decision São Paulo,Barnes-Woods,4615
2021-03-17,Decision São Paulo,Barnes-Woods,4614
2021-03-17,Decision São Paulo,Morrison Ltd,4613
2021-03-17,Decision São Paulo,Nelson-Page,4612
2021-03-17,Decision São Paulo,"Morris, Moran and Dodson",4611
2021-03-17,Decision São Paulo,"Morris, Moran and Dodson",4610
2021-03-17,Decision São Paulo,"Morris, Moran and Dodson",4609
2021-03-17,Decision São Paulo,"Wade, Bernard and Bailey",4608
2021-03-17,Decision São Paulo,"Wade, Bernard and Bailey",4607
2021-03-17,Decision São Paulo,"Wade, Bernard and Bailey",4606
2021-03-17,Decision São Paulo,"Wade, Bernard and Bailey",4605
2021-03-16,Decision São Paulo,King-Russell,4604
2021-03-16,Decision São Paulo,Callahan-Hall,4603
2021-03-16,Decision São Paulo,Nelson-Page,4602
2021-03-16,Decision São Paulo,Nelson-Page,4601
2021-03-16,Decision São Paulo,Dougherty-Gilbert,4600
2021-03-16,Decision São Paulo,Nelson-Page,4599
2021-03-16,Decision São Paulo,Dougherty-Gilbert,4598
2021-03-16,Decision São Paulo,Dougherty-Gilbert,4597
2021-03-16,Decision Campinas,Evans PLC,4596
2021-03-16,Decision São Paulo,Nelson-Page,4595
2021-03-16,Decision São Paulo,Nelson-Page,4594
2021-03-16,Decision São Paulo,Nelson-Page,4593
2021-03-16,Decision São Paulo,Nelson-Page,4592
2021-03-16,Decision São Paulo,Nelson-Page,4591
2021-03-16,Decision São Paulo,Morrison Ltd,4590
2021-03-15,Decision São Paulo,Barnes-Woods,4589
2021-03-15,Decision São Paulo,Nelson-Page,4588
2021-03-15,Decision São Paulo,Nelson-Page,4587
2021-03-15,Decision São Paulo,Nelson-Page,4586
2021-03-15,Decision São Paulo,Nelson-Page,4585
2021-03-15,Decision São Paulo,Barnes-Woods,4584
2021-03-15,Decision Campinas,Miller-Curry,4583
2021-03-15,Decision Campinas,Miller-Curry,4582
2021-03-15,Decision São Paulo,Nelson-Page,4581
2021-03-15,Decision São Paulo,Nelson-Page,4580
2021-03-15,Decision São Paulo,Nelson-Page,4579
2021-03-15,Decision São Paulo,Nelson-Page,4578
2021-03-15,Decision São Paulo,Nelson-Page,4577
2021-03-15,Decision São Paulo,Nelson-Page,4576
2021-03-15,Decision São Paulo,Nelson-Page,4575
2021-03-15,Decision Campinas,Miller-Curry,4574
2021-03-15,Decision São Paulo,Barnes-Woods,4573
2021-03-15,Decision São Paulo,"Morris, Moran and Dodson",4572
2021-03-15,Decision São Paulo,Morrison Ltd,4571
2021-03-15,Decision São Paulo,"Morris, Moran and Dodson",4570
2021-03-15,Decision São Paulo,Callahan-Hall,4569
2021-03-12,Decision São Paulo,Gonzalez and Sons,4568
2021-03-12,Decision São Paulo,Gonzalez and Sons,4567
2021-03-12,Decision Campinas,Miller-Curry,4566
2021-03-12,Decision São Paulo,"Morris, Moran and Dodson",4565
2021-03-12,Decision Campinas,Miller-Curry,4564
2021-03-12,Decision Campinas,Miller-Curry,4563
2021-03-12,Decision Campinas,Miller-Curry,4562
2021-03-12,Decision Campinas,Miller-Curry,4561
2021-03-12,Decision Campinas,Miller-Curry,4560
2021-03-12,Decision São Paulo,"Schwartz, Wagner and Hopkins",4559
2021-03-12,Decision Campinas,Miller-Curry,4558
2021-03-12,Decision São Paulo,Nelson-Page,4557
2021-03-12,Decision São Paulo,"Morris, Moran and Dodson",4556
2021-03-12,Decision São Paulo,Barnes-Woods,4555
2021-03-12,Decision São Paulo,Barnes-Woods,4554
2021-03-12,Decision São Paulo,Williams Ltd,4553
2021-03-11,Decision São Paulo,Barnes-Woods,4552
2021-03-11,Decision São Paulo,Barnes-Woods,4551
2021-03-11,Decision São Paulo,"Morris, Moran and Dodson",4550
2021-03-11,Decision São Paulo,Nelson-Page,4549
2021-03-11,Decision São Paulo,Nelson-Page,4548
2021-03-11,Decision São Paulo,Barnes-Woods,4547
2021-03-11,Decision São Paulo,Gonzalez and Sons,4546
2021-03-11,Decision São Paulo,Gonzalez and Sons,4545
2021-03-11,Decision São Paulo,Nelson-Page,4544
2021-03-11,Decision São Paulo,Nelson-Page,4543
2021-03-11,Decision São Paulo,Nelson-Page,4542
2021-03-11,Decision São Paulo,Nelson-Page,4541
2021-03-11,Decision São Paulo,Nelson-Page,4540
2021-03-11,Decision São Paulo,Nelson-Page,4539
2021-03-11,Decision São Paulo,Nelson-Page,4538
2021-03-11,Decision São Paulo,Nelson-Page,4537
2021-03-11,Decision São Paulo,Nelson-Page,4536
2021-03-11,Decision São Paulo,Barnes-Woods,4535
2021-03-11,Decision São Paulo,Barnes-Woods,4534
2021-03-11,Decision São Paulo,Barnes-Woods,4533
2021-03-11,Decision São Paulo,Morrison Ltd,4532
2021-03-10,Decision São Paulo,Gonzalez and Sons,4531
2021-03-10,Decision São Paulo,"Morris, Moran and Dodson",4530
2021-03-10,Decision São Paulo,Mckenzie-Francis,4528
2021-03-10,Decision São Paulo,Nelson-Page,4527
2021-03-10,Decision São Paulo,Barnes-Woods,4526
2021-03-10,Decision São Paulo,"Morris, Moran and Dodson",4525
2021-03-10,Decision São Paulo,"Morris, Moran and Dodson",4524
2021-03-10,Decision São Paulo,"Morris, Moran and Dodson",4523
2021-03-10,Decision São Paulo,Nelson-Page,4522
2021-03-10,Decision São Paulo,"Morris, Moran and Dodson",4521
2021-03-10,Decision São Paulo,Callahan-Hall,4520
2021-03-10,Decision São Paulo,"Morris, Moran and Dodson",4519
2021-03-10,Decision São Paulo,"Morris, Moran and Dodson",4518
2021-03-10,Decision São Paulo,"Morris, Moran and Dodson",4517
2021-03-10,Decision São Paulo,"Morris, Moran and Dodson",4516
2021-03-10,Decision São Paulo,"Morris, Moran and Dodson",4515
2021-03-09,Decision São Paulo,Callahan-Hall,4514
2021-03-09,Decision São Paulo,Callahan-Hall,4513
2021-03-09,Decision São Paulo,Callahan-Hall,4512
2021-03-09,Decision São Paulo,Callahan-Hall,4511
2021-03-09,Decision São Paulo,Callahan-Hall,4510
2021-03-09,Decision São Paulo,Gonzalez and Sons,4509
2021-03-09,Decision São Paulo,Williams Ltd,4508
2021-03-09,Decision São Paulo,Nelson-Page,4507
2021-03-09,Decision São Paulo,Nelson-Page,4506
2021-03-09,Decision Campinas,Miller-Curry,4505
2021-03-09,Decision São Paulo,Nelson-Page,4504
2021-03-09,Decision Campinas,Miller-Curry,4503
2021-03-09,Decision Campinas,Miller-Curry,4502
2021-03-09,Decision São Paulo,Nelson-Page,4501
2021-03-09,Decision Campinas,Miller-Curry,4500
2021-03-09,Decision Campinas,Miller-Curry,4499
2021-03-09,Decision Campinas,Miller-Curry,4498
2021-03-09,Decision São Paulo,"Wade, Bernard and Bailey",4497
2021-03-09,Decision São Paulo,Nelson-Page,4496
2021-03-09,Decision São Paulo,Nelson-Page,4495
2021-03-09,Decision São Paulo,"Wade, Bernard and Bailey",4494
2021-03-09,Decision São Paulo,Nelson-Page,4493
2021-03-09,Decision São Paulo,Nelson-Page,4492
2021-03-09,Decision São Paulo,Callahan-Hall,4491
2021-03-09,Decision São Paulo,Barnes-Woods,4489
2021-03-09,Decision São Paulo,Barnes-Woods,4488
2021-03-08,Decision São Paulo,Barnes-Woods,4487
2021-03-09,Decision São Paulo,Barnes-Woods,4486
2021-03-08,Decision São Paulo,Barnes-Woods,4485
2021-03-08,Decision São Paulo,Barnes-Woods,4484
2021-03-09,Decision São Paulo,Barnes-Woods,4483
2021-03-08,Decision São Paulo,Barnes-Woods,4482
2021-03-08,Decision São Paulo,Barnes-Woods,4481
2021-03-08,Decision São Paulo,Barnes-Woods,4480
2021-03-08,Decision São Paulo,Barnes-Woods,4479
2021-03-08,Decision São Paulo,"Morris, Moran and Dodson",4478
2021-03-08,Decision São Paulo,"Morris, Moran and Dodson",4477
2021-03-08,Decision São Paulo,"Morris, Moran and Dodson",4476
2021-03-08,Decision São Paulo,Barnes-Woods,4475
2021-03-08,Decision São Paulo,Barnes-Woods,4474
2021-03-05,Decision São Paulo,Nelson-Page,4473
2021-03-05,Decision São Paulo,Nelson-Page,4472
2021-03-05,Decision São Paulo,Nelson-Page,4471
2021-03-05,Decision São Paulo,Nelson-Page,4470
2021-03-05,Decision São Paulo,Nelson-Page,4469
2021-03-05,Decision São Paulo,Barnes-Woods,4468
2021-03-05,Decision São Paulo,Nelson-Page,4467
2021-03-05,Decision São Paulo,Barnes-Woods,4466
2021-03-05,Decision São Paulo,Nelson-Page,4465
2021-03-05,Decision São Paulo,Nelson-Page,4464
2021-03-05,Decision São Paulo,Callahan-Hall,4463
2021-03-05,Decision São Paulo,"Morris, Moran and Dodson",4462
2021-03-05,Decision São Paulo,"Morris, Moran and Dodson",4461
2021-03-05,Decision São Paulo,"Morris, Moran and Dodson",4460
2021-03-05,Decision São Paulo,Gonzalez and Sons,4459
2021-03-04,Decision São Paulo,Gonzalez and Sons,4458
2021-03-04,Decision São Paulo,Morrison Ltd,4457
2021-03-04,Decision São Paulo,Nelson-Page,4456
2021-03-04,Decision São Paulo,Nelson-Page,4455
2021-03-04,Decision São Paulo,"Morris, Moran and Dodson",4454
2021-03-04,Decision São Paulo,"Morris, Moran and Dodson",4453
2021-03-04,Decision São Paulo,King-Russell,4452
2021-03-04,Decision São Paulo,"Morris, Moran and Dodson",4451
2021-03-04,Decision São Paulo,"Morris, Moran and Dodson",4450
2021-03-04,Decision São Paulo,Nelson-Page,4449
2021-03-04,Decision São Paulo,Nelson-Page,4448
2021-03-03,Decision São Paulo,Barnes-Woods,4447
2021-03-03,Decision São Paulo,Barnes-Woods,4446
2021-03-03,Decision São Paulo,Barnes-Woods,4445
2021-03-03,Decision São Paulo,Callahan-Hall,4444
2021-03-03,Decision São Paulo,Callahan-Hall,4443
2021-03-03,Decision São Paulo,Callahan-Hall,4442
2021-03-03,Decision São Paulo,Morrison Ltd,4441
2021-03-03,Decision São Paulo,Morrison Ltd,4440
2021-03-03,Decision São Paulo,Morrison Ltd,4439
2021-03-03,Decision São Paulo,"Wade, Bernard and Bailey",4438
2021-03-03,Decision São Paulo,"Morris, Moran and Dodson",4437
2021-03-03,Decision São Paulo,"Morris, Moran and Dodson",4436
2021-03-03,Decision São Paulo,"Morris, Moran and Dodson",4435
2021-03-02,Decision São Paulo,"Morris, Moran and Dodson",4434
2021-03-02,Decision São Paulo,"Morris, Moran and Dodson",4433
2021-03-02,Decision São Paulo,"Morris, Moran and Dodson",4432
2021-03-02,Decision São Paulo,"Morris, Moran and Dodson",4431
2021-03-02,Decision São Paulo,"Morris, Moran and Dodson",4430
2021-03-02,Decision São Paulo,"Morris, Moran and Dodson",4429
2021-03-02,Decision São Paulo,"Morris, Moran and Dodson",4428
2021-03-02,Decision São Paulo,"Morris, Moran and Dodson",4427
2021-03-02,Decision São Paulo,"Morris, Moran and Dodson",4426
2021-03-02,Decision São Paulo,Nelson-Page,4425
2021-03-02,Decision São Paulo,Nelson-Page,4424
2021-03-02,Decision São Paulo,Nelson-Page,4423
2021-03-02,Decision São Paulo,"Morris, Moran and Dodson",4422
2021-03-02,Decision São Paulo,"Morris, Moran and Dodson",4421
2021-03-02,Decision São Paulo,Nelson-Page,4420
2021-03-01,Decision São Paulo,Barnes-Woods,4419
2021-03-01,Decision São Paulo,Barnes-Woods,4418
2021-03-01,Decision São Paulo,Barnes-Woods,4417
2021-03-01,Decision Campinas,Miller-Curry,4416
2021-03-01,Decision Campinas,Miller-Curry,4415
2021-03-01,Decision São Paulo,Nelson-Page,4414
2021-03-01,Decision São Paulo,Nelson-Page,4413
2021-03-01,Decision São Paulo,"Morris, Moran and Dodson",4412
2021-03-01,Decision São Paulo,Callahan-Hall,4411
2021-03-01,Decision São Paulo,Griffith-Webb,4410
2021-03-01,Decision São Paulo,Griffith-Webb,4409
2021-03-01,Decision São Paulo,Morrison Ltd,4408
2021-03-01,Decision São Paulo,Morrison Ltd,4407
2021-03-01,Decision São Paulo,Morrison Ltd,4406
2021-02-26,Decision São Paulo,Mann and Sons,4405
2021-02-26,Decision São Paulo,Mann and Sons,4404
2021-02-26,Decision São Paulo,Mann and Sons,4403
2021-02-26,Decision São Paulo,Mann and Sons,4402
2021-02-26,Decision São Paulo,Mann and Sons,4401
2021-02-26,Decision São Paulo,Mann and Sons,4400
2021-02-26,Decision São Paulo,Mann and Sons,4399
2021-02-26,Decision São Paulo,Mann and Sons,4398
2021-02-26,Decision São Paulo,Mann and Sons,4397
2021-02-26,Decision São Paulo,Mann and Sons,4396
2021-02-26,Decision São Paulo,Nelson-Page,4395
2021-02-26,Decision São Paulo,Nelson-Page,4394
2021-02-26,Decision Campinas,Miller-Curry,4393
2021-02-26,Decision São Paulo,Morrison Ltd,4391
2021-02-26,Decision São Paulo,King-Russell,4390
2021-02-26,Decision São Paulo,Nelson-Page,4389
2021-02-25,Decision Campinas,Miller-Curry,4388
2021-02-25,Decision Campinas,Miller-Curry,4387
2021-02-25,Decision Campinas,Miller-Curry,4386
2021-02-25,Decision Campinas,Miller-Curry,4385
2021-02-25,Decision Campinas,Miller-Curry,4384
2021-02-25,Decision Campinas,Miller-Curry,4383
2021-02-25,Decision Campinas,Miller-Curry,4382
2021-02-25,Decision Campinas,Miller-Curry,4381
2021-02-25,Decision Campinas,Miller-Curry,4380
2021-02-25,Decision Campinas,Miller-Curry,4379
2021-02-25,Decision Campinas,Miller-Curry,4378
2021-02-25,Decision Campinas,Miller-Curry,4377
2021-02-25,Decision Campinas,Miller-Curry,4376
2021-02-25,Decision São Paulo,"Morris, Moran and Dodson",4375
2021-02-25,Decision São Paulo,"Morris, Moran and Dodson",4374
2021-02-25,Decision São Paulo,Morrison Ltd,4373
2021-02-25,Decision São Paulo,Nelson-Page,4372
2021-02-25,Decision São Paulo,Nelson-Page,4371
2021-02-24,Decision São Paulo,Nelson-Page,4370
2021-02-24,Decision São Paulo,Gonzalez and Sons,4369
2021-02-24,Decision São Paulo,Gonzalez and Sons,4368
2021-02-24,Decision São Paulo,Gonzalez and Sons,4367
2021-02-24,Decision São Paulo,Gonzalez and Sons,4366
2021-02-24,Decision São Paulo,Gonzalez and Sons,4365
2021-02-24,Decision São Paulo,Gonzalez and Sons,4364
2021-02-24,Decision São Paulo,Barnes-Woods,4363
2021-02-24,Decision São Paulo,Nelson-Page,4362
2021-02-24,Decision São Paulo,Morrison Ltd,4361
2021-02-24,Decision São Paulo,Nelson-Page,4360
2021-02-24,Decision São Paulo,Morrison Ltd,4359
2021-02-24,Decision São Paulo,Nelson-Page,4358
2021-02-24,Decision São Paulo,Morrison Ltd,4357
2021-02-24,Decision São Paulo,Nelson-Page,4356
2021-02-24,Decision São Paulo,"Morris, Moran and Dodson",4355
2021-02-23,Decision São Paulo,Barnes-Woods,4354
2021-02-24,Decision São Paulo,Barnes-Woods,4353
2021-02-23,Decision São Paulo,Barnes-Woods,4352
2021-02-24,Decision São Paulo,Barnes-Woods,4351
2021-02-24,Decision São Paulo,Barnes-Woods,4350
2021-02-23,Decision São Paulo,Barnes-Woods,4349
2021-02-23,Decision São Paulo,Barnes-Woods,4348
2021-02-23,Decision São Paulo,Johnson-Aguirre,4347
2021-02-23,Decision São Paulo,"Morris, Moran and Dodson",4346
2021-02-23,Decision São Paulo,Mann and Sons,4345
2021-02-23,Decision São Paulo,Morrison Ltd,4344
2021-02-23,Decision São Paulo,Morrison Ltd,4343
2021-02-23,Decision São Paulo,Morrison Ltd,4342
2021-02-23,Decision São Paulo,Morrison Ltd,4341
2021-02-23,Decision São Paulo,Morrison Ltd,4340
2021-02-23,Decision São Paulo,Morrison Ltd,4339
2021-02-23,Decision São Paulo,"Morris, Moran and Dodson",4338
2021-02-23,Decision Campinas,Miller-Curry,4337
2021-02-23,Decision São Paulo,"Morris, Moran and Dodson",4336
2021-02-23,Decision São Paulo,Nelson-Page,4335
2021-02-22,Decision São Paulo,"Morris, Moran and Dodson",4334
2021-02-22,Decision São Paulo,"Morris, Moran and Dodson",4333
2021-02-22,Decision São Paulo,Gonzalez and Sons,4332
2021-02-22,Decision São Paulo,Barnes-Woods,4331
2021-02-22,Decision São Paulo,"Morris, Moran and Dodson",4330
2021-02-22,Decision São Paulo,Nelson-Page,4329
2021-02-22,Decision São Paulo,King-Russell,4328
2021-02-22,Decision São Paulo,Nelson-Page,4327
2021-02-22,Decision Campinas,Miller-Curry,4326
2021-02-22,Decision Campinas,Miller-Curry,4325
2021-02-22,Decision Campinas,Miller-Curry,4323
2021-02-22,Decision São Paulo,Morrison Ltd,4322
2021-02-22,Decision São Paulo,Morrison Ltd,4321
2021-02-22,Decision São Paulo,Barnes-Woods,4320
2021-02-22,Decision São Paulo,Barnes-Woods,4319
2021-02-22,Decision São Paulo,Barnes-Woods,4318
2021-02-22,Decision São Paulo,Barnes-Woods,4317
2021-02-22,Decision São Paulo,Craig-Webb,4316
2021-02-22,Decision São Paulo,Craig-Webb,4315
2021-02-19,Decision São Paulo,Morrison Ltd,4314
2021-02-19,Decision São Paulo,King-Russell,4313
2021-02-19,Decision São Paulo,Nelson-Page,4312
2021-02-19,Decision São Paulo,Callahan-Hall,4311
2021-02-19,Decision São Paulo,Nelson-Page,4310
2021-02-19,Decision São Paulo,Nelson-Page,4309
2021-02-19,Decision São Paulo,Nelson-Page,4308
2021-02-19,Decision São Paulo,"Morris, Moran and Dodson",4307
2021-02-19,Decision São Paulo,Morrison Ltd,4306
2021-02-18,Decision São Paulo,"Morris, Moran and Dodson",4305
2021-02-18,Decision São Paulo,"Morris, Moran and Dodson",4304
2021-02-18,Decision São Paulo,"Morris, Moran and Dodson",4303
2021-02-18,Decision São Paulo,Barnes-Woods,4302
2021-02-17,Decision São Paulo,Gonzalez and Sons,4301
2021-02-17,Decision São Paulo,"Morris, Moran and Dodson",4300
2021-02-17,Decision São Paulo,Nelson-Page,4299
2021-02-17,Decision São Paulo,Morrison Ltd,4298
2021-02-17,Decision São Paulo,Craig-Webb,4297
2021-02-17,Decision São Paulo,Craig-Webb,4296
2021-02-17,Decision São Paulo,"Morris, Moran and Dodson",4295
2021-02-17,Decision São Paulo,Nelson-Page,4294
2021-02-16,Decision São Paulo,Barnes-Woods,4293
2021-02-16,Decision São Paulo,"Morris, Moran and Dodson",4292
2021-02-16,Decision São Paulo,"Morris, Moran and Dodson",4291
2021-02-16,Decision São Paulo,"Morris, Moran and Dodson",4290
2021-02-16,Decision São Paulo,"Morris, Moran and Dodson",4289
2021-02-16,Decision São Paulo,Nelson-Page,4288
2021-02-15,Decision São Paulo,Nelson-Page,4287
2021-02-15,Decision São Paulo,Nelson-Page,4286
2021-02-15,Decision São Paulo,Nelson-Page,4285
2021-02-15,Decision São Paulo,Nelson-Page,4284
2021-02-15,Decision São Paulo,Nelson-Page,4283
2021-02-15,Decision São Paulo,Nelson-Page,4282
2021-02-15,Decision São Paulo,Nelson-Page,4281
2021-02-15,Decision São Paulo,Nelson-Page,4280
2021-02-15,Decision São Paulo,Nelson-Page,4279
2021-02-15,Decision São Paulo,Nelson-Page,4278
2021-02-15,Decision São Paulo,Nelson-Page,4277
2021-02-15,Decision São Paulo,Nelson-Page,4276
2021-02-15,Decision São Paulo,Nelson-Page,4275
2021-02-15,Decision São Paulo,Nelson-Page,4274
2021-02-15,Decision São Paulo,Nelson-Page,4273
2021-02-15,Decision São Paulo,Nelson-Page,4272
2021-02-15,Decision São Paulo,"Wade, Bernard and Bailey",4271
2021-02-15,Decision São Paulo,"Wade, Bernard and Bailey",4270
2021-02-15,Decision São Paulo,"Wade, Bernard and Bailey",4269
2021-02-15,Decision São Paulo,Barnes-Woods,4268
2021-02-15,Decision São Paulo,Johnson-Aguirre,4267
2021-02-15,Decision São Paulo,"Morris, Moran and Dodson",4266
2021-02-15,Decision São Paulo,Nelson-Page,4265
2021-02-15,Decision São Paulo,Barnes-Woods,4264
2021-02-15,Decision São Paulo,Barnes-Woods,4263
2021-02-15,Decision São Paulo,Nelson-Page,4262
2021-02-15,Decision São Paulo,Nelson-Page,4261
2021-02-15,Decision São Paulo,Nelson-Page,4260
2021-02-15,Decision São Paulo,Nelson-Page,4259
2021-02-15,Decision São Paulo,Nelson-Page,4258
2021-02-15,Decision São Paulo,Nelson-Page,4257
2021-02-15,Decision São Paulo,Nelson-Page,4256
2021-02-15,Decision São Paulo,Nelson-Page,4255
2021-02-15,Decision São Paulo,"Morris, Moran and Dodson",4254
2021-02-12,Decision São Paulo,Mann and Sons,4253
2021-02-12,Decision São Paulo,"Morris, Moran and Dodson",4252
2021-02-12,Decision São Paulo,Barnes-Woods,4251
2021-02-12,Decision São Paulo,Barnes-Woods,4250
2021-02-12,Decision São Paulo,Barnes-Woods,4249
2021-02-12,Decision São Paulo,Barnes-Woods,4248
2021-02-12,Decision São Paulo,Barnes-Woods,4247
2021-02-12,Decision São Paulo,Barnes-Woods,4246
2021-02-12,Decision São Paulo,Callahan-Hall,4245
2021-02-12,Decision São Paulo,"Morris, Moran and Dodson",4244
2021-02-12,Decision São Paulo,Gonzalez and Sons,4243
2021-02-12,Decision São Paulo,Griffith-Webb,4242
2021-02-12,Decision São Paulo,Barnes-Woods,4241
2021-02-12,Decision São Paulo,Barnes-Woods,4240
2021-02-12,Decision São Paulo,Barnes-Woods,4239
2021-02-12,Decision São Paulo,Barnes-Woods,4238
2021-02-11,Decision São Paulo,Morrison Ltd,4236
2021-02-11,Decision São Paulo,"Morris, Moran and Dodson",4235
2021-02-11,Decision São Paulo,"Morris, Moran and Dodson",4234
2021-02-11,Decision São Paulo,Morrison Ltd,4233
2021-02-11,Decision São Paulo,Morrison Ltd,4232
2021-02-11,Decision São Paulo,"Morris, Moran and Dodson",4231
2021-02-11,Decision São Paulo,"Morris, Moran and Dodson",4230
2021-02-11,Decision São Paulo,"Morris, Moran and Dodson",4229
2021-02-11,Decision São Paulo,"Morris, Moran and Dodson",4228
2021-02-11,Decision São Paulo,"Morris, Moran and Dodson",4227
2021-02-11,Decision São Paulo,Gonzalez and Sons,4226
2021-02-11,Decision São Paulo,"Morris, Moran and Dodson",4225
2021-02-11,Decision São Paulo,"Morris, Moran and Dodson",4224
2021-02-11,Decision São Paulo,"Morris, Moran and Dodson",4223
2021-02-11,Decision São Paulo,"Morris, Moran and Dodson",4222
2021-02-11,Decision São Paulo,Johnson-Gomez,4221
2021-02-10,Decision São Paulo,Barnes-Woods,4220
2021-02-10,Decision São Paulo,"Morris, Moran and Dodson",4219
2021-02-10,Decision São Paulo,"Morris, Moran and Dodson",4218
2021-02-10,Decision São Paulo,"Morris, Moran and Dodson",4217
2021-02-10,Decision São Paulo,Nelson-Page,4216
2021-02-10,Decision São Paulo,Barnes-Woods,4215
2021-02-10,Decision São Paulo,Gonzalez and Sons,4214
2021-02-09,Decision São Paulo,Morrison Ltd,4213
2021-02-09,Decision São Paulo,Craig-Webb,4212
2021-02-09,Decision São Paulo,Craig-Webb,4211
2021-02-09,Decision São Paulo,Craig-Webb,4210
2021-02-09,Decision São Paulo,Craig-Webb,4209
2021-02-09,Decision São Paulo,Craig-Webb,4208
2021-02-09,Decision São Paulo,Barnes-Woods,4207
2021-02-08,Decision São Paulo,Nelson-Page,4206
2021-02-08,Decision São Paulo,Griffith-Webb,4205
2021-02-08,Decision São Paulo,Nelson-Page,4204
2021-02-08,Decision São Paulo,Nelson-Page,4203
2021-02-08,Decision São Paulo,Gonzalez and Sons,4202
2021-02-08,Decision São Paulo,Gonzalez and Sons,4201
2021-02-08,Decision São Paulo,Gonzalez and Sons,4200
2021-02-08,Decision São Paulo,Gonzalez and Sons,4199
2021-02-08,Decision São Paulo,Gonzalez and Sons,4198
2021-02-08,Decision São Paulo,King-Russell,4197
2021-02-08,Decision São Paulo,King-Russell,4196
2021-02-08,Decision São Paulo,Gonzalez and Sons,4195
2021-02-08,Decision São Paulo,Gonzalez and Sons,4194
2021-02-05,Decision São Paulo,Morrison Ltd,4193
2021-02-05,Decision São Paulo,Morrison Ltd,4192
2021-02-05,Decision São Paulo,"Morris, Moran and Dodson",4191
2021-02-05,Decision São Paulo,Callahan-Hall,4190
2021-02-05,Decision São Paulo,Nelson-Page,4189
2021-02-05,Decision São Paulo,Nelson-Page,4188
2021-02-05,Decision São Paulo,Nelson-Page,4187
2021-02-04,Decision São Paulo,Barnes-Woods,4186
2021-02-04,Decision São Paulo,Barnes-Woods,4185
2021-02-04,Decision São Paulo,Barnes-Woods,4184
2021-01-20,Decision São Paulo,Steele and Sons,4043
2021-01-20,Decision São Paulo,Barber LLC,4042
2021-01-20,Decision São Paulo,"Morris, Moran and Dodson",4041
2021-01-20,Decision São Paulo,"Morris, Moran and Dodson",4040
2021-01-20,Decision São Paulo,Barnes-Woods,4039
2021-01-19,Decision São Paulo,Johnson-Aguirre,4038
2021-01-19,Decision São Paulo,Johnson-Aguirre,4037
2021-01-19,Decision São Paulo,Johnson-Aguirre,4036
2021-01-19,Decision São Paulo,Johnson-Aguirre,4035
2021-01-19,Decision São Paulo,Johnson-Aguirre,4034
2021-01-19,Decision São Paulo,Johnson-Aguirre,4033
2021-01-19,Decision São Paulo,Johnson-Aguirre,4032
2021-01-19,Decision São Paulo,Johnson-Aguirre,4031
2021-01-19,Decision São Paulo,Johnson-Aguirre,4030
2021-01-19,Decision São Paulo,Gonzalez and Sons,4029
2021-01-19,Decision São Paulo,Johnson-Aguirre,4028
2021-01-19,Decision São Paulo,"Morris, Moran and Dodson",4027
2021-01-19,Decision São Paulo,Morrison Ltd,4026
2021-01-19,Decision São Paulo,Morrison Ltd,4025
2021-01-19,Decision São Paulo,Morrison Ltd,4024
2021-01-19,Decision São Paulo,Griffith-Webb,4023
2021-01-18,Decision São Paulo,Nelson-Page,4022
2021-01-18,Decision São Paulo,"Rodriguez, Adams and Bell",4021
2021-01-18,Decision São Paulo,Morrison Ltd,4020
2021-01-18,Decision São Paulo,"Morris, Moran and Dodson",4019
2021-01-18,Decision São Paulo,"Morris, Moran and Dodson",4018
2021-01-17,Decision São Paulo,Morrison Ltd,4017
2021-01-17,Decision São Paulo,Morrison Ltd,4016
2021-01-17,Decision São Paulo,Morrison Ltd,4015
2021-01-17,Decision São Paulo,Morrison Ltd,4014
2021-01-17,Decision São Paulo,Nelson-Page,4013
2021-01-17,Decision São Paulo,Griffith-Webb,4012
2021-01-17,Decision São Paulo,Nelson-Page,4011
2021-01-17,Decision São Paulo,Nelson-Page,4010
2021-01-17,Decision São Paulo,Nelson-Page,4009
2021-01-17,Decision São Paulo,Nelson-Page,4008
2021-01-17,Decision São Paulo,Nelson-Page,4007
2021-01-17,Decision São Paulo,Nelson-Page,4006
2021-01-15,Decision São Paulo,"Morris, Moran and Dodson",4005
2021-01-15,Decision São Paulo,Mann and Sons,4004
2021-01-14,Decision São Paulo,Gonzalez and Sons,4003
2021-01-14,Decision São Paulo,Mann and Sons,4002
2021-01-14,Decision São Paulo,Barber LLC,4001
2021-01-14,Decision São Paulo,Nelson-Page,4000
2021-01-14,Decision São Paulo,Barnes-Woods,3999
2021-01-13,Decision São Paulo,Barnes-Woods,3998
2021-01-13,Decision São Paulo,Barnes-Woods,3997
2021-01-13,Decision São Paulo,Barnes-Woods,3996
2021-01-13,Decision São Paulo,"Morris, Moran and Dodson",3995
2021-01-12,Decision São Paulo,Barber LLC,3994
2021-01-12,Decision São Paulo,Nelson-Page,3993
2021-01-12,Decision São Paulo,Barnes-Woods,3992
2021-01-12,Decision São Paulo,Callahan-Hall,3991
2021-01-12,Decision Campinas,Miller-Curry,3990
2021-01-12,Decision Campinas,Miller-Curry,3989
2021-01-12,Decision Campinas,Miller-Curry,3988
2021-01-11,Decision São Paulo,Mann and Sons,3987
2021-01-11,Decision São Paulo,Mann and Sons,3986
2021-01-11,Decision São Paulo,Barber LLC,3985
2021-01-11,Decision São Paulo,Barber LLC,3984
2021-01-09,Decision São Paulo,Morrison Ltd,3983
2021-01-10,Decision São Paulo,Morrison Ltd,3982
2021-01-10,Decision São Paulo,Morrison Ltd,3981
2021-01-10,Decision São Paulo,Nelson-Page,3980
2021-01-10,Decision São Paulo,"Wade, Bernard and Bailey",3979
2021-01-10,Decision São Paulo,"Wade, Bernard and Bailey",3978
2021-01-10,Decision São Paulo,Nelson-Page,3977
2021-01-10,Decision São Paulo,Nelson-Page,3976
2021-01-10,Decision São Paulo,Nelson-Page,3975
2021-01-10,Decision São Paulo,"Wade, Bernard and Bailey",3974
2021-01-10,Decision São Paulo,"Wade, Bernard and Bailey",3973
2021-01-10,Decision São Paulo,Griffith-Webb,3972
2021-01-10,Decision São Paulo,Griffith-Webb,3971
2021-01-10,Decision São Paulo,Nelson-Page,3970
2021-01-10,Decision São Paulo,"Wade, Bernard and Bailey",3969
2021-01-10,Decision São Paulo,Griffith-Webb,3968
2021-01-10,Decision São Paulo,Nelson-Page,3967
2021-01-08,Decision São Paulo,Barnes-Woods,3966
2021-01-08,Decision São Paulo,Gonzalez and Sons,3965
2021-01-08,Decision São Paulo,Gonzalez and Sons,3964
2021-01-08,Decision São Paulo,Gonzalez and Sons,3963
2021-01-08,Decision São Paulo,Mann and Sons,3962
2021-01-08,Decision São Paulo,Gonzalez and Sons,3961
2021-01-08,Decision São Paulo,Gonzalez and Sons,3960
2021-01-08,Decision São Paulo,Gonzalez and Sons,3959
2021-01-08,Decision São Paulo,Gonzalez and Sons,3958
2021-01-07,Decision São Paulo,Nelson-Page,3957
2021-01-07,Decision São Paulo,"Morris, Moran and Dodson",3956
2021-01-07,Decision São Paulo,"Morris, Moran and Dodson",3955
2021-01-07,Decision São Paulo,"Morris, Moran and Dodson",3954
2021-01-07,Decision São Paulo,Barnes-Woods,3953
2021-01-07,Decision São Paulo,"Morris, Moran and Dodson",3952
2021-01-07,Decision São Paulo,"Morris, Moran and Dodson",3951
2021-01-07,Decision São Paulo,"Morris, Moran and Dodson",3950
2021-01-07,Decision São Paulo,"Morris, Moran and Dodson",3949
2021-01-07,Decision São Paulo,"Morris, Moran and Dodson",3948
2021-01-07,Decision São Paulo,"Morris, Moran and Dodson",3947
2021-01-07,Decision São Paulo,"Morris, Moran and Dodson",3946
2021-01-06,Decision São Paulo,Nelson-Page,3945
2021-01-06,Decision São Paulo,Davis LLC,3944
2021-01-06,Decision São Paulo,Nelson-Page,3943
2021-01-06,Decision São Paulo,Nelson-Page,3942
2021-01-06,Decision São Paulo,Nelson-Page,3941
2021-01-06,Decision São Paulo,Nelson-Page,3940
2021-01-06,Decision São Paulo,Nelson-Page,3939
2021-01-06,Decision Campinas,Miller-Curry,3938
2021-01-06,Decision Campinas,Miller-Curry,3937
2021-01-06,Decision Campinas,Miller-Curry,3936
2021-01-06,Decision Campinas,Miller-Curry,3935
2021-01-06,Decision Campinas,Miller-Curry,3934
2021-01-06,Decision São Paulo,Nelson-Page,3933
2021-01-06,Decision São Paulo,Barber LLC,3932
2021-01-06,Decision São Paulo,Barber LLC,3931
2021-01-05,Decision São Paulo,Morrison Ltd,3930
2021-01-05,Decision São Paulo,Morrison Ltd,3929
2021-01-05,Decision São Paulo,Morrison Ltd,3928
2021-01-05,Decision São Paulo,Morrison Ltd,3927
2021-01-05,Decision São Paulo,Morrison Ltd,3926
2021-01-05,Decision São Paulo,Morrison Ltd,3925
2021-01-05,Decision São Paulo,Morrison Ltd,3924
2021-01-05,Decision São Paulo,Morrison Ltd,3923
2021-01-05,Decision São Paulo,Morrison Ltd,3922
2021-01-05,Decision São Paulo,Morrison Ltd,3921
2021-01-05,Decision São Paulo,Morrison Ltd,3920
2021-01-05,Decision São Paulo,Morrison Ltd,3919
2021-01-05,Decision São Paulo,Mann and Sons,3918
2021-01-05,Decision São Paulo,Mann and Sons,3917
2021-01-05,Decision São Paulo,Mann and Sons,3916
2021-01-05,Decision São Paulo,Mann and Sons,3915
2021-01-05,Decision São Paulo,Mann and Sons,3914
2021-01-05,Decision São Paulo,Mann and Sons,3913
2021-01-05,Decision São Paulo,Mann and Sons,3912
2021-01-05,Decision São Paulo,Mann and Sons,3911
2021-01-05,Decision São Paulo,Dougherty-Gilbert,3910
2021-01-05,Decision São Paulo,Dougherty-Gilbert,3909
2021-01-05,Decision São Paulo,Dougherty-Gilbert,3908
2021-01-05,Decision São Paulo,"Morris, Moran and Dodson",3907
2021-01-05,Decision São Paulo,"Morris, Moran and Dodson",3906
2021-01-05,Decision São Paulo,"Morris, Moran and Dodson",3905
2021-01-05,Decision São Paulo,"Morris, Moran and Dodson",3904
2021-01-05,Decision São Paulo,"Morris, Moran and Dodson",3903
2021-01-05,Decision São Paulo,"Morris, Moran and Dodson",3902
2021-01-05,Decision São Paulo,"Morris, Moran and Dodson",3901
2021-01-05,Decision São Paulo,Barnes-Woods,3900
2021-01-05,Decision São Paulo,Barnes-Woods,3899
2021-01-05,Decision São Paulo,Barnes-Woods,3898
2021-01-05,Decision São Paulo,Barnes-Woods,3897
2021-01-05,Decision São Paulo,Barnes-Woods,3896
2021-01-05,Decision São Paulo,Barnes-Woods,3895
2021-01-04,Decision São Paulo,Morrison Ltd,3894
2021-01-04,Decision São Paulo,Morrison Ltd,3893
2021-01-03,Decision Campinas,Miller-Curry,3892
2020-12-31,Decision São Paulo,"Morris, Moran and Dodson",3891
2020-12-30,Decision São Paulo,"Morris, Moran and Dodson",3890
2020-12-30,Decision São Paulo,"Morris, Moran and Dodson",3889
2020-12-30,Decision São Paulo,"Morris, Moran and Dodson",3888
2020-12-30,Decision São Paulo,"Morris, Moran and Dodson",3887
2020-12-30,Decision Campinas,Miller-Curry,3886
2020-12-29,Decision São Paulo,Griffith-Webb,3885
2020-12-29,Decision Campinas,Miller-Curry,3884
2020-12-29,Decision Campinas,Miller-Curry,3883
2020-12-29,Decision Campinas,Miller-Curry,3882
2020-12-29,Decision São Paulo,Barnes-Woods,3881
2020-12-29,Decision São Paulo,Griffith-Webb,3880
2020-12-29,Decision Campinas,Miller-Curry,3879
2020-12-29,Decision Campinas,Miller-Curry,3878
2020-12-29,Decision Campinas,Miller-Curry,3877
2020-12-28,Decision São Paulo,Morrison Ltd,3876
2020-12-28,Decision São Paulo,Morrison Ltd,3875
2020-12-28,Decision São Paulo,Barnes-Woods,3874
2020-12-28,Decision São Paulo,"Morris, Moran and Dodson",3873
2020-12-28,Decision São Paulo,Mann and Sons,3872
2020-12-28,Decision São Paulo,Barnes-Woods,3871
2020-12-28,Decision São Paulo,Morrison Ltd,3870
2020-12-28,Decision São Paulo,Morrison Ltd,3869
2020-12-28,Decision São Paulo,Morrison Ltd,3868
2020-12-28,Decision São Paulo,Barnes-Woods,3867
2020-12-28,Decision São Paulo,Barnes-Woods,3866
2020-12-28,Decision São Paulo,Morrison Ltd,3865
2020-12-28,Decision São Paulo,Nelson-Page,3864
2020-12-28,Decision São Paulo,Nelson-Page,3863
2020-12-28,Decision São Paulo,Nelson-Page,3862
2020-12-28,Decision São Paulo,"Wade, Bernard and Bailey",3861
2020-12-28,Decision São Paulo,"Wade, Bernard and Bailey",3860
2020-12-28,Decision São Paulo,Nelson-Page,3859
2020-12-28,Decision São Paulo,"Wade, Bernard and Bailey",3858
2020-12-28,Decision São Paulo,Nelson-Page,3857
2020-12-28,Decision São Paulo,Nelson-Page,3856
2020-12-28,Decision São Paulo,Nelson-Page,3855
2020-12-28,Decision São Paulo,Nelson-Page,3854
2020-12-28,Decision São Paulo,Nelson-Page,3853
2020-12-28,Decision São Paulo,Griffith-Webb,3852
2020-12-23,Decision São Paulo,"Morris, Moran and Dodson",3851
2020-12-23,Decision São Paulo,"Morris, Moran and Dodson",3850
2020-12-22,Decision São Paulo,"Morris, Moran and Dodson",3849
2020-12-22,Decision São Paulo,Mann and Sons,3848
2020-12-22,Decision São Paulo,Nelson-Page,3847
2020-12-22,Decision São Paulo,"Morris, Moran and Dodson",3846
2020-12-22,Decision São Paulo,"Morris, Moran and Dodson",3845
2020-12-21,Decision Campinas,Miller-Curry,3844
2020-12-21,Decision São Paulo,Mann and Sons,3843
2020-12-21,Decision São Paulo,Mann and Sons,3842
2020-12-21,Decision São Paulo,Mann and Sons,3841
2020-12-21,Decision São Paulo,Mann and Sons,3840
2020-12-21,Decision São Paulo,Mann and Sons,3839
2020-12-21,Decision São Paulo,Mann and Sons,3838
2020-12-21,Decision São Paulo,Mann and Sons,3837
2020-12-21,Decision São Paulo,Nelson-Page,3836
2020-12-21,Decision São Paulo,Nelson-Page,3835
2020-12-21,Decision São Paulo,Nelson-Page,3834
2020-12-20,Decision São Paulo,Griffith-Webb,3833
2020-12-20,Decision São Paulo,Griffith-Webb,3832
2020-12-20,Decision São Paulo,Griffith-Webb,3831
2020-12-20,Decision São Paulo,Nelson-Page,3830
2020-12-20,Decision São Paulo,Nelson-Page,3829
2020-12-20,Decision São Paulo,Nelson-Page,3827
2020-12-20,Decision São Paulo,Nelson-Page,3826
2020-12-20,Decision São Paulo,Nelson-Page,3825
2020-12-20,Decision São Paulo,Nelson-Page,3824
2020-12-20,Decision São Paulo,Nelson-Page,3823
2020-12-20,Decision São Paulo,Nelson-Page,3822
2020-12-20,Decision São Paulo,Nelson-Page,3821
2020-12-18,Decision Campinas,Miller-Curry,3820
2020-12-18,Decision São Paulo,"Morris, Moran and Dodson",3819
2020-12-18,Decision São Paulo,"Morris, Moran and Dodson",3818
2020-12-17,Decision São Paulo,Nelson-Page,3817
2020-12-17,Decision São Paulo,Mann and Sons,3816
2020-12-17,Decision Campinas,Miller-Curry,3815
2020-12-17,Decision Campinas,Miller-Curry,3814
2020-12-16,Decision São Paulo,King-Russell,3813
2020-12-16,Decision São Paulo,King-Russell,3812
2020-12-16,Decision São Paulo,Nelson-Page,3811
2020-12-16,Decision São Paulo,Nelson-Page,3810
2020-12-16,Decision São Paulo,Nelson-Page,3809
2020-12-16,Decision São Paulo,Nelson-Page,3808
2020-12-16,Decision São Paulo,Nelson-Page,3807
2020-12-16,Decision São Paulo,Nelson-Page,3806
2020-12-16,Decision São Paulo,Nelson-Page,3805
2020-12-16,Decision São Paulo,Nelson-Page,3804
2020-12-16,Decision São Paulo,Barnes-Woods,3803
2020-12-16,Decision São Paulo,"Morris, Moran and Dodson",3802
2020-12-16,Decision São Paulo,"Morris, Moran and Dodson",3801
2020-12-16,Decision São Paulo,"Morris, Moran and Dodson",3800
2020-12-15,Decision São Paulo,"Morris, Moran and Dodson",3799
2020-12-15,Decision São Paulo,"Morris, Moran and Dodson",3798
2020-12-15,Decision São Paulo,"Morris, Moran and Dodson",3797
2020-12-15,Decision São Paulo,"Morris, Moran and Dodson",3796
2020-12-15,Decision São Paulo,"Morris, Moran and Dodson",3795
2020-12-15,Decision São Paulo,"Morris, Moran and Dodson",3794
2020-12-11,Decision São Paulo,"Wade, Bernard and Bailey",3792
2020-12-11,Decision São Paulo,Nelson-Page,3791
2020-12-11,Decision São Paulo,Nelson-Page,3790
2020-12-11,Decision São Paulo,Nelson-Page,3789
2020-12-11,Decision São Paulo,Nelson-Page,3788
2020-12-11,Decision São Paulo,Morrison Ltd,3787
2020-12-11,Decision São Paulo,Morrison Ltd,3786
2020-12-11,Decision São Paulo,Morrison Ltd,3785
2020-12-11,Decision São Paulo,Morrison Ltd,3784
2020-12-11,Decision São Paulo,Morrison Ltd,3783
2020-12-11,Decision São Paulo,Barnes-Woods,3782
2020-12-11,Decision São Paulo,Barnes-Woods,3781
2020-12-11,Decision São Paulo,Barnes-Woods,3780
2020-12-11,Decision São Paulo,Barnes-Woods,3779
2020-12-11,Decision São Paulo,Barnes-Woods,3778
2020-12-11,Decision São Paulo,Barnes-Woods,3777
2020-12-11,Decision São Paulo,Barnes-Woods,3776
2020-12-11,Decision São Paulo,Barnes-Woods,3775
2020-12-09,Decision São Paulo,Nelson-Page,3774
2020-12-09,Decision São Paulo,Morrison Ltd,3773
2020-12-09,Decision São Paulo,Nelson-Page,3772
2020-12-09,Decision São Paulo,Nelson-Page,3771
2020-12-09,Decision São Paulo,Barnes-Woods,3770
2020-12-09,Decision São Paulo,Nelson-Page,3769
2020-12-09,Decision Campinas,Miller-Curry,3768
2020-12-09,Decision São Paulo,Morrison Ltd,3767
2020-12-09,Decision São Paulo,Barnes-Woods,3766
2020-12-09,Decision Campinas,Miller-Curry,3765
2020-12-09,Decision São Paulo,King-Russell,3764
2020-12-09,Decision Campinas,Miller-Curry,3763
2020-12-09,Decision Campinas,Miller-Curry,3762
2020-12-09,Decision Campinas,Miller-Curry,3761
2020-12-09,Decision São Paulo,"Wade, Bernard and Bailey",3760
2020-12-09,Decision São Paulo,Nelson-Page,3759
2020-12-08,Decision São Paulo,Dougherty-Gilbert,3758
2020-12-08,Decision São Paulo,"Morris, Moran and Dodson",3757
2020-12-08,Decision São Paulo,"Morris, Moran and Dodson",3756
2020-12-07,Decision São Paulo,Morrison Ltd,3755
2020-12-08,Decision São Paulo,Barnes-Woods,3754
2020-12-08,Decision São Paulo,Nelson-Page,3753
2020-12-08,Decision São Paulo,Nelson-Page,3752
2020-12-07,Decision São Paulo,King-Russell,3751
2020-12-07,Decision São Paulo,Callahan-Hall,3750
2020-12-07,Decision São Paulo,Callahan-Hall,3749
2020-12-07,Decision São Paulo,Callahan-Hall,3748
2020-12-07,Decision São Paulo,"Morris, Moran and Dodson",3747
2020-12-07,Decision São Paulo,"Morris, Moran and Dodson",3746
2020-12-07,Decision São Paulo,"Morris, Moran and Dodson",3745
2020-12-07,Decision São Paulo,"Morris, Moran and Dodson",3744
2020-12-07,Decision São Paulo,Nelson-Page,3743
2020-12-06,Decision São Paulo,Nelson-Page,3742
2020-12-06,Decision São Paulo,Morrison Ltd,3741
2020-12-06,Decision São Paulo,Morrison Ltd,3740
2020-12-06,Decision São Paulo,Morrison Ltd,3739
2020-12-06,Decision São Paulo,Morrison Ltd,3738
2020-12-04,Decision São Paulo,Morrison Ltd,3737
2020-12-04,Decision São Paulo,Barnes-Woods,3736
2020-12-03,Decision São Paulo,Nelson-Page,3735
2020-12-03,Decision São Paulo,Barnes-Woods,3734
2020-12-03,Decision São Paulo,"Morris, Moran and Dodson",3733
2020-12-03,Decision São Paulo,Barber LLC,3732
2020-12-03,Decision São Paulo,"Morris, Moran and Dodson",3730
2020-12-03,Decision São Paulo,"Morris, Moran and Dodson",3729
2020-12-03,Decision São Paulo,Ho-Doyle,3728
2020-12-03,Decision São Paulo,"Morris, Moran and Dodson",3727
2020-12-03,Decision São Paulo,"Webster, Wolfe and Ross",3725
2020-12-03,Decision São Paulo,Nelson-Page,3724
2020-12-03,Decision São Paulo,Nelson-Page,3723
2020-12-03,Decision São Paulo,Nelson-Page,3722
2020-12-03,Decision São Paulo,Nelson-Page,3721
2020-12-03,Decision São Paulo,"Wade, Bernard and Bailey",3720
2020-12-03,Decision São Paulo,"Wade, Bernard and Bailey",3719
2020-12-03,Decision São Paulo,Nelson-Page,3718
2020-12-03,Decision São Paulo,Nelson-Page,3717
2020-12-03,Decision São Paulo,Nelson-Page,3716
2020-12-03,Decision São Paulo,Nelson-Page,3715
2020-12-02,Decision São Paulo,"Morris, Moran and Dodson",3714
2020-12-02,Decision São Paulo,"Morris, Moran and Dodson",3713
2020-12-02,Decision São Paulo,"Morris, Moran and Dodson",3712
2020-12-02,Decision São Paulo,"Morris, Moran and Dodson",3711
2020-12-02,Decision São Paulo,"Morris, Moran and Dodson",3710
2020-12-02,Decision São Paulo,Wilkinson and Sons,3709
2020-12-02,Decision São Paulo,"Charles, White and Becker",3708
2020-12-02,Decision São Paulo,Wilkinson and Sons,3707
2020-12-01,Decision São Paulo,Barnes-Woods,3706
2020-12-01,Decision São Paulo,"Morris, Moran and Dodson",3705
2020-12-01,Decision Campinas,Miller-Curry,3704
2020-11-30,Decision São Paulo,Barnes-Woods,3703
2020-11-30,Decision São Paulo,Moore-Kelly,3702
2020-11-30,Decision São Paulo,Moore-Kelly,3701
2020-11-30,Decision Campinas,Miller-Curry,3700
2020-11-30,Decision Campinas,Miller-Curry,3699
2020-11-30,Decision São Paulo,Jones-Hodges,3698
2020-11-30,Decision Campinas,Miller-Curry,3697
2020-11-30,Decision São Paulo,"Morris, Moran and Dodson",3696
2020-11-30,Decision São Paulo,"Morris, Moran and Dodson",3695
2020-11-30,Decision São Paulo,Morrison Ltd,3694
2020-11-27,Decision São Paulo,Nelson-Page,3693
2020-11-27,Decision São Paulo,Nelson-Page,3692
2020-11-27,Decision São Paulo,Nelson-Page,3691
2020-11-27,Decision São Paulo,Nelson-Page,3690
2020-11-27,Decision São Paulo,Nelson-Page,3689
2020-11-27,Decision São Paulo,Nelson-Page,3688
2020-11-27,Decision São Paulo,"Wade, Bernard and Bailey",3687
2020-11-27,Decision São Paulo,Nelson-Page,3686
2020-11-27,Decision São Paulo,Morrison Ltd,3685
2020-11-27,Decision São Paulo,Morrison Ltd,3684
2020-11-27,Decision São Paulo,Morrison Ltd,3683
2020-11-27,Decision São Paulo,Morrison Ltd,3682
2020-11-27,Decision São Paulo,Morrison Ltd,3681
2020-11-27,Decision São Paulo,Morrison Ltd,3680
2020-11-27,Decision São Paulo,Morrison Ltd,3679
2020-11-27,Decision São Paulo,Morrison Ltd,3678
2020-11-27,Decision São Paulo,Morrison Ltd,3677
2020-11-27,Decision São Paulo,Morrison Ltd,3676
2020-11-27,Decision São Paulo,Morrison Ltd,3675
2020-11-27,Decision São Paulo,Barnes-Woods,3674
2020-11-27,Decision São Paulo,Barnes-Woods,3673
2020-11-27,Decision São Paulo,Barnes-Woods,3672
2020-11-27,Decision São Paulo,Barnes-Woods,3671
2020-11-27,Decision São Paulo,"Morris, Moran and Dodson",3670
2020-11-26,Decision São Paulo,Nelson-Page,3669
2020-11-26,Decision São Paulo,Nelson-Page,3668
2020-11-26,Decision São Paulo,Nelson-Page,3667
2020-11-26,Decision São Paulo,Nelson-Page,3666
2020-11-26,Decision São Paulo,Nelson-Page,3665
2020-11-26,Decision São Paulo,"Morris, Moran and Dodson",3664
2020-11-26,Decision São Paulo,"Morris, Moran and Dodson",3663
2020-11-25,Decision São Paulo,Nelson-Page,3662
2020-11-25,Decision São Paulo,Nelson-Page,3661
2020-11-25,Decision São Paulo,Nelson-Page,3660
2020-11-25,Decision São Paulo,Nelson-Page,3659
2020-11-25,Decision São Paulo,Nelson-Page,3658
2020-11-25,Decision São Paulo,Nelson-Page,3657
2020-11-25,Decision São Paulo,Nelson-Page,3656
2020-11-25,Decision São Paulo,Callahan-Hall,3655
2020-11-25,Decision São Paulo,Callahan-Hall,3654
2020-11-25,Decision São Paulo,"Morris, Moran and Dodson",3653
2020-11-24,Decision São Paulo,Nelson-Page,3652
2020-11-24,Decision São Paulo,"Morris, Moran and Dodson",3651
2020-11-24,Decision São Paulo,Callahan-Hall,3650
2020-11-24,Decision São Paulo,Callahan-Hall,3649
2020-11-24,Decision São Paulo,Callahan-Hall,3648
2020-11-24,Decision Campinas,Callahan-Hall,3647
2020-11-24,Decision São Paulo,Callahan-Hall,3646
2020-11-24,Decision São Paulo,Callahan-Hall,3645
2020-11-24,Decision São Paulo,Callahan-Hall,3644
2020-11-24,Decision São Paulo,Nelson-Page,3643
2020-11-24,Decision São Paulo,Nelson-Page,3642
2020-11-24,Decision São Paulo,Nelson-Page,3641
2020-11-24,Decision São Paulo,"Morris, Moran and Dodson",3640
2020-11-24,Decision São Paulo,Barnes-Woods,3639
2020-11-24,Decision São Paulo,Mann and Sons,3638
2020-11-24,Decision São Paulo,Mann and Sons,3637
2020-11-24,Decision Campinas,Miller-Curry,3636
2020-11-23,Decision São Paulo,Nelson-Page,3635
2020-11-23,Decision São Paulo,Johnson-Aguirre,3634
2020-11-23,Decision São Paulo,Nelson-Page,3633
2020-11-23,Decision São Paulo,Nelson-Page,3632
2020-11-23,Decision São Paulo,Nelson-Page,3631
2020-11-23,Decision São Paulo,Nelson-Page,3630
2020-11-23,Decision São Paulo,Nelson-Page,3629
2020-11-23,Decision São Paulo,Nelson-Page,3628
2020-11-23,Decision Campinas,Miller-Curry,3627
2020-11-23,Decision São Paulo,"Morris, Moran and Dodson",3626
2020-11-23,Decision São Paulo,"Morris, Moran and Dodson",3625
2020-11-23,Decision São Paulo,"Morris, Moran and Dodson",3624
2020-11-23,Decision São Paulo,Nelson-Page,3623
2020-11-23,Decision São Paulo,Nelson-Page,3622
2020-11-23,Decision São Paulo,"Wade, Bernard and Bailey",3621
2020-11-23,Decision São Paulo,"Wade, Bernard and Bailey",3620
2020-11-20,Decision São Paulo,Nelson-Page,3619
2020-11-20,Decision São Paulo,Nelson-Page,3618
2020-11-20,Decision Campinas,Miller-Curry,3617
2020-11-20,Decision Campinas,Miller-Curry,3616
2020-11-20,Decision Campinas,Miller-Curry,3615
2020-11-20,Decision São Paulo,"Morris, Moran and Dodson",3614
2020-11-19,Decision São Paulo,Nelson-Page,3613
2020-11-19,Decision São Paulo,Nelson-Page,3612
2020-11-19,Decision São Paulo,"Morris, Moran and Dodson",3611
2020-11-19,Decision São Paulo,Nelson-Page,3610
2020-11-19,Decision São Paulo,Nelson-Page,3609
2020-11-18,Decision São Paulo,Callahan-Hall,3607
2020-11-18,Decision São Paulo,Barnes-Woods,3606
2020-11-18,Decision São Paulo,Nelson-Page,3605
2020-11-18,Decision São Paulo,Nelson-Page,3604
2020-11-17,Decision São Paulo,Nelson-Page,3603
2020-11-17,Decision São Paulo,Nelson-Page,3602
2020-11-17,Decision São Paulo,"Wade, Bernard and Bailey",3601
2020-11-17,Decision São Paulo,"Wade, Bernard and Bailey",3600
2020-11-17,Decision São Paulo,Nelson-Page,3599
2020-11-17,Decision São Paulo,"Wade, Bernard and Bailey",3598
2020-11-17,Decision São Paulo,"Wade, Bernard and Bailey",3597
2020-11-17,Decision São Paulo,"Wade, Bernard and Bailey",3596
2020-11-17,Decision São Paulo,Nelson-Page,3595
2020-11-17,Decision São Paulo,Nelson-Page,3594
2020-11-17,Decision São Paulo,Nelson-Page,3593
2020-11-17,Decision São Paulo,Nelson-Page,3592
2020-11-17,Decision São Paulo,Nelson-Page,3591
2020-11-17,Decision São Paulo,Nelson-Page,3590
2020-11-17,Decision São Paulo,Nelson-Page,3589
2020-11-17,Decision Campinas,Miller-Curry,3588
2020-11-17,Decision São Paulo,Barnes-Woods,3587
2020-11-17,Decision São Paulo,Barnes-Woods,3586
2020-11-17,Decision São Paulo,Barnes-Woods,3585
2020-11-16,Decision São Paulo,"Morris, Moran and Dodson",3584
2020-11-16,Decision São Paulo,"Morris, Moran and Dodson",3583
2020-11-16,Decision São Paulo,"Morris, Moran and Dodson",3582
2020-11-16,Decision São Paulo,"Morris, Moran and Dodson",3581
2020-11-16,Decision São Paulo,"Morris, Moran and Dodson",3580
2020-11-16,Decision São Paulo,"Morris, Moran and Dodson",3579
2020-11-16,Decision São Paulo,"Morris, Moran and Dodson",3578
2020-11-16,Decision São Paulo,Callahan-Hall,3577
2020-11-16,Decision Campinas,Miller-Curry,3576
2020-11-16,Decision São Paulo,Barber LLC,3575
2020-11-16,Decision São Paulo,Barber LLC,3574
2020-11-16,Decision São Paulo,Barber LLC,3573
2020-11-16,Decision Campinas,Miller-Curry,3572
2020-11-16,Decision Campinas,Miller-Curry,3571
2020-11-16,Decision Campinas,Miller-Curry,3570
2020-11-16,Decision São Paulo,Barber LLC,3569
2020-11-16,Decision Campinas,Miller-Curry,3568
2020-11-16,Decision Campinas,Miller-Curry,3567
2020-11-16,Decision Campinas,Miller-Curry,3566
2020-11-16,Decision Campinas,Miller-Curry,3565
2020-11-16,Decision Campinas,Miller-Curry,3564
2020-11-16,Decision Campinas,Miller-Curry,3563
2020-11-16,Decision Campinas,Miller-Curry,3562
2020-11-16,Decision Campinas,Miller-Curry,3561
2020-11-16,Decision Campinas,Miller-Curry,3560
2020-11-16,Decision Campinas,Miller-Curry,3559
2020-11-16,Decision Campinas,Miller-Curry,3558
2020-11-16,Decision Campinas,Miller-Curry,3557
2020-11-16,Decision Campinas,Miller-Curry,3556
2020-11-16,Decision Campinas,Miller-Curry,3555
2022-06-13,Decision São Paulo,Mann and Sons,9605
2022-06-13,Decision São Paulo,Mann and Sons,9604
2022-06-13,Decision São Paulo,Morrison Ltd,9603
2022-06-13,Decision São Paulo,Mann and Sons,9602
2022-06-13,Decision São Paulo,Mann and Sons,9601
2022-06-13,Decision São Paulo,Mann and Sons,9600
2022-06-13,Decision São Paulo,Mann and Sons,9599
2022-06-13,Decision São Paulo,Mann and Sons,9598
2022-06-13,Decision São Paulo,Mann and Sons,9597
2022-06-13,Decision São Paulo,Mann and Sons,9596
2022-06-13,Decision São Paulo,Mann and Sons,9595
2022-06-13,Decision São Paulo,Mann and Sons,9594
2022-06-13,Decision São Paulo,Mann and Sons,9593
2022-06-13,Decision São Paulo,Barnes-Woods,9592
2022-06-13,Decision São Paulo,Mann and Sons,9591
2022-06-13,Decision São Paulo,Mann and Sons,9590
2022-06-13,Decision São Paulo,Mann and Sons,9589
2022-06-13,Decision São Paulo,Mann and Sons,9588
2022-06-13,Decision São Paulo,Mann and Sons,9587
2022-06-13,Decision São Paulo,Mann and Sons,9586
2022-06-13,Decision Campinas,Miller-Curry,9585
2022-06-13,Decision São Paulo,Mann and Sons,9584
2022-06-13,Decision São Paulo,Mann and Sons,9583
2022-06-13,Decision São Paulo,Mann and Sons,9582
2022-06-13,Decision São Paulo,Mann and Sons,9581
2022-06-13,Decision São Paulo,Mann and Sons,9580
2022-06-13,Decision São Paulo,Mann and Sons,9579
2022-06-13,Decision São Paulo,Mann and Sons,9578
2022-06-13,Decision São Paulo,Mann and Sons,9577
2022-06-13,Decision São Paulo,Mann and Sons,9576
2022-06-13,Decision São Paulo,Mann and Sons,9575
2022-06-13,Decision São Paulo,Mann and Sons,9574
2022-06-13,Decision São Paulo,Mann and Sons,9573
2022-06-13,Decision São Paulo,Mann and Sons,9572
2022-06-13,Decision São Paulo,Mann and Sons,9571
2022-06-13,Decision São Paulo,Mann and Sons,9570
2022-06-13,Decision São Paulo,Mann and Sons,9569
2022-06-13,Decision São Paulo,Mann and Sons,9568
2022-06-13,Decision São Paulo,Mann and Sons,9567
2022-06-13,Decision São Paulo,Mann and Sons,9566
2022-06-10,Decision São Paulo,Mann and Sons,9565
2022-06-10,Decision São Paulo,Mann and Sons,9564
2022-06-10,Decision São Paulo,Mann and Sons,9563
2022-06-10,Decision Campinas,Miller-Curry,9562
2022-06-08,Decision São Paulo,"Morris, Moran and Dodson",9561
2022-06-08,Decision São Paulo,"Morris, Moran and Dodson",9560
2022-06-08,Decision São Paulo,Nelson-Page,9559
2022-06-08,Decision São Paulo,"Morris, Moran and Dodson",9558
2022-06-08,Decision São Paulo,Nelson-Page,9557
2022-06-08,Decision São Paulo,Nelson-Page,9556
2022-06-08,Decision São Paulo,"Morris, Moran and Dodson",9555
2022-06-08,Decision São Paulo,Nelson-Page,9554
2022-06-08,Decision São Paulo,Nelson-Page,9553
2022-06-08,Decision São Paulo,"Morris, Moran and Dodson",9552
2022-06-08,Decision São Paulo,Nelson-Page,9551
2022-06-08,Decision São Paulo,"Morris, Moran and Dodson",9550
2022-06-08,Decision São Paulo,"Morris, Moran and Dodson",9549
2022-06-08,Decision São Paulo,"Morris, Moran and Dodson",9548
2022-06-08,Decision São Paulo,"Morris, Moran and Dodson",9547
2022-06-08,Decision São Paulo,"Morris, Moran and Dodson",9546
2022-06-08,Decision São Paulo,"Morris, Moran and Dodson",9545
2022-06-08,Decision São Paulo,"Morris, Moran and Dodson",9544
2022-06-08,Decision São Paulo,"Morris, Moran and Dodson",9543
2022-06-08,Decision São Paulo,"Morris, Moran and Dodson",9542
2022-06-08,Decision São Paulo,"Morris, Moran and Dodson",9541
2022-06-08,Decision São Paulo,"Miller, Tran and Chang",9540
2022-06-07,Decision São Paulo,Mann and Sons,9539
2022-06-07,Decision São Paulo,Mann and Sons,9538
2022-06-07,Decision São Paulo,Mann and Sons,9537
2022-06-07,Decision São Paulo,Mann and Sons,9536
2022-06-07,Decision São Paulo,Mann and Sons,9535
2022-06-07,Decision São Paulo,Mann and Sons,9534
2022-06-07,Decision São Paulo,Mann and Sons,9533
2022-06-07,Decision São Paulo,Johnson-Aguirre,9532
2022-06-07,Decision São Paulo,Mann and Sons,9531
2022-06-07,Decision São Paulo,Mann and Sons,9530
2022-06-07,Decision São Paulo,Mann and Sons,9529
2022-06-07,Decision São Paulo,Jones-Norris,9528
2022-06-06,Decision São Paulo,Morrison Ltd,9527
2022-06-06,Decision São Paulo,Jenkins-Walker,9526
2022-06-06,Decision São Paulo,Jenkins-Walker,9525
2022-06-06,Decision São Paulo,"Morris, Moran and Dodson",9524
2022-06-06,Decision São Paulo,"Morris, Moran and Dodson",9523
2022-06-06,Decision São Paulo,Mann and Sons,9522
2022-06-06,Decision São Paulo,Mann and Sons,9521
2022-06-06,Decision São Paulo,Mann and Sons,9520
2022-06-06,Decision Campinas,Miller-Curry,9519
2022-06-06,Decision São Paulo,Walters Group,9518
2022-06-06,Decision São Paulo,Walters Group,9517
2022-06-06,Decision São Paulo,Porter-Wilson,9516
2022-06-06,Decision São Paulo,Johnson-Pratt,9515
2022-06-06,Decision São Paulo,Mann and Sons,9514
2022-06-06,Decision São Paulo,Mann and Sons,9513
2022-06-06,Decision São Paulo,Nelson-Page,9511
2022-06-06,Decision São Paulo,Nelson-Page,9509
2022-06-06,Decision São Paulo,Nelson-Page,9508
2022-06-06,Decision São Paulo,Mann and Sons,9507
2022-06-03,Decision São Paulo,Johnson-Pratt,9506
2022-06-03,Decision São Paulo,Johnson-Pratt,9505
2022-06-03,Decision São Paulo,Johnson-Pratt,9504
2022-06-03,Decision Campinas,Miller-Curry,9503
2022-06-03,Decision São Paulo,Johnson-Pratt,9502
2022-06-03,Decision São Paulo,"Morris, Moran and Dodson",9501
2022-06-02,Decision São Paulo,Morrison Ltd,9500
2022-06-02,Decision São Paulo,Mann and Sons,9499
2022-06-02,Decision São Paulo,Jenkins-Walker,9498
2022-06-02,Decision São Paulo,Walters Group,9497
2022-06-02,Decision São Paulo,Walters Group,9496
2022-06-02,Decision São Paulo,Walters Group,9495
2022-06-02,Decision São Paulo,Mann and Sons,9494
2022-06-02,Decision São Paulo,Walters Group,9493
2022-06-02,Decision São Paulo,Jenkins-Walker,9492
2022-06-02,Decision São Paulo,Jenkins-Walker,9491
2022-06-01,Decision São Paulo,"Wade, Bernard and Bailey",9490
2022-06-01,Decision São Paulo,Nelson-Page,9489
2022-06-01,Decision São Paulo,Nelson-Page,9488
2022-06-01,Decision São Paulo,Jenkins-Walker,9487
2022-06-01,Decision São Paulo,"Miller, Tran and Chang",9486
2022-06-01,Decision São Paulo,"Miller, Tran and Chang",9485
2022-06-01,Decision São Paulo,"Miller, Tran and Chang",9484
2022-06-01,Decision São Paulo,"Miller, Tran and Chang",9483
2022-06-01,Decision São Paulo,"Miller, Tran and Chang",9482
2022-06-01,Decision São Paulo,"Miller, Tran and Chang",9481
2022-06-01,Decision São Paulo,Nelson-Page,9480
2022-06-01,Decision São Paulo,Nelson-Page,9479
2022-06-01,Decision São Paulo,Nelson-Page,9478
2022-06-01,Decision São Paulo,Nelson-Page,9477
2022-06-01,Decision São Paulo,Nelson-Page,9476
2022-06-01,Decision São Paulo,Nelson-Page,9475
2022-06-01,Decision São Paulo,Nelson-Page,9474
2022-06-01,Decision São Paulo,Nelson-Page,9473
2022-06-01,Decision São Paulo,Nelson-Page,9472
2022-06-01,Decision São Paulo,Nelson-Page,9471
2022-06-01,Decision São Paulo,Nelson-Page,9470
2022-06-01,Decision São Paulo,Nelson-Page,9469
2022-05-31,Decision São Paulo,Morrison Ltd,9468
2022-05-31,Decision São Paulo,Morrison Ltd,9467
2022-05-31,Decision São Paulo,Morrison Ltd,9466
2022-05-30,Decision São Paulo,"Morris, Moran and Dodson",9465
2022-05-30,Decision São Paulo,Nelson-Page,9464
2022-05-30,Decision São Paulo,Nelson-Page,9463
2022-05-30,Decision São Paulo,Nelson-Page,9462
2022-05-30,Decision São Paulo,Nelson-Page,9461
2022-05-30,Decision Campinas,Miller-Curry,9460
2022-05-30,Decision Campinas,Miller-Curry,9459
2022-05-30,Decision Campinas,Miller-Curry,9458
2022-05-30,Decision Campinas,Miller-Curry,9457
2022-05-27,Decision São Paulo,Nelson-Page,9456
2022-05-27,Decision São Paulo,Nelson-Page,9455
2022-05-27,Decision São Paulo,Nelson-Page,9454
2022-05-27,Decision São Paulo,Johnson-Aguirre,9453
2022-05-27,Decision São Paulo,Callahan-Hall,9452
2022-05-26,Decision São Paulo,Morrison Ltd,9451
2022-05-26,Decision São Paulo,Nelson-Page,9450
2022-05-26,Decision São Paulo,Nelson-Page,9449
2022-05-26,Decision São Paulo,Nelson-Page,9448
2022-05-26,Decision São Paulo,Nelson-Page,9447
2022-05-26,Decision São Paulo,Nelson-Page,9446
2022-05-26,Decision São Paulo,Nelson-Page,9445
2022-05-26,Decision São Paulo,Nelson-Page,9444
2022-05-26,Decision São Paulo,Nelson-Page,9443
2022-05-26,Decision São Paulo,Nelson-Page,9442
2022-05-26,Decision São Paulo,Nelson-Page,9441
2022-05-26,Decision São Paulo,Nelson-Page,9440
2022-05-26,Decision São Paulo,Nelson-Page,9439
2022-05-26,Decision São Paulo,Nelson-Page,9438
2022-05-26,Decision São Paulo,Nelson-Page,9437
2022-05-26,Decision São Paulo,Nelson-Page,9436
2022-05-26,Decision São Paulo,Nelson-Page,9435
2022-05-26,Decision Campinas,Miller-Curry,9434
2022-05-25,Decision São Paulo,Morrison Ltd,9433
2022-05-25,Decision São Paulo,Nelson-Page,9432
2022-05-25,Decision São Paulo,Nelson-Page,9431
2022-05-25,Decision São Paulo,Barnes-Woods,9430
2022-05-25,Decision São Paulo,Barnes-Woods,9429
2022-05-25,Decision São Paulo,Barnes-Woods,9428
2022-05-25,Decision São Paulo,Nelson-Page,9427
2022-05-25,Decision São Paulo,Nelson-Page,9424
2022-05-25,Decision Campinas,Miller-Curry,9423
2022-05-25,Decision São Paulo,Nelson-Page,9422
2022-05-25,Decision São Paulo,Nelson-Page,9421
2022-05-25,Decision São Paulo,Nelson-Page,9420
2022-05-25,Decision São Paulo,"Miller, Tran and Chang",9419
2022-05-25,Decision São Paulo,"Miller, Tran and Chang",9418
2022-05-24,Decision São Paulo,Johnson-Pratt,9417
2022-05-24,Decision São Paulo,Nelson-Page,9416
2022-05-24,Decision São Paulo,Nelson-Page,9415
2022-05-24,Decision São Paulo,Johnson-Pratt,9414
2022-05-24,Decision São Paulo,Nelson-Page,9413
2022-05-24,Decision São Paulo,Johnson-Pratt,9412
2022-05-24,Decision São Paulo,Nelson-Page,9411
2022-05-24,Decision São Paulo,Nelson-Page,9410
2022-05-24,Decision São Paulo,Mann and Sons,9409
2022-05-24,Decision São Paulo,Callahan-Hall,9408
2022-05-23,Decision São Paulo,Morrison Ltd,9407
2022-05-23,Decision São Paulo,Nelson-Page,9406
2022-05-23,Decision São Paulo,Nelson-Page,9405
2022-05-23,Decision São Paulo,Nelson-Page,9404
2022-05-23,Decision São Paulo,Nelson-Page,9403
2022-05-23,Decision São Paulo,"Morris, Moran and Dodson",9402
2022-05-23,Decision São Paulo,Barnes-Woods,9401
2022-05-23,Decision São Paulo,Johnson-Pratt,9400
2022-05-23,Decision São Paulo,"Allen, Brown and Johnson",9399
2022-05-23,Decision São Paulo,"Morris, Moran and Dodson",9398
2022-05-23,Decision São Paulo,Johnson-Pratt,9397
2022-05-23,Decision São Paulo,Dougherty-Gilbert,9396
2022-05-23,Decision São Paulo,Mann and Sons,9395
2022-05-23,Decision São Paulo,Mann and Sons,9394
2022-05-23,Decision São Paulo,Mann and Sons,9393
2022-05-20,Decision São Paulo,Morrison Ltd,9392
2022-05-20,Decision São Paulo,Craig-Webb,9391
2022-05-20,Decision São Paulo,Craig-Webb,9390
2022-05-20,Decision São Paulo,Johnson-Pratt,9389
2022-05-20,Decision Campinas,Miller-Curry,9388
2022-05-20,Decision São Paulo,Porter-Wilson,9387
2022-05-19,Decision São Paulo,Callahan-Hall,9386
2022-05-19,Decision São Paulo,Callahan-Hall,9385
2022-05-19,Decision São Paulo,Johnson-Pratt,9384
2022-05-19,Decision São Paulo,Callahan-Hall,9383
2022-05-19,Decision São Paulo,Callahan-Hall,9382
2022-05-19,Decision São Paulo,Callahan-Hall,9381
2022-05-19,Decision São Paulo,Craig-Webb,9380
2022-05-19,Decision São Paulo,Callahan-Hall,9379
2022-05-19,Decision São Paulo,Mann and Sons,9378
2022-05-19,Decision São Paulo,Mann and Sons,9377
2022-05-19,Decision São Paulo,Barnes-Woods,9376
2022-05-19,Decision São Paulo,Porter-Wilson,9375
2022-05-19,Decision São Paulo,Jenkins-Walker,9374
2022-05-19,Decision São Paulo,"Miller, Tran and Chang",9373
2022-05-19,Decision São Paulo,"Miller, Tran and Chang",9372
2022-05-19,Decision São Paulo,"Miller, Tran and Chang",9371
2022-05-19,Decision São Paulo,Nelson-Page,9370
2022-05-19,Decision São Paulo,Nelson-Page,9369
2022-05-19,Decision São Paulo,Nelson-Page,9368
2022-05-19,Decision São Paulo,Nelson-Page,9367
2022-05-19,Decision São Paulo,Nelson-Page,9366
2022-05-19,Decision São Paulo,Nelson-Page,9365
2022-05-19,Decision São Paulo,Nelson-Page,9364
2022-05-19,Decision São Paulo,Nelson-Page,9363
2022-05-19,Decision São Paulo,Nelson-Page,9362
2022-05-19,Decision São Paulo,Nelson-Page,9361
2022-05-19,Decision São Paulo,Nelson-Page,9360
2022-05-19,Decision São Paulo,"Morris, Moran and Dodson",9359
2022-05-18,Decision São Paulo,Morrison Ltd,9358
2022-05-18,Decision São Paulo,"Miller, Tran and Chang",9357
2022-05-18,Decision São Paulo,Nelson-Page,9356
2022-05-18,Decision São Paulo,Nelson-Page,9355
2022-05-18,Decision São Paulo,"Morris, Moran and Dodson",9354
2022-05-18,Decision São Paulo,"Morris, Moran and Dodson",9353
2022-05-18,Decision São Paulo,"Morris, Moran and Dodson",9352
2022-05-18,Decision São Paulo,Callahan-Hall,9351
2022-05-18,Decision São Paulo,Callahan-Hall,9350
2022-05-18,Decision São Paulo,Callahan-Hall,9349
2022-05-18,Decision São Paulo,Callahan-Hall,9348
2022-05-18,Decision São Paulo,Callahan-Hall,9347
2022-05-18,Decision São Paulo,Callahan-Hall,9346
2022-05-18,Decision São Paulo,Callahan-Hall,9345
2022-05-18,Decision São Paulo,Mann and Sons,9344
2022-05-18,Decision São Paulo,Callahan-Hall,9343
2022-05-18,Decision São Paulo,Callahan-Hall,9342
2022-05-18,Decision São Paulo,Jenkins-Walker,9341
2022-05-18,Decision São Paulo,Jenkins-Walker,9340
2022-05-18,Decision São Paulo,Johnson-Aguirre,9339
2022-05-17,Decision São Paulo,Morrison Ltd,9338
2022-05-16,Decision São Paulo,"Morris, Moran and Dodson",9337
2022-05-16,Decision São Paulo,"Morris, Moran and Dodson",9336
2022-05-16,Decision São Paulo,Morrison Ltd,9335
2022-05-16,Decision São Paulo,Morrison Ltd,9334
2022-05-16,Decision São Paulo,Nelson-Page,9333
2022-05-16,Decision São Paulo,Nelson-Page,9332
2022-05-16,Decision São Paulo,"Wade, Bernard and Bailey",9331
2022-05-16,Decision São Paulo,Porter-Wilson,9330
2022-05-16,Decision São Paulo,"Morris, Moran and Dodson",9329
2022-05-16,Decision São Paulo,Jenkins-Walker,9328
2022-05-16,Decision São Paulo,"Morris, Moran and Dodson",9327
2022-05-13,Decision São Paulo,Nelson-Page,9326
2022-05-13,Decision São Paulo,Nelson-Page,9325
2022-05-13,Decision São Paulo,Dougherty-Gilbert,9324
2022-05-13,Decision São Paulo,"Wade, Bernard and Bailey",9323
2022-05-13,Decision São Paulo,Morrison Ltd,9322
2022-05-13,Decision São Paulo,Morrison Ltd,9321
2022-05-13,Decision São Paulo,"Morris, Moran and Dodson",9320
2022-05-13,Decision São Paulo,"Morris, Moran and Dodson",9319
2022-05-13,Decision São Paulo,"Morris, Moran and Dodson",9318
2022-05-13,Decision São Paulo,"Morris, Moran and Dodson",9317
2022-05-13,Decision São Paulo,"Morris, Moran and Dodson",9316
2022-05-13,Decision São Paulo,"Morris, Moran and Dodson",9315
2022-05-13,Decision São Paulo,"Morris, Moran and Dodson",9314
2022-05-13,Decision São Paulo,"Morris, Moran and Dodson",9313
2022-05-13,Decision São Paulo,Morrison Ltd,9312
2022-05-12,Decision Campinas,Miller-Curry,9311
2022-05-12,Decision São Paulo,Johnson-Pratt,9310
2022-05-12,Decision São Paulo,Morrison Ltd,9309
2022-05-12,Decision São Paulo,Morrison Ltd,9308
2022-05-12,Decision São Paulo,Nelson-Page,9307
2022-05-12,Decision São Paulo,Nelson-Page,9306
2022-05-12,Decision São Paulo,Nelson-Page,9305
2022-05-12,Decision São Paulo,Nelson-Page,9304
2022-05-12,Decision São Paulo,Nelson-Page,9303
2022-05-12,Decision São Paulo,Nelson-Page,9302
2022-05-11,Decision São Paulo,Johnson-Pratt,9301
2022-05-11,Decision São Paulo,Barnes-Woods,9300
2022-05-11,Decision São Paulo,Jenkins-Walker,9299
2022-05-11,Decision São Paulo,Barnes-Woods,9298
2022-05-11,Decision São Paulo,Barnes-Woods,9297
2022-05-11,Decision São Paulo,Barnes-Woods,9296
2022-05-11,Decision São Paulo,Johnson-Pratt,9295
2022-05-11,Decision Campinas,Miller-Curry,9294
2022-05-11,Decision Campinas,Miller-Curry,9293
2022-05-11,Decision Campinas,Miller-Curry,9292
2022-05-11,Decision São Paulo,Jenkins-Walker,9291
2022-05-11,Decision Campinas,Miller-Curry,9290
2022-05-11,Decision São Paulo,Nelson-Page,9289
2022-05-10,Decision São Paulo,Morrison Ltd,9288
2022-05-10,Decision São Paulo,Jenkins-Walker,9287
2022-05-10,Decision São Paulo,Dougherty-Gilbert,9286
2022-05-10,Decision São Paulo,"Miller, Tran and Chang",9285
2022-05-10,Decision São Paulo,"Morris, Moran and Dodson",9284
2022-05-09,Decision São Paulo,Nelson-Page,9283
2022-05-09,Decision São Paulo,Nelson-Page,9282
2022-05-09,Decision São Paulo,Nelson-Page,9281
2022-05-09,Decision São Paulo,Nelson-Page,9280
2022-05-09,Decision São Paulo,"Wade, Bernard and Bailey",9279
2022-05-09,Decision São Paulo,Morrison Ltd,9278
2022-05-09,Decision São Paulo,Morrison Ltd,9277
2022-05-09,Decision São Paulo,Morrison Ltd,9276
2022-05-09,Decision São Paulo,Morrison Ltd,9275
2022-05-09,Decision São Paulo,Morrison Ltd,9274
2022-05-09,Decision São Paulo,Morrison Ltd,9273
2022-05-06,Decision São Paulo,Barnes-Woods,9272
2022-05-06,Decision São Paulo,Morrison Ltd,9271
2022-05-06,Decision São Paulo,Morrison Ltd,9270
2022-05-06,Decision São Paulo,Morrison Ltd,9269
2022-05-06,Decision São Paulo,Morrison Ltd,9268
2022-05-06,Decision São Paulo,Morrison Ltd,9267
2022-05-06,Decision São Paulo,Morrison Ltd,9266
2022-05-06,Decision São Paulo,Barnes-Woods,9265
2022-05-06,Decision São Paulo,Barnes-Woods,9264
2022-05-06,Decision São Paulo,"Chapman, Brown and Hart",9263
2022-05-06,Decision São Paulo,Dougherty-Gilbert,9262
2022-05-05,Decision São Paulo,Jones-Norris,9261
2022-05-05,Decision São Paulo,Jones-Norris,9260
2022-05-05,Decision São Paulo,Jones-Norris,9259
2022-05-05,Decision São Paulo,Nelson-Page,9258
2022-05-05,Decision São Paulo,Nelson-Page,9257
2022-05-05,Decision São Paulo,Nelson-Page,9256
2022-05-05,Decision São Paulo,Nelson-Page,9253
2022-05-05,Decision São Paulo,Nelson-Page,9252
2022-05-05,Decision São Paulo,Nelson-Page,9251
2022-05-05,Decision São Paulo,Nelson-Page,9250
2022-05-05,Decision São Paulo,Nelson-Page,9249
2022-05-05,Decision São Paulo,Nelson-Page,9248
2022-05-05,Decision São Paulo,"Miller, Tran and Chang",9247
2022-05-05,Decision São Paulo,Jenkins-Walker,9246
2022-05-04,Decision São Paulo,Callahan-Hall,9245
2022-05-04,Decision São Paulo,Morrison Ltd,9244
2022-05-04,Decision São Paulo,Johnson-Aguirre,9243
2022-05-04,Decision São Paulo,Porter-Wilson,9242
2022-05-03,Decision São Paulo,Morrison Ltd,9241
2022-05-03,Decision São Paulo,Morrison Ltd,9240
2022-05-03,Decision São Paulo,Mann and Sons,9239
2022-05-03,Decision São Paulo,Mann and Sons,9238
2022-05-03,Decision São Paulo,"Wade, Bernard and Bailey",9237
2022-05-03,Decision São Paulo,"Wade, Bernard and Bailey",9236
2022-05-03,Decision São Paulo,"Wade, Bernard and Bailey",9235
2022-05-03,Decision São Paulo,"Wade, Bernard and Bailey",9234
2022-05-03,Decision São Paulo,Nelson-Page,9233
2022-05-03,Decision São Paulo,Nelson-Page,9232
2022-05-03,Decision São Paulo,Nelson-Page,9231
2022-05-03,Decision São Paulo,Nelson-Page,9230
2022-05-03,Decision São Paulo,Nelson-Page,9229
2022-05-03,Decision São Paulo,"Morris, Moran and Dodson",9228
2022-05-03,Decision São Paulo,"Morris, Moran and Dodson",9227
2022-05-02,Decision São Paulo,Nelson-Page,9226
2022-05-02,Decision São Paulo,Porter-Wilson,9225
2022-05-02,Decision São Paulo,"Williams, Clark and Lynn",9224
2022-05-02,Decision São Paulo,Porter-Wilson,9223
2022-05-02,Decision São Paulo,Porter-Wilson,9222
2022-05-02,Decision São Paulo,Morrison Ltd,9221
2022-05-02,Decision São Paulo,Morrison Ltd,9220
2022-05-02,Decision São Paulo,"Morris, Moran and Dodson",9219
2022-05-02,Decision São Paulo,Porter-Wilson,9218
2022-05-02,Decision São Paulo,Porter-Wilson,9217
2022-05-02,Decision São Paulo,Mann and Sons,9216
2022-04-29,Decision São Paulo,"Morris, Moran and Dodson",9215
2022-04-29,Decision São Paulo,Nelson-Page,9214
2022-04-29,Decision São Paulo,Nelson-Page,9213
2022-04-29,Decision São Paulo,Jenkins-Walker,9212
2022-04-29,Decision São Paulo,Jenkins-Walker,9211
2022-04-29,Decision São Paulo,Jenkins-Walker,9210
2022-04-29,Decision São Paulo,Nelson-Page,9209
2022-04-29,Decision São Paulo,Jenkins-Walker,9208
2022-04-29,Decision São Paulo,Nelson-Page,9207
2022-04-29,Decision São Paulo,Nelson-Page,9206
2022-04-29,Decision São Paulo,Nelson-Page,9205
2022-04-29,Decision São Paulo,Nelson-Page,9204
2022-04-29,Decision São Paulo,Nelson-Page,9203
2022-04-29,Decision São Paulo,Nelson-Page,9202
2022-04-29,Decision São Paulo,Nelson-Page,9201
2022-04-29,Decision São Paulo,Nelson-Page,9200
2022-04-28,Decision São Paulo,Barnes-Woods,9198
2022-04-28,Decision São Paulo,Barnes-Woods,9197
2022-04-28,Decision São Paulo,Callahan-Hall,9196
2022-04-28,Decision São Paulo,Barnes-Woods,9195
2022-04-28,Decision São Paulo,Barnes-Woods,9194
2022-04-28,Decision São Paulo,Barnes-Woods,9193
2022-04-28,Decision São Paulo,Luna-Carpenter,9192
2022-04-28,Decision São Paulo,Barnes-Woods,9191
2022-04-28,Decision São Paulo,Barnes-Woods,9190
2022-04-28,Decision São Paulo,Barnes-Woods,9189
2022-04-28,Decision São Paulo,Barnes-Woods,9188
2022-04-28,Decision São Paulo,Barnes-Woods,9187
2022-04-28,Decision São Paulo,Barnes-Woods,9186
2022-04-28,Decision São Paulo,Nelson-Page,9185
2022-04-28,Decision São Paulo,"Miller, Tran and Chang",9184
2022-04-28,Decision São Paulo,Johnson-Pratt,9183
2022-04-28,Decision São Paulo,"Miller, Tran and Chang",9182
2022-04-28,Decision Campinas,Miller-Curry,9181
2022-04-28,Decision Campinas,Miller-Curry,9180
2022-04-28,Decision Campinas,Miller-Curry,9179
2022-04-28,Decision Campinas,Miller-Curry,9178
2022-04-27,Decision São Paulo,Callahan-Hall,9177
2022-04-27,Decision São Paulo,Morrison Ltd,9176
2022-04-27,Decision São Paulo,Nelson-Page,9175
2022-04-27,Decision São Paulo,Nelson-Page,9174
2022-04-27,Decision São Paulo,Nelson-Page,9173
2022-04-27,Decision São Paulo,Morrison Ltd,9172
2022-04-27,Decision São Paulo,Nelson-Page,9171
2022-04-27,Decision São Paulo,"Wade, Bernard and Bailey",9170
2022-04-27,Decision São Paulo,"Wade, Bernard and Bailey",9169
2022-04-27,Decision São Paulo,"Wade, Bernard and Bailey",9168
2022-04-27,Decision São Paulo,Nelson-Page,9167
2022-04-27,Decision São Paulo,Nelson-Page,9166
2022-04-27,Decision São Paulo,"Wade, Bernard and Bailey",9165
2022-04-27,Decision São Paulo,Nelson-Page,9164
2022-04-26,Decision São Paulo,Mann and Sons,9163
2022-04-26,Decision São Paulo,Mann and Sons,9162
2022-04-26,Decision São Paulo,Johnson-Aguirre,9161
2022-04-26,Decision São Paulo,Jenkins-Walker,9160
2022-04-26,Decision São Paulo,Jenkins-Walker,9159
2022-04-26,Decision São Paulo,Jenkins-Walker,9158
2022-04-26,Decision São Paulo,Jenkins-Walker,9157
2022-04-26,Decision São Paulo,Jenkins-Walker,9156
2022-04-26,Decision São Paulo,Porter-Wilson,9155
2022-04-26,Decision São Paulo,Jenkins-Walker,9154
2022-04-26,Decision São Paulo,Jenkins-Walker,9153
2022-04-26,Decision São Paulo,Morrison Ltd,9152
2022-04-26,Decision São Paulo,Jenkins-Walker,9151
2022-04-26,Decision São Paulo,Jenkins-Walker,9150
2022-04-26,Decision São Paulo,Jenkins-Walker,9149
2022-04-26,Decision São Paulo,Jenkins-Walker,9148
2022-04-26,Decision São Paulo,Johnson-Pratt,9147
2022-04-26,Decision São Paulo,Johnson-Aguirre,9146
2022-04-26,Decision São Paulo,Johnson-Aguirre,9145
2022-04-26,Decision São Paulo,Jenkins-Walker,9144
2022-04-26,Decision São Paulo,Johnson-Aguirre,9143
2022-04-25,Decision São Paulo,Nelson-Page,9142
2022-04-25,Decision São Paulo,Nelson-Page,9141
2022-04-25,Decision São Paulo,Nelson-Page,9140
2022-04-25,Decision São Paulo,Nelson-Page,9139
2022-04-25,Decision São Paulo,Nelson-Page,9138
2022-04-25,Decision São Paulo,Johnson-Aguirre,9137
2022-04-25,Decision São Paulo,Johnson-Aguirre,9136
2022-04-25,Decision São Paulo,Johnson-Aguirre,9135
2022-04-25,Decision São Paulo,"Williams, Clark and Lynn",9134
2022-04-25,Decision São Paulo,Johnson-Aguirre,9133
2022-04-25,Decision São Paulo,Johnson-Pratt,9132
2022-04-22,Decision São Paulo,Mann and Sons,9131
2022-04-22,Decision São Paulo,Nelson-Page,9130
2022-04-20,Decision São Paulo,"Morris, Moran and Dodson",9129
2022-04-20,Decision São Paulo,Barnes-Woods,9128
2022-04-20,Decision São Paulo,Jenkins-Walker,9127
2022-04-20,Decision São Paulo,Mckenzie-Francis,9126
2022-04-20,Decision São Paulo,Morrison Ltd,9125
2022-04-20,Decision São Paulo,"Morris, Moran and Dodson",9124
2022-04-20,Decision São Paulo,Jenkins-Walker,9123
2022-04-20,Decision São Paulo,Jenkins-Walker,9122
2022-04-20,Decision São Paulo,Walters Group,9121
2022-04-20,Decision Campinas,Miller-Curry,9120
2022-04-20,Decision Campinas,Miller-Curry,9119
2022-04-20,Decision Campinas,Miller-Curry,9118
2022-04-20,Decision São Paulo,Johnson-Aguirre,9117
2022-04-20,Decision Campinas,Miller-Curry,9116
2022-04-20,Decision São Paulo,Porter-Wilson,9115
2022-04-19,Decision São Paulo,Johnson-Aguirre,9114
2022-04-19,Decision São Paulo,Johnson-Aguirre,9113
2022-04-19,Decision São Paulo,Johnson-Aguirre,9112
2022-04-19,Decision São Paulo,Johnson-Pratt,9111
2022-04-19,Decision São Paulo,Nelson-Page,9110
2022-04-19,Decision São Paulo,Johnson-Aguirre,9109
2022-04-19,Decision São Paulo,Johnson-Aguirre,9108
2022-04-18,Decision São Paulo,Jenkins-Walker,9107
2022-04-18,Decision São Paulo,Jenkins-Walker,9106
2022-04-18,Decision São Paulo,Jenkins-Walker,9105
2022-04-18,Decision São Paulo,Jenkins-Walker,9104
2022-04-18,Decision São Paulo,Jenkins-Walker,9103
2022-04-18,Decision São Paulo,Jenkins-Walker,9102
2022-04-18,Decision São Paulo,Jenkins-Walker,9101
2022-04-18,Decision São Paulo,Mann and Sons,9100
2022-04-18,Decision São Paulo,Mann and Sons,9099
2022-04-18,Decision São Paulo,Mann and Sons,9098
2022-04-18,Decision São Paulo,Porter-Wilson,9097
2022-04-18,Decision São Paulo,"Morris, Moran and Dodson",9096
2022-04-18,Decision São Paulo,Nelson-Page,9095
2022-04-18,Decision São Paulo,"Williams, Clark and Lynn",9094
2022-04-18,Decision São Paulo,"Williams, Clark and Lynn",9093
2022-04-18,Decision São Paulo,"Williams, Clark and Lynn",9092
2022-04-18,Decision São Paulo,"Williams, Clark and Lynn",9091
2022-04-18,Decision São Paulo,"Williams, Clark and Lynn",9090
2022-04-18,Decision São Paulo,"Williams, Clark and Lynn",9089
2022-04-18,Decision São Paulo,"Williams, Clark and Lynn",9088
2022-04-18,Decision São Paulo,"Williams, Clark and Lynn",9087
2022-04-18,Decision São Paulo,"Williams, Clark and Lynn",9086
2022-04-18,Decision São Paulo,"Williams, Clark and Lynn",9085
2022-04-18,Decision São Paulo,Jenkins-Walker,9084
2022-04-14,Decision São Paulo,Mann and Sons,9083
2022-04-14,Decision São Paulo,Mann and Sons,9082
2022-04-14,Decision São Paulo,Mann and Sons,9081
2022-04-14,Decision São Paulo,Mann and Sons,9080
2022-04-14,Decision São Paulo,Mann and Sons,9079
2022-04-14,Decision São Paulo,Mann and Sons,9078
2022-04-14,Decision São Paulo,Mann and Sons,9077
2022-04-14,Decision São Paulo,Mann and Sons,9076
2022-04-14,Decision São Paulo,Jenkins-Walker,9075
2022-04-14,Decision São Paulo,Nelson-Page,9074
2022-04-14,Decision São Paulo,Nelson-Page,9073
2022-04-14,Decision São Paulo,Nelson-Page,9072
2022-04-14,Decision São Paulo,Nelson-Page,9071
2022-04-14,Decision São Paulo,Nelson-Page,9070
2022-04-14,Decision São Paulo,Nelson-Page,9069
2022-04-14,Decision São Paulo,Nelson-Page,9068
2022-04-14,Decision São Paulo,Morrison Ltd,9067
2022-04-14,Decision São Paulo,Morrison Ltd,9066
2022-04-14,Decision São Paulo,Nelson-Page,9065
2022-04-14,Decision São Paulo,Morrison Ltd,9064
2022-04-14,Decision São Paulo,Nelson-Page,9063
2022-04-14,Decision São Paulo,Nelson-Page,9062
2022-04-14,Decision São Paulo,Johnson-Aguirre,9061
2022-04-13,Decision São Paulo,Johnson-Aguirre,9060
2022-04-13,Decision São Paulo,"Morris, Moran and Dodson",9059
2022-04-13,Decision São Paulo,Morrison Ltd,9058
2022-04-13,Decision São Paulo,Morrison Ltd,9057
2022-04-13,Decision São Paulo,Morrison Ltd,9056
2022-04-13,Decision São Paulo,Morrison Ltd,9055
2022-04-13,Decision São Paulo,Morrison Ltd,9054
2022-04-13,Decision São Paulo,Nelson-Page,9053
2022-04-13,Decision São Paulo,Nelson-Page,9052
2022-04-13,Decision São Paulo,Nelson-Page,9051
2022-04-13,Decision São Paulo,Nelson-Page,9050
2022-04-13,Decision São Paulo,Nelson-Page,9049
2022-04-13,Decision São Paulo,Nelson-Page,9048
2022-04-13,Decision São Paulo,Nelson-Page,9047
2022-04-13,Decision São Paulo,Nelson-Page,9046
2022-04-13,Decision São Paulo,Nelson-Page,9045
2022-04-13,Decision São Paulo,Mann and Sons,9044
2022-04-13,Decision São Paulo,Mann and Sons,9043
2022-04-12,Decision São Paulo,King-Russell,9042
2022-04-12,Decision São Paulo,Morrison Ltd,9041
2022-04-12,Decision São Paulo,Morrison Ltd,9040
2022-04-12,Decision São Paulo,Nelson-Page,9039
2022-04-12,Decision São Paulo,Nelson-Page,9038
2022-04-12,Decision São Paulo,Nelson-Page,9037
2022-04-12,Decision São Paulo,Nelson-Page,9036
2022-04-12,Decision São Paulo,Nelson-Page,9035
2022-04-12,Decision São Paulo,Nelson-Page,9034
2022-04-12,Decision São Paulo,Nelson-Page,9033
2022-04-12,Decision São Paulo,Nelson-Page,9032
2022-04-12,Decision São Paulo,Nelson-Page,9031
2022-04-12,Decision São Paulo,Nelson-Page,9030
2022-04-12,Decision São Paulo,Jenkins-Walker,9029
2022-04-12,Decision São Paulo,Barnes-Woods,9028
2022-04-12,Decision São Paulo,Barnes-Woods,9027
2022-04-12,Decision São Paulo,Barnes-Woods,9026
2022-04-12,Decision São Paulo,Barnes-Woods,9025
2022-04-12,Decision São Paulo,Barnes-Woods,9024
2022-04-12,Decision São Paulo,Barnes-Woods,9023
2022-04-12,Decision São Paulo,Barnes-Woods,9022
2022-04-12,Decision São Paulo,Morrison Ltd,9021
2022-04-12,Decision São Paulo,Morrison Ltd,9020
2022-04-12,Decision São Paulo,Morrison Ltd,9019
2022-04-12,Decision São Paulo,Barnes-Woods,9017
2022-04-12,Decision São Paulo,Morrison Ltd,9016
2022-04-12,Decision São Paulo,Barnes-Woods,9015
2022-04-12,Decision São Paulo,Barnes-Woods,9014
2022-04-12,Decision São Paulo,Johnson-Pratt,9013
2022-04-12,Decision São Paulo,Johnson-Pratt,9012
2022-04-12,Decision São Paulo,Johnson-Pratt,9011
2022-04-12,Decision São Paulo,Johnson-Pratt,9010
2022-04-11,Decision São Paulo,Nelson-Page,9009
2022-04-11,Decision São Paulo,Nelson-Page,9008
2022-04-11,Decision São Paulo,Nelson-Page,9007
2022-04-11,Decision São Paulo,Nelson-Page,9006
2022-04-11,Decision São Paulo,Nelson-Page,9005
2022-04-11,Decision São Paulo,Nelson-Page,9004
2022-04-11,Decision São Paulo,Nelson-Page,9003
2022-04-11,Decision São Paulo,Nelson-Page,9002
2022-04-11,Decision São Paulo,Nelson-Page,9001
2022-04-11,Decision Campinas,Miller-Curry,9000
2022-04-11,Decision São Paulo,Nelson-Page,8999
2022-04-11,Decision São Paulo,Nelson-Page,8998
2022-04-11,Decision São Paulo,Johnson-Pratt,8997
2022-04-11,Decision São Paulo,Jenkins-Walker,8996
2022-04-11,Decision São Paulo,"Morris, Moran and Dodson",8995
2022-04-11,Decision São Paulo,"Morris, Moran and Dodson",8994
2022-04-11,Decision São Paulo,"Morris, Moran and Dodson",8993
2022-04-11,Decision São Paulo,"Morris, Moran and Dodson",8992
2022-04-11,Decision São Paulo,"Morris, Moran and Dodson",8991
2022-04-11,Decision São Paulo,Jenkins-Walker,8990
2022-04-11,Decision São Paulo,Barnes-Woods,8989
2022-04-11,Decision São Paulo,Barnes-Woods,8988
2022-04-11,Decision São Paulo,Barnes-Woods,8987
2022-04-11,Decision São Paulo,Barnes-Woods,8986
2022-04-11,Decision São Paulo,Barnes-Woods,8985
2022-04-08,Decision São Paulo,Porter-Wilson,8984
2022-04-08,Decision São Paulo,"Morris, Moran and Dodson",8983
2022-04-08,Decision São Paulo,Mann and Sons,8982
2022-04-08,Decision Campinas,Miller-Curry,8981
2022-04-08,Decision São Paulo,Mann and Sons,8980
2022-04-08,Decision São Paulo,Mann and Sons,8979
2022-04-08,Decision São Paulo,Mann and Sons,8978
2022-04-08,Decision São Paulo,Mann and Sons,8977
2022-04-08,Decision São Paulo,Mann and Sons,8976
2022-04-08,Decision São Paulo,Mann and Sons,8975
2022-04-08,Decision São Paulo,Mann and Sons,8974
2022-04-08,Decision São Paulo,Mann and Sons,8973
2022-04-08,Decision São Paulo,Mann and Sons,8972
2022-04-08,Decision São Paulo,Mann and Sons,8971
2022-04-08,Decision São Paulo,Mann and Sons,8970
2022-04-08,Decision São Paulo,Mann and Sons,8969
2022-04-08,Decision São Paulo,Mann and Sons,8968
2022-04-08,Decision São Paulo,"Morris, Moran and Dodson",8967
2022-04-08,Decision São Paulo,Barnes-Woods,8966
2022-04-07,Decision São Paulo,Nelson-Page,8965
2022-04-07,Decision São Paulo,Nelson-Page,8964
2022-04-07,Decision São Paulo,Nelson-Page,8963
2022-04-07,Decision São Paulo,"Lane, Jones and Marshall",8962
2022-04-07,Decision São Paulo,Johnson-Pratt,8961
2022-04-07,Decision São Paulo,Johnson-Pratt,8960
2022-04-06,Decision São Paulo,Johnson-Aguirre,8959
2022-04-06,Decision São Paulo,"Morris, Moran and Dodson",8958
2022-04-06,Decision São Paulo,Nelson-Page,8957
2022-04-06,Decision São Paulo,Nelson-Page,8956
2022-04-06,Decision São Paulo,"Miller, Tran and Chang",8955
2022-04-05,Decision São Paulo,"Morris, Moran and Dodson",8954
2022-04-05,Decision São Paulo,"Wade, Bernard and Bailey",8953
2022-04-05,Decision São Paulo,"Wade, Bernard and Bailey",8952
2022-04-05,Decision São Paulo,"Wade, Bernard and Bailey",8951
2022-04-05,Decision São Paulo,"Wade, Bernard and Bailey",8950
2022-04-05,Decision São Paulo,"Wade, Bernard and Bailey",8949
2022-04-05,Decision São Paulo,"Wade, Bernard and Bailey",8948
2022-04-05,Decision São Paulo,"Wade, Bernard and Bailey",8947
2022-04-05,Decision São Paulo,"Wade, Bernard and Bailey",8946
2022-04-05,Decision São Paulo,"Wade, Bernard and Bailey",8945
2022-04-05,Decision São Paulo,"Wade, Bernard and Bailey",8944
2022-04-05,Decision São Paulo,"Wade, Bernard and Bailey",8943
2022-04-05,Decision São Paulo,Nelson-Page,8942
2022-04-05,Decision São Paulo,Nelson-Page,8941
2022-04-05,Decision São Paulo,"Wade, Bernard and Bailey",8940
2022-04-05,Decision São Paulo,"Wade, Bernard and Bailey",8939
2022-04-05,Decision São Paulo,"Morris, Moran and Dodson",8938
2022-04-05,Decision São Paulo,Dougherty-Gilbert,8937
2022-04-05,Decision São Paulo,Jimenez PLC,8936
2022-04-05,Decision São Paulo,Craig-Webb,8935
2022-04-05,Decision São Paulo,Craig-Webb,8934
2022-04-05,Decision São Paulo,Craig-Webb,8933
2022-04-05,Decision São Paulo,Craig-Webb,8932
2022-04-05,Decision São Paulo,Craig-Webb,8931
2022-04-05,Decision São Paulo,Craig-Webb,8930
2022-04-05,Decision São Paulo,Craig-Webb,8929
2022-04-05,Decision São Paulo,"Morris, Moran and Dodson",8928
2022-04-05,Decision São Paulo,Jenkins-Walker,8927
2022-04-04,Decision São Paulo,"Miller, Tran and Chang",8926
2022-04-04,Decision São Paulo,"Miller, Tran and Chang",8925
2022-04-04,Decision São Paulo,Mann and Sons,8924
2022-04-04,Decision São Paulo,Mann and Sons,8923
2022-04-04,Decision Campinas,Miller-Curry,8922
2022-04-04,Decision São Paulo,"Morris, Moran and Dodson",8921
2022-04-04,Decision São Paulo,Barnes-Woods,8920
2022-04-04,Decision São Paulo,Mann and Sons,8919
2022-04-04,Decision São Paulo,Callahan-Hall,8918
2022-04-04,Decision São Paulo,Callahan-Hall,8917
2022-04-04,Decision Campinas,Miller-Curry,8916
2022-04-04,Decision São Paulo,Johnson-Aguirre,8915
2022-04-04,Decision São Paulo,"Morris, Moran and Dodson",8914
2022-04-04,Decision São Paulo,"Morris, Moran and Dodson",8913
2022-04-04,Decision São Paulo,"Morris, Moran and Dodson",8912
2022-04-01,Decision São Paulo,Jenkins-Walker,8911
2022-04-01,Decision São Paulo,Morrison Ltd,8910
2022-04-01,Decision São Paulo,Barnes-Woods,8909
2022-04-01,Decision São Paulo,Jenkins-Walker,8908
2022-04-01,Decision São Paulo,Jenkins-Walker,8907
2022-04-01,Decision São Paulo,Nelson-Page,8906
2022-04-01,Decision São Paulo,Nelson-Page,8905
2022-04-01,Decision São Paulo,Nelson-Page,8904
2022-04-01,Decision São Paulo,Nelson-Page,8903
2022-04-01,Decision São Paulo,Nelson-Page,8902
2022-04-01,Decision São Paulo,Nelson-Page,8901
2022-04-01,Decision São Paulo,Nelson-Page,8900
2022-04-01,Decision São Paulo,Barnes-Woods,8899
2022-03-31,Decision São Paulo,Morrison Ltd,8898
2022-03-31,Decision São Paulo,Nelson-Page,8897
2022-03-31,Decision São Paulo,Nelson-Page,8896
2022-03-31,Decision São Paulo,Nelson-Page,8895
2022-03-31,Decision São Paulo,Nelson-Page,8894
2022-03-31,Decision São Paulo,Jenkins-Walker,8893
2022-03-31,Decision São Paulo,Jenkins-Walker,8892
2022-03-31,Decision São Paulo,Johnson-Pratt,8891
2022-03-31,Decision Campinas,Miller-Curry,8889
2022-03-31,Decision Campinas,Miller-Curry,8888
2022-03-31,Decision São Paulo,Mann and Sons,8887
2022-03-31,Decision São Paulo,Mann and Sons,8886
2022-03-31,Decision São Paulo,Morrison Ltd,8885
2022-03-31,Decision São Paulo,Jenkins-Walker,8884
2022-03-31,Decision São Paulo,Jenkins-Walker,8883
2022-03-31,Decision São Paulo,Jenkins-Walker,8882
2022-03-31,Decision São Paulo,Jenkins-Walker,8881
2022-03-31,Decision São Paulo,Jenkins-Walker,8880
2022-03-31,Decision São Paulo,Jenkins-Walker,8879
2022-03-31,Decision São Paulo,Jenkins-Walker,8878
2022-03-31,Decision São Paulo,Jenkins-Walker,8877
2022-03-31,Decision São Paulo,Jenkins-Walker,8876
2022-03-31,Decision São Paulo,Jenkins-Walker,8875
2022-03-31,Decision São Paulo,Jenkins-Walker,8874
2022-03-31,Decision São Paulo,Jenkins-Walker,8873
2022-03-31,Decision São Paulo,Jenkins-Walker,8872
2022-03-31,Decision São Paulo,Callahan-Hall,8871
2022-03-30,Decision São Paulo,Morrison Ltd,8870
2022-03-30,Decision São Paulo,Morrison Ltd,8869
2022-03-30,Decision São Paulo,Morrison Ltd,8868
2022-03-30,Decision São Paulo,Johnson-Pratt,8867
2022-03-30,Decision Campinas,Miller-Curry,8866
2022-03-30,Decision Campinas,Miller-Curry,8865
2022-03-30,Decision Campinas,Miller-Curry,8864
2022-03-30,Decision Campinas,Miller-Curry,8863
2022-03-30,Decision São Paulo,"Morris, Moran and Dodson",8862
2022-03-30,Decision São Paulo,"Morris, Moran and Dodson",8861
2022-03-30,Decision São Paulo,"Morris, Moran and Dodson",8860
2022-03-30,Decision São Paulo,"Morris, Moran and Dodson",8859
2022-03-30,Decision São Paulo,"Morris, Moran and Dodson",8858
2022-03-30,Decision São Paulo,"Morris, Moran and Dodson",8857
2022-03-30,Decision São Paulo,"Morris, Moran and Dodson",8856
2022-03-30,Decision São Paulo,"Morris, Moran and Dodson",8855
2022-03-30,Decision São Paulo,"Morris, Moran and Dodson",8854
2022-03-30,Decision São Paulo,Nelson-Page,8853
2022-03-30,Decision São Paulo,Nelson-Page,8852
2022-03-30,Decision São Paulo,Nelson-Page,8851
2022-03-30,Decision São Paulo,Nelson-Page,8850
2022-03-30,Decision São Paulo,Nelson-Page,8849
2022-03-30,Decision São Paulo,Nelson-Page,8848
2022-03-30,Decision São Paulo,Nelson-Page,8847
2022-03-30,Decision São Paulo,Nelson-Page,8846
2022-03-30,Decision São Paulo,Nelson-Page,8845
2022-03-30,Decision São Paulo,Nelson-Page,8844
2022-03-30,Decision São Paulo,Nelson-Page,8843
2022-03-30,Decision São Paulo,Nelson-Page,8842
2022-03-30,Decision São Paulo,Porter-Wilson,8841
2022-03-30,Decision São Paulo,Porter-Wilson,8840
2022-03-29,Decision São Paulo,Jenkins-Walker,8839
2022-03-29,Decision São Paulo,Johnson-Pratt,8838
2022-03-29,Decision São Paulo,Johnson-Pratt,8837
2022-03-29,Decision São Paulo,Johnson-Pratt,8836
2022-03-29,Decision São Paulo,Johnson-Pratt,8835
2022-03-29,Decision São Paulo,Nelson-Page,8834
2022-03-29,Decision São Paulo,Nelson-Page,8833
2022-03-29,Decision São Paulo,Nelson-Page,8832
2022-03-29,Decision São Paulo,Nelson-Page,8831
2022-03-29,Decision São Paulo,Nelson-Page,8830
2022-03-29,Decision São Paulo,Nelson-Page,8829
2022-03-29,Decision São Paulo,Nelson-Page,8828
2022-03-29,Decision São Paulo,Nelson-Page,8827
2022-03-29,Decision São Paulo,Nelson-Page,8826
2022-03-29,Decision São Paulo,Nelson-Page,8825
2022-03-29,Decision São Paulo,Nelson-Page,8824
2022-03-29,Decision São Paulo,Nelson-Page,8823
2022-03-29,Decision São Paulo,Jenkins-Walker,8822
2022-03-29,Decision São Paulo,Jenkins-Walker,8821
2022-03-28,Decision São Paulo,Jenkins-Walker,8820
2022-03-28,Decision São Paulo,"Wade, Bernard and Bailey",8819
2022-03-28,Decision São Paulo,"Wade, Bernard and Bailey",8818
2022-03-28,Decision São Paulo,"Wade, Bernard and Bailey",8817
2022-03-28,Decision São Paulo,"Wade, Bernard and Bailey",8816
2022-03-28,Decision São Paulo,Nelson-Page,8815
2022-03-28,Decision São Paulo,Nelson-Page,8814
2022-03-28,Decision São Paulo,Nelson-Page,8813
2022-03-28,Decision São Paulo,Johnson-Pratt,8812
2022-03-28,Decision São Paulo,Johnson-Pratt,8811
2022-03-28,Decision São Paulo,Porter-Wilson,8810
2022-03-28,Decision São Paulo,Porter-Wilson,8809
2022-03-28,Decision São Paulo,Porter-Wilson,8808
2022-03-28,Decision São Paulo,Porter-Wilson,8807
2022-03-28,Decision São Paulo,Porter-Wilson,8806
2022-03-28,Decision São Paulo,Porter-Wilson,8805
2022-03-28,Decision São Paulo,Porter-Wilson,8804
2022-03-28,Decision São Paulo,Porter-Wilson,8803
2022-03-28,Decision São Paulo,Mann and Sons,8802
2022-03-28,Decision São Paulo,Mann and Sons,8801
2022-03-28,Decision São Paulo,Nelson-Page,8800
2022-03-28,Decision São Paulo,Barnes-Woods,8799
2022-03-27,Decision São Paulo,Jenkins-Walker,8798
2022-03-27,Decision São Paulo,Jenkins-Walker,8797
2022-03-27,Decision São Paulo,Barnes-Woods,8796
2022-03-27,Decision São Paulo,Barnes-Woods,8795
2022-03-27,Decision São Paulo,Barnes-Woods,8794
2022-03-27,Decision São Paulo,Barnes-Woods,8793
2022-03-27,Decision São Paulo,Barnes-Woods,8792
2022-03-27,Decision São Paulo,Barnes-Woods,8791
2022-03-25,Decision São Paulo,Callahan-Hall,8790
2022-03-24,Decision São Paulo,Nelson-Page,8789
2022-03-24,Decision São Paulo,Nelson-Page,8788
2022-03-24,Decision São Paulo,Nelson-Page,8787
2022-03-24,Decision São Paulo,Nelson-Page,8786
2022-03-23,Decision São Paulo,Morrison Ltd,8785
2022-03-23,Decision São Paulo,Morrison Ltd,8784
2022-03-23,Decision São Paulo,Morrison Ltd,8783
2022-03-23,Decision São Paulo,Mann and Sons,8782
2022-03-23,Decision São Paulo,Morrison Ltd,8781
2022-03-23,Decision São Paulo,Nelson-Page,8780
2022-03-23,Decision São Paulo,Nelson-Page,8779
2022-03-23,Decision São Paulo,Nelson-Page,8778
2022-03-23,Decision São Paulo,"Wade, Bernard and Bailey",8777
2022-03-23,Decision Campinas,Miller-Curry,8776
2022-03-23,Decision São Paulo,Jenkins-Walker,8775
2022-03-23,Decision São Paulo,Jenkins-Walker,8774
2022-03-22,Decision São Paulo,Morrison Ltd,8773
2022-03-22,Decision São Paulo,Barnes-Woods,8772
2022-03-22,Decision São Paulo,Barnes-Woods,8771
2022-03-22,Decision São Paulo,Barnes-Woods,8770
2022-03-22,Decision São Paulo,"Miller, Tran and Chang",8769
2022-03-22,Decision São Paulo,Porter-Wilson,8768
2022-03-22,Decision São Paulo,Nelson-Page,8767
2022-03-22,Decision São Paulo,Nelson-Page,8766
2022-03-22,Decision São Paulo,Jenkins-Walker,8765
2022-03-22,Decision São Paulo,"Miller, Tran and Chang",8764
2022-03-22,Decision São Paulo,Jenkins-Walker,8763
2022-03-22,Decision São Paulo,Jenkins-Walker,8762
2022-03-22,Decision São Paulo,Morrison Ltd,8760
2022-03-22,Decision São Paulo,"Miller, Tran and Chang",8759
2022-03-21,Decision São Paulo,Nelson-Page,8758
2022-03-21,Decision São Paulo,Nelson-Page,8757
2022-03-21,Decision São Paulo,Nelson-Page,8756
2022-03-21,Decision São Paulo,Nelson-Page,8755
2022-03-21,Decision São Paulo,Jenkins-Walker,8754
2022-03-21,Decision São Paulo,Jenkins-Walker,8753
2022-03-21,Decision São Paulo,Nelson-Page,8751
2022-03-21,Decision São Paulo,Nelson-Page,8750
2022-03-21,Decision São Paulo,Nelson-Page,8749
2022-03-21,Decision São Paulo,Nelson-Page,8748
2022-03-21,Decision São Paulo,Nelson-Page,8747
2022-03-21,Decision São Paulo,Nelson-Page,8746
2022-03-21,Decision São Paulo,Nelson-Page,8745
2022-03-21,Decision São Paulo,Nelson-Page,8744
2022-03-21,Decision São Paulo,Mann and Sons,8743
2022-03-21,Decision São Paulo,Mann and Sons,8742
2022-03-21,Decision São Paulo,Mann and Sons,8741
2022-03-21,Decision São Paulo,Mann and Sons,8740
2022-03-21,Decision São Paulo,Mann and Sons,8739
2022-03-21,Decision São Paulo,Mann and Sons,8738
2022-03-21,Decision São Paulo,Nelson-Page,8737
2022-03-21,Decision São Paulo,Nelson-Page,8736
2022-03-21,Decision São Paulo,Nelson-Page,8735
2022-03-21,Decision São Paulo,Nelson-Page,8734
2022-03-21,Decision São Paulo,Nelson-Page,8733
2022-03-21,Decision São Paulo,Nelson-Page,8732
2022-03-21,Decision São Paulo,Nelson-Page,8731
2022-03-21,Decision São Paulo,Nelson-Page,8730
2022-03-21,Decision São Paulo,"Morris, Moran and Dodson",8729
2022-03-21,Decision São Paulo,"Morris, Moran and Dodson",8728
2022-03-21,Decision Campinas,Miller-Curry,8727
2022-03-18,Decision São Paulo,Morrison Ltd,8726
2022-03-18,Decision São Paulo,Morrison Ltd,8725
2022-03-18,Decision São Paulo,"Morris, Moran and Dodson",8724
2022-03-18,Decision São Paulo,"Morris, Moran and Dodson",8723
2022-03-18,Decision São Paulo,Walters Group,8722
2022-03-18,Decision São Paulo,Luna-Carpenter,8721
2022-03-18,Decision São Paulo,Nelson-Page,8720
2022-03-18,Decision São Paulo,Nelson-Page,8719
2022-03-18,Decision São Paulo,Nelson-Page,8718
2022-03-18,Decision São Paulo,Nelson-Page,8717
2022-03-18,Decision São Paulo,Nelson-Page,8716
2022-03-18,Decision São Paulo,Nelson-Page,8715
2022-03-18,Decision São Paulo,"Wade, Bernard and Bailey",8714
2022-03-18,Decision São Paulo,Nelson-Page,8713
2022-03-18,Decision São Paulo,Nelson-Page,8712
2022-03-18,Decision São Paulo,Nelson-Page,8711
2022-03-18,Decision São Paulo,Nelson-Page,8710
2022-03-18,Decision São Paulo,Johnson-Pratt,8709
2022-03-18,Decision São Paulo,Nelson-Page,8708
2022-03-18,Decision São Paulo,Nelson-Page,8707
2022-03-18,Decision São Paulo,Johnson-Pratt,8706
2022-03-18,Decision São Paulo,Johnson-Pratt,8705
2022-03-18,Decision São Paulo,Nelson-Page,8704
2022-03-18,Decision São Paulo,Johnson-Pratt,8703
2022-03-18,Decision São Paulo,Johnson-Pratt,8702
2022-03-18,Decision São Paulo,Nelson-Page,8701
2022-03-18,Decision São Paulo,Johnson-Pratt,8700
2022-03-18,Decision São Paulo,Nelson-Page,8699
2022-03-18,Decision São Paulo,Johnson-Pratt,8698
2022-03-16,Decision São Paulo,Morrison Ltd,8695
2022-03-16,Decision São Paulo,Nelson-Page,8694
2022-03-16,Decision São Paulo,Nelson-Page,8693
2022-03-16,Decision São Paulo,Larsen-Barker,8692
2022-03-16,Decision São Paulo,Larsen-Barker,8691
2022-03-16,Decision São Paulo,Larsen-Barker,8690
2022-03-16,Decision São Paulo,Larsen-Barker,8689
2022-03-16,Decision São Paulo,Larsen-Barker,8688
2022-03-16,Decision São Paulo,Larsen-Barker,8687
2022-03-16,Decision São Paulo,Larsen-Barker,8686
2022-03-16,Decision São Paulo,Larsen-Barker,8685
2022-03-16,Decision São Paulo,Johnson-Aguirre,8684
2022-03-16,Decision São Paulo,Jenkins-Walker,8683
2022-03-16,Decision São Paulo,Jenkins-Walker,8682
2022-03-16,Decision São Paulo,Jenkins-Walker,8681
2022-03-16,Decision São Paulo,Nelson-Page,8680
2022-03-16,Decision São Paulo,Nelson-Page,8679
2022-03-16,Decision São Paulo,Nelson-Page,8678
2022-03-15,Decision São Paulo,Jenkins-Walker,8677
2022-03-15,Decision Campinas,Miller-Curry,8676
2022-03-15,Decision Campinas,Miller-Curry,8675
2022-03-15,Decision São Paulo,Mann and Sons,8674
2022-03-15,Decision São Paulo,Morrison Ltd,8673
2022-03-15,Decision São Paulo,Morrison Ltd,8672
2022-03-15,Decision São Paulo,Morrison Ltd,8671
2022-03-15,Decision São Paulo,Nelson-Page,8670
2022-03-15,Decision São Paulo,Nelson-Page,8669
2022-03-15,Decision São Paulo,Nelson-Page,8668
2022-03-15,Decision São Paulo,Nelson-Page,8667
2022-03-14,Decision São Paulo,Jenkins-Walker,8666
2022-03-14,Decision São Paulo,Johnson-Pratt,8665
2022-03-14,Decision São Paulo,Jenkins-Walker,8664
2022-03-14,Decision São Paulo,Nelson-Page,8663
2022-03-14,Decision São Paulo,Nelson-Page,8662
2022-03-14,Decision São Paulo,Nelson-Page,8661
2022-03-14,Decision São Paulo,"Wade, Bernard and Bailey",8660
2022-03-14,Decision São Paulo,Nelson-Page,8659
2022-03-14,Decision São Paulo,Morrison Ltd,8658
2022-03-14,Decision São Paulo,Mann and Sons,8657
2022-03-14,Decision São Paulo,Porter-Wilson,8656
2022-03-11,Decision São Paulo,"Morris, Moran and Dodson",8655
2022-03-11,Decision São Paulo,"Morris, Moran and Dodson",8654
2022-03-11,Decision São Paulo,"Morris, Moran and Dodson",8653
2022-03-11,Decision São Paulo,"Morris, Moran and Dodson",8652
2022-03-11,Decision São Paulo,Jenkins-Walker,8651
2022-03-11,Decision São Paulo,"Williams, Clark and Lynn",8650
2022-03-11,Decision São Paulo,"Myers, Torres and Martin",8649
2022-03-10,Decision São Paulo,"Morris, Moran and Dodson",8648
2022-03-10,Decision São Paulo,Nelson-Page,8647
2022-03-10,Decision São Paulo,Jenkins-Walker,8646
2022-03-10,Decision São Paulo,Jenkins-Walker,8645
2022-03-10,Decision São Paulo,Jenkins-Walker,8644
2022-03-10,Decision São Paulo,Jenkins-Walker,8643
2022-03-10,Decision São Paulo,Jenkins-Walker,8642
2022-03-10,Decision São Paulo,Jenkins-Walker,8641
2022-03-10,Decision São Paulo,Jenkins-Walker,8640
2022-03-10,Decision Campinas,Miller-Curry,8639
2022-03-10,Decision São Paulo,Morrison Ltd,8638
2022-03-10,Decision São Paulo,Morrison Ltd,8637
2022-03-10,Decision São Paulo,Morrison Ltd,8636
2022-03-09,Decision São Paulo,Nelson-Page,8635
2022-03-09,Decision São Paulo,Nelson-Page,8634
2022-03-09,Decision São Paulo,Nelson-Page,8633
2022-03-09,Decision São Paulo,Nelson-Page,8632
2022-03-09,Decision São Paulo,Nelson-Page,8631
2022-03-09,Decision São Paulo,Nelson-Page,8630
2022-03-09,Decision São Paulo,Nelson-Page,8629
2022-03-09,Decision São Paulo,Larsen-Barker,8628
2022-03-09,Decision São Paulo,Larsen-Barker,8627
2022-03-09,Decision São Paulo,Nelson-Page,8626
2022-03-09,Decision São Paulo,Larsen-Barker,8625
2022-03-09,Decision São Paulo,Larsen-Barker,8624
2022-03-09,Decision São Paulo,Nelson-Page,8623
2022-03-09,Decision São Paulo,Nelson-Page,8622
2022-03-09,Decision São Paulo,Nelson-Page,8621
2022-03-08,Decision São Paulo,Nichols-Lee,8620
2022-03-08,Decision São Paulo,Nichols-Lee,8619
2022-03-08,Decision São Paulo,Nichols-Lee,8618
2022-03-08,Decision São Paulo,Nichols-Lee,8617
2022-03-08,Decision São Paulo,Nichols-Lee,8616
2022-03-08,Decision São Paulo,Nichols-Lee,8615
2022-03-08,Decision São Paulo,Nichols-Lee,8614
2022-03-08,Decision São Paulo,Nichols-Lee,8613
2022-03-08,Decision São Paulo,Nelson-Page,8612
2022-03-08,Decision São Paulo,Nichols-Lee,8611
2022-03-08,Decision São Paulo,Nichols-Lee,8610
2022-03-08,Decision São Paulo,Nichols-Lee,8609
2022-03-08,Decision São Paulo,Nelson-Page,8608
2022-03-08,Decision São Paulo,Nelson-Page,8607
2022-03-08,Decision São Paulo,Nelson-Page,8606
2022-03-08,Decision São Paulo,Nelson-Page,8605
2022-03-08,Decision São Paulo,Nelson-Page,8604
2022-03-08,Decision São Paulo,Nelson-Page,8603
2022-03-08,Decision São Paulo,Nelson-Page,8602
2022-03-08,Decision São Paulo,Nelson-Page,8601
2022-03-08,Decision São Paulo,Nelson-Page,8600
2022-03-08,Decision São Paulo,Nelson-Page,8599
2022-03-08,Decision São Paulo,Nelson-Page,8598
2022-03-08,Decision São Paulo,"Williams, Clark and Lynn",8597
2022-03-08,Decision São Paulo,"Williams, Clark and Lynn",8596
2022-03-08,Decision São Paulo,"Williams, Clark and Lynn",8595
2022-03-08,Decision São Paulo,"Williams, Clark and Lynn",8594
2022-03-08,Decision São Paulo,"Williams, Clark and Lynn",8593
2022-03-08,Decision São Paulo,Mann and Sons,8592
2022-03-08,Decision São Paulo,Morrison Ltd,8591
2022-03-08,Decision São Paulo,Morrison Ltd,8590
2022-03-08,Decision São Paulo,Mann and Sons,8589
2022-03-08,Decision São Paulo,Mann and Sons,8588
2022-03-08,Decision São Paulo,Mann and Sons,8587
2022-03-08,Decision São Paulo,Mann and Sons,8586
2022-03-07,Decision São Paulo,"Morris, Moran and Dodson",8585
2022-03-07,Decision São Paulo,"Morris, Moran and Dodson",8584
2022-03-07,Decision São Paulo,"Morris, Moran and Dodson",8583
2022-03-07,Decision São Paulo,"Morris, Moran and Dodson",8582
2022-03-07,Decision São Paulo,Mann and Sons,8581
2022-03-07,Decision São Paulo,Nelson-Page,8580
2022-03-04,Decision São Paulo,Jenkins-Walker,8579
2022-03-04,Decision São Paulo,Walters Group,8578
2022-03-04,Decision São Paulo,Johnson-Pratt,8577
2022-03-04,Decision São Paulo,Johnson-Pratt,8576
2022-03-04,Decision São Paulo,Johnson-Pratt,8575
2022-03-04,Decision São Paulo,Johnson-Pratt,8574
2022-03-04,Decision São Paulo,Morrison Ltd,8573
2022-03-04,Decision São Paulo,Jenkins-Walker,8572
2022-03-04,Decision São Paulo,Jenkins-Walker,8571
2022-03-04,Decision São Paulo,Jenkins-Walker,8570
2022-03-04,Decision São Paulo,Barnes-Woods,8569
2022-03-04,Decision São Paulo,Jenkins-Walker,8568
2022-03-04,Decision São Paulo,Nelson-Page,8567
2022-03-03,Decision São Paulo,Morrison Ltd,8561
2022-03-03,Decision São Paulo,Morrison Ltd,8560
2022-03-03,Decision São Paulo,Morrison Ltd,8559
2022-03-03,Decision São Paulo,Morrison Ltd,8558
2022-03-03,Decision São Paulo,Morrison Ltd,8557
2022-03-03,Decision São Paulo,Morrison Ltd,8556
2022-03-03,Decision São Paulo,Morrison Ltd,8555
2022-03-03,Decision São Paulo,Morrison Ltd,8554
2022-03-03,Decision São Paulo,Morrison Ltd,8553
2022-03-03,Decision São Paulo,Morrison Ltd,8552
2022-03-03,Decision São Paulo,Morrison Ltd,8551
2022-03-03,Decision São Paulo,Morrison Ltd,8550
2022-03-03,Decision São Paulo,Morrison Ltd,8549
2022-03-03,Decision São Paulo,Morrison Ltd,8548
2022-03-03,Decision São Paulo,Nelson-Page,8547
2022-03-03,Decision São Paulo,Nelson-Page,8546
2022-03-03,Decision São Paulo,Nelson-Page,8545
2022-03-03,Decision São Paulo,Nelson-Page,8544
2022-03-03,Decision São Paulo,Nelson-Page,8543
2022-03-03,Decision São Paulo,Nelson-Page,8542
2022-03-03,Decision São Paulo,Nelson-Page,8541
2022-03-03,Decision São Paulo,Nelson-Page,8540
2022-03-03,Decision São Paulo,Johnson-Pratt,8539
2022-03-03,Decision São Paulo,Jenkins-Walker,8538
2022-03-03,Decision São Paulo,Barnes-Woods,8537
2022-03-02,Decision São Paulo,Morrison Ltd,8536
2022-03-02,Decision São Paulo,Morrison Ltd,8535
2022-03-02,Decision São Paulo,Johnson-Pratt,8534
2022-03-02,Decision São Paulo,Craig-Webb,8533
2022-03-02,Decision São Paulo,Craig-Webb,8532
2022-03-02,Decision São Paulo,Craig-Webb,8531
2022-03-02,Decision São Paulo,Porter-Wilson,8530
2022-03-01,Decision São Paulo,Jenkins-Walker,8529
2022-03-01,Decision São Paulo,Jenkins-Walker,8528
2022-03-01,Decision São Paulo,Barnes-Woods,8527
2022-03-01,Decision São Paulo,Barnes-Woods,8526
2022-03-01,Decision São Paulo,Barnes-Woods,8525
2022-03-01,Decision São Paulo,Barnes-Woods,8524
2022-03-01,Decision São Paulo,Barnes-Woods,8523
2022-03-01,Decision São Paulo,Barnes-Woods,8522
2022-03-01,Decision São Paulo,Jenkins-Walker,8521
2022-02-28,Decision São Paulo,"Morris, Moran and Dodson",8520
2022-02-28,Decision São Paulo,"Morris, Moran and Dodson",8519
2022-02-28,Decision São Paulo,"Morris, Moran and Dodson",8518
2022-02-27,Decision São Paulo,Nelson-Page,8517
2022-02-27,Decision São Paulo,Nelson-Page,8516
2022-02-27,Decision São Paulo,Nelson-Page,8515
2022-02-27,Decision São Paulo,Nelson-Page,8514
2022-02-27,Decision São Paulo,Nelson-Page,8513
2022-02-27,Decision São Paulo,Nelson-Page,8512
2022-02-25,Decision São Paulo,Nelson-Page,8511
2022-02-25,Decision São Paulo,Nelson-Page,8510
2022-02-25,Decision São Paulo,Nelson-Page,8509
2022-02-25,Decision São Paulo,Nelson-Page,8508
2022-02-25,Decision São Paulo,Nelson-Page,8507
2022-02-25,Decision São Paulo,Porter-Wilson,8506
2022-02-25,Decision São Paulo,Porter-Wilson,8505
2022-02-25,Decision São Paulo,Callahan-Hall,8504
2022-02-25,Decision São Paulo,Morrison Ltd,8503
2022-02-25,Decision São Paulo,"Morris, Moran and Dodson",8502
2022-02-25,Decision São Paulo,Morrison Ltd,8501
2022-02-25,Decision São Paulo,Morrison Ltd,8500
2022-02-25,Decision São Paulo,Morrison Ltd,8499
2022-02-25,Decision São Paulo,Morrison Ltd,8498
2022-02-25,Decision São Paulo,Morrison Ltd,8497
2022-02-24,Decision São Paulo,Morrison Ltd,8496
2022-02-24,Decision São Paulo,Jones-Norris,8495
2022-02-24,Decision São Paulo,Jones-Norris,8494
2022-02-24,Decision São Paulo,Jones-Norris,8493
2022-02-24,Decision São Paulo,Jones-Norris,8492
2022-02-24,Decision São Paulo,Jones-Norris,8491
2022-02-24,Decision São Paulo,Jones-Norris,8490
2022-02-24,Decision São Paulo,Jones-Norris,8489
2022-02-24,Decision São Paulo,Jones-Norris,8488
2022-02-24,Decision São Paulo,Jones-Norris,8487
2022-02-24,Decision São Paulo,Jones-Norris,8486
2022-02-24,Decision São Paulo,Jones-Norris,8485
2022-02-24,Decision São Paulo,Jones-Norris,8484
2022-02-24,Decision São Paulo,Jones-Norris,8483
2022-02-24,Decision São Paulo,Jones-Norris,8482
2022-02-24,Decision São Paulo,Jenkins-Walker,8481
2022-02-24,Decision São Paulo,Jenkins-Walker,8480
2022-02-24,Decision São Paulo,Nelson-Page,8479
2022-02-24,Decision São Paulo,Nelson-Page,8478
2022-02-24,Decision São Paulo,"Wade, Bernard and Bailey",8477
2022-02-24,Decision São Paulo,"Wade, Bernard and Bailey",8476
2022-02-24,Decision São Paulo,"Lane, Jones and Marshall",8475
2022-02-24,Decision São Paulo,"Lane, Jones and Marshall",8474
2022-02-24,Decision São Paulo,Nelson-Page,8473
2022-02-24,Decision São Paulo,Nelson-Page,8472
2022-02-24,Decision São Paulo,"Morris, Moran and Dodson",8471
2022-02-24,Decision São Paulo,"Morris, Moran and Dodson",8470
2022-02-24,Decision São Paulo,"Morris, Moran and Dodson",8469
2022-02-23,Decision São Paulo,Nelson-Page,8468
2022-02-23,Decision São Paulo,"Wade, Bernard and Bailey",8467
2022-02-23,Decision São Paulo,Nelson-Page,8466
2022-02-23,Decision São Paulo,Nelson-Page,8465
2022-02-23,Decision São Paulo,Nelson-Page,8464
2022-02-23,Decision Campinas,Miller-Curry,8463
2022-02-23,Decision Campinas,Miller-Curry,8462
2022-02-23,Decision São Paulo,Jones-Norris,8461
2022-02-22,Decision São Paulo,Morrison Ltd,8460
2022-02-22,Decision São Paulo,Morrison Ltd,8459
2022-02-22,Decision São Paulo,Mann and Sons,8458
2022-02-22,Decision Campinas,Miller-Curry,8457
2022-02-22,Decision Campinas,Miller-Curry,8456
2022-02-22,Decision São Paulo,Johnson-Pratt,8455
2022-02-22,Decision São Paulo,Johnson-Pratt,8454
2022-02-22,Decision São Paulo,Johnson-Pratt,8453
2022-02-22,Decision São Paulo,Johnson-Pratt,8452
2022-02-22,Decision São Paulo,Johnson-Pratt,8451
2022-02-22,Decision São Paulo,Johnson-Pratt,8450
2022-02-22,Decision São Paulo,Johnson-Pratt,8449
2022-02-22,Decision São Paulo,Porter-Wilson,8448
2022-02-22,Decision São Paulo,Johnson-Pratt,8447
2022-02-22,Decision São Paulo,Johnson-Pratt,8446
2022-02-22,Decision São Paulo,Johnson-Pratt,8445
2022-02-22,Decision São Paulo,Johnson-Pratt,8444
2022-02-22,Decision São Paulo,Johnson-Pratt,8443
2022-02-22,Decision São Paulo,Johnson-Pratt,8442
2022-02-22,Decision São Paulo,Johnson-Pratt,8441
2022-02-22,Decision São Paulo,Johnson-Pratt,8440
2022-02-22,Decision São Paulo,Johnson-Pratt,8439
2022-02-22,Decision São Paulo,"Morris, Moran and Dodson",8438
2022-02-21,Decision São Paulo,Morrison Ltd,8437
2022-02-21,Decision São Paulo,Morrison Ltd,8436
2022-02-21,Decision São Paulo,Morrison Ltd,8435
2022-02-21,Decision São Paulo,Morrison Ltd,8434
2022-02-21,Decision São Paulo,Morrison Ltd,8433
2022-02-21,Decision São Paulo,Morrison Ltd,8432
2022-02-21,Decision São Paulo,"Morris, Moran and Dodson",8431
2022-02-21,Decision São Paulo,"Morris, Moran and Dodson",8430
2022-02-21,Decision São Paulo,"Morris, Moran and Dodson",8429
2022-02-21,Decision São Paulo,Nelson-Page,8428
2022-02-21,Decision São Paulo,Nelson-Page,8427
2022-02-21,Decision São Paulo,Nelson-Page,8426
2022-02-21,Decision São Paulo,Nelson-Page,8425
2022-02-21,Decision São Paulo,Nelson-Page,8424
2022-02-21,Decision São Paulo,Nelson-Page,8423
2022-02-21,Decision São Paulo,Nelson-Page,8422
2022-02-21,Decision São Paulo,Nelson-Page,8421
2022-02-21,Decision São Paulo,Jenkins-Walker,8420
2022-02-21,Decision São Paulo,Nelson-Page,8419
2022-02-21,Decision São Paulo,Nelson-Page,8418
2022-02-21,Decision São Paulo,Dougherty-Gilbert,8417
2022-02-21,Decision São Paulo,Jenkins-Walker,8416
2022-02-21,Decision Campinas,Miller-Curry,8415
2022-02-21,Decision Campinas,Miller-Curry,8414
2022-02-18,Decision São Paulo,Johnson-Pratt,8413
2022-02-18,Decision São Paulo,Johnson-Pratt,8412
2022-02-18,Decision São Paulo,Johnson-Pratt,8411
2022-02-18,Decision São Paulo,Johnson-Pratt,8410
2022-02-18,Decision São Paulo,Johnson-Pratt,8409
2022-02-18,Decision São Paulo,Johnson-Pratt,8408
2022-02-18,Decision São Paulo,Johnson-Pratt,8407
2022-02-18,Decision São Paulo,Johnson-Pratt,8406
2022-02-18,Decision São Paulo,Jenkins-Walker,8405
2022-02-18,Decision São Paulo,Johnson-Pratt,8404
2022-02-17,Decision São Paulo,Nelson-Page,8403
2022-02-17,Decision São Paulo,Johnson-Pratt,8402
2022-02-17,Decision São Paulo,Porter-Wilson,8401
2022-02-17,Decision São Paulo,Jenkins-Walker,8400
2022-02-17,Decision São Paulo,Jenkins-Walker,8399
2022-02-17,Decision São Paulo,Jenkins-Walker,8398
2022-02-17,Decision Campinas,Miller-Curry,8397
2022-02-16,Decision Campinas,Miller-Curry,8396
2022-02-16,Decision Campinas,Miller-Curry,8395
2022-02-16,Decision São Paulo,Mann and Sons,8394
2022-02-16,Decision Campinas,Miller-Curry,8393
2022-02-16,Decision São Paulo,"Morris, Moran and Dodson",8392
2022-02-16,Decision São Paulo,"Morris, Moran and Dodson",8391
2022-02-16,Decision São Paulo,Mann and Sons,8390
2022-02-16,Decision São Paulo,Mann and Sons,8389
2022-02-16,Decision São Paulo,Nelson-Page,8388
2022-02-16,Decision São Paulo,Nelson-Page,8387
2022-02-16,Decision São Paulo,Nelson-Page,8386
2022-02-16,Decision São Paulo,Nelson-Page,8385
2022-02-16,Decision São Paulo,Nelson-Page,8384
2022-02-16,Decision São Paulo,Nelson-Page,8383
2022-02-16,Decision São Paulo,Nelson-Page,8382
2022-02-16,Decision São Paulo,Nelson-Page,8381
2022-02-16,Decision São Paulo,Nelson-Page,8380
2022-02-16,Decision São Paulo,Mann and Sons,8379
2022-02-16,Decision São Paulo,Nelson-Page,8378
2022-02-16,Decision São Paulo,Nelson-Page,8377
2022-02-16,Decision São Paulo,Mann and Sons,8376
2022-02-16,Decision São Paulo,Barnes-Woods,8375
2022-02-15,Decision São Paulo,Johnson-Aguirre,8374
2022-02-15,Decision Campinas,Miller-Curry,8373
2022-02-15,Decision São Paulo,Nelson-Page,8372
2022-02-15,Decision São Paulo,Nelson-Page,8371
2022-02-14,Decision São Paulo,Morrison Ltd,8370
2022-02-14,Decision São Paulo,"Miller, Tran and Chang",8369
2022-02-14,Decision São Paulo,Nelson-Page,8368
2022-02-11,Decision São Paulo,Morrison Ltd,8367
2022-02-11,Decision São Paulo,Morrison Ltd,8366
2022-02-11,Decision São Paulo,"Miller, Tran and Chang",8365
2022-02-11,Decision São Paulo,"Miller, Tran and Chang",8364
2022-02-11,Decision São Paulo,"Miller, Tran and Chang",8363
2022-02-11,Decision São Paulo,Johnson-Pratt,8362
2022-02-11,Decision São Paulo,Walters Group,8361
2022-02-11,Decision São Paulo,Jenkins-Walker,8360
2022-02-11,Decision São Paulo,Nelson-Page,8359
2022-02-11,Decision São Paulo,Nelson-Page,8358
2022-02-11,Decision São Paulo,Nelson-Page,8357
2022-02-11,Decision São Paulo,Nelson-Page,8356
2022-02-11,Decision São Paulo,Nelson-Page,8355
2022-02-11,Decision São Paulo,Nelson-Page,8354
2022-02-11,Decision São Paulo,Nelson-Page,8353
2022-02-11,Decision São Paulo,Nelson-Page,8352
2022-02-11,Decision São Paulo,Nelson-Page,8351
2022-02-11,Decision São Paulo,Morrison Ltd,8350
2022-02-11,Decision São Paulo,Morrison Ltd,8349
2022-02-10,Decision Campinas,Miller-Curry,8347
2022-02-10,Decision Campinas,Miller-Curry,8346
2022-02-10,Decision São Paulo,"Miller, Tran and Chang",8345
2022-02-10,Decision São Paulo,"Morris, Moran and Dodson",8344
2022-02-10,Decision São Paulo,Nelson-Page,8343
2022-02-10,Decision São Paulo,Nelson-Page,8342
2022-02-10,Decision São Paulo,Nelson-Page,8341
2022-02-10,Decision São Paulo,Nelson-Page,8340
2022-02-10,Decision São Paulo,Nelson-Page,8339
2022-02-10,Decision São Paulo,Nelson-Page,8338
2022-02-10,Decision São Paulo,Nelson-Page,8337
2022-02-09,Decision São Paulo,"Morris, Moran and Dodson",8336
2022-02-09,Decision São Paulo,"Wade, Bernard and Bailey",8335
2022-02-09,Decision São Paulo,Nelson-Page,8334
2022-02-09,Decision São Paulo,Nelson-Page,8333
2022-02-09,Decision São Paulo,Nelson-Page,8332
2022-02-08,Decision São Paulo,Morrison Ltd,8331
2022-02-08,Decision São Paulo,Morrison Ltd,8330
2022-02-08,Decision São Paulo,Morrison Ltd,8329
2022-02-08,Decision São Paulo,Morrison Ltd,8328
2022-02-08,Decision São Paulo,Johnson-Pratt,8327
2022-02-08,Decision Campinas,Miller-Curry,8326
2022-02-08,Decision Campinas,Miller-Curry,8325
2022-02-08,Decision Campinas,Miller-Curry,8324
2022-02-08,Decision São Paulo,Nelson-Page,8323
2022-02-08,Decision São Paulo,Nelson-Page,8322
2022-02-08,Decision São Paulo,"Morris, Moran and Dodson",8321
2022-02-08,Decision Campinas,Miller-Curry,8320
2022-02-08,Decision São Paulo,"Miller, Tran and Chang",8319
2022-02-08,Decision São Paulo,"Miller, Tran and Chang",8318
2022-02-08,Decision São Paulo,"Miller, Tran and Chang",8317
2022-02-07,Decision São Paulo,Jenkins-Walker,8316
2022-02-07,Decision São Paulo,Jenkins-Walker,8315
2022-02-07,Decision São Paulo,Jenkins-Walker,8314
2022-02-07,Decision São Paulo,Jenkins-Walker,8313
2022-02-07,Decision São Paulo,Callahan-Hall,8312
2022-02-07,Decision São Paulo,"Morris, Moran and Dodson",8311
2022-02-07,Decision São Paulo,Nelson-Page,8310
2022-02-07,Decision São Paulo,Nelson-Page,8309
2022-02-07,Decision São Paulo,Nelson-Page,8308
2022-02-07,Decision São Paulo,Nelson-Page,8307
2022-02-07,Decision Campinas,Miller-Curry,8306
2022-02-07,Decision Campinas,Miller-Curry,8305
2022-02-07,Decision São Paulo,Mann and Sons,8304
2022-02-07,Decision São Paulo,"Chapman, Brown and Hart",8303
2022-02-04,Decision São Paulo,Morrison Ltd,8302
2022-02-04,Decision Campinas,Miller-Curry,8301
2022-02-04,Decision São Paulo,Luna-Carpenter,8300
2022-02-03,Decision São Paulo,"Morris, Moran and Dodson",8299
2022-02-03,Decision Campinas,Miller-Curry,8298
2022-02-03,Decision São Paulo,"Morris, Moran and Dodson",8297
2022-02-03,Decision São Paulo,Jenkins-Walker,8296
2022-02-03,Decision Campinas,Miller-Curry,8295
2022-02-03,Decision Campinas,Miller-Curry,8294
2022-02-03,Decision Campinas,Miller-Curry,8293
2022-02-03,Decision São Paulo,Nelson-Page,8292
2022-02-03,Decision São Paulo,Nelson-Page,8291
2022-02-03,Decision São Paulo,Nelson-Page,8290
2022-02-03,Decision São Paulo,Nelson-Page,8289
2022-02-03,Decision São Paulo,Nelson-Page,8288
2022-02-03,Decision São Paulo,Nelson-Page,8287
2022-02-03,Decision São Paulo,Nelson-Page,8286
2022-02-03,Decision São Paulo,Barnes-Woods,8285
2022-02-03,Decision São Paulo,Nelson-Page,8284
2022-02-03,Decision Campinas,Miller-Curry,8283
2022-02-03,Decision São Paulo,Jenkins-Walker,8282
2022-02-02,Decision São Paulo,Jenkins-Walker,8281
2022-02-02,Decision São Paulo,Jenkins-Walker,8280
2022-02-02,Decision São Paulo,Jenkins-Walker,8279
2022-02-02,Decision São Paulo,Jenkins-Walker,8278
2022-02-02,Decision São Paulo,Jenkins-Walker,8277
2022-02-02,Decision São Paulo,Jenkins-Walker,8276
2022-02-02,Decision São Paulo,Jenkins-Walker,8275
2022-02-02,Decision São Paulo,Jenkins-Walker,8274
2022-02-02,Decision São Paulo,Jenkins-Walker,8273
2022-02-02,Decision São Paulo,Jenkins-Walker,8272
2022-02-02,Decision São Paulo,Morrison Ltd,8271
2022-02-02,Decision São Paulo,Jenkins-Walker,8270
2022-02-02,Decision São Paulo,Jenkins-Walker,8269
2022-02-02,Decision São Paulo,Jenkins-Walker,8268
2022-02-02,Decision Campinas,Miller-Curry,8267
2022-02-02,Decision São Paulo,Jenkins-Walker,8266
2022-02-02,Decision São Paulo,Morrison Ltd,8265
2022-02-02,Decision São Paulo,Mann and Sons,8264
2022-02-02,Decision São Paulo,Jenkins-Walker,8263
2022-02-02,Decision São Paulo,Morrison Ltd,8262
2022-02-02,Decision São Paulo,"Morris, Moran and Dodson",8261
2022-02-02,Decision São Paulo,Jenkins-Walker,8260
2022-02-02,Decision São Paulo,Jenkins-Walker,8259
2022-02-02,Decision São Paulo,Jenkins-Walker,8258
2022-02-02,Decision São Paulo,Jenkins-Walker,8257
2022-02-02,Decision São Paulo,Jenkins-Walker,8256
2022-02-02,Decision São Paulo,Jenkins-Walker,8255
2022-02-02,Decision São Paulo,Jenkins-Walker,8254
2022-02-02,Decision São Paulo,Jenkins-Walker,8253
2022-02-02,Decision São Paulo,Jenkins-Walker,8252
2022-02-02,Decision São Paulo,Jenkins-Walker,8251
2022-02-02,Decision São Paulo,Nelson-Page,8250
2022-02-01,Decision São Paulo,Johnson-Aguirre,8249
2022-02-01,Decision Campinas,Miller-Curry,8248
2022-02-01,Decision Campinas,Miller-Curry,8247
2022-02-01,Decision Campinas,Miller-Curry,8246
2022-02-01,Decision São Paulo,Barnes-Woods,8245
2022-02-01,Decision São Paulo,Johnson-Pratt,8244
2022-02-01,Decision São Paulo,Nelson-Page,8242
2022-02-01,Decision São Paulo,Nelson-Page,8241
2022-01-31,Decision São Paulo,Barnes-Woods,8240
2022-01-31,Decision São Paulo,Nelson-Page,8239
2022-01-31,Decision São Paulo,Nelson-Page,8238
2022-01-31,Decision São Paulo,Nelson-Page,8237
2022-01-31,Decision São Paulo,Nelson-Page,8236
2022-01-31,Decision São Paulo,Nelson-Page,8235
2022-01-31,Decision São Paulo,Nelson-Page,8234
2022-01-31,Decision Campinas,Miller-Curry,8233
2022-01-29,Decision São Paulo,"Morris, Moran and Dodson",8232
2022-01-29,Decision São Paulo,Mann and Sons,8231
2022-01-29,Decision São Paulo,Mann and Sons,8230
2022-01-29,Decision São Paulo,Mann and Sons,8229
2022-01-29,Decision São Paulo,Mann and Sons,8228
2022-01-29,Decision São Paulo,Mann and Sons,8227
2022-01-29,Decision São Paulo,Mann and Sons,8226
2022-01-29,Decision São Paulo,Mann and Sons,8225
2022-01-28,Decision São Paulo,Morrison Ltd,8224
2022-01-28,Decision São Paulo,Morrison Ltd,8223
2022-01-28,Decision São Paulo,Morrison Ltd,8222
2022-01-28,Decision São Paulo,Jenkins-Walker,8221
2022-01-28,Decision São Paulo,Jenkins-Walker,8220
2022-01-28,Decision São Paulo,Jenkins-Walker,8219
2022-01-28,Decision São Paulo,Jenkins-Walker,8218
2022-01-28,Decision São Paulo,Jenkins-Walker,8217
2022-01-28,Decision São Paulo,Jenkins-Walker,8216
2022-01-28,Decision São Paulo,Jenkins-Walker,8215
2022-01-28,Decision São Paulo,Jenkins-Walker,8214
2022-01-28,Decision São Paulo,Jenkins-Walker,8213
2019-07-15,Decision São Paulo,"Morris, Moran and Dodson",1098
2019-07-12,Decision São Paulo,Gonzalez and Sons,1097
2019-07-11,Decision São Paulo,"Wade, Bernard and Bailey",1096
2019-07-11,Decision São Paulo,"Wade, Bernard and Bailey",1095
2019-07-11,Decision Campinas,Miller-Curry,1094
2019-07-11,Decision Campinas,Miller-Curry,1093
2019-07-11,Decision Campinas,Miller-Curry,1092
2019-07-11,Decision Campinas,Miller-Curry,1091
2019-07-11,Decision Campinas,Miller-Curry,1090
2019-07-11,Decision Campinas,Miller-Curry,1089
2019-07-11,Decision Campinas,Miller-Curry,1088
2019-07-11,Decision Campinas,Miller-Curry,1087
2019-07-11,Decision Campinas,Miller-Curry,1086
2019-07-11,Decision Campinas,Miller-Curry,1085
2019-07-11,Decision Campinas,Miller-Curry,1084
2019-07-11,Decision Campinas,Miller-Curry,1083
2019-07-11,Decision Campinas,Miller-Curry,1082
2019-07-11,Decision Campinas,Miller-Curry,1081
2019-07-11,Decision Campinas,Miller-Curry,1080
2019-07-11,Decision Campinas,Miller-Curry,1079
2019-07-11,Decision Campinas,Miller-Curry,1078
2019-07-11,Decision Campinas,Miller-Curry,1077
2019-07-11,Decision Campinas,Miller-Curry,1076
2019-07-11,Decision Campinas,Miller-Curry,1075
2019-07-11,Decision Campinas,Miller-Curry,1074
2019-07-11,Decision Campinas,Miller-Curry,1073
2019-07-11,Decision Campinas,Miller-Curry,1072
2019-07-11,Decision Campinas,Miller-Curry,1071
2019-07-11,Decision Campinas,Miller-Curry,1070
2019-07-11,Decision Campinas,Miller-Curry,1069
2019-07-11,Decision Campinas,Miller-Curry,1068
2019-07-11,Decision Campinas,Miller-Curry,1067
2019-07-11,Decision Campinas,Miller-Curry,1066
2019-07-11,Decision Campinas,Miller-Curry,1065
2019-07-11,Decision Campinas,Miller-Curry,1064
2019-07-11,Decision Campinas,Miller-Curry,1063
2019-07-11,Decision Campinas,Miller-Curry,1062
2019-07-11,Decision Campinas,Miller-Curry,1061
2019-07-11,Decision Campinas,Miller-Curry,1060
2019-07-11,Decision Campinas,Miller-Curry,1059
2019-07-11,Decision São Paulo,Mann and Sons,1058
2019-07-11,Decision São Paulo,Mann and Sons,1057
2019-07-11,Decision São Paulo,Mann and Sons,1056
2019-07-11,Decision São Paulo,Mann and Sons,1055
2019-07-11,Decision Campinas,Miller-Curry,1054
2019-07-11,Decision Campinas,Miller-Curry,1053
2019-07-11,Decision São Paulo,Nelson-Page,1052
2019-07-11,Decision São Paulo,"Wade, Bernard and Bailey",1051
2019-07-11,Decision São Paulo,Nelson-Page,1050
2019-07-11,Decision São Paulo,"Wade, Bernard and Bailey",1049
2019-07-11,Decision São Paulo,Nelson-Page,1048
2019-07-11,Decision Campinas,Miller-Curry,1047
2019-07-11,Decision Campinas,Miller-Curry,1046
2019-07-11,Decision Campinas,Miller-Curry,1045
2019-07-11,Decision Campinas,Miller-Curry,1044
2019-07-11,Decision Campinas,Miller-Curry,1043
2019-07-11,Decision Campinas,Miller-Curry,1042
2019-07-11,Decision São Paulo,"Morris, Moran and Dodson",1041
2019-07-11,Decision Campinas,Miller-Curry,1040
2019-07-11,Decision Campinas,Miller-Curry,1039
2019-07-11,Decision São Paulo,"Morris, Moran and Dodson",1038
2019-07-11,Decision Campinas,Miller-Curry,1037
2019-07-11,Decision Campinas,Miller-Curry,1036
2019-07-11,Decision Campinas,Miller-Curry,1035
2019-07-11,Decision Campinas,Miller-Curry,1034
2019-07-11,Decision Campinas,Miller-Curry,1033
2019-07-11,Decision Campinas,Miller-Curry,1032
2019-07-11,Decision Campinas,Miller-Curry,1031
2019-07-10,Decision São Paulo,Morrison Ltd,1030
2019-07-10,Decision São Paulo,Barnes-Woods,1029
2019-07-08,Decision São Paulo,Morrison Ltd,1028
2019-07-08,Decision São Paulo,"Morris, Moran and Dodson",1027
2019-07-05,Decision São Paulo,Gonzalez and Sons,1026
2019-07-05,Decision São Paulo,Barnes-Woods,1025
2019-07-05,Decision São Paulo,Barnes-Woods,1024
2019-07-05,Decision São Paulo,Luna-Carpenter,1023
2019-07-05,Decision São Paulo,King-Russell,1022
2019-07-05,Decision São Paulo,Morrison Ltd,1021
2019-07-05,Decision São Paulo,Morrison Ltd,1020
2019-07-05,Decision São Paulo,Mann and Sons,1019
2019-07-05,Decision São Paulo,Mann and Sons,1018
2019-07-05,Decision São Paulo,"Wade, Bernard and Bailey",1017
2019-07-05,Decision São Paulo,Nelson-Page,1016
2019-07-05,Decision São Paulo,Nelson-Page,1015
2019-07-05,Decision São Paulo,Nelson-Page,1014
2019-07-05,Decision São Paulo,Nelson-Page,1013
2019-07-05,Decision São Paulo,Nelson-Page,1012
2019-07-05,Decision São Paulo,Nelson-Page,1011
2019-07-05,Decision São Paulo,"Morris, Moran and Dodson",1010
2019-07-04,Decision São Paulo,Morrison Ltd,1009
2019-07-04,Decision São Paulo,Gonzalez and Sons,1008
2019-07-04,Decision São Paulo,Callahan-Hall,1007
2019-07-04,Decision São Paulo,Callahan-Hall,1006
2019-07-04,Decision São Paulo,"Morris, Moran and Dodson",1005
2019-07-04,Decision São Paulo,"Morris, Moran and Dodson",1004
2019-07-04,Decision São Paulo,Nelson-Page,1003
2019-07-04,Decision São Paulo,"Morris, Moran and Dodson",1002
2019-07-04,Decision São Paulo,"Morris, Moran and Dodson",1001
2019-07-04,Decision São Paulo,King-Russell,1000
2019-07-04,Decision São Paulo,King-Russell,999
2019-07-04,Decision Campinas,Miller-Curry,998
2019-07-03,Decision São Paulo,"Padilla, Ramos and Powell",997
2019-07-03,Decision São Paulo,"Padilla, Ramos and Powell",996
2019-07-03,Decision São Paulo,"Padilla, Ramos and Powell",995
2019-07-03,Decision São Paulo,Johnson-Aguirre,994
2019-07-03,Decision São Paulo,Callahan-Hall,993
2019-07-03,Decision São Paulo,Callahan-Hall,992
2019-07-03,Decision São Paulo,"Morris, Moran and Dodson",991
2019-07-03,Decision São Paulo,Barnes-Woods,990
2019-07-03,Decision São Paulo,"Morris, Moran and Dodson",989
2019-07-03,Decision São Paulo,"Morris, Moran and Dodson",988
2019-07-03,Decision São Paulo,Gonzalez and Sons,987
2019-07-02,Decision São Paulo,Morrison Ltd,986
2019-07-02,Decision São Paulo,"Morris, Moran and Dodson",985
2019-07-02,Decision São Paulo,"Morris, Moran and Dodson",984
2019-07-02,Decision São Paulo,Gonzalez and Sons,983
2019-07-01,Decision São Paulo,"Wade, Bernard and Bailey",982
2019-07-01,Decision São Paulo,"Morris, Moran and Dodson",981
2019-07-01,Decision São Paulo,"Morris, Moran and Dodson",980
2019-07-01,Decision São Paulo,"Morris, Moran and Dodson",979
2019-07-01,Decision São Paulo,Morrison Ltd,978
2019-07-01,Decision São Paulo,Jones-Hodges,977
2019-07-01,Decision São Paulo,Johnson-Aguirre,976
2019-07-01,Decision Campinas,Miller-Curry,975
2019-07-01,Decision Campinas,Miller-Curry,974
2019-07-01,Decision São Paulo,Gonzalez and Sons,973
2019-06-28,Decision São Paulo,Mann and Sons,972
2019-06-28,Decision São Paulo,Mann and Sons,971
2019-06-28,Decision São Paulo,Mann and Sons,970
2019-06-28,Decision São Paulo,Mann and Sons,969
2019-06-28,Decision São Paulo,Mann and Sons,968
2019-06-28,Decision São Paulo,Mann and Sons,967
2019-06-28,Decision São Paulo,Mann and Sons,966
2019-06-27,Decision São Paulo,Morrison Ltd,965
2019-06-27,Decision São Paulo,Morrison Ltd,964
2019-06-27,Decision São Paulo,Nelson-Page,963
2019-06-27,Decision São Paulo,Marquez and Sons,962
2019-06-27,Decision São Paulo,Marquez and Sons,961
2019-06-27,Decision São Paulo,Marquez and Sons,960
2019-06-27,Decision São Paulo,Marquez and Sons,959
2019-06-27,Decision São Paulo,Marquez and Sons,958
2019-06-27,Decision São Paulo,Marquez and Sons,957
2019-06-27,Decision São Paulo,Marquez and Sons,956
2019-06-27,Decision São Paulo,Nelson-Page,955
2019-06-27,Decision São Paulo,Nelson-Page,954
2019-06-27,Decision São Paulo,Walters Group,952
2019-06-26,Decision São Paulo,"Morris, Moran and Dodson",951
2019-06-26,Decision São Paulo,Mann and Sons,950
2019-06-26,Decision Campinas,Miller-Curry,949
2019-06-26,Decision São Paulo,Callahan-Hall,948
2019-06-26,Decision São Paulo,Nelson-Page,947
2019-06-25,Decision São Paulo,Morrison Ltd,946
2019-06-25,Decision São Paulo,Barnes-Woods,945
2019-06-25,Decision São Paulo,Walters Group,944
2019-06-24,Decision Campinas,Miller-Curry,943
2019-06-24,Decision São Paulo,Nelson-Page,942
2019-06-24,Decision Campinas,Miller-Curry,941
2019-06-24,Decision São Paulo,"Wade, Bernard and Bailey",940
2019-06-24,Decision São Paulo,"Wade, Bernard and Bailey",939
2019-06-24,Decision São Paulo,Nelson-Page,938
2019-06-24,Decision São Paulo,"Morris, Moran and Dodson",937
2019-06-21,Decision São Paulo,Mann and Sons,936
2019-06-21,Decision São Paulo,Morrison Ltd,935
2019-06-20,Decision São Paulo,Nelson-Page,934
2019-06-19,Decision São Paulo,Jimenez PLC,933
2019-06-19,Decision São Paulo,"Morris, Moran and Dodson",932
2019-06-19,Decision São Paulo,Johnson-Aguirre,931
2019-06-19,Decision São Paulo,Johnson-Aguirre,930
2019-06-19,Decision São Paulo,Johnson-Aguirre,929
2019-06-19,Decision São Paulo,Gonzalez and Sons,928
2019-06-19,Decision São Paulo,Mann and Sons,927
2019-06-18,Decision São Paulo,Mann and Sons,926
2019-06-18,Decision São Paulo,Barnes-Woods,925
2019-06-17,Decision São Paulo,Mann and Sons,924
2019-06-17,Decision São Paulo,Mann and Sons,923
2019-06-17,Decision São Paulo,Barnes-Woods,922
2019-06-14,Decision São Paulo,Mann and Sons,921
2019-06-14,Decision São Paulo,Gonzalez and Sons,919
2019-06-14,Decision São Paulo,Walters Group,918
2019-06-13,Decision São Paulo,Nelson-Page,917
2019-06-13,Decision São Paulo,Nelson-Page,916
2019-06-13,Decision São Paulo,Barnes-Woods,915
2019-06-13,Decision São Paulo,Barnes-Woods,914
2019-06-13,Decision São Paulo,"Morris, Moran and Dodson",913
2019-06-12,Decision São Paulo,Nelson-Page,912
2019-06-12,Decision São Paulo,Morrison Ltd,911
2019-06-12,Decision São Paulo,Morrison Ltd,910
2019-06-12,Decision São Paulo,Morrison Ltd,909
2019-06-12,Decision São Paulo,Morrison Ltd,908
2019-06-12,Decision São Paulo,Callahan-Hall,907
2019-06-12,Decision São Paulo,Callahan-Hall,906
2019-06-12,Decision São Paulo,Barnes-Woods,905
2019-06-11,Decision São Paulo,Johnson-Aguirre,904
2019-06-11,Decision São Paulo,Johnson-Aguirre,903
2019-06-11,Decision São Paulo,Nelson-Page,902
2019-06-11,Decision São Paulo,Nelson-Page,901
2019-06-10,Decision São Paulo,Mann and Sons,900
2019-06-10,Decision São Paulo,Mann and Sons,899
2019-06-10,Decision São Paulo,Gonzalez and Sons,898
2019-06-10,Decision São Paulo,Nelson-Page,897
2019-06-09,Decision São Paulo,Morrison Ltd,896
2019-06-09,Decision São Paulo,"Wade, Bernard and Bailey",895
2019-06-09,Decision São Paulo,"Wade, Bernard and Bailey",894
2019-06-07,Decision São Paulo,Callahan-Hall,893
2019-06-07,Decision São Paulo,Callahan-Hall,892
2019-06-07,Decision São Paulo,Callahan-Hall,891
2019-06-07,Decision São Paulo,Walters Group,890
2019-06-07,Decision Campinas,Miller-Curry,889
2019-06-07,Decision São Paulo,Walters Group,888
2019-06-07,Decision São Paulo,Walters Group,887
2019-06-06,Decision São Paulo,Gonzalez and Sons,886
2019-06-06,Decision São Paulo,"Wade, Bernard and Bailey",885
2019-06-06,Decision São Paulo,Walters Group,884
2019-06-06,Decision São Paulo,Callahan-Hall,883
2019-06-06,Decision São Paulo,Gonzalez and Sons,882
2019-06-06,Decision São Paulo,Gonzalez and Sons,881
2019-06-06,Decision São Paulo,"Morris, Moran and Dodson",880
2019-06-06,Decision São Paulo,"Morris, Moran and Dodson",879
2019-06-06,Decision São Paulo,"Morris, Moran and Dodson",878
2019-06-06,Decision São Paulo,"Morris, Moran and Dodson",877
2019-06-06,Decision São Paulo,Gonzalez and Sons,876
2019-06-05,Decision São Paulo,"Wade, Bernard and Bailey",875
2019-06-05,Decision São Paulo,Nelson-Page,874
2019-06-05,Decision Campinas,Miller-Curry,873
2019-06-05,Decision Campinas,Miller-Curry,872
2019-06-05,Decision Campinas,Miller-Curry,871
2019-06-05,Decision Campinas,Miller-Curry,870
2019-06-04,Decision São Paulo,Walters Group,869
2019-06-04,Decision São Paulo,Barnes-Woods,868
2019-06-02,Decision São Paulo,Nelson-Page,867
2019-05-31,Decision Campinas,Miller-Curry,866
2019-05-31,Decision Campinas,Miller-Curry,865
2019-05-31,Decision Campinas,Miller-Curry,864
2019-05-31,Decision Campinas,Miller-Curry,863
2019-05-31,Decision São Paulo,"Wade, Bernard and Bailey",862
2019-05-31,Decision São Paulo,"Wade, Bernard and Bailey",861
2019-05-31,Decision São Paulo,"Wade, Bernard and Bailey",860
2019-05-31,Decision São Paulo,Nelson-Page,859
2019-05-31,Decision São Paulo,Nelson-Page,858
2019-05-31,Decision São Paulo,"Wade, Bernard and Bailey",857
2019-05-30,Decision São Paulo,Nelson-Page,856
2019-05-30,Decision São Paulo,Gonzalez and Sons,855
2019-05-30,Decision São Paulo,Gonzalez and Sons,854
2019-05-30,Decision Campinas,Miller-Curry,853
2019-05-30,Decision Campinas,Miller-Curry,852
2019-05-30,Decision São Paulo,Callahan-Hall,851
2019-05-30,Decision São Paulo,Collins Ltd,850
2019-05-30,Decision São Paulo,Morrison Ltd,849
2019-05-29,Decision Campinas,Miller-Curry,848
2019-05-29,Decision São Paulo,Barnes-Woods,847
2019-05-29,Decision São Paulo,Morrison Ltd,846
2019-05-29,Decision São Paulo,Morrison Ltd,845
2019-05-29,Decision São Paulo,Jones-Hodges,844
2019-05-29,Decision São Paulo,Gonzalez and Sons,843
2019-05-29,Decision São Paulo,"Morris, Moran and Dodson",842
2019-05-29,Decision São Paulo,"Morris, Moran and Dodson",841
2019-05-28,Decision Campinas,Miller-Curry,840
2019-05-28,Decision Campinas,Miller-Curry,839
2019-05-28,Decision Campinas,Miller-Curry,838
2019-05-27,Decision São Paulo,Mann and Sons,837
2019-05-27,Decision São Paulo,Mann and Sons,836
2019-05-27,Decision São Paulo,Mann and Sons,835
2019-05-27,Decision São Paulo,Mann and Sons,834
2019-05-27,Decision São Paulo,Mann and Sons,833
2019-05-27,Decision São Paulo,Mann and Sons,832
2019-05-27,Decision São Paulo,Mann and Sons,831
2019-05-27,Decision São Paulo,Gonzalez and Sons,830
2019-05-27,Decision São Paulo,Barnes-Woods,829
2019-05-27,Decision Campinas,Miller-Curry,828
2019-05-27,Decision Campinas,Miller-Curry,827
2019-05-27,Decision Campinas,Miller-Curry,826
2019-05-27,Decision Campinas,Miller-Curry,825
2019-05-27,Decision Campinas,Miller-Curry,824
2019-05-27,Decision Campinas,Miller-Curry,823
2019-05-27,Decision Campinas,Miller-Curry,822
2019-05-24,Decision São Paulo,Morrison Ltd,821
2019-05-24,Decision São Paulo,Morrison Ltd,820
2019-05-23,Decision São Paulo,Morrison Ltd,819
2019-05-23,Decision Campinas,Miller-Curry,818
2019-05-23,Decision São Paulo,"Morris, Moran and Dodson",817
2019-05-23,Decision São Paulo,"Morris, Moran and Dodson",816
2019-05-22,Decision São Paulo,"Morris, Moran and Dodson",815
2019-05-22,Decision São Paulo,Morrison Ltd,814
2019-05-22,Decision São Paulo,Johnson-Aguirre,813
2019-05-22,Decision São Paulo,Callahan-Hall,812
2019-05-22,Decision São Paulo,Walters Group,811
2019-05-21,Decision Campinas,Miller-Curry,810
2019-05-21,Decision São Paulo,Johnson-Aguirre,809
2019-05-20,Decision São Paulo,Morrison Ltd,808
2019-05-20,Decision Campinas,Miller-Curry,807
2019-05-20,Decision São Paulo,Jones-Hodges,806
2019-05-19,Decision São Paulo,Morrison Ltd,805
2019-05-19,Decision São Paulo,Morrison Ltd,804
2019-05-19,Decision São Paulo,"Wade, Bernard and Bailey",803
2019-05-19,Decision São Paulo,Nelson-Page,802
2019-05-19,Decision São Paulo,Nelson-Page,801
2019-05-19,Decision São Paulo,Nelson-Page,800
2019-05-19,Decision São Paulo,Nelson-Page,799
2019-05-19,Decision São Paulo,Nelson-Page,798
2019-05-19,Decision São Paulo,Nelson-Page,797
2019-05-19,Decision São Paulo,"Wade, Bernard and Bailey",796
2019-05-19,Decision São Paulo,"Wade, Bernard and Bailey",795
2019-05-19,Decision São Paulo,Nelson-Page,794
2019-05-19,Decision São Paulo,"Wade, Bernard and Bailey",793
2019-05-19,Decision São Paulo,"Wade, Bernard and Bailey",792
2019-05-19,Decision São Paulo,"Wade, Bernard and Bailey",791
2019-05-19,Decision São Paulo,"Wade, Bernard and Bailey",790
2019-05-19,Decision São Paulo,"Wade, Bernard and Bailey",789
2019-05-19,Decision São Paulo,"Wade, Bernard and Bailey",788
2019-05-17,Decision São Paulo,Jones-Hodges,787
2019-05-17,Decision São Paulo,"Morris, Moran and Dodson",786
2019-05-16,Decision São Paulo,Barnes-Woods,785
2019-05-16,Decision São Paulo,Callahan-Hall,784
2019-05-16,Decision São Paulo,Callahan-Hall,783
2019-05-16,Decision São Paulo,Callahan-Hall,782
2019-05-16,Decision São Paulo,Gonzalez and Sons,781
2019-05-15,Decision São Paulo,"Morris, Moran and Dodson",780
2019-05-14,Decision São Paulo,"Morris, Moran and Dodson",779
2019-05-14,Decision São Paulo,"Morris, Moran and Dodson",778
2019-05-14,Decision São Paulo,"Morris, Moran and Dodson",777
2019-05-14,Decision São Paulo,Barnes-Woods,776
2019-05-14,Decision São Paulo,Barnes-Woods,775
2019-05-14,Decision Campinas,Miller-Curry,774
2019-05-14,Decision Campinas,Evans PLC,773
2019-05-13,Decision São Paulo,Nelson-Page,772
2019-05-13,Decision São Paulo,Nelson-Page,771
2019-05-13,Decision Campinas,Miller-Curry,770
2019-05-13,Decision Campinas,Miller-Curry,769
2019-05-13,Decision Campinas,Miller-Curry,768
2019-05-13,Decision Campinas,Miller-Curry,767
2019-05-13,Decision Campinas,Miller-Curry,766
2019-05-13,Decision Campinas,Miller-Curry,765
2019-05-13,Decision Campinas,Miller-Curry,764
2019-05-13,Decision Campinas,Miller-Curry,763
2019-05-13,Decision Campinas,Miller-Curry,762
2019-05-13,Decision Campinas,Miller-Curry,761
2019-05-13,Decision Campinas,Miller-Curry,760
2019-05-13,Decision Campinas,Miller-Curry,759
2019-05-13,Decision Campinas,Miller-Curry,758
2019-05-13,Decision Campinas,Miller-Curry,757
2019-05-13,Decision Campinas,Miller-Curry,756
2019-05-13,Decision Campinas,Miller-Curry,755
2019-05-13,Decision Campinas,Miller-Curry,754
2019-05-12,Decision São Paulo,"Wade, Bernard and Bailey",753
2019-05-12,Decision São Paulo,"Wade, Bernard and Bailey",752
2019-05-12,Decision São Paulo,Nelson-Page,751
2019-05-12,Decision São Paulo,Nelson-Page,750
2019-05-12,Decision São Paulo,Nelson-Page,749
2019-05-12,Decision São Paulo,Nelson-Page,748
2019-05-12,Decision São Paulo,Nelson-Page,747
2019-05-12,Decision São Paulo,Nelson-Page,746
2019-05-10,Decision São Paulo,Nelson-Page,745
2019-05-10,Decision São Paulo,Gonzalez and Sons,744
2019-05-10,Decision São Paulo,Morrison Ltd,743
2019-05-10,Decision São Paulo,Morrison Ltd,742
2019-05-10,Decision São Paulo,Barnes-Woods,741
2019-05-10,Decision São Paulo,Barnes-Woods,740
2019-05-10,Decision São Paulo,Barnes-Woods,739
2019-05-09,Decision São Paulo,Callahan-Hall,738
2019-05-09,Decision São Paulo,Callahan-Hall,737
2019-05-09,Decision Campinas,Miller-Curry,736
2019-05-09,Decision São Paulo,"Morris, Moran and Dodson",735
2019-05-09,Decision São Paulo,"Morris, Moran and Dodson",734
2019-05-08,Decision São Paulo,"Wade, Bernard and Bailey",733
2019-05-08,Decision Campinas,Miller-Curry,732
2019-05-08,Decision Campinas,Miller-Curry,731
2019-05-08,Decision Campinas,Miller-Curry,730
2019-05-08,Decision Campinas,Miller-Curry,729
2019-05-08,Decision Campinas,Miller-Curry,728
2019-05-07,Decision São Paulo,Morrison Ltd,726
2019-05-07,Decision São Paulo,Morrison Ltd,725
2019-05-07,Decision São Paulo,Morrison Ltd,724
2019-05-07,Decision Campinas,Miller-Curry,723
2019-05-07,Decision São Paulo,Barnes-Woods,722
2019-05-07,Decision São Paulo,Morrison Ltd,721
2019-05-07,Decision São Paulo,Morrison Ltd,720
2019-05-07,Decision São Paulo,Morrison Ltd,719
2019-05-07,Decision São Paulo,Morrison Ltd,718
2019-05-07,Decision São Paulo,Morrison Ltd,717
2019-05-06,Decision São Paulo,"Morris, Moran and Dodson",716
2019-05-06,Decision São Paulo,Nelson-Page,715
2019-05-06,Decision Campinas,Miller-Curry,714
2019-05-06,Decision São Paulo,Nelson-Page,713
2019-05-06,Decision São Paulo,Nelson-Page,712
2019-05-06,Decision São Paulo,Nelson-Page,711
2019-05-03,Decision São Paulo,Gonzalez and Sons,710
2019-05-03,Decision São Paulo,Nelson-Page,709
2019-05-03,Decision São Paulo,Nelson-Page,708
2019-05-03,Decision São Paulo,"Wade, Bernard and Bailey",707
2019-05-03,Decision São Paulo,"Wade, Bernard and Bailey",705
2019-05-03,Decision São Paulo,"Wade, Bernard and Bailey",704
2019-05-03,Decision Campinas,Miller-Curry,703
2019-05-03,Decision Campinas,Miller-Curry,702
2019-05-03,Decision Campinas,Miller-Curry,701
2019-05-03,Decision São Paulo,Morrison Ltd,700
2019-05-03,Decision São Paulo,Morrison Ltd,699
2019-05-03,Decision São Paulo,Nelson-Page,698
2019-05-03,Decision São Paulo,Nelson-Page,697
2019-05-03,Decision São Paulo,Nelson-Page,696
2019-05-03,Decision São Paulo,"Wade, Bernard and Bailey",695
2019-05-03,Decision São Paulo,"Wade, Bernard and Bailey",694
2019-05-03,Decision São Paulo,"Wade, Bernard and Bailey",693
2019-05-03,Decision São Paulo,"Wade, Bernard and Bailey",692
2019-05-03,Decision São Paulo,"Wade, Bernard and Bailey",691
2019-05-02,Decision São Paulo,Barnes-Woods,690
2019-05-02,Decision São Paulo,Morrison Ltd,689
2019-05-02,Decision São Paulo,"Morris, Moran and Dodson",688
2019-05-02,Decision São Paulo,Morrison Ltd,687
2019-04-30,Decision Campinas,Miller-Curry,686
2019-04-29,Decision São Paulo,Gonzalez and Sons,685
2019-04-29,Decision São Paulo,Jones-Hodges,684
2019-04-29,Decision São Paulo,Callahan-Hall,683
2019-04-26,Decision Campinas,Miller-Curry,682
2019-04-26,Decision Campinas,Miller-Curry,681
2019-04-26,Decision Campinas,Miller-Curry,680
2019-04-26,Decision Campinas,Evans PLC,679
2019-04-25,Decision São Paulo,Callahan-Hall,678
2019-04-24,Decision Campinas,Miller-Curry,677
2019-04-24,Decision São Paulo,Nelson-Page,676
2019-04-24,Decision São Paulo,Morrison Ltd,675
2019-04-24,Decision São Paulo,Morrison Ltd,674
2019-04-24,Decision São Paulo,Gonzalez and Sons,673
2019-04-24,Decision São Paulo,Johnson-Aguirre,672
2019-04-24,Decision São Paulo,Johnson-Aguirre,671
2019-04-24,Decision São Paulo,Jones-Hodges,670
2019-04-24,Decision São Paulo,"Morris, Moran and Dodson",669
2019-04-24,Decision São Paulo,Gonzalez and Sons,668
2019-04-24,Decision São Paulo,Callahan-Hall,667
2019-04-22,Decision São Paulo,Morrison Ltd,666
2019-04-22,Decision São Paulo,Morrison Ltd,665
2019-04-22,Decision São Paulo,Morrison Ltd,664
2019-04-22,Decision São Paulo,Morrison Ltd,663
2019-04-22,Decision São Paulo,Gonzalez and Sons,662
2019-04-22,Decision São Paulo,Gonzalez and Sons,661
2019-04-22,Decision São Paulo,Morrison Ltd,660
2019-04-22,Decision São Paulo,Morrison Ltd,659
2019-04-22,Decision São Paulo,Morrison Ltd,658
2019-04-22,Decision São Paulo,Morrison Ltd,657
2019-04-21,Decision São Paulo,Nelson-Page,656
2019-04-18,Decision São Paulo,"Morris, Moran and Dodson",655
2019-04-18,Decision São Paulo,"Morris, Moran and Dodson",654
2019-04-18,Decision São Paulo,"Morris, Moran and Dodson",653
2019-04-18,Decision São Paulo,"Morris, Moran and Dodson",652
2019-04-18,Decision São Paulo,"Morris, Moran and Dodson",651
2019-04-18,Decision São Paulo,Walters Group,650
2019-04-18,Decision São Paulo,Walters Group,649
2019-04-18,Decision São Paulo,Barnes-Woods,648
2019-04-17,Decision São Paulo,Morrison Ltd,647
2019-04-17,Decision São Paulo,Morrison Ltd,646
2019-04-17,Decision São Paulo,Morrison Ltd,645
2019-04-16,Decision São Paulo,Callahan-Hall,644
2019-04-16,Decision São Paulo,Callahan-Hall,643
2019-04-16,Decision São Paulo,Callahan-Hall,642
2019-04-16,Decision Campinas,Miller-Curry,641
2019-04-16,Decision Campinas,Miller-Curry,640
2019-04-16,Decision Campinas,Miller-Curry,639
2019-04-16,Decision Campinas,Miller-Curry,638
2019-04-16,Decision Campinas,Miller-Curry,637
2019-04-16,Decision Campinas,Miller-Curry,636
2019-04-16,Decision Campinas,Miller-Curry,635
2019-04-16,Decision Campinas,Miller-Curry,634
2019-04-15,Decision São Paulo,Nelson-Page,633
2019-04-15,Decision São Paulo,Nelson-Page,632
2019-04-15,Decision São Paulo,Nelson-Page,631
2019-04-15,Decision São Paulo,Nelson-Page,630
2019-04-15,Decision São Paulo,"Morris, Moran and Dodson",629
2019-04-15,Decision São Paulo,"Morris, Moran and Dodson",628
2019-04-15,Decision São Paulo,"Morris, Moran and Dodson",627
2019-04-15,Decision São Paulo,Luna-Carpenter,626
2019-04-15,Decision São Paulo,Luna-Carpenter,625
2019-04-12,Decision São Paulo,Gonzalez and Sons,624
2019-04-11,Decision São Paulo,"Morris, Moran and Dodson",623
2019-04-11,Decision São Paulo,"Morris, Moran and Dodson",622
2019-04-10,Decision São Paulo,Marquez and Sons,621
2019-04-10,Decision São Paulo,"Wade, Bernard and Bailey",620
2019-04-10,Decision São Paulo,Barnes-Woods,619
2019-04-10,Decision São Paulo,Barnes-Woods,618
2019-04-10,Decision São Paulo,Morrison Ltd,617
2019-04-09,Decision São Paulo,Marquez and Sons,616
2019-04-09,Decision São Paulo,Marquez and Sons,615
2019-04-09,Decision São Paulo,Marquez and Sons,614
2019-04-09,Decision São Paulo,Marquez and Sons,613
2019-04-09,Decision São Paulo,Nelson-Page,612
2019-04-09,Decision São Paulo,Marquez and Sons,611
2019-04-09,Decision São Paulo,Marquez and Sons,610
2019-04-09,Decision São Paulo,Marquez and Sons,609
2019-04-09,Decision São Paulo,Marquez and Sons,608
2019-04-09,Decision São Paulo,Mann and Sons,607
2019-04-09,Decision São Paulo,Mann and Sons,606
2019-04-09,Decision São Paulo,Mann and Sons,605
2019-04-09,Decision São Paulo,Mann and Sons,604
2019-04-09,Decision São Paulo,Mann and Sons,603
2019-04-09,Decision São Paulo,Mann and Sons,602
2019-04-09,Decision São Paulo,Mann and Sons,601
2019-04-09,Decision São Paulo,Nelson-Page,600
2019-04-09,Decision São Paulo,Morrison Ltd,599
2019-04-09,Decision São Paulo,Morrison Ltd,598
2019-04-08,Decision São Paulo,Morrison Ltd,597
2019-04-08,Decision São Paulo,Morrison Ltd,596
2019-04-08,Decision São Paulo,Morrison Ltd,595
2019-04-05,Decision São Paulo,Johnson-Aguirre,594
2019-04-05,Decision São Paulo,Barnes-Woods,593
2019-04-05,Decision São Paulo,Walters Group,592
2019-04-05,Decision São Paulo,Walters Group,591
2019-04-05,Decision São Paulo,"Morris, Moran and Dodson",590
2019-04-04,Decision São Paulo,Morrison Ltd,589
2019-04-04,Decision São Paulo,Morrison Ltd,588
2019-04-04,Decision São Paulo,Morrison Ltd,587
2019-04-03,Decision São Paulo,Nelson-Page,586
2019-04-03,Decision São Paulo,Barnes-Woods,585
2019-04-03,Decision São Paulo,Barnes-Woods,584
2019-04-03,Decision Campinas,Miller-Curry,583
2019-04-03,Decision Campinas,Miller-Curry,582
2019-04-03,Decision Campinas,Miller-Curry,581
2019-04-03,Decision Campinas,Miller-Curry,580
2019-04-03,Decision Campinas,Miller-Curry,579
2019-04-03,Decision Campinas,Miller-Curry,578
2019-04-03,Decision Campinas,Miller-Curry,577
2019-04-03,Decision Campinas,Miller-Curry,576
2019-04-03,Decision Campinas,Miller-Curry,575
2019-04-03,Decision Campinas,Miller-Curry,574
2019-04-03,Decision Campinas,Miller-Curry,573
2019-04-03,Decision Campinas,Miller-Curry,572
2019-04-03,Decision Campinas,Miller-Curry,571
2019-04-03,Decision Campinas,Miller-Curry,570
2019-04-03,Decision Campinas,Miller-Curry,569
2019-04-03,Decision Campinas,Miller-Curry,568
2019-04-03,Decision Campinas,Miller-Curry,567
2019-04-03,Decision Campinas,Miller-Curry,566
2019-04-02,Decision São Paulo,Callahan-Hall,565
2019-04-02,Decision Campinas,Miller-Curry,564
2019-04-02,Decision São Paulo,Barnes-Woods,563
2019-04-02,Decision São Paulo,Nelson-Page,562
2019-04-02,Decision Campinas,Miller-Curry,561
2019-04-02,Decision São Paulo,Nelson-Page,560
2019-04-02,Decision Campinas,Miller-Curry,559
2019-04-02,Decision Campinas,Miller-Curry,558
2019-04-02,Decision São Paulo,Barnes-Woods,557
2019-04-02,Decision Campinas,Miller-Curry,556
2019-04-02,Decision Campinas,Miller-Curry,555
2019-04-02,Decision Campinas,Miller-Curry,554
2019-04-02,Decision Campinas,Miller-Curry,553
2019-04-02,Decision São Paulo,Morrison Ltd,552
2019-04-02,Decision São Paulo,Morrison Ltd,551
2019-04-02,Decision São Paulo,Morrison Ltd,550
2019-04-02,Decision Campinas,Miller-Curry,549
2019-04-02,Decision Campinas,Miller-Curry,548
2019-04-02,Decision São Paulo,Barnes-Woods,547
2019-04-02,Decision São Paulo,Barnes-Woods,546
2019-04-01,Decision São Paulo,Mann and Sons,545
2019-04-01,Decision São Paulo,Mann and Sons,544
2019-04-01,Decision São Paulo,Barnes-Woods,543
2019-04-01,Decision São Paulo,Barnes-Woods,542
2019-04-01,Decision São Paulo,Mann and Sons,541
2019-04-01,Decision São Paulo,Mann and Sons,540
2019-04-01,Decision São Paulo,Mann and Sons,539
2019-04-01,Decision São Paulo,Mann and Sons,538
2019-04-01,Decision São Paulo,Mann and Sons,537
2019-04-01,Decision São Paulo,Nelson-Page,536
2019-04-01,Decision São Paulo,Johnson-Aguirre,535
2019-03-31,Decision São Paulo,Nelson-Page,534
2019-03-31,Decision São Paulo,"Wade, Bernard and Bailey",533
2019-03-31,Decision São Paulo,Nelson-Page,532
2019-03-29,Decision São Paulo,Morrison Ltd,530
2019-03-29,Decision Campinas,Miller-Curry,529
2019-03-29,Decision Campinas,Miller-Curry,528
2019-03-29,Decision Campinas,Miller-Curry,527
2019-03-29,Decision Campinas,Miller-Curry,526
2019-03-29,Decision Campinas,Miller-Curry,525
2019-03-29,Decision Campinas,Miller-Curry,524
2019-03-28,Decision São Paulo,Morrison Ltd,523
2019-03-28,Decision São Paulo,Gonzalez and Sons,522
2019-03-28,Decision São Paulo,Gonzalez and Sons,521
2019-03-27,Decision São Paulo,Barnes-Woods,520
2019-03-27,Decision São Paulo,Barnes-Woods,519
2019-03-27,Decision São Paulo,Barnes-Woods,518
2019-03-27,Decision São Paulo,Barnes-Woods,517
2019-03-27,Decision São Paulo,Barnes-Woods,516
2019-03-27,Decision São Paulo,Barnes-Woods,515
2019-03-27,Decision São Paulo,"Morris, Moran and Dodson",514
2019-03-27,Decision São Paulo,Morrison Ltd,513
2019-03-27,Decision São Paulo,Nelson-Page,512
2019-03-27,Decision São Paulo,Morrison Ltd,511
2019-03-27,Decision São Paulo,Morrison Ltd,510
2021-06-23,Decision São Paulo,Morrison Ltd,5819
2021-06-23,Decision São Paulo,Morrison Ltd,5818
2021-06-23,Decision São Paulo,Morrison Ltd,5817
2021-06-23,Decision São Paulo,Barnes-Woods,5816
2021-06-23,Decision Campinas,Miller-Curry,5815
2021-06-23,Decision São Paulo,Barnes-Woods,5814
2021-06-23,Decision São Paulo,Morrison Ltd,5813
2021-06-23,Decision São Paulo,"Morris, Moran and Dodson",5812
2021-06-23,Decision São Paulo,King-Russell,5811
2021-06-23,Decision São Paulo,Nelson-Page,5810
2021-06-23,Decision São Paulo,"Morris, Moran and Dodson",5809
2021-06-23,Decision São Paulo,Johnson-Aguirre,5808
2021-06-23,Decision São Paulo,Nelson-Page,5807
2021-06-23,Decision São Paulo,Nelson-Page,5806
2021-06-23,Decision São Paulo,"Wade, Bernard and Bailey",5805
2021-06-23,Decision São Paulo,Nelson-Page,5804
2021-06-22,Decision Campinas,Miller-Curry,5797
2021-06-22,Decision Campinas,Miller-Curry,5796
2021-06-22,Decision Campinas,Miller-Curry,5795
2021-06-22,Decision Campinas,Miller-Curry,5794
2021-06-22,Decision Campinas,Miller-Curry,5793
2021-06-22,Decision Campinas,Miller-Curry,5792
2021-06-22,Decision Campinas,Miller-Curry,5791
2021-06-22,Decision São Paulo,Morrison Ltd,5790
2021-06-22,Decision São Paulo,Barnes-Woods,5789
2021-06-22,Decision Campinas,Miller-Curry,5788
2021-06-22,Decision Campinas,Miller-Curry,5787
2021-06-22,Decision São Paulo,Nelson-Page,5786
2021-06-22,Decision São Paulo,Johnson-Aguirre,5785
2021-06-22,Decision São Paulo,"Morris, Moran and Dodson",5784
2021-06-22,Decision São Paulo,"Morris, Moran and Dodson",5783
2021-06-22,Decision São Paulo,"Morris, Moran and Dodson",5782
2021-06-22,Decision São Paulo,"Morris, Moran and Dodson",5781
2021-06-22,Decision São Paulo,Morrison Ltd,5780
2021-06-22,Decision São Paulo,"Morris, Moran and Dodson",5779
2021-06-21,Decision São Paulo,Johnson-Aguirre,5778
2021-06-21,Decision São Paulo,Barnes-Woods,5777
2021-06-21,Decision Campinas,Miller-Curry,5775
2021-06-21,Decision Campinas,Miller-Curry,5774
2021-06-21,Decision São Paulo,Nelson-Page,5773
2021-06-21,Decision Campinas,Miller-Curry,5772
2021-06-21,Decision Campinas,Miller-Curry,5771
2021-06-21,Decision São Paulo,Nelson-Page,5770
2021-06-19,Decision São Paulo,Craig-Webb,5769
2021-06-18,Decision São Paulo,"Morris, Moran and Dodson",5768
2021-06-18,Decision São Paulo,"Morris, Moran and Dodson",5767
2021-06-18,Decision São Paulo,Barnes-Woods,5766
2021-06-18,Decision São Paulo,Jimenez PLC,5765
2021-06-18,Decision São Paulo,Griffith-Webb,5764
2021-06-18,Decision São Paulo,Nelson-Page,5763
2021-06-18,Decision São Paulo,Nelson-Page,5762
2021-06-18,Decision São Paulo,Morrison Ltd,5761
2021-06-17,Decision São Paulo,Callahan-Hall,5760
2021-06-17,Decision São Paulo,Callahan-Hall,5759
2021-06-17,Decision São Paulo,Callahan-Hall,5758
2021-06-17,Decision São Paulo,Callahan-Hall,5757
2021-06-17,Decision São Paulo,Callahan-Hall,5756
2021-06-17,Decision São Paulo,Callahan-Hall,5755
2021-06-17,Decision São Paulo,Callahan-Hall,5754
2021-06-17,Decision Campinas,Miller-Curry,5753
2021-06-17,Decision São Paulo,Nelson-Page,5752
2021-06-17,Decision São Paulo,Nelson-Page,5751
2021-06-17,Decision São Paulo,Nelson-Page,5750
2021-06-17,Decision São Paulo,Nelson-Page,5749
2021-06-17,Decision São Paulo,"Morris, Moran and Dodson",5748
2021-06-17,Decision São Paulo,Nelson-Page,5747
2021-06-17,Decision São Paulo,Nelson-Page,5746
2021-06-17,Decision São Paulo,Nelson-Page,5745
2021-06-17,Decision São Paulo,Nelson-Page,5744
2021-06-17,Decision São Paulo,Nelson-Page,5743
2021-06-17,Decision São Paulo,Nelson-Page,5742
2021-06-17,Decision São Paulo,Nelson-Page,5741
2021-06-17,Decision São Paulo,Nelson-Page,5740
2021-06-17,Decision São Paulo,Nelson-Page,5739
2021-06-17,Decision São Paulo,Nelson-Page,5738
2021-06-17,Decision São Paulo,Nelson-Page,5737
2021-06-16,Decision São Paulo,Morrison Ltd,5736
2021-06-16,Decision Campinas,Miller-Curry,5735
2021-06-16,Decision São Paulo,Morrison Ltd,5734
2021-06-16,Decision São Paulo,Morrison Ltd,5733
2021-06-16,Decision São Paulo,Morrison Ltd,5732
2021-06-16,Decision São Paulo,Morrison Ltd,5731
2021-06-16,Decision São Paulo,"Morris, Moran and Dodson",5730
2021-06-16,Decision São Paulo,Nelson-Page,5729
2021-06-16,Decision São Paulo,Dougherty-Gilbert,5728
2021-06-16,Decision Campinas,Miller-Curry,5727
2021-06-16,Decision São Paulo,"Miller, Tran and Chang",5726
2021-06-15,Decision São Paulo,Nelson-Page,5725
2021-06-15,Decision São Paulo,Nelson-Page,5724
2021-06-15,Decision São Paulo,Nelson-Page,5723
2021-06-15,Decision São Paulo,"Morris, Moran and Dodson",5722
2021-06-15,Decision São Paulo,Jimenez PLC,5721
2021-06-15,Decision São Paulo,Jimenez PLC,5720
2021-06-15,Decision São Paulo,Nelson-Page,5719
2021-06-15,Decision São Paulo,Nelson-Page,5718
2021-06-14,Decision São Paulo,Johnson-Aguirre,5717
2021-06-14,Decision São Paulo,Barnes-Woods,5716
2021-06-14,Decision São Paulo,"Williams, Reynolds and Orr",5715
2021-06-14,Decision São Paulo,Morrison Ltd,5714
2021-06-14,Decision São Paulo,"Williams, Reynolds and Orr",5713
2021-06-14,Decision São Paulo,"Williams, Reynolds and Orr",5712
2021-06-14,Decision São Paulo,"Williams, Reynolds and Orr",5711
2021-06-14,Decision São Paulo,"Williams, Reynolds and Orr",5710
2021-06-14,Decision São Paulo,"Williams, Reynolds and Orr",5709
2021-06-14,Decision São Paulo,"Williams, Reynolds and Orr",5708
2021-06-14,Decision São Paulo,Barnes-Woods,5707
2021-06-14,Decision São Paulo,"Miller, Tran and Chang",5706
2021-06-14,Decision São Paulo,"Miller, Tran and Chang",5705
2021-06-14,Decision São Paulo,"Morris, Moran and Dodson",5703
2021-06-14,Decision São Paulo,"Morris, Moran and Dodson",5702
2021-06-14,Decision São Paulo,"Morris, Moran and Dodson",5701
2021-06-14,Decision São Paulo,"Morris, Moran and Dodson",5700
2021-06-14,Decision São Paulo,"Morris, Moran and Dodson",5699
2021-06-14,Decision São Paulo,"Morris, Moran and Dodson",5698
2021-06-14,Decision São Paulo,"Morris, Moran and Dodson",5697
2021-06-14,Decision São Paulo,"Morris, Moran and Dodson",5696
2021-06-14,Decision São Paulo,"Morris, Moran and Dodson",5695
2021-06-14,Decision São Paulo,"Morris, Moran and Dodson",5694
2021-06-14,Decision São Paulo,"Morris, Moran and Dodson",5693
2021-06-14,Decision São Paulo,"Morris, Moran and Dodson",5692
2021-06-14,Decision São Paulo,"Morris, Moran and Dodson",5691
2021-06-14,Decision São Paulo,"Morris, Moran and Dodson",5690
2021-06-14,Decision São Paulo,"Morris, Moran and Dodson",5689
2021-06-14,Decision São Paulo,"Morris, Moran and Dodson",5688
2021-06-14,Decision São Paulo,Morrison Ltd,5687
2021-06-14,Decision São Paulo,Nelson-Page,5686
2021-06-14,Decision São Paulo,Nelson-Page,5685
2021-06-14,Decision São Paulo,Nelson-Page,5684
2021-06-14,Decision São Paulo,"Wade, Bernard and Bailey",5683
2021-06-14,Decision São Paulo,Nelson-Page,5682
2021-06-14,Decision São Paulo,Nelson-Page,5681
2021-06-14,Decision São Paulo,Nelson-Page,5680
2021-06-14,Decision São Paulo,Nelson-Page,5679
2021-06-14,Decision São Paulo,Barnes-Woods,5678
2021-06-14,Decision São Paulo,Nelson-Page,5677
2021-06-14,Decision São Paulo,Barnes-Woods,5676
2021-06-14,Decision São Paulo,Barnes-Woods,5675
2021-06-14,Decision São Paulo,Nelson-Page,5674
2021-06-14,Decision São Paulo,Nelson-Page,5673
2021-06-11,Decision São Paulo,"Williams, Reynolds and Orr",5672
2021-06-11,Decision São Paulo,"Williams, Reynolds and Orr",5671
2021-06-11,Decision São Paulo,"Williams, Reynolds and Orr",5670
2021-06-11,Decision São Paulo,"Williams, Reynolds and Orr",5669
2021-06-11,Decision São Paulo,"Williams, Reynolds and Orr",5668
2021-06-11,Decision São Paulo,Barnes-Woods,5667
2021-06-11,Decision São Paulo,Barnes-Woods,5666
2021-06-11,Decision São Paulo,Barnes-Woods,5665
2021-06-11,Decision São Paulo,"Morris, Moran and Dodson",5664
2021-06-11,Decision São Paulo,"Morris, Moran and Dodson",5663
2021-06-11,Decision São Paulo,Barnes-Woods,5662
2021-06-11,Decision São Paulo,"Morris, Moran and Dodson",5661
2021-06-11,Decision São Paulo,"Morris, Moran and Dodson",5660
2021-06-11,Decision São Paulo,"Wade, Bernard and Bailey",5659
2021-06-11,Decision São Paulo,"Wade, Bernard and Bailey",5658
2021-06-11,Decision São Paulo,Nelson-Page,5657
2021-06-11,Decision São Paulo,"Morris, Moran and Dodson",5656
2021-06-11,Decision São Paulo,"Morris, Moran and Dodson",5655
2021-06-11,Decision São Paulo,"Miller, Tran and Chang",5654
2021-06-11,Decision São Paulo,Nelson-Page,5653
2021-06-11,Decision São Paulo,Nelson-Page,5652
2021-06-11,Decision São Paulo,Nelson-Page,5651
2021-06-11,Decision São Paulo,Nelson-Page,5650
2021-06-11,Decision São Paulo,Nelson-Page,5649
2021-06-11,Decision São Paulo,Nelson-Page,5648
2021-06-11,Decision São Paulo,Nelson-Page,5647
2021-06-11,Decision São Paulo,Nelson-Page,5646
2021-06-11,Decision São Paulo,Nelson-Page,5645
2021-06-11,Decision São Paulo,Nelson-Page,5643
2021-06-10,Decision São Paulo,"Morris, Moran and Dodson",5641
2021-06-10,Decision São Paulo,"Morris, Moran and Dodson",5640
2021-06-10,Decision São Paulo,Morrison Ltd,5639
2021-06-10,Decision São Paulo,"Morris, Moran and Dodson",5638
2021-06-10,Decision São Paulo,Morrison Ltd,5637
2021-06-10,Decision São Paulo,"Morris, Moran and Dodson",5636
2021-06-10,Decision Campinas,Miller-Curry,5635
2021-06-10,Decision São Paulo,Dougherty-Gilbert,5634
2021-06-10,Decision São Paulo,Morrison Ltd,5633
2021-06-10,Decision São Paulo,Barnes-Woods,5632
2021-06-10,Decision São Paulo,Barnes-Woods,5631
2021-06-10,Decision Campinas,Miller-Curry,5630
2021-06-10,Decision São Paulo,Barnes-Woods,5629
2021-06-10,Decision São Paulo,Barnes-Woods,5628
2021-06-10,Decision São Paulo,Barnes-Woods,5627
2021-06-10,Decision Campinas,Miller-Curry,5626
2021-06-09,Decision São Paulo,"Morris, Moran and Dodson",5625
2021-06-09,Decision São Paulo,"Morris, Moran and Dodson",5624
2021-06-09,Decision São Paulo,"Morris, Moran and Dodson",5623
2021-06-09,Decision São Paulo,Porter-Wilson,5622
2021-06-09,Decision São Paulo,Porter-Wilson,5621
2021-06-09,Decision São Paulo,"Morris, Moran and Dodson",5620
2021-06-09,Decision São Paulo,Barnes-Woods,5619
2021-06-09,Decision São Paulo,Barnes-Woods,5618
2021-06-09,Decision São Paulo,Johnson-Aguirre,5617
2021-06-09,Decision São Paulo,Johnson-Aguirre,5616
2021-06-09,Decision São Paulo,Johnson-Aguirre,5615
2021-06-09,Decision São Paulo,Johnson-Aguirre,5614
2021-06-09,Decision São Paulo,"Morris, Moran and Dodson",5613
2021-06-09,Decision São Paulo,"Morris, Moran and Dodson",5612
2021-06-09,Decision São Paulo,Johnson-Aguirre,5611
2021-06-09,Decision São Paulo,"Wade, Bernard and Bailey",5610
2021-06-09,Decision São Paulo,Nelson-Page,5609
2021-06-09,Decision São Paulo,Nelson-Page,5608
2021-06-09,Decision São Paulo,Nelson-Page,5607
2021-06-09,Decision São Paulo,Nelson-Page,5606
2021-06-08,Decision São Paulo,Barnes-Woods,5605
2021-06-08,Decision São Paulo,"Morris, Moran and Dodson",5604
2021-06-08,Decision São Paulo,Nelson-Page,5603
2021-06-08,Decision São Paulo,Morrison Ltd,5602
2021-06-08,Decision São Paulo,Morrison Ltd,5601
2021-06-07,Decision São Paulo,"Morris, Moran and Dodson",5600
2021-06-07,Decision Campinas,Miller-Curry,5599
2021-06-07,Decision São Paulo,Nelson-Page,5598
2021-06-07,Decision São Paulo,Nelson-Page,5597
2021-06-07,Decision São Paulo,"Morris, Moran and Dodson",5596
2021-06-07,Decision São Paulo,"Morris, Moran and Dodson",5595
2021-06-07,Decision São Paulo,Morrison Ltd,5594
2021-06-07,Decision São Paulo,Morrison Ltd,5593
2021-06-07,Decision São Paulo,Nelson-Page,5592
2021-06-07,Decision São Paulo,Nelson-Page,5591
2021-06-07,Decision São Paulo,"Wade, Bernard and Bailey",5590
2021-06-07,Decision São Paulo,"Morris, Moran and Dodson",5589
2021-06-04,Decision São Paulo,Barnes-Woods,5588
2021-06-04,Decision São Paulo,Barnes-Woods,5587
2021-06-04,Decision São Paulo,Nelson-Page,5586
2021-06-04,Decision São Paulo,Nelson-Page,5585
2021-06-04,Decision São Paulo,Nelson-Page,5584
2021-06-04,Decision São Paulo,Nelson-Page,5583
2021-06-04,Decision São Paulo,Nelson-Page,5582
2021-06-04,Decision São Paulo,Barnes-Woods,5581
2021-06-02,Decision São Paulo,Barnes-Woods,5580
2021-06-02,Decision São Paulo,Barnes-Woods,5579
2021-06-02,Decision São Paulo,Callahan-Hall,5577
2021-06-02,Decision São Paulo,Nelson-Page,5576
2021-06-02,Decision São Paulo,"Morris, Moran and Dodson",5575
2021-06-02,Decision São Paulo,Nelson-Page,5574
2021-06-02,Decision São Paulo,Nelson-Page,5573
2021-06-02,Decision São Paulo,Nelson-Page,5572
2021-06-02,Decision São Paulo,Nelson-Page,5571
2021-06-02,Decision São Paulo,Nelson-Page,5570
2021-06-02,Decision São Paulo,Nelson-Page,5569
2021-06-02,Decision São Paulo,"Morris, Moran and Dodson",5568
2021-06-02,Decision São Paulo,Nelson-Page,5567
2021-06-01,Decision São Paulo,Morrison Ltd,5566
2021-06-01,Decision São Paulo,"Morris, Moran and Dodson",5565
2021-06-01,Decision São Paulo,"Morris, Moran and Dodson",5564
2021-06-01,Decision São Paulo,"Morris, Moran and Dodson",5563
2021-06-01,Decision São Paulo,"Morris, Moran and Dodson",5562
2021-06-01,Decision São Paulo,"Morris, Moran and Dodson",5561
2021-06-01,Decision São Paulo,Barnes-Woods,5560
2021-06-01,Decision São Paulo,Barnes-Woods,5559
2021-06-01,Decision São Paulo,Barnes-Woods,5558
2021-06-01,Decision São Paulo,Morrison Ltd,5557
2021-06-01,Decision São Paulo,Morrison Ltd,5556
2021-06-01,Decision São Paulo,"Morris, Moran and Dodson",5555
2021-06-01,Decision São Paulo,Nelson-Page,5554
2021-06-01,Decision São Paulo,Nelson-Page,5553
2021-06-01,Decision São Paulo,Nelson-Page,5552
2021-06-01,Decision São Paulo,Nelson-Page,5551
2021-06-01,Decision São Paulo,Nelson-Page,5550
2021-05-31,Decision Campinas,Miller-Curry,5548
2021-05-31,Decision São Paulo,Nelson-Page,5546
2021-05-31,Decision São Paulo,Callahan-Hall,5545
2021-05-31,Decision São Paulo,Morrison Ltd,5544
2021-05-31,Decision São Paulo,Morrison Ltd,5543
2021-05-31,Decision São Paulo,Morrison Ltd,5542
2021-05-31,Decision São Paulo,Morrison Ltd,5541
2021-05-31,Decision São Paulo,Callahan-Hall,5540
2024-08-12,Decision Campinas,Evans PLC,13239
2024-08-12,Decision Campinas,Werner PLC,13238
2024-08-12,Decision Campinas,Werner PLC,13237
2024-08-12,Decision São Paulo,"Morris, Moran and Dodson",13236
2024-08-12,Decision São Paulo,Porter-Wilson,13235
2024-08-12,Decision São Paulo,Jenkins-Walker,13234
2024-08-09,Decision São Paulo,Porter-Wilson,13233
2024-08-09,Decision São Paulo,Luna-Carpenter,13232
2024-08-09,Decision São Paulo,Nelson-Page,13231
2024-08-09,Decision São Paulo,"Wade, Bernard and Bailey",13230
2024-08-09,Decision São Paulo,"Wade, Bernard and Bailey",13229
2024-08-09,Decision São Paulo,Nelson-Page,13228
2024-08-09,Decision São Paulo,"Bowers, Oconnor and Williams",13227
2024-08-09,Decision São Paulo,Morrison Ltd,13226
2024-08-09,Decision São Paulo,Morrison Ltd,13225
2024-08-08,Decision São Paulo,Porter-Wilson,13224
2024-08-08,Decision São Paulo,Morrison Ltd,13223
2024-08-08,Decision São Paulo,Morrison Ltd,13222
2024-08-08,Decision São Paulo,"Glover, Warren and Norris",13221
2024-08-08,Decision São Paulo,"Bowers, Oconnor and Williams",13220
2024-08-08,Decision São Paulo,Nelson-Page,13219
2024-08-08,Decision São Paulo,"Wade, Bernard and Bailey",13218
2024-08-08,Decision São Paulo,"Glover, Warren and Norris",13217
2024-08-08,Decision São Paulo,Nelson-Page,13216
2024-08-07,Decision São Paulo,"Glover, Warren and Norris",13215
2024-08-07,Decision São Paulo,"Glover, Warren and Norris",13214
2024-08-07,Decision São Paulo,"Glover, Warren and Norris",13213
2024-08-07,Decision São Paulo,"Morris, Moran and Dodson",13212
2024-08-07,Decision São Paulo,"Morris, Moran and Dodson",13211
2024-08-07,Decision São Paulo,"Morris, Moran and Dodson",13210
2024-08-06,Decision São Paulo,"Wade, Bernard and Bailey",13209
2024-08-06,Decision São Paulo,Nelson-Page,13208
2024-08-06,Decision São Paulo,Nelson-Page,13207
2024-08-06,Decision São Paulo,Nelson-Page,13206
2024-08-05,Decision São Paulo,"Morris, Moran and Dodson",13205
2024-08-05,Decision São Paulo,"Morris, Moran and Dodson",13204
2024-08-05,Decision São Paulo,Page-Douglas,13203
2024-08-05,Decision São Paulo,Page-Douglas,13202
2024-08-05,Decision São Paulo,"Bowers, Oconnor and Williams",13201
2024-08-05,Decision São Paulo,Bell Group,13200
2024-08-01,Decision São Paulo,Morrison Ltd,13199
2024-08-01,Decision São Paulo,"Wade, Bernard and Bailey",13198
2024-08-01,Decision São Paulo,"Glover, Warren and Norris",13197
2024-08-01,Decision São Paulo,Nelson-Page,13196
2024-07-31,Decision São Paulo,Nelson-Page,13195
2024-07-31,Decision São Paulo,"Glover, Warren and Norris",13194
2024-07-31,Decision São Paulo,"Glover, Warren and Norris",13193
2024-07-31,Decision São Paulo,"Glover, Warren and Norris",13192
2024-07-31,Decision São Paulo,Bishop-Reed,13191
2024-07-30,Decision São Paulo,Bell Group,13190
2024-07-30,Decision São Paulo,Bell Group,13189
2024-07-29,Decision São Paulo,Miller Group,13188
2024-07-29,Decision São Paulo,"Morris, Moran and Dodson",13187
2024-07-29,Decision São Paulo,"Glover, Warren and Norris",13186
2024-07-29,Decision São Paulo,"Wade, Bernard and Bailey",13185
2024-07-29,Decision São Paulo,"Wade, Bernard and Bailey",13184
2024-07-29,Decision Campinas,Miller-Curry,13183
2024-07-29,Decision São Paulo,"Wade, Bernard and Bailey",13182
2024-07-29,Decision Campinas,Miller-Curry,13181
2024-07-29,Decision Campinas,Miller-Curry,13180
2024-07-29,Decision São Paulo,Nelson-Page,13179
2024-07-29,Decision Campinas,Miller-Curry,13178
2024-07-29,Decision Campinas,Miller-Curry,13177
2024-07-29,Decision Campinas,Miller-Curry,13176
2024-07-29,Decision Campinas,Miller-Curry,13175
2024-07-29,Decision Campinas,Miller-Curry,13174
2024-07-25,Decision São Paulo,"Glover, Warren and Norris",13173
2024-07-25,Decision São Paulo,"Glover, Warren and Norris",13172
2024-07-25,Decision São Paulo,"Glover, Warren and Norris",13171
2024-07-25,Decision São Paulo,Johnson-Pratt,13170
2024-07-25,Decision São Paulo,"Wade, Bernard and Bailey",13169
2024-07-24,Decision São Paulo,"Glover, Warren and Norris",13168
2024-07-24,Decision São Paulo,Nelson-Page,13167
2024-07-24,Decision São Paulo,Nelson-Page,13166
2024-07-24,Decision São Paulo,Nelson-Page,13165
2024-07-24,Decision São Paulo,"Glover, Warren and Norris",13164
2024-07-24,Decision São Paulo,Porter-Wilson,13163
2024-07-24,Decision São Paulo,Bishop-Reed,13162
2024-07-23,Decision São Paulo,Bell Group,13161
2024-07-23,Decision Campinas,Werner PLC,13160
2024-07-23,Decision São Paulo,"Glover, Warren and Norris",13159
2024-07-23,Decision São Paulo,"Glover, Warren and Norris",13158
2024-07-23,Decision São Paulo,"Glover, Warren and Norris",13157
2024-07-23,Decision Campinas,Werner PLC,13156
2024-07-23,Decision São Paulo,Nelson-Page,13155
2024-07-23,Decision São Paulo,Johnson-Pratt,13154
2024-07-23,Decision São Paulo,Johnson-Pratt,13153
2024-07-23,Decision São Paulo,Johnson-Pratt,13152
2024-07-23,Decision Campinas,Werner PLC,13151
2024-07-23,Decision São Paulo,Johnson-Pratt,13150
2024-07-23,Decision São Paulo,Nelson-Page,13149
2024-07-23,Decision São Paulo,Bell Group,13148
2024-07-22,Decision São Paulo,"Wade, Bernard and Bailey",13147
2024-07-22,Decision São Paulo,"Wade, Bernard and Bailey",13146
2024-07-22,Decision São Paulo,"Wade, Bernard and Bailey",13145
2024-07-19,Decision São Paulo,"Wade, Bernard and Bailey",13144
2024-07-19,Decision São Paulo,Nelson-Page,13143
2024-07-19,Decision Campinas,Werner PLC,13142
2024-07-19,Decision Campinas,Werner PLC,13141
2024-07-19,Decision São Paulo,"Bowers, Oconnor and Williams",13140
2024-07-19,Decision São Paulo,Bell Group,13139
2024-07-18,Decision São Paulo,"Morris, Moran and Dodson",13138
2024-07-18,Decision São Paulo,"Morris, Moran and Dodson",13137
2024-07-18,Decision São Paulo,"Morris, Moran and Dodson",13136
2024-07-18,Decision São Paulo,Bishop-Reed,13135
2024-07-18,Decision São Paulo,"Wade, Bernard and Bailey",13134
2024-07-18,Decision São Paulo,"Glover, Warren and Norris",13133
2024-07-18,Decision São Paulo,"Glover, Warren and Norris",13132
2024-07-18,Decision São Paulo,"Glover, Warren and Norris",13131
2024-07-18,Decision São Paulo,"Morris, Moran and Dodson",13130
2024-07-18,Decision São Paulo,"Morris, Moran and Dodson",13129
2024-07-17,Decision São Paulo,Nelson-Page,13128
2024-07-17,Decision São Paulo,Nelson-Page,13127
2024-07-17,Decision São Paulo,Nelson-Page,13126
2024-07-17,Decision São Paulo,"Wade, Bernard and Bailey",13125
2024-07-17,Decision São Paulo,"Wade, Bernard and Bailey",13124
2024-07-17,Decision São Paulo,"Wade, Bernard and Bailey",13123
2024-07-17,Decision São Paulo,"Wade, Bernard and Bailey",13122
2024-07-17,Decision São Paulo,Porter-Wilson,13121
2024-07-17,Decision São Paulo,"Wade, Bernard and Bailey",13120
2024-07-17,Decision Campinas,Werner PLC,13119
2024-07-16,Decision São Paulo,Nelson-Page,13118
2024-07-16,Decision São Paulo,"Wade, Bernard and Bailey",13117
2024-07-16,Decision São Paulo,"Ramirez, Williams and Chandler",13116
2024-07-16,Decision São Paulo,Nelson-Page,13115
2024-07-16,Decision São Paulo,Bishop-Reed,13114
2024-07-16,Decision São Paulo,Morrison Ltd,13113
2024-07-16,Decision Campinas,Werner PLC,13112
2024-07-15,Decision São Paulo,"Chapman, Brown and Hart",13111
2024-07-15,Decision São Paulo,"Wade, Bernard and Bailey",13110
2024-07-15,Decision São Paulo,Bell Group,13109
2024-07-15,Decision São Paulo,Bell Group,13108
2024-07-15,Decision São Paulo,Porter-Wilson,13107
2024-07-15,Decision São Paulo,"Glover, Warren and Norris",13106
2024-07-15,Decision São Paulo,"Glover, Warren and Norris",13105
2024-07-15,Decision São Paulo,Jenkins-Walker,13104
2024-07-12,Decision São Paulo,Bell Group,13103
2024-07-12,Decision São Paulo,Nelson-Page,13102
2024-07-12,Decision São Paulo,"Wade, Bernard and Bailey",13101
2024-07-12,Decision São Paulo,Nelson-Page,13100
2024-07-12,Decision São Paulo,Bishop-Reed,13099
2024-07-12,Decision São Paulo,Bishop-Reed,13098
2024-07-12,Decision São Paulo,Bishop-Reed,13097
2024-07-12,Decision São Paulo,Bishop-Reed,13096
2024-07-12,Decision São Paulo,Bishop-Reed,13095
2024-07-11,Decision São Paulo,Bishop-Reed,13094
2024-07-11,Decision São Paulo,"Glover, Warren and Norris",13093
2024-07-11,Decision São Paulo,Nelson-Page,13092
2024-07-11,Decision São Paulo,Nelson-Page,13091
2024-07-11,Decision São Paulo,"Wade, Bernard and Bailey",13090
2024-07-11,Decision São Paulo,Nelson-Page,13089
2024-07-11,Decision São Paulo,"Wade, Bernard and Bailey",13088
2024-07-11,Decision São Paulo,"Wade, Bernard and Bailey",13087
2024-07-11,Decision São Paulo,"Wade, Bernard and Bailey",13086
2024-07-11,Decision São Paulo,"Wade, Bernard and Bailey",13085
2024-07-11,Decision São Paulo,"Wade, Bernard and Bailey",13084
2024-07-11,Decision São Paulo,Nelson-Page,13083
2024-07-11,Decision São Paulo,Nelson-Page,13082
2024-07-11,Decision São Paulo,Miller Group,13081
2024-07-11,Decision São Paulo,Nelson-Page,13080
2024-07-11,Decision São Paulo,"Wade, Bernard and Bailey",13079
2024-07-11,Decision São Paulo,"Wade, Bernard and Bailey",13078
2024-07-11,Decision São Paulo,"Wade, Bernard and Bailey",13077
2024-07-11,Decision São Paulo,"Wade, Bernard and Bailey",13076
2024-07-11,Decision São Paulo,"Wade, Bernard and Bailey",13075
2024-07-11,Decision São Paulo,"Wade, Bernard and Bailey",13074
2024-07-11,Decision São Paulo,"Wade, Bernard and Bailey",13073
2024-07-11,Decision São Paulo,"Wade, Bernard and Bailey",13072
2024-07-11,Decision São Paulo,"Wade, Bernard and Bailey",13071
2024-07-11,Decision São Paulo,"Wade, Bernard and Bailey",13070
2024-07-10,Decision São Paulo,"Wade, Bernard and Bailey",13069
2024-07-10,Decision São Paulo,"Wade, Bernard and Bailey",13068
2024-07-10,Decision São Paulo,Nelson-Page,13067
2024-07-10,Decision São Paulo,"Wade, Bernard and Bailey",13066
2024-07-10,Decision São Paulo,"Wade, Bernard and Bailey",13065
2024-07-10,Decision São Paulo,"Wade, Bernard and Bailey",13064
2024-07-10,Decision São Paulo,"Wade, Bernard and Bailey",13063
2024-07-10,Decision São Paulo,Nelson-Page,13062
2024-07-10,Decision São Paulo,Morrison Ltd,13061
2024-07-10,Decision São Paulo,"Glover, Warren and Norris",13060
2024-07-10,Decision São Paulo,"Glover, Warren and Norris",13059
2024-07-10,Decision São Paulo,"Glover, Warren and Norris",13058
2024-07-10,Decision São Paulo,"Glover, Warren and Norris",13057
2024-07-10,Decision São Paulo,"Glover, Warren and Norris",13056
2024-07-10,Decision Campinas,Miller-Curry,13055
2024-07-10,Decision Campinas,Miller-Curry,13054
2024-07-10,Decision Campinas,Miller-Curry,13052
2024-07-10,Decision Campinas,Miller-Curry,13051
2024-07-10,Decision São Paulo,"Glover, Warren and Norris",13050
2024-07-10,Decision São Paulo,"Glover, Warren and Norris",13049
2024-07-10,Decision São Paulo,"Glover, Warren and Norris",13048
2024-07-10,Decision Campinas,Miller-Curry,13047
2024-07-09,Decision Campinas,Werner PLC,13046
2024-07-09,Decision São Paulo,Morrison Ltd,13045
2024-07-08,Decision São Paulo,"Glover, Warren and Norris",13044
2024-07-08,Decision São Paulo,"Glover, Warren and Norris",13043
2024-07-08,Decision São Paulo,"Glover, Warren and Norris",13042
2024-07-08,Decision São Paulo,Bell Group,13041
2024-07-08,Decision São Paulo,"Glover, Warren and Norris",13040
2024-07-06,Decision Campinas,Werner PLC,13039
2024-07-06,Decision Campinas,Werner PLC,13038
2024-07-05,Decision São Paulo,Callahan-Hall,13037
2024-07-05,Decision São Paulo,"Jensen, Smith and Brennan",13036
2024-07-05,Decision São Paulo,"Glover, Warren and Norris",13035
2024-07-05,Decision São Paulo,Walters Group,13034
2024-07-05,Decision São Paulo,"Glover, Warren and Norris",13033
2024-07-04,Decision São Paulo,"Bowers, Oconnor and Williams",13032
2024-07-04,Decision São Paulo,Miller Group,13031
2024-07-04,Decision São Paulo,Miller Group,13030
2024-07-04,Decision São Paulo,"Bowers, Oconnor and Williams",13029
2024-07-03,Decision São Paulo,"Glover, Warren and Norris",13028
2024-07-03,Decision São Paulo,"Glover, Warren and Norris",13027
2024-07-03,Decision São Paulo,Bishop-Reed,13026
2024-07-03,Decision São Paulo,"Morris, Moran and Dodson",13025
2024-07-01,Decision São Paulo,Morrison Ltd,13024
2024-07-01,Decision Campinas,Werner PLC,13023
2024-07-01,Decision Campinas,Werner PLC,13022
2024-07-01,Decision São Paulo,Porter-Wilson,13021
2024-07-01,Decision São Paulo,"Morris, Moran and Dodson",13020
2024-07-01,Decision São Paulo,"Morris, Moran and Dodson",13019
2024-07-01,Decision São Paulo,Morrison Ltd,13018
2024-06-28,Decision São Paulo,"Glover, Warren and Norris",13017
2024-06-28,Decision São Paulo,Morrison Ltd,13016
2024-06-27,Decision São Paulo,"Bowers, Oconnor and Williams",13015
2024-06-27,Decision São Paulo,Porter-Wilson,13014
2024-06-26,Decision São Paulo,"Morris, Moran and Dodson",13013
2024-06-26,Decision São Paulo,"Morris, Moran and Dodson",13012
2024-06-26,Decision São Paulo,"Morris, Moran and Dodson",13011
2024-06-26,Decision Campinas,Werner PLC,13010
2024-06-26,Decision São Paulo,Bell Group,13009
2024-06-26,Decision São Paulo,Bell Group,13008
2024-06-26,Decision São Paulo,"Morris, Moran and Dodson",13007
2024-06-26,Decision São Paulo,"Glover, Warren and Norris",13006
2024-06-26,Decision São Paulo,Bell Group,13005
2024-06-26,Decision São Paulo,Bell Group,13004
2024-06-26,Decision São Paulo,Bell Group,13003
2024-06-26,Decision São Paulo,Bell Group,13002
2024-06-26,Decision São Paulo,Bell Group,13001
2024-06-26,Decision São Paulo,"Glover, Warren and Norris",13000
2024-06-26,Decision São Paulo,"Glover, Warren and Norris",12999
2024-06-26,Decision São Paulo,Mann and Sons,12998
2024-06-26,Decision São Paulo,"Glover, Warren and Norris",12997
2024-06-26,Decision São Paulo,Mann and Sons,12996
2024-06-26,Decision São Paulo,"Glover, Warren and Norris",12995
2024-06-26,Decision São Paulo,"Glover, Warren and Norris",12994
2024-06-26,Decision São Paulo,Mann and Sons,12993
2024-06-26,Decision São Paulo,"Glover, Warren and Norris",12992
2024-06-26,Decision São Paulo,"Glover, Warren and Norris",12991
2024-06-26,Decision São Paulo,"Glover, Warren and Norris",12990
2024-06-25,Decision Campinas,Miller-Curry,12989
2024-06-25,Decision São Paulo,Jenkins-Walker,12988
2024-06-25,Decision Campinas,Miller-Curry,12987
2024-06-25,Decision Campinas,Miller-Curry,12986
2024-06-25,Decision Campinas,Miller-Curry,12985
2024-06-25,Decision São Paulo,Bishop-Reed,12984
2024-06-24,Decision São Paulo,Bishop-Reed,12983
2024-06-24,Decision São Paulo,"Glover, Warren and Norris",12982
2024-06-24,Decision São Paulo,"Glover, Warren and Norris",12981
2024-06-24,Decision São Paulo,Bell Group,12980
2024-06-24,Decision São Paulo,Porter-Wilson,12979
2024-06-21,Decision São Paulo,Bell Group,12978
2024-06-21,Decision São Paulo,Morrison Ltd,12977
2024-06-21,Decision São Paulo,"Glover, Warren and Norris",12976
2024-06-20,Decision São Paulo,Porter-Wilson,12975
2024-06-20,Decision São Paulo,Morrison Ltd,12974
2024-06-20,Decision São Paulo,Serrano-Hall,12973
2024-06-20,Decision São Paulo,"Glover, Warren and Norris",12972
2024-06-20,Decision São Paulo,"Glover, Warren and Norris",12971
2024-06-20,Decision São Paulo,"Glover, Warren and Norris",12970
2024-06-20,Decision São Paulo,Bell Group,12969
2024-06-20,Decision São Paulo,"Glover, Warren and Norris",12968
2024-06-20,Decision São Paulo,"Glover, Warren and Norris",12967
2024-06-20,Decision São Paulo,"Glover, Warren and Norris",12966
2024-06-20,Decision São Paulo,Bishop-Reed,12965
2024-06-19,Decision São Paulo,"Glover, Warren and Norris",12964
2024-06-19,Decision São Paulo,"Glover, Warren and Norris",12963
2024-06-19,Decision São Paulo,"Glover, Warren and Norris",12962
2024-06-19,Decision São Paulo,"Glover, Warren and Norris",12961
2024-06-19,Decision São Paulo,"Glover, Warren and Norris",12960
2024-06-19,Decision São Paulo,"Glover, Warren and Norris",12959
2024-06-19,Decision São Paulo,Bell Group,12958
2024-06-19,Decision São Paulo,"Morris, Moran and Dodson",12957
2024-06-19,Decision São Paulo,"Glover, Warren and Norris",12956
2024-06-18,Decision São Paulo,"Glover, Warren and Norris",12955
2024-06-18,Decision São Paulo,"Glover, Warren and Norris",12954
2024-06-18,Decision São Paulo,"Glover, Warren and Norris",12953
2024-06-18,Decision São Paulo,"Glover, Warren and Norris",12952
2024-06-18,Decision São Paulo,"Glover, Warren and Norris",12951
2024-06-18,Decision São Paulo,"Glover, Warren and Norris",12950
2024-06-18,Decision São Paulo,"Glover, Warren and Norris",12949
2024-06-17,Decision Campinas,Werner PLC,12948
2024-06-17,Decision São Paulo,"Glover, Warren and Norris",12947
2024-06-17,Decision São Paulo,"Glover, Warren and Norris",12946
2024-06-17,Decision Campinas,Miller-Curry,12944
2024-06-17,Decision Campinas,Evans PLC,12943
2024-06-17,Decision Campinas,Miller-Curry,12942
2024-06-17,Decision Campinas,Miller-Curry,12941
2024-06-17,Decision São Paulo,"Glover, Warren and Norris",12940
2024-06-14,Decision São Paulo,Bishop-Reed,12939
2024-06-14,Decision São Paulo,"Morris, Moran and Dodson",12938
2024-06-14,Decision São Paulo,"Morris, Moran and Dodson",12937
2024-06-14,Decision São Paulo,"Morris, Moran and Dodson",12936
2024-06-14,Decision São Paulo,Jenkins-Walker,12935
2024-06-14,Decision São Paulo,Jenkins-Walker,12934
2024-06-14,Decision São Paulo,Jenkins-Walker,12933
2024-06-13,Decision São Paulo,"Glover, Warren and Norris",12932
2024-06-13,Decision São Paulo,"Morris, Moran and Dodson",12931
2024-06-13,Decision São Paulo,"Glover, Warren and Norris",12930
2024-06-13,Decision São Paulo,Serrano-Hall,12929
2024-06-13,Decision São Paulo,"Bowers, Oconnor and Williams",12928
2024-06-13,Decision São Paulo,Bell Group,12927
2024-06-13,Decision São Paulo,Bell Group,12926
2024-06-13,Decision São Paulo,Bell Group,12925
2024-06-13,Decision São Paulo,Bell Group,12924
2024-06-13,Decision São Paulo,"Glover, Warren and Norris",12923
2024-06-12,Decision São Paulo,Morrison Ltd,12922
2024-06-12,Decision São Paulo,Morrison Ltd,12921
2024-06-10,Decision São Paulo,Porter-Wilson,12920
2024-06-10,Decision Campinas,Werner PLC,12919
2024-06-10,Decision São Paulo,Bell Group,12918
2024-06-10,Decision São Paulo,Bell Group,12917
2024-06-10,Decision São Paulo,"Glover, Warren and Norris",12916
2024-06-10,Decision São Paulo,"Glover, Warren and Norris",12915
2024-06-10,Decision São Paulo,"Glover, Warren and Norris",12914
2024-06-10,Decision São Paulo,Santos-Knapp,12913
2024-06-10,Decision São Paulo,Bishop-Reed,12912
2024-06-10,Decision São Paulo,Bishop-Reed,12911
2024-06-07,Decision São Paulo,"Jensen, Smith and Brennan",12910
2024-06-07,Decision São Paulo,Morrison Ltd,12909
2024-06-07,Decision São Paulo,"Glover, Warren and Norris",12908
2024-06-07,Decision São Paulo,"Glover, Warren and Norris",12907
2024-06-06,Decision São Paulo,"Glover, Warren and Norris",12906
2024-06-06,Decision Campinas,Miller-Curry,12905
2024-06-06,Decision Campinas,Miller-Curry,12904
2024-06-06,Decision Campinas,Miller-Curry,12903
2024-06-06,Decision São Paulo,"Glover, Warren and Norris",12902
2024-06-06,Decision Campinas,Miller-Curry,12901
2024-06-06,Decision Campinas,Miller-Curry,12900
2024-06-06,Decision São Paulo,Jenkins-Walker,12899
2024-06-05,Decision Campinas,Miller-Curry,12898
2024-06-05,Decision São Paulo,"Glover, Warren and Norris",12897
2024-06-05,Decision São Paulo,Porter-Wilson,12896
2024-06-05,Decision Campinas,Werner PLC,12895
2024-06-05,Decision São Paulo,Jenkins-Walker,12894
2024-06-05,Decision São Paulo,"Glover, Warren and Norris",12893
2024-06-04,Decision São Paulo,"Glover, Warren and Norris",12892
2024-06-04,Decision São Paulo,Morrison Ltd,12891
2024-06-04,Decision São Paulo,"Glover, Warren and Norris",12890
2024-06-04,Decision São Paulo,"Glover, Warren and Norris",12889
2024-06-04,Decision São Paulo,"Glover, Warren and Norris",12888
2024-06-04,Decision São Paulo,"Glover, Warren and Norris",12887
2024-06-04,Decision São Paulo,"Glover, Warren and Norris",12886
2024-06-03,Decision São Paulo,Porter-Wilson,12885
2024-06-03,Decision São Paulo,Porter-Wilson,12884
2024-06-03,Decision São Paulo,"Glover, Warren and Norris",12883
2024-06-03,Decision São Paulo,Bishop-Reed,12882
2024-06-03,Decision São Paulo,Bishop-Reed,12881
2024-05-31,Decision Campinas,Werner PLC,12880
2024-05-31,Decision Campinas,Werner PLC,12879
2024-05-31,Decision São Paulo,"Glover, Warren and Norris",12878
2024-05-31,Decision São Paulo,"Glover, Warren and Norris",12877
2024-05-31,Decision São Paulo,"Glover, Warren and Norris",12876
2024-05-31,Decision São Paulo,"Glover, Warren and Norris",12875
2024-05-31,Decision São Paulo,"Glover, Warren and Norris",12874
2024-05-31,Decision São Paulo,"Glover, Warren and Norris",12873
2024-05-31,Decision São Paulo,"Glover, Warren and Norris",12872
2024-05-31,Decision Campinas,Werner PLC,12871
2024-05-31,Decision Campinas,Werner PLC,12870
2024-05-31,Decision Campinas,Werner PLC,12869
2024-05-30,Decision São Paulo,Morrison Ltd,12868
2024-05-29,Decision São Paulo,Morrison Ltd,12867
2024-05-29,Decision São Paulo,"Glover, Warren and Norris",12866
2024-05-29,Decision Campinas,Werner PLC,12865
2024-05-29,Decision Campinas,Werner PLC,12864
2024-05-29,Decision São Paulo,"Glover, Warren and Norris",12863
2024-05-29,Decision São Paulo,"Glover, Warren and Norris",12862
2024-05-28,Decision São Paulo,Porter-Wilson,12861
2024-05-28,Decision São Paulo,Bishop-Reed,12860
2024-05-28,Decision São Paulo,Bishop-Reed,12859
2024-05-28,Decision São Paulo,Bishop-Reed,12858
2024-05-28,Decision São Paulo,Bell Group,12857
2024-05-27,Decision São Paulo,Bell Group,12856
2024-05-27,Decision São Paulo,Bell Group,12855
2024-05-27,Decision Campinas,Werner PLC,12854
2024-05-27,Decision São Paulo,"Glover, Warren and Norris",12853
2024-05-27,Decision São Paulo,"Glover, Warren and Norris",12852
2024-05-27,Decision São Paulo,"Glover, Warren and Norris",12851
2024-05-27,Decision São Paulo,"Chapman, Brown and Hart",12850
2024-05-27,Decision São Paulo,"Glover, Warren and Norris",12849
2024-05-24,Decision São Paulo,"Glover, Warren and Norris",12848
2024-05-24,Decision São Paulo,"Morris, Moran and Dodson",12847
2024-05-24,Decision São Paulo,"Morris, Moran and Dodson",12846
2024-05-24,Decision São Paulo,"Morris, Moran and Dodson",12845
2024-05-24,Decision São Paulo,Miller Group,12844
2024-05-24,Decision São Paulo,Miller Group,12843
2024-05-24,Decision São Paulo,Miller Group,12842
2024-05-24,Decision São Paulo,Miller Group,12841
2024-05-24,Decision São Paulo,Miller Group,12840
2024-05-24,Decision São Paulo,Miller Group,12839
2024-05-24,Decision São Paulo,Miller Group,12838
2024-05-24,Decision São Paulo,Miller Group,12837
2024-05-24,Decision São Paulo,Miller Group,12836
2024-05-24,Decision São Paulo,Jenkins-Walker,12835
2024-05-24,Decision São Paulo,Bishop-Reed,12834
2024-05-24,Decision São Paulo,Bishop-Reed,12833
2024-05-23,Decision São Paulo,Jenkins-Walker,12832
2024-05-23,Decision São Paulo,Jenkins-Walker,12831
2024-05-23,Decision São Paulo,Jenkins-Walker,12830
2024-05-23,Decision São Paulo,Jenkins-Walker,12829
2024-05-23,Decision São Paulo,Jenkins-Walker,12828
2024-05-23,Decision São Paulo,Bishop-Reed,12827
2024-05-23,Decision São Paulo,Bell Group,12826
2024-05-23,Decision São Paulo,Bell Group,12825
2024-05-23,Decision São Paulo,"Bowers, Oconnor and Williams",12824
2024-05-23,Decision São Paulo,Meyer-Mcdonald,12823
2024-05-22,Decision São Paulo,Bishop-Reed,12822
2024-05-22,Decision São Paulo,Bishop-Reed,12821
2024-05-22,Decision São Paulo,"Williams, Clark and Lynn",12820
2024-05-22,Decision São Paulo,"Williams, Clark and Lynn",12819
2024-05-22,Decision São Paulo,Nelson-Page,12818
2024-05-22,Decision São Paulo,Nelson-Page,12817
2024-05-22,Decision São Paulo,Nelson-Page,12816
2024-05-22,Decision São Paulo,Nelson-Page,12815
2024-05-22,Decision São Paulo,Nelson-Page,12814
2024-05-22,Decision São Paulo,Nelson-Page,12813
2024-05-22,Decision São Paulo,Nelson-Page,12812
2024-05-22,Decision São Paulo,"Wade, Bernard and Bailey",12811
2024-05-22,Decision Campinas,Miller-Curry,12810
2024-05-22,Decision Campinas,Werner PLC,12809
2024-05-22,Decision São Paulo,"Glover, Warren and Norris",12808
2024-05-22,Decision São Paulo,Bishop-Reed,12807
2024-05-21,Decision Campinas,Miller-Curry,12806
2024-05-21,Decision Campinas,Miller-Curry,12805
2024-05-21,Decision Campinas,Miller-Curry,12804
2024-05-21,Decision Campinas,Miller-Curry,12803
2024-05-21,Decision Campinas,Miller-Curry,12802
2024-05-21,Decision Campinas,Miller-Curry,12801
2024-05-21,Decision São Paulo,Bishop-Reed,12800
2024-05-21,Decision São Paulo,Jimenez PLC,12799
2024-05-21,Decision São Paulo,"Glover, Warren and Norris",12798
2024-05-21,Decision São Paulo,"Glover, Warren and Norris",12797
2024-05-21,Decision São Paulo,"Glover, Warren and Norris",12796
2024-05-21,Decision São Paulo,"Glover, Warren and Norris",12795
2024-05-21,Decision São Paulo,"Glover, Warren and Norris",12794
2024-05-21,Decision São Paulo,"Glover, Warren and Norris",12793
2024-05-21,Decision São Paulo,Johnson-Pratt,12792
2024-05-21,Decision São Paulo,"Williams, Clark and Lynn",12791
2024-05-21,Decision São Paulo,Bell Group,12790
2024-05-21,Decision São Paulo,Bell Group,12789
2024-05-21,Decision São Paulo,Bell Group,12788
2024-05-21,Decision São Paulo,Bell Group,12787
2024-05-21,Decision São Paulo,Bell Group,12786
2024-05-21,Decision São Paulo,Bell Group,12785
2024-05-20,Decision São Paulo,Morrison Ltd,12784
2024-05-20,Decision São Paulo,"Glover, Warren and Norris",12783
2024-05-20,Decision São Paulo,"Glover, Warren and Norris",12782
2024-05-20,Decision São Paulo,"Glover, Warren and Norris",12781
2024-05-20,Decision Campinas,Miller-Curry,12780
2024-05-20,Decision Campinas,Miller-Curry,12779
2024-05-20,Decision São Paulo,"Wade, Bernard and Bailey",12778
2024-05-20,Decision São Paulo,"Wade, Bernard and Bailey",12777
2024-05-20,Decision São Paulo,"Wade, Bernard and Bailey",12776
2024-05-17,Decision São Paulo,Porter-Wilson,12775
2024-05-17,Decision São Paulo,Porter-Wilson,12774
2024-05-17,Decision São Paulo,"Wade, Bernard and Bailey",12773
2024-05-17,Decision São Paulo,"Wade, Bernard and Bailey",12772
2024-05-17,Decision São Paulo,"Wade, Bernard and Bailey",12771
2024-05-17,Decision São Paulo,"Wade, Bernard and Bailey",12770
2024-05-16,Decision São Paulo,Bell Group,12769
2024-05-16,Decision São Paulo,Jenkins-Walker,12768
2024-05-16,Decision Campinas,Werner PLC,12767
2024-05-16,Decision São Paulo,"Morris, Moran and Dodson",12766
2024-05-16,Decision São Paulo,Nelson-Page,12765
2024-05-16,Decision São Paulo,Nelson-Page,12764
2024-05-16,Decision Campinas,Werner PLC,12763
2024-05-16,Decision São Paulo,Bell Group,12762
2024-05-16,Decision São Paulo,Bell Group,12761
2024-05-15,Decision São Paulo,Nelson-Page,12760
2024-05-15,Decision São Paulo,Nelson-Page,12759
2024-05-15,Decision São Paulo,Nelson-Page,12758
2024-05-15,Decision São Paulo,Nelson-Page,12757
2024-05-15,Decision São Paulo,Nelson-Page,12756
2024-05-15,Decision São Paulo,Nelson-Page,12755
2024-05-15,Decision São Paulo,Bishop-Reed,12754
2024-05-15,Decision São Paulo,Morrison Ltd,12753
2024-05-15,Decision São Paulo,Bishop-Reed,12752
2024-05-15,Decision Campinas,Werner PLC,12751
2024-05-15,Decision São Paulo,Bishop-Reed,12750
2024-05-14,Decision São Paulo,"Glover, Warren and Norris",12749
2024-05-14,Decision São Paulo,"Glover, Warren and Norris",12748
2024-05-14,Decision São Paulo,"Wade, Bernard and Bailey",12747
2024-05-14,Decision São Paulo,"Wade, Bernard and Bailey",12746
2024-05-14,Decision São Paulo,Bell Group,12745
2024-05-14,Decision São Paulo,"Wade, Bernard and Bailey",12744
2024-05-14,Decision São Paulo,"Wade, Bernard and Bailey",12743
2024-05-14,Decision São Paulo,Porter-Wilson,12742
2024-05-14,Decision São Paulo,Porter-Wilson,12741
2024-05-13,Decision São Paulo,"Glover, Warren and Norris",12740
2024-05-13,Decision São Paulo,"Wade, Bernard and Bailey",12739
2024-05-13,Decision São Paulo,"Wade, Bernard and Bailey",12738
2024-05-13,Decision São Paulo,Bell Group,12737
2024-05-13,Decision São Paulo,Bell Group,12736
2024-05-13,Decision São Paulo,Bell Group,12735
2024-05-13,Decision São Paulo,Bell Group,12734
2024-05-11,Decision São Paulo,Nelson-Page,12733
2024-05-11,Decision São Paulo,Morrison Ltd,12732
2024-05-11,Decision São Paulo,Bishop-Reed,12731
2024-05-11,Decision São Paulo,Bishop-Reed,12730
2024-05-11,Decision São Paulo,"Glover, Warren and Norris",12729
2024-05-11,Decision São Paulo,"Glover, Warren and Norris",12728
2024-05-10,Decision São Paulo,"Glover, Warren and Norris",12727
2024-05-10,Decision São Paulo,Walters Group,12726
2024-05-09,Decision Campinas,Miller-Curry,12725
2024-05-09,Decision São Paulo,Nelson-Page,12724
2024-05-09,Decision São Paulo,"Wade, Bernard and Bailey",12723
2024-05-09,Decision São Paulo,"Wade, Bernard and Bailey",12722
2024-05-09,Decision São Paulo,"Morris, Moran and Dodson",12721
2024-05-09,Decision Campinas,Miller-Curry,12720
2024-05-09,Decision Campinas,Miller-Curry,12719
2024-05-09,Decision São Paulo,Bishop-Reed,12718
2024-05-08,Decision São Paulo,"Wade, Bernard and Bailey",12717
2024-05-08,Decision São Paulo,"Wade, Bernard and Bailey",12716
2024-05-08,Decision São Paulo,"Wade, Bernard and Bailey",12715
2024-05-08,Decision Campinas,Miller-Curry,12714
2024-05-08,Decision Campinas,Miller-Curry,12713
2024-05-08,Decision Campinas,Miller-Curry,12712
2024-05-08,Decision Campinas,Miller-Curry,12711
2024-05-08,Decision São Paulo,"Glover, Warren and Norris",12710
2024-05-08,Decision Campinas,Miller-Curry,12709
2024-05-08,Decision Campinas,Miller-Curry,12708
2024-05-08,Decision Campinas,Miller-Curry,12707
2024-05-08,Decision Campinas,Miller-Curry,12706
2024-05-08,Decision Campinas,Miller-Curry,12705
2024-05-08,Decision Campinas,Miller-Curry,12704
2024-05-08,Decision Campinas,Miller-Curry,12703
2024-05-08,Decision Campinas,Miller-Curry,12702
2024-05-08,Decision São Paulo,"Glover, Warren and Norris",12701
2024-05-07,Decision São Paulo,Bishop-Reed,12700
2024-05-07,Decision São Paulo,"Wade, Bernard and Bailey",12699
2024-05-07,Decision São Paulo,"Wade, Bernard and Bailey",12698
2024-05-07,Decision Campinas,Werner PLC,12697
2024-05-06,Decision São Paulo,Morrison Ltd,12696
2024-05-06,Decision São Paulo,"Glover, Warren and Norris",12695
2024-05-06,Decision São Paulo,"Grant, Smith and Martinez",12694
2024-05-06,Decision São Paulo,"Glover, Warren and Norris",12693
2024-05-06,Decision São Paulo,"Glover, Warren and Norris",12692
2024-05-06,Decision São Paulo,"Glover, Warren and Norris",12691
2024-05-06,Decision São Paulo,"Glover, Warren and Norris",12690
2024-05-06,Decision São Paulo,"Glover, Warren and Norris",12689
2024-05-06,Decision Campinas,Miller-Curry,12688
2024-05-06,Decision Campinas,Miller-Curry,12687
2024-05-06,Decision São Paulo,Morrison Ltd,12686
2024-05-03,Decision São Paulo,"Wade, Bernard and Bailey",12685
2024-05-03,Decision São Paulo,"Wade, Bernard and Bailey",12684
2024-05-03,Decision São Paulo,Nelson-Page,12683
2024-05-03,Decision São Paulo,"Wade, Bernard and Bailey",12682
2024-05-03,Decision São Paulo,Nelson-Page,12681
2024-05-03,Decision São Paulo,Nelson-Page,12680
2024-05-03,Decision São Paulo,Nelson-Page,12679
2024-05-03,Decision São Paulo,Nelson-Page,12678
2024-05-03,Decision Campinas,Werner PLC,12677
2024-05-03,Decision São Paulo,Morrison Ltd,12676
2024-05-02,Decision São Paulo,Morrison Ltd,12675
2024-04-30,Decision São Paulo,"Wade, Bernard and Bailey",12674
2024-04-30,Decision São Paulo,"Wade, Bernard and Bailey",12673
2024-04-30,Decision São Paulo,"Glover, Warren and Norris",12672
2024-04-30,Decision São Paulo,"Williams, Clark and Lynn",12671
2024-04-30,Decision São Paulo,"Glover, Warren and Norris",12670
2024-04-30,Decision São Paulo,Porter-Wilson,12669
2024-04-30,Decision São Paulo,Morrison Ltd,12668
2024-04-30,Decision São Paulo,"Williams, Clark and Lynn",12667
2024-04-30,Decision São Paulo,Morrison Ltd,12666
2024-04-30,Decision São Paulo,Morrison Ltd,12665
2024-04-30,Decision São Paulo,Morrison Ltd,12664
2024-04-30,Decision São Paulo,Morrison Ltd,12663
2024-04-30,Decision São Paulo,Morrison Ltd,12662
2024-04-30,Decision São Paulo,Morrison Ltd,12661
2024-04-30,Decision São Paulo,Morrison Ltd,12660
2024-04-30,Decision São Paulo,Bell Group,12659
2024-04-30,Decision São Paulo,Bell Group,12658
2024-04-29,Decision São Paulo,Mann and Sons,12657
2024-04-29,Decision São Paulo,Mann and Sons,12656
2024-04-29,Decision São Paulo,Mann and Sons,12655
2024-04-29,Decision São Paulo,Mann and Sons,12654
2024-04-29,Decision São Paulo,Mann and Sons,12653
2024-04-29,Decision Campinas,Werner PLC,12652
2024-04-29,Decision Campinas,Werner PLC,12651
2024-04-29,Decision São Paulo,Morrison Ltd,12650
2024-04-29,Decision São Paulo,Morrison Ltd,12649
2024-04-29,Decision São Paulo,Bell Group,12648
2024-04-29,Decision São Paulo,Bell Group,12647
2024-04-26,Decision São Paulo,Jenkins-Walker,12646
2024-04-26,Decision São Paulo,Bell Group,12645
2024-04-26,Decision São Paulo,"Glover, Warren and Norris",12644
2024-04-26,Decision São Paulo,"Glover, Warren and Norris",12643
2024-04-26,Decision São Paulo,"Glover, Warren and Norris",12642
2024-04-25,Decision São Paulo,Mann and Sons,12641
2024-04-25,Decision São Paulo,Mann and Sons,12640
2024-04-25,Decision São Paulo,"Glover, Warren and Norris",12639
2024-04-25,Decision São Paulo,"Glover, Warren and Norris",12638
2024-04-25,Decision São Paulo,"Glover, Warren and Norris",12637
2024-04-25,Decision São Paulo,"Morris, Moran and Dodson",12636
2024-04-25,Decision São Paulo,Nelson-Page,12635
2024-04-24,Decision Campinas,Werner PLC,12634
2024-04-24,Decision Campinas,Miller-Curry,12633
2024-04-24,Decision Campinas,Miller-Curry,12632
2024-04-24,Decision Campinas,Miller-Curry,12631
2024-04-23,Decision São Paulo,Morrison Ltd,12630
2024-04-23,Decision São Paulo,Morrison Ltd,12629
2024-04-23,Decision São Paulo,"Morris, Moran and Dodson",12628
2024-04-23,Decision São Paulo,Porter-Wilson,12627
2024-04-23,Decision São Paulo,"Glover, Warren and Norris",12626
2024-04-23,Decision São Paulo,"Glover, Warren and Norris",12625
2024-04-23,Decision São Paulo,Bell Group,12624
2024-04-23,Decision São Paulo,Bell Group,12623
2024-04-22,Decision São Paulo,Johnson-Pratt,12622
2024-04-22,Decision São Paulo,"Glover, Warren and Norris",12621
2024-04-22,Decision São Paulo,Bell Group,12620
2024-04-22,Decision Campinas,Evans PLC,12619
2024-04-22,Decision São Paulo,Bell Group,12618
2024-04-22,Decision São Paulo,Bell Group,12617
2024-04-22,Decision São Paulo,"Glover, Warren and Norris",12616
2024-04-22,Decision São Paulo,"Glover, Warren and Norris",12615
2024-04-19,Decision São Paulo,Nelson-Page,12614
2024-04-19,Decision São Paulo,Porter-Wilson,12613
2024-04-19,Decision São Paulo,"Glover, Warren and Norris",12612
2024-04-18,Decision Campinas,Miller-Curry,12611
2024-04-18,Decision Campinas,Miller-Curry,12610
2024-04-18,Decision Campinas,Miller-Curry,12609
2024-04-18,Decision Campinas,Miller-Curry,12608
2024-04-18,Decision Campinas,Evans PLC,12607
2024-04-18,Decision São Paulo,"Glover, Warren and Norris",12606
2024-04-18,Decision São Paulo,"Glover, Warren and Norris",12605
2024-04-18,Decision São Paulo,"Glover, Warren and Norris",12604
2024-04-18,Decision São Paulo,"Glover, Warren and Norris",12603
2024-04-18,Decision São Paulo,"Glover, Warren and Norris",12602
2024-04-18,Decision São Paulo,Bell Group,12601
2024-04-17,Decision São Paulo,"Bowers, Oconnor and Williams",12600
2024-04-17,Decision São Paulo,Nelson-Page,12599
2024-04-17,Decision São Paulo,"Glover, Warren and Norris",12597
2024-04-16,Decision São Paulo,"Glover, Warren and Norris",12596
2024-04-16,Decision São Paulo,Morrison Ltd,12595
2024-04-16,Decision São Paulo,Morrison Ltd,12594
2024-04-16,Decision São Paulo,Morrison Ltd,12593
2024-04-16,Decision São Paulo,"Glover, Warren and Norris",12592
2024-04-16,Decision São Paulo,Morrison Ltd,12591
2024-04-16,Decision São Paulo,"Glover, Warren and Norris",12590
2024-04-15,Decision São Paulo,Jenkins-Walker,12589
2024-04-15,Decision São Paulo,Jenkins-Walker,12588
2024-04-15,Decision São Paulo,Jenkins-Walker,12587
2024-04-15,Decision São Paulo,Jenkins-Walker,12586
2024-04-15,Decision São Paulo,Nelson-Page,12584
2024-04-15,Decision São Paulo,Nelson-Page,12583
2024-04-15,Decision São Paulo,"Wade, Bernard and Bailey",12582
2024-04-15,Decision São Paulo,"Wade, Bernard and Bailey",12581
2024-04-15,Decision São Paulo,"Glover, Warren and Norris",12580
2024-04-15,Decision Campinas,Werner PLC,12579
2024-04-15,Decision São Paulo,Morrison Ltd,12578
2024-04-12,Decision São Paulo,"Wade, Bernard and Bailey",12577
2024-04-12,Decision São Paulo,"Glover, Warren and Norris",12576
2024-04-12,Decision Campinas,Miller-Curry,12575
2024-04-12,Decision São Paulo,Morrison Ltd,12574
2024-04-11,Decision São Paulo,"Glover, Warren and Norris",12573
2024-04-11,Decision São Paulo,"Glover, Warren and Norris",12572
2024-04-11,Decision São Paulo,"Glover, Warren and Norris",12571
2024-04-11,Decision São Paulo,Johnson-Pratt,12570
2024-04-11,Decision São Paulo,Johnson-Pratt,12569
2024-04-11,Decision São Paulo,Johnson-Pratt,12568
2024-04-10,Decision Campinas,Werner PLC,12567
2024-04-10,Decision Campinas,Werner PLC,12566
2024-04-10,Decision São Paulo,"Glover, Warren and Norris",12565
2024-04-10,Decision São Paulo,Nelson-Page,12564
2024-04-10,Decision São Paulo,"Jensen, Smith and Brennan",12563
2024-04-10,Decision São Paulo,Nelson-Page,12562
2024-04-10,Decision São Paulo,Nelson-Page,12561
2024-04-10,Decision São Paulo,Nelson-Page,12560
2024-04-10,Decision São Paulo,Nelson-Page,12559
2024-04-10,Decision São Paulo,Nelson-Page,12558
2024-04-10,Decision São Paulo,"Glover, Warren and Norris",12557
2024-04-10,Decision São Paulo,"Glover, Warren and Norris",12556
2024-04-09,Decision São Paulo,"Williams, Clark and Lynn",12555
2024-04-09,Decision São Paulo,"Williams, Clark and Lynn",12554
2024-04-09,Decision São Paulo,"Williams, Clark and Lynn",12553
2024-04-09,Decision São Paulo,"Williams, Clark and Lynn",12552
2024-04-09,Decision São Paulo,Morrison Ltd,12551
2024-04-09,Decision São Paulo,Morrison Ltd,12550
2024-04-09,Decision São Paulo,Porter-Wilson,12549
2024-04-09,Decision São Paulo,Bell Group,12548
2024-04-09,Decision Campinas,Werner PLC,12547
2024-04-09,Decision São Paulo,Nelson-Page,12546
2024-04-08,Decision São Paulo,"Glover, Warren and Norris",12545
2024-04-08,Decision Campinas,Werner PLC,12544
2024-04-08,Decision Campinas,Werner PLC,12543
2024-04-08,Decision São Paulo,Bell Group,12542
2024-04-08,Decision Campinas,Miller-Curry,12541
2024-04-08,Decision Campinas,Werner PLC,12540
2024-04-08,Decision São Paulo,"Glover, Warren and Norris",12539
2024-04-08,Decision São Paulo,"Glover, Warren and Norris",12538
2024-04-08,Decision São Paulo,Bell Group,12537
2024-04-05,Decision Campinas,Miller-Curry,12536
2024-04-05,Decision São Paulo,"Jensen, Smith and Brennan",12535
2024-04-04,Decision Campinas,Werner PLC,12534
2024-04-04,Decision São Paulo,"Morris, Moran and Dodson",12533
2024-04-04,Decision São Paulo,"Glover, Warren and Norris",12532
2024-04-04,Decision São Paulo,"Glover, Warren and Norris",12531
2024-04-04,Decision São Paulo,"Glover, Warren and Norris",12530
2024-04-03,Decision São Paulo,Morrison Ltd,12529
2024-04-03,Decision São Paulo,Porter-Wilson,12528
2024-04-03,Decision São Paulo,"Glover, Warren and Norris",12527
2024-04-03,Decision São Paulo,Bell Group,12526
2024-04-03,Decision São Paulo,Bell Group,12525
2024-04-03,Decision Campinas,Werner PLC,12524
2024-04-03,Decision Campinas,Werner PLC,12523
2024-04-03,Decision Campinas,Werner PLC,12522
2024-04-03,Decision São Paulo,Bell Group,12521
2024-04-03,Decision São Paulo,Bell Group,12520
2024-04-03,Decision São Paulo,Bell Group,12519
2024-04-03,Decision São Paulo,Morrison Ltd,12518
2024-04-02,Decision Campinas,Werner PLC,12517
2024-04-02,Decision São Paulo,"Glover, Warren and Norris",12516
2024-04-02,Decision São Paulo,"Glover, Warren and Norris",12515
2024-04-02,Decision São Paulo,"Glover, Warren and Norris",12514
2024-04-02,Decision São Paulo,"Glover, Warren and Norris",12513
2024-04-02,Decision Campinas,Evans PLC,12512
2024-04-02,Decision Campinas,Evans PLC,12511
2024-04-01,Decision Campinas,Miller-Curry,12510
2024-04-01,Decision São Paulo,Morrison Ltd,12509
2024-04-01,Decision São Paulo,"Glover, Warren and Norris",12508
2024-04-01,Decision Campinas,Miller-Curry,12507
2024-04-01,Decision São Paulo,Morrison Ltd,12506
2024-04-01,Decision São Paulo,Morrison Ltd,12505
2024-03-28,Decision São Paulo,"Bowers, Oconnor and Williams",12504
2024-03-28,Decision São Paulo,Nelson-Page,12503
2024-03-28,Decision São Paulo,Nelson-Page,12502
2024-03-28,Decision São Paulo,Morrison Ltd,12501
2024-03-27,Decision São Paulo,Morrison Ltd,12500
2024-03-27,Decision São Paulo,"Glover, Warren and Norris",12499
2024-03-27,Decision São Paulo,"Glover, Warren and Norris",12498
2024-03-27,Decision São Paulo,"Glover, Warren and Norris",12497
2024-03-27,Decision São Paulo,"Glover, Warren and Norris",12496
2024-03-27,Decision São Paulo,"Bowers, Oconnor and Williams",12495
2024-03-27,Decision São Paulo,"Williams, Clark and Lynn",12494
2024-03-26,Decision São Paulo,Morrison Ltd,12492
2024-03-26,Decision São Paulo,Morrison Ltd,12491
2024-03-26,Decision São Paulo,Morrison Ltd,12490
2024-03-26,Decision Campinas,Werner PLC,12489
2024-03-25,Decision São Paulo,Morrison Ltd,12488
2024-03-25,Decision São Paulo,"Glover, Warren and Norris",12487
2024-03-25,Decision São Paulo,"Glover, Warren and Norris",12486
2024-03-22,Decision São Paulo,Morrison Ltd,12485
2024-03-22,Decision São Paulo,Bell Group,12484
2024-03-22,Decision São Paulo,"Glover, Warren and Norris",12483
2024-03-22,Decision São Paulo,"Glover, Warren and Norris",12482
2024-03-22,Decision São Paulo,"Glover, Warren and Norris",12481
2024-03-22,Decision São Paulo,"Glover, Warren and Norris",12480
2024-03-21,Decision São Paulo,"Ramos, Ponce and Landry",12479
2024-03-21,Decision São Paulo,"Glover, Warren and Norris",12478
2024-03-21,Decision São Paulo,Bishop-Reed,12477
2024-03-21,Decision São Paulo,Bishop-Reed,12476
2024-03-21,Decision São Paulo,Bell Group,12475
2024-03-21,Decision São Paulo,Morrison Ltd,12474
2024-03-21,Decision São Paulo,"Morris, Moran and Dodson",12473
2024-03-21,Decision São Paulo,"Chapman, Brown and Hart",12472
2024-03-21,Decision São Paulo,Bell Group,12471
2024-03-21,Decision São Paulo,Bell Group,12470
2024-03-20,Decision Campinas,Werner PLC,12469
2024-03-20,Decision São Paulo,Porter-Wilson,12468
2024-03-20,Decision Campinas,Evans PLC,12467
2024-03-20,Decision São Paulo,Bell Group,12466
2024-03-20,Decision São Paulo,Bell Group,12465
2024-03-19,Decision São Paulo,Bell Group,12464
2024-03-19,Decision São Paulo,"Glover, Warren and Norris",12463
2024-03-19,Decision São Paulo,"Chambers, Brown and Bowen",12462
2024-03-19,Decision São Paulo,"Wade, Bernard and Bailey",12461
2024-03-19,Decision São Paulo,"Glover, Warren and Norris",12460
2024-03-19,Decision São Paulo,Nelson-Page,12459
2024-03-19,Decision São Paulo,Nelson-Page,12458
2024-03-19,Decision São Paulo,Nelson-Page,12457
2024-03-19,Decision São Paulo,Nelson-Page,12456
2024-03-18,Decision São Paulo,Luna-Carpenter,12455
2024-03-18,Decision São Paulo,"Glover, Warren and Norris",12454
2024-03-18,Decision São Paulo,Nelson-Page,12453
2024-03-15,Decision Campinas,Werner PLC,12452
2024-03-15,Decision São Paulo,Morrison Ltd,12451
2024-03-15,Decision Campinas,Werner PLC,12450
2024-03-15,Decision São Paulo,"Williams, Clark and Lynn",12449
2024-03-15,Decision São Paulo,"Glover, Warren and Norris",12448
2024-03-15,Decision São Paulo,Mann and Sons,12447
2024-03-15,Decision Campinas,Werner PLC,12446
2024-03-14,Decision Campinas,Werner PLC,12445
2024-03-14,Decision Campinas,Miller-Curry,12444
2024-03-14,Decision São Paulo,Nelson-Page,12443
2024-03-14,Decision Campinas,Werner PLC,12441
2024-03-14,Decision São Paulo,Morrison Ltd,12440
2024-03-14,Decision São Paulo,"Morris, Moran and Dodson",12439
2024-03-14,Decision Campinas,Werner PLC,12438
2024-03-14,Decision Campinas,Werner PLC,12437
2024-03-14,Decision Campinas,Werner PLC,12436
2024-03-14,Decision São Paulo,"Glover, Warren and Norris",12435
2024-03-13,Decision São Paulo,Nelson-Page,12434
2024-03-13,Decision São Paulo,Nelson-Page,12433
2024-03-13,Decision São Paulo,"Glover, Warren and Norris",12432
2024-03-13,Decision Campinas,Werner PLC,12431
2024-03-12,Decision São Paulo,"Glover, Warren and Norris",12430
2024-03-12,Decision Campinas,Werner PLC,12428
2024-03-12,Decision São Paulo,"Glover, Warren and Norris",12427
2024-03-12,Decision São Paulo,"Glover, Warren and Norris",12426
2024-03-12,Decision São Paulo,Jenkins-Walker,12425
2024-03-11,Decision São Paulo,"Glover, Warren and Norris",12424
2024-03-11,Decision São Paulo,"Glover, Warren and Norris",12423
2024-03-08,Decision São Paulo,Morrison Ltd,12422
2024-03-08,Decision São Paulo,"Glover, Warren and Norris",12421
2024-03-08,Decision São Paulo,Morrison Ltd,12420
2024-03-08,Decision Campinas,Miller-Curry,12419
2024-03-08,Decision Campinas,Miller-Curry,12417
2024-03-08,Decision São Paulo,"Glover, Warren and Norris",12416
2024-03-08,Decision São Paulo,"Wade, Bernard and Bailey",12415
2024-03-08,Decision São Paulo,"Bowers, Oconnor and Williams",12414
2024-03-08,Decision São Paulo,Nelson-Page,12413
2024-03-07,Decision São Paulo,"Glover, Warren and Norris",12412
2024-03-06,Decision São Paulo,"Glover, Warren and Norris",12411
2024-03-06,Decision São Paulo,"Glover, Warren and Norris",12409
2024-03-05,Decision São Paulo,"Morris, Moran and Dodson",12408
2024-03-05,Decision São Paulo,Jenkins-Walker,12407
2024-03-05,Decision São Paulo,Jenkins-Walker,12406
2024-03-05,Decision São Paulo,Jenkins-Walker,12405
2024-03-05,Decision São Paulo,Jenkins-Walker,12404
2024-03-05,Decision São Paulo,Bell Group,12403
2024-03-05,Decision São Paulo,Morrison Ltd,12402
2024-03-05,Decision São Paulo,Morrison Ltd,12401
2024-03-05,Decision São Paulo,Morrison Ltd,12400
2024-03-05,Decision São Paulo,Morrison Ltd,12399
2024-03-05,Decision São Paulo,Morrison Ltd,12398
2024-03-05,Decision São Paulo,Morrison Ltd,12397
2024-03-05,Decision São Paulo,Morrison Ltd,12396
2024-03-05,Decision São Paulo,Bell Group,12395
2024-03-05,Decision São Paulo,Bell Group,12394
2024-03-05,Decision São Paulo,Bell Group,12393
2024-03-05,Decision São Paulo,Morrison Ltd,12392
2024-03-05,Decision São Paulo,Jenkins-Walker,12391
2024-03-05,Decision São Paulo,Morrison Ltd,12390
2024-03-05,Decision São Paulo,Morrison Ltd,12389
2024-03-05,Decision São Paulo,Morrison Ltd,12388
2024-03-05,Decision São Paulo,Morrison Ltd,12387
2024-03-05,Decision São Paulo,Morrison Ltd,12386
2024-03-05,Decision São Paulo,Morrison Ltd,12385
2024-03-05,Decision São Paulo,Morrison Ltd,12384
2024-03-05,Decision São Paulo,Morrison Ltd,12383
2024-03-04,Decision Campinas,Miller-Curry,12382
2024-03-02,Decision São Paulo,"Glover, Warren and Norris",12381
2024-03-02,Decision São Paulo,"Glover, Warren and Norris",12380
2024-03-02,Decision São Paulo,"Glover, Warren and Norris",12379
2024-03-01,Decision São Paulo,"Glover, Warren and Norris",12378
2024-03-01,Decision São Paulo,"Glover, Warren and Norris",12377
2024-03-01,Decision São Paulo,Porter-Wilson,12376
2024-02-29,Decision São Paulo,Morrison Ltd,12374
2024-02-29,Decision São Paulo,Nelson-Page,12373
2024-02-29,Decision São Paulo,"Wade, Bernard and Bailey",12372
2024-02-29,Decision São Paulo,"Glover, Warren and Norris",12371
2024-02-28,Decision Campinas,Miller-Curry,12370
2024-02-28,Decision São Paulo,"Glover, Warren and Norris",12369
2024-02-28,Decision Campinas,Miller-Curry,12368
2024-02-28,Decision São Paulo,Bishop-Reed,12367
2024-02-27,Decision São Paulo,"Glover, Warren and Norris",12366
2024-02-27,Decision São Paulo,"Glover, Warren and Norris",12365
2024-02-27,Decision São Paulo,"Glover, Warren and Norris",12364
